code,label,label_en,parent_code,valid_from,valid_to
A,"Jordbruk, skogsbruk och fiske","AGRICULTURE, FORESTRY AND FISHING",,,
B,Utvinning av mineral,MINING AND QUARRYING,,,
C,Tillverkning,MANUFACTURING,,,
D,"Försörjning av el, gas, värme och kyla","ELECTRICITY, GAS, STEAM AND AIR CONDITIONING SUPPLY",,,
E,"Vattenförsörjning; avloppsrening, avfallshantering och sanering","WATER SUPPLY; SEWERAGE, WASTE MANAGEMENT AND REMEDIATION ACTIVITIES",,,
F,Byggverksamhet,CONSTRUCTION,,,
G,Handel,WHOLESALE AND RETAIL TRADE,,,
H,Transport och magasinering,TRANSPORTATION AND STORAGE,,,
I,Hotell- och restaurangverksamhet,ACCOMMODATION AND FOOD SERVICE ACTIVITIES,,,
J,"Förlagsverksamhet, Radio- och TV-sändning samt produktion och distribution av medieinnehåll","PUBLISHING, BROADCASTING, AND CONTENT PRODUCTION AND DISTRIBUTION ACTIVITIES",,,
K,"Telekommunikation, dataprogrammering, datakonsultverksamhet, datainfrastruktur och annan informationsverksamhet","TELECOMMUNICATION, COMPUTER PROGRAMMING, CONSULTING, COMPUTING INFRASTRUCTURE AND OTHER INFORMATION SERVICE ACTIVITIES",,,
L,Finansiell verksamhet och försäkringsverksamhet,FINANCIAL AND INSURANCE ACTIVITIES,,,
M,Fastighetsverksamhet,REAL ESTATE ACTIVITIES,,,
N,"Verksamhet inom juridik, ekonomi, vetenskap och teknik","PROFESSIONAL, SCIENTIFIC AND TECHNICAL ACTIVITIES",,,
O,"Uthyrning, fastighetsservice, resetjänster och annan stödverksamhet",ADMINISTRATIVE AND SUPPORT SERVICE ACTIVITIES,,,
P,Offentlig förvaltning och försvar; obligatorisk socialförsäkring,PUBLIC ADMINISTRATION AND DEFENCE; COMPULSORY SOCIAL SECURITY,,,
Q,Utbildning,EDUCATION,,,
R,Vård och omsorg; social verksamhet,HUMAN HEALTH AND SOCIAL WORK ACTIVITIES,,,
S,"Kultur, idrott och fritid","ARTS, SPORTS AND RECREATION",,,
T,Annan serviceverksamhet,OTHER SERVICE ACTIVITIES,,,
U,Förvärvsarbete i hushåll; hushållens produktion av diverse varor och tjänster för eget bruk,ACTIVITIES OF HOUSEHOLDS AS EMPLOYERS AND UNDIFFERENTIATED GOODS- AND SERVICE-PRODUCING ACTIVITIES OF HOUSEHOLDS FOR OWN USE,,,
V,"Verksamhet vid internationella organisationer, utländska ambassader o.d.",ACTIVITIES OF EXTRATERRITORIAL ORGANISATIONS AND BODIES,,,
01,Jordbruk och jakt samt stödverksamhet i anslutning härtill,"Crop and animal production, hunting and related service activities",A,,
02,Skogsbruk,Forestry and logging,A,,
03,Fiske och vattenbruk,Fishing and aquaculture,A,,
05,Kolutvinning,Mining of coal and lignite,B,,
06,Utvinning av råpetroleum och naturgas,Extraction of crude petroleum and natural gas,B,,
07,Utvinning av metallmalmer,Mining of metal ores,B,,
08,Annan utvinning av mineral,Other mining and quarrying,B,,
09,Stödverksamhet avseende utvinning,Mining support service activities,B,,
10,Livsmedelsframställning,Manufacture of food products,C,,
11,Framställning av drycker,Manufacture of beverages,C,,
12,Tobaksvarutillverkning,Manufacture of tobacco products,C,,
13,Textilvarutillverkning,Manufacture of textiles,C,,
14,Tillverkning av kläder,Manufacture of wearing apparel,C,,
15,Tillverkning av läder- och skinnvaror och liknande varor av andra material,Manufacture of leather and related products of other materials,C,,
16,"Tillverkning av trä och varor av trä och kork, utom möbler: tillverkning av varor av halm, rotting o.d.","Manufacture of wood and of products of wood and cork, except furniture; manufacture of articles of straw and plaiting materials",C,,
17,Pappers- och pappersvarutillverkning,Manufacture of paper and paper products,C,,
18,Grafisk produktion och reproduktion av inspelningar,Printing and reproduction of recorded media,C,,
19,Tillverkning av stenkolsprodukter och raffinerade petroleumprodukter,Manufacture of coke and refined petroleum products,C,,
20,Tillverkning av kemikalier och kemiska produkter,Manufacture of chemicals and chemical products,C,,
21,Tillverkning av farmaceutiska basprodukter och läkemedel,Manufacture of basic pharmaceutical products and pharmaceutical preparations,C,,
22,Tillverkning av gummi- och plastvaror,Manufacture of rubber and plastic products,C,,
23,Tillverkning av andra icke-metalliska mineraliska produkter,Manufacture of other non-metallic mineral products,C,,
24,Stål- och metallframställning,Manufacture of basic metals,C,,
25,Tillverkning av metallvaror utom maskiner och apparater,"Manufacture of fabricated metal products, except machinery and equipment",C,,
26,"Tillverkning av datorer, elektronikvaror och optik","Manufacture of computer, electronic and optical products",C,,
27,Tillverkning av elapparatur,Manufacture of electrical equipment,C,,
28,Tillverkning av övriga maskiner,Manufacture of machinery and equipment n.e.c.,C,,
29,"Tillverkning av motorfordon, släpfordon och påhängsvagnar","Manufacture of motor vehicles, trailers and semi-trailers",C,,
30,Tillverkning av andra transportmedel,Manufacture of other transport equipment,C,,
31,Tillverkning av möbler,Manufacture of furniture,C,,
32,Annan tillverkning,Other manufacturing,C,,
33,"Reparation, underhåll och installation av maskiner och utrustning","Repair, maintenance and installation of machinery and equipment",C,,
35,"El-, gas- och ångförsörjning samt luftkonditionering","Electricity, gas, steam and air conditioning supply",D,,
36,Vattenförsörjning,"Water collection, treatment and supply",E,,
37,Avloppsrening,Sewerage,E,,
38,"Insamling av avfall, återvinning och bortskaffande","Waste collection, recovery and disposal activities",E,,
39,"Sanering, efterbehandling av jord och vatten samt annan verksamhet för föroreningsbekämpning",Remediation activities and other waste management service activities,E,,
41,Byggande av bostadshus och andra byggnader,Construction of residential and non-residential buildings,F,,
42,Anläggningsarbeten,Civil engineering,F,,
43,Specialiserad bygg- och anläggningsverksamhet,Specialised construction activities,F,,
46,Parti- och provisionshandel,Wholesale trade,G,,
47,Detaljhandel,Retail trade,G,,
49,Landtransport; transport i rörsystem,Land transport and transport via pipelines,H,,
50,Sjötransport,Water transport,H,,
51,Lufttransport,Air transport,H,,
52,"Magasinering, varulagring och stödverksamhet avseende transport","Warehousing, storage and support activities for transportation",H,,
53,Post- och kurirverksamhet,Postal and courier activities,H,,
55,Hotell- och logiverksamhet,Accommodation,I,,
56,"Restaurang-, catering- och barverksamhet",Food and beverage service activities,I,,
58,Förlagsverksamhet,Publishing activities,J,,
59,"Film-, video- och tv-programverksamhet, ljudinspelning och musikutgivning","Motion picture, video and television programme production, sound recording and music publishing activities",J,,
60,"Planering, radio- och tv-sändning, nyhetsbyråer och annan distribution av medieinnehåll","Programming, broadcasting, news agency and other content distribution activities",J,,
61,Telekommunikation,Telecommunication,K,,
62,"Dataprogrammering, datakonsultverksamhet o.d.","Computer programming, consultancy and related activities",K,,
63,"Datainfrastruktur, databehandling, hosting och annan informationsverksamhet","Computing infrastructure, data processing, hosting and other information service activities",K,,
64,Finansiell verksamhet utom försäkrings- och pensionsfondsverksamhet,"Financial service activities, except insurance and pension funding",L,,
65,"Försäkrings-, återförsäkrings- och pensionsfondsverksamhet utom obligatorisk socialförsäkring","Insurance, reinsurance and pension funding, except compulsory social security",L,,
66,Stödverksamhet avseende finansiella tjänster och försäkringsverksamhet,Activities auxiliary to financial services and insurance activities,L,,
68,Fastighetsverksamhet,Real estate activities,M,,
69,Juridisk och ekonomisk konsultverksamhet,Legal and accounting activities,N,,
70,Verksamheter som utövas av huvudkontor samt konsultverksamhet avseende företag,Activities of head offices and management consultancy,N,,
71,Arkitekt- och teknisk konsultverksamhet; teknisk provning och analys,Architectural and engineering activities; technical testing and analysis,N,,
72,Vetenskaplig forskning och utveckling,Scientific research and development,N,,
73,"Reklamverksamhet, marknadsundersökningar och PR","Activities of advertising, market research and public relations",N,,
74,"Annan verksamhet inom juridik, ekonomi, vetenskap och teknik","Other professional, scientific and technical activities",N,,
75,Veterinärverksamhet,Veterinary activities,N,,
77,Uthyrning och leasing,Rental and leasing activities,O,,
78,"Arbetsförmedling, bemanning och annan personalrelaterad verksamhet",Employment activities,O,,
79,Resebyrå- och researrangörsverksamhet samt annan boknings- och reserelaterad verksamhet,"Travel agency, tour operator and other reservation service and related activities",O,,
80,Säkerhets- och bevakningsverksamhet,Investigation and security activities,O,,
81,Fastighetsrelaterad stödverksamhet samt skötsel och underhåll av grönytor,Services to buildings and landscape activities,O,,
82,Kontorstjänster och annan stödverksamhet till företag,"Office administrative, office support and other business support activities",O,,
84,Offentlig förvaltning och försvar; obligatorisk socialförsäkring,Public administration and defence; compulsory social security,P,,
85,Utbildning,Education,Q,,
86,Hälso- och sjukvård,Human health activities,R,,
87,Vård och omsorg med boende,Residential care activities,R,,
88,Öppna sociala insatser,Social work activities without accommodation,R,,
90,Konstnärligt skapande och scenkonst,Arts creation and performing arts activities,S,,
91,"Biblioteks-, arkiv- och museiverksamhet m.m.","Libraries, archives, museums and other cultural activities",S,,
92,Spel- och vadhållningsverksamhet,Gambling and betting activities,S,,
93,"Sport-, fritids- och nöjesverksamhet",Sports activities and amusement and recreation activities,S,,
94,Intressebevakning; religiös verksamhet,Activities of membership organisations,T,,
95,"Reparation och underhåll av datorer, hushållsartiklar och varor för personligt bruk samt motorfordon och motorcyklar","Repair and maintenance of computers, personal and household goods, and motor vehicles and motorcycles",T,,
96,Konsumenttjänster,Personal service activities,T,,
97,Förvärvsarbete i hushåll,Activities of households as employers of domestic personnel,U,,
98,Hushållens produktion av diverse varor och tjänster för eget bruk,Undifferentiated goods- and service-producing activities of private households for own use,U,,
99,"Verksamhet vid internationella organisationer, utländska ambassader o.d.",Activities of extraterritorial organisations and bodies,V,,
011,Odling av ett- och tvååriga växter,Growing of non-perennial crops,01,,
012,Odling av fleråriga växter,Growing of perennial crops,01,,
013,Odling av plantskoleväxter,Plant propagation,01,,
014,Husdjursskötsel,Animal production,01,,
015,Blandat jordbruk,Mixed farming,01,,
016,Stödverksamhet avseende jordbruk och bearbetning av skördade växter,Support activities to agriculture and post-harvest crop activities,01,,
017,Jakt och stödverksamhet i anslutning härtill,"Hunting, trapping and related service activities",01,,
021,Skogsförvaltning och skogsskötsel,Silviculture and other forestry activities,02,,
022,Drivning,Logging,02,,
023,Insamling av annat vilt växande skogsmaterial än trä,Gathering of wild growing non-wood products,02,,
024,Stödverksamhet avseende skogsbruk,Support services to forestry,02,,
031,Fiske,Fishing,03,,
032,Vattenbruk,Aquaculture,03,,
033,Stödverksamhet avseende fiske och vattenbruk,Support activities for fishing and aquaculture,03,,
051,Stenkolsutvinning,Mining of hard coal,05,,
052,Brunkolsutvinning,Mining of lignite,05,,
061,Utvinning av råpetroleum,Extraction of crude petroleum,06,,
062,Utvinning av naturgas,Extraction of natural gas,06,,
071,Järnmalmsutvinning,Mining of iron ores,07,,
072,Utvinning av andra metallmalmer än järnmalm,Mining of non-ferrous metal ores,07,,
081,"Utvinning av sand, grus, sten och lera","Quarrying of stone, sand and clay",08,,
089,Övrig utvinning av mineral,Mining and quarrying n.e.c.,08,,
091,Stödverksamhet avseende råpetroleum- och naturgasutvinning,Support activities for petroleum and natural gas extraction,09,,
099,Stödverksamhet avseende annan utvinning,Support activities for other mining and quarrying,09,,
101,Beredning och hållbarhetsbehandling av kött och köttvaror,Processing and preserving of meat and production of meat products,10,,
102,Beredning och hållbarhetsbehandling av fisk samt skal- och blötdjur,"Processing and preserving of fish, crustaceans and molluscs",10,,
103,"Beredning och hållbarhetsbehandling av frukt, bär och grönsaker",Processing and preserving of fruit and vegetables,10,,
104,Framställning av vegetabiliska och animaliska oljor och fetter,Manufacture of vegetable and animal oils and fats,10,,
105,Tillverkning av mejerivaror och glassvaror,Manufacture of dairy products and edible ice,10,,
106,Tillverkning av kvarnprodukter och stärkelse,"Manufacture of grain mill products, starches and starch products",10,,
107,Tillverkning av bageri- och mjölprodukter,Manufacture of bakery and farinaceous products,10,,
108,Annan livsmedelsframställning,Manufacture of other food products,10,,
109,Framställning av beredda djurfoder,Manufacture of prepared animal feeds,10,,
110,Framställning av drycker,Manufacture of beverages,11,,
120,Tobaksvarutillverkning,Manufacture of tobacco products,12,,
131,Garntillverkning,Preparation and spinning of textile fibres,13,,
132,Vävnadstillverkning,Weaving of textiles,13,,
133,"Blekning, färgning och annan textilberedning",Finishing of textiles,13,,
139,Annan textilietillverkning,Manufacture of other textiles,13,,
141,Tillverkning av trikåvaror,Manufacture of knitted and crocheted apparel,14,,
142,Tillverkning av andra beklädnadsvaror och tillbehör,Manufacture of other wearing apparel and accessories,14,,
151,"Garvning och annan beredning av läder-, skinn och pälsvaror; tillverkning av reseffekter, handväskor, sadel- och seldon","Tanning, dyeing, dressing of leather and fur; manufacture of luggage, handbags, saddlery and harness",15,,
152,Tillverkning av skodon,Manufacture of footwear,15,,
161,Sågning och hyvling av trä; bearbetning och slutbehandling av trä,Sawmilling and planing of wood; processing and finishing of wood,16,,
162,"Tillverkning av varor av trä, kork, halm, rotting o.d.","Manufacture of products of wood, cork, straw and plaiting materials",16,,
171,"Massa-, pappers- och papptillverkning","Manufacture of pulp, paper and paperboard",17,,
172,Tillverkning av pappers- och pappvaror,Manufacture of articles of paper and paperboard,17,,
181,Grafisk produktion,Printing and service activities related to printing,18,,
182,Reproduktion av inspelningar,Reproduction of recorded media,18,,
191,Tillverkning av stenkolsprodukter,Manufacture of coke oven products,19,,
192,Tillverkning av raffinerade petroleumprodukter och fossila bränsleprodukter,Manufacture of refined petroleum products and fossil fuel products,19,,
201,"Tillverkning av baskemikalier, gödselmedel och kväveprodukter, plaster och syntetgummi i obearbetad form","Manufacture of basic chemicals, fertilisers and nitrogen compounds, plastics and synthetic rubber in primary forms",20,,
202,"Tillverkning av bekämpningsmedel, desinfektionsmedel och andra lantbrukskemiska produkter","Manufacture of pesticides, disinfectants and other agrochemical products",20,,
203,"Tillverkning av färg, lack, tryckfärg m.m.","Manufacture of paints, varnishes and similar coatings, printing ink and mastics",20,,
204,"Tillverkning av rengöringsmedel, tvättmedel och polermedel","Manufacture of washing, cleaning and polishing preparations",20,,
205,Tillverkning av andra kemiska produkter,Manufacture of other chemical products,20,,
206,Konstfibertillverkning,Manufacture of man-made fibres,20,,
211,Tillverkning av farmaceutiska basprodukter,Manufacture of basic pharmaceutical products,21,,
212,Tillverkning av läkemedel,Manufacture of pharmaceutical preparations,21,,
221,Tillverkning av gummivaror,Manufacture of rubber products,22,,
222,Plastvarutillverkning,Manufacture of plastic products,22,,
231,Glas- och glasvarutillverkning,Manufacture of glass and glass products,23,,
232,Tillverkning av eldfasta produkter,Manufacture of refractory products,23,,
233,Tillverkning av byggmaterial av lergods,Manufacture of clay building materials,23,,
234,Tillverkning av andra porslinsprodukter och keramiska produkter,Manufacture of other porcelain and ceramic products,23,,
235,"Tillverkning av cement, kalk och gips","Manufacture of cement, lime and plaster",23,,
236,"Tillverkning av varor av betong, cement och gips","Manufacture of articles of concrete, cement and plaster",23,,
237,"Huggning, formning och slutlig bearbetning av sten","Cutting, shaping and finishing of stone",23,,
239,Tillverkning av slipmedel och övriga icke-metalliska mineraliska produkter,Manufacture of abrasive products and non-metallic mineral products n.e.c.,23,,
241,Framställning av järn och stål samt ferrolegeringar,Manufacture of basic iron and steel and of ferro-alloys,24,,
242,"Tillverkning av rör, ledningar, ihåliga profiler och tillbehör av stål","Manufacture of tubes, pipes, hollow profiles and related fittings, of steel",24,,
243,Annan primärbearbetning av stål,Manufacture of other products of first processing of steel,24,,
244,Framställning av andra metaller än järn,Manufacture of basic precious and other non-ferrous metals,24,,
245,Gjutning av metall,Casting of metals,24,,
251,Byggnadsmetallvarutillverkning,Manufacture of structural metal products,25,,
252,"Tillverkning av cisterner, tankar, kar och andra behållare av metall","Manufacture of tanks, reservoirs and containers of metal",25,,
253,Tillverkning av vapen och ammunition,Manufacture of weapons and ammunition,25,,
254,Smidning och formning av metall och pulvermetallurgi,Forging and shaping metal and powder metallurgy,25,,
255,Beläggning och överdragning av metall; metallegoarbeten,Treatment and coating of metals; machining,25,,
256,"Tillverkning av bestick, verktyg och andra järnhandelsvaror","Manufacture of cutlery, tools and general hardware",25,,
259,Annan metallvarutillverkning,Manufacture of other fabricated metal products,25,,
261,Tillverkning av elektroniska komponenter och kretskort,Manufacture of electronic components and boards,26,,
262,Tillverkning av datorer och kringutrustning,Manufacture of computers and peripheral equipment,26,,
263,Tillverkning av kommunikationsutrustning,Manufacture of communication equipment,26,,
264,Tillverkning av hemelektronik,Manufacture of consumer electronics,26,,
265,Tillverkning av instrument för mätning och provning samt ur,"Manufacture of measuring testing instruments, clocks and watches",26,,
266,Tillverkning av strålningsutrustning samt elektromedicinsk och elektroterapeutisk utrustning,"Manufacture of irradiation, electromedical and electrotherapeutic equipment",26,,
267,"Tillverkning av optiska instrument, magnetiska och optiska medier samt fotoutrustning","Manufacture of optical instruments, magnetic and optical media and photographic equipment",26,,
271,"Tillverkning av elmotorer, generatorer och transformatorer samt eldistributions- och elkontrollapparater","Manufacture of electric motors, generators, transformers and electricity distribution and control apparatus",27,,
272,Batteri- och ackumulatortillverkning,Manufacture of batteries and accumulators,27,,
273,Tillverkning av ledningar och kablar och kabeltillbehör,Manufacture of wiring and wiring devices,27,,
274,Tillverkning av belysningsarmatur,Manufacture of lighting equipment,27,,
275,Tillverkning av hushållsmaskiner och hushållsapparater,Manufacture of domestic appliances,27,,
279,Tillverkning av annan elapparatur,Manufacture of other electrical equipment,27,,
281,Tillverkning av maskiner för allmänt ändamål,Manufacture of general-purpose machinery,28,,
282,Tillverkning av andra maskiner för allmänt ändamål,Manufacture of other general-purpose machinery,28,,
283,Tillverkning av jord- och skogsbruksmaskiner,Manufacture of agricultural and forestry machinery,28,,
284,Tillverkning av maskiner för metallbearbetning och verktygsmaskiner,Manufacture of metal forming machinery and machine tools,28,,
289,Tillverkning av andra specialmaskiner,Manufacture of other special-purpose machinery,28,,
291,Motorfordonstillverkning,Manufacture of motor vehicles,29,,
292,Tillverkning av karosserier för motorfordon; tillverkning av släpfordon och påhängsvagnar,Manufacture of bodies and coachwork for motor vehicles; manufacture of trailers and semi-trailers,29,,
293,Tillverkning av reservdelar och tillbehör till motorfordon,Manufacture of motor vehicle parts and accessories,29,,
301,Skepps- och båtbyggeri,Building of ships and boats,30,,
302,Tillverkning av rälsfordon,Manufacture of railway locomotives and rolling stock,30,,
303,"Tillverkning av luftfartyg, rymdfarkoster o.d.",Manufacture of air and spacecraft and related machinery,30,,
304,Tillverkning av militära stridsfordon,Manufacture of military fighting vehicles,30,,
309,Övrig tillverkning av transportmedel,Manufacture of transport equipment n.e.c.,30,,
310,Tillverkning av möbler,Manufacture of furniture,31,,
321,"Tillverkning av smycken, guld- och silversmedsvaror samt bijouterier","Manufacture of jewellery, bijouterie and related articles",32,,
322,Tillverkning av musikinstrument,Manufacture of musical instruments,32,,
323,Tillverkning av sportartiklar,Manufacture of sports goods,32,,
324,Tillverkning av spel och leksaker,Manufacture of games and toys,32,,
325,Tillverkning av medicinsk och dental utrustning,Manufacture of medical and dental instruments and supplies,32,,
329,Övrig tillverkning,Manufacturing n.e.c.,32,,
331,"Reparation och underhåll av metallvaror, maskiner och apparater","Repair and maintenance of fabricated metal products, machinery and equipment",33,,
332,Installation av industrimaskiner och -utrustning,Installation of industrial machinery and equipment,33,,
351,"Generering, överföring och distribution av elkraft","Electric power generation, transmission and distribution",35,,
352,Framställning av gas och distribution av gasformiga bränslen via rörnät,"Manufacture of gas, and distribution of gaseous fuels through mains",35,,
353,Försörjning av värme och kyla,Steam and air conditioning supply,35,,
354,Mäklare och agenter för el och naturgas,Activities of brokers and agents for electric power and natural gas,35,,
360,Vattenförsörjning,"Water collection, treatment and supply",36,,
370,Avloppsrening,Sewerage,37,,
381,Insamling av avfall,Waste collection,38,,
382,Återvinning av avfall,Waste recovery,38,,
383,Bortskaffande av avfall utan återvinning,Waste disposal without recovery,38,,
390,"Sanering, efterbehandling av jord och vatten samt annan verksamhet för föroreningsbekämpning",Remediation activities and other waste management service activities,39,,
410,Byggande av bostadshus och andra byggnader,Construction of residential and non-residential buildings,41,,
421,Anläggning av vägar och järnvägar,Construction of roads and railways,42,,
422,Allmännyttiga anläggningsarbeten,Construction of utility projects,42,,
429,Andra anläggningsarbeten,Construction of other civil engineering projects,42,,
431,Rivning av hus samt mark- och grundarbeten,Demolition and site preparation,43,,
432,"Elinstallationer, VVS-arbeten och andra bygginstallationer","Electrical, plumbing and other construction installation activities",43,,
433,Slutbehandling av byggnader,Building completion and finishing,43,,
434,Specialiserad bygg- och anläggningsverksamhet i samband med byggande av hus,Specialised construction activities in construction of buildings,43,,
435,Specialiserad bygg- och anläggningsverksamhet i samband med anläggningsarbeten,Specialised construction activities in civil engineering,43,,
436,Förmedling avseende specialiserad bygg- och anläggningsverksamhet,Intermediation service activities for specialised construction services,43,,
439,Annan specialiserad bygg- och anläggningsverksamhet,Other specialised construction activities,43,,
461,Provisionshandel,Wholesale on a fee or contract basis,46,,
462,Partihandel med jordbruksråvaror och levande djur,Wholesale of agricultural raw materials and live animals,46,,
463,"Partihandel med livsmedel, drycker och tobak","Wholesale of food, beverages and tobacco",46,,
464,Partihandel med hushållsvaror,Wholesale of household goods,46,,
465,Partihandel med informations- och kommunikationsutrustning,Wholesale of information and communication equipment,46,,
466,Partihandel med andra maskiner och annan utrustning,"Wholesale of other machinery, equipment and supplies",46,,
467,Partihandel med motorfordon och motorcyklar inklusive reservdelar och tillbehör,"Wholesale of motor vehicles, motorcycles and related parts and accessories",46,,
468,Annan specialiserad partihandel,Other specialised wholesale,46,,
469,Icke-specialiserad partihandel,Non-specialised wholesale trade,46,,
471,Detaljhandel med brett sortiment,Non-specialised retail sale,47,,
472,"Detaljhandel med livsmedel, drycker och tobak","Retail sale of food, beverages and tobacco",47,,
473,Detaljhandel med drivmedel,Retail sale of automotive fuel,47,,
474,Detaljhandel med informations- och kommunikationsutrustning,Retail sale of information and communication equipment,47,,
475,Detaljhandel med heminredningsartiklar och husgeråd,Retail sale of other household equipment,47,,
476,Detaljhandel med kultur- och fritidsartiklar,Retail sale of cultural and recreation goods,47,,
477,Detaljhandel med andra hushållsvaror,"Retail sale of other goods, except motor vehicles and motorcycles",47,,
478,Detaljhandel med motorfordon och motorcyklar inklusive reservdelar och tillbehör,"Retail sale of motor vehicles, motorcycles and related parts and accessories",47,,
479,Förmedling avseende detaljhandel,Intermediation service activities for retail sale,47,,
491,"Järnvägstransport, passagerartrafik",Passenger rail transport,49,,
492,"Järnvägstransport, godstrafik",Freight rail transport,49,,
493,"Annan landtransport, passagerartrafik",Other passenger land transport,49,,
494,"Vägtransport, godstrafik och flyttjänster",Freight transport by road and removal services,49,,
495,Transport i rörsystem,Transport via pipeline,49,,
501,"Havs- och kustsjöfart, passagerartrafik",Sea and coastal passenger water transport,50,,
502,"Havs- och kustsjöfart, godstrafik",Sea and coastal freight water transport,50,,
503,"Sjöfart på inre vattenvägar, passagerartrafik",Inland passenger water transport,50,,
504,"Sjöfart på inre vattenvägar, godstrafik",Inland freight water transport,50,,
511,"Lufttransport, passagerartrafik",Passenger air transport,51,,
512,"Lufttransport, godstrafik och rymdfart",Freight air transport and space transport,51,,
521,Magasinering och varulagring,Warehousing and storage,52,,
522,Stödverksamhet avseende transport,Support activities for transportation,52,,
523,Förmedling avseende transport,Intermediation service activities for transportation,52,,
531,Postbefordran via nationella posten,Postal activities under universal service obligation,53,,
532,Annan postbefordran samt kurirverksamhet,Other postal and courier activities,53,,
533,Förmedling avseende postbefordran samt kurirverksamhet,Intermediation service activities for postal and courier activities,53,,
551,Hotellverksamhet,Hotels and similar accommodation,55,,
552,Semesterbostäder och annan korttidsinkvartering,Holiday and other short-stay accommodation,55,,
553,Campingplatsverksamhet,Camping grounds and recreational vehicle parks,55,,
554,Förmedling avseende hotell- och logiverksamhet,Intermediation service activities for accommodation,55,,
559,Annan logiverksamhet,Other accommodation,55,,
561,Restaurangverksamhet och mobil restaurangverksamhet,Restaurants and mobile food service activities,56,,
562,"Cateringverksamhet vid enskilda evenemang, kontrakterad cateringverksamhet och annan restaurangverksamhet","Event catering, contract catering service activities and other food service activities",56,,
563,Barverksamhet,Beverage serving activities,56,,
564,"Förmedling avseende restaurang-, catering- och barverksamhet",Intermediation service activities for food and beverage services activities,56,,
581,"Utgivning av böcker och tidningar samt annan förlagsverksamhet, utom utgivning av programvara","Publishing of books, newspapers and other publishing activities, except software publishing",58,,
582,Utgivning av programvara,Software publishing,58,,
591,"Film-, video- och tv-programverksamhet","Motion picture, video and television programme activities",59,,
592,Ljudinspelning och musikutgivning,Sound recording and music publishing activities,59,,
601,Radiosändning och distribution av ljudinspelningar,Radio broadcasting and audio distribution activities,60,,
602,Planering och sändning av tv-program samt distribution av video,"Television programming, broadcasting and video distribution activities",60,,
603,Nyhetsförmedling och annan distribution av medieinnehåll,News agency and other content distribution activities,60,,
611,Trådbunden och trådlös telekommunikation samt telekommunikation via satellit,"Wired, wireless, and satellite telecommunication activities",61,,
612,Återförsäljning och förmedling avseende telekommunikation,Telecommunication reselling activities and intermediation service activities for telecommunication,61,,
619,Annan telekommunikation,Other telecommunication activities,61,,
621,Dataprogrammering,Computer programming activities,62,,
622,Datakonsultverksamhet och datordrift,Computer consultancy and computer facilities management activities,62,,
629,Annan it- och dataverksamhet,Other information technology and computer service activities,62,,
631,"Datainfrastruktur, databehandling, hosting o.d.","Computing infrastructure, data processing, hosting and related activities",63,,
639,Webbportaler och annan informationsverksamhet,Web search portal activities and other information service activities,63,,
641,Monetär finansförmedling,Monetary intermediation,64,,
642,Holding- och conduitverksamhet,Activities of holding companies and financing conduits,64,,
643,Fonder och liknande finansiella enheter,"Activities of trusts, funds and similar financial entities",64,,
649,Annan finansiell verksamhet utom försäkrings- och pensionsfondsverksamhet,"Other financial service activities, except insurance and pension funding",64,,
651,Försäkring,Insurance,65,,
652,Återförsäkring,Reinsurance,65,,
653,Pensionsfondsverksamhet,Pension funding,65,,
661,Stödverksamhet avseende finansiella tjänster utom försäkrings- och pensionsfondsverksamhet,"Activities auxiliary to financial services, except insurance and pension funding",66,,
662,Stödverksamhet avseende försäkrings- och pensionsfondsverksamhet,Activities auxiliary to insurance and pension funding,66,,
663,Fondförvaltning,Fund management activities,66,,
681,Fastighetsverksamhet med egna fastigheter och utformning av byggprojekt,Real estate activities with own property and development of building projects,68,,
682,Uthyrning och förvaltning av egna eller arrenderade fastigheter,Rental and operating of own or leased real estate,68,,
683,Fastighetsförmedling och fastighetsförvaltning på uppdrag,Real estate activities on a fee or contract basis,68,,
691,Juridisk verksamhet,Legal activities,69,,
692,"Redovisning och bokföring, revision; skatterådgivning","Accounting, bookkeeping and auditing activities; tax consultancy",69,,
701,Verksamheter som utövas av huvudkontor,Activities of head offices,70,,
702,Konsultverksamhet avseende företags organisation,Business and other management consultancy activities,70,,
711,Arkitekt- och teknisk konsultverksamhet o.d.,Architectural and engineering activities and related technical consultancy,71,,
712,Teknisk provning och analys,Technical testing and analysis,71,,
721,Naturvetenskaplig och teknisk forskning och utveckling,Research and experimental development on natural sciences and engineering,72,,
722,Samhällsvetenskaplig och humanistisk forskning och utveckling,Research and experimental development on social sciences and humanities,72,,
731,Reklamverksamhet,Advertising,73,,
732,Marknads- och opinionsundersökning,Market research and public opinion polling,73,,
733,PR och kommunikation,Public relations and communication activities,73,,
741,Specialiserad designverksamhet,Specialised design activities,74,,
742,Fotoverksamhet,Photographic activities,74,,
743,Översättning och tolkning,Translation and interpretation activities,74,,
749,"Diverse övrig verksamhet inom juridik, ekonomi, vetenskap och teknik","Other professional, scientific and technical activities n.e.c.",74,,
750,Veterinärverksamhet,Veterinary activities,75,,
771,Uthyrning och leasing av motorfordon,Rental and leasing of motor vehicles,77,,
772,Uthyrning och leasing av hushållsartiklar och varor för personligt bruk,Rental and leasing of personal and household goods,77,,
773,Uthyrning och leasing av annan utrustning och andra maskiner och materiella tillgångar,"Rental and leasing of other machinery, equipment and tangible goods",77,,
774,"Leasing av immateriell egendom och liknande produkter, med undantag för upphovsrättsskyddade verk","Leasing of intellectual property and similar products, except copyrighted works",77,,
775,Förmedling avseende uthyrning och leasing av materiella tillgångar och icke-finansiella immateriella tillgångar,Intermediation service activities for rental and leasing of tangible goods and non-financial intangible assets,77,,
781,Arbetsförmedling och rekrytering,Activities of employment placement agencies,78,,
782,Personaluthyrning och annat tillhandahållande av personalfunktioner,Temporary employment agency activities and other human resource provisions,78,,
791,Resebyrå- och researrangörsverksamhet,Travel agency and tour operator activities,79,,
799,Turist- och bokningsverksamhet,Other reservation service and related activities,79,,
800,Säkerhets- och bevakningsverksamhet,Investigation and security activities,80,,
811,Fastighetsrelaterad stödverksamhet,Combined facilities support activities,81,,
812,Rengöring och lokalvård,Cleaning activities,81,,
813,Skötsel och underhåll av grönytor,Landscape service activities,81,,
821,Kontorstjänster,Office administrative and support activities,82,,
822,Callcenterverksamhet,Activities of call centres,82,,
823,Arrangemang av kongresser och mässor,Organisation of conventions and trade shows,82,,
824,Förmedling avseende övrig stödverksamhet till företag,Intermediation service activities for business support service activities n.e.c.,82,,
829,Övrig stödverksamhet till företag,Business support service activities n.e.c.,82,,
841,Offentlig förvaltning,"Administration of the State and the economic, social and environmental policies of the community",84,,
842,Verksamheter inom offentlig förvaltning,Provision of services to the community as a whole,84,,
843,Obligatorisk socialförsäkring,Compulsory social security activities,84,,
851,Förskoleutbildning,Pre-primary education,85,,
852,Grundskoleutbildning,Primary education,85,,
853,Gymnasial och eftergymnasial utbildning vid annat än universitet eller högskola,Secondary and post-secondary non-tertiary education,85,,
854,Universitets- eller högskoleutbildning,Tertiary education,85,,
855,Vuxenutbildning och övrig utbildning,Other education,85,,
856,Stödverksamhet för utbildningsväsendet,Educational support activities,85,,
861,Sluten sjukvård,Hospital activities,86,,
862,"Öppen hälso- och sjukvård, tandvård",Medical and dental practice activities,86,,
869,Annan hälso- och sjukvård,Other human health activities,86,,
871,Boende med sjuksköterskevård,Residential nursing care activities,87,,
872,Boende med särskild service för personer med psykisk funktionsnedsättning eller missbruksproblem,Residential care activities for persons living with or having a diagnosis of a mental illness or substance abuse,87,,
873,Vård och omsorg i särskilda boendeformer för äldre och personer med fysisk funktionsnedsättning,Residential care activities for older persons or persons with physical disabilities,87,,
879,Annan vård och omsorg med boende,Other residential care activities,87,,
881,Öppna sociala insatser för äldre och personer med funktionsnedsättning,Social work activities without accommodation for older persons or persons with disabilities,88,,
889,Andra öppna sociala insatser,Other social work activities without accommodation,88,,
901,Konstnärligt skapande,Arts creation activities,90,,
902,Scenkonst,Activities of performing arts,90,,
903,Stödverksamhet avseende konstnärligt skapande och scenkonst,Support activities to arts creation and performing arts,90,,
911,Biblioteks- och arkivverksamhet,Library and archive activities,91,,
912,"Museiverksamhet, museisamlingar, vård av historiska minnesmärken och monument","Museum, collection, historical site and monument activities",91,,
913,"Bevarande, restaurering och annan stödverksamhet avseende kulturarv","Conservation, restoration and other support activities for cultural heritage",91,,
914,"Drift av botaniska trädgårdar, djurparker och naturreservat",Botanical and zoological garden and nature reserve activities,91,,
920,Spel- och vadhållningsverksamhet,Gambling and betting activities,92,,
931,Sportverksamhet,Sports activities,93,,
932,Fritids- och nöjesverksamhet,Amusement and recreation activities,93,,
941,"Intressebevakning inom bransch-, arbetsgivar- och yrkesorganisationer","Activities of business, employers and professional membership organisations",94,,
942,Intressebevakning inom arbetstagarorganisationer,Activities of trade unions,94,,
949,Verksamhet i religiösa samfund och i andra intresseorganisationer,Activities of other membership organisations,94,,
951,Reparation och underhåll av datorer och kommunikationsutrustning,Repair and maintenance of computers and communication equipment,95,,
952,Reparation och underhåll av hushållsartiklar och varor för personligt bruk,Repair and maintenance of personal and household goods,95,,
953,Reparation och underhåll av motorfordon och motorcyklar,Repair and maintenance of motor vehicles and motorcycles,95,,
954,"Förmedling avseende reparation och underhåll av datorer, hushållsartiklar och varor för personligt bruk samt motorfordon och motorcyklar","Intermediation service activities for repair and maintenance of computers, personal and household goods, and motor vehicles and motorcycles",95,,
961,Tvätteriverksamhet,Washing and cleaning of textile and fur products,96,,
962,"Hår- och skönhetsvård, dagspa o.d.","Hairdressing, beauty treatment, day spa and similar activities",96,,
963,Begravningsverksamhet,Funeral and related activities,96,,
964,Förmedling avseende konsumenttjänster,Intermediation service activities for personal services,96,,
969,Övriga konsumenttjänster,Other personal service activities,96,,
970,Förvärvsarbete i hushåll,Activities of households as employers of domestic personnel,97,,
981,Hushållens produktion av diverse varor för eget bruk,Undifferentiated goods-producing activities of private households for own use,98,,
982,Hushållens produktion av diverse tjänster för eget bruk,Undifferentiated service-producing activities of private households for own use,98,,
990,"Verksamhet vid internationella organisationer, utländska ambassader o.d.",Activities of extraterritorial organisations and bodies,99,,
0111,"Odling av spannmål (utom ris), baljväxter och oljeväxter","Growing of cereals, other than rice, leguminous crops and oil seeds",011,,
0112,Odling av ris,Growing of rice,011,,
0113,"Odling av grönsaker och meloner, rotfrukter och stam- eller rotknölar","Growing of vegetables and melons, roots and tubers",011,,
0114,Odling av sockerrör,Growing of sugar cane,011,,
0115,Odling av tobak,Growing of tobacco,011,,
0116,Odling av fiberväxter,Growing of fibre crops,011,,
0119,Odling av andra ett- och tvååriga växter,Growing of other non-perennial crops,011,,
0121,Odling av druvor,Growing of grapes,012,,
0122,Odling av tropiska och subtropiska frukter,Growing of tropical and subtropical fruits,012,,
0123,Odling av citrusfrukter,Growing of citrus fruits,012,,
0124,Odling av kärnfrukter och stenfrukter,Growing of pome fruits and stone fruits,012,,
0125,"Odling av andra frukter, bär samt nötter",Growing of other tree and bush fruits and nuts,012,,
0126,Odling av oljehaltiga frukter,Growing of oleaginous fruits,012,,
0127,Odling av växter för dryckesframställning,Growing of beverage crops,012,,
0128,"Odling av kryddväxter, drog- och medicinalväxter","Growing of spices, aromatic, drug and pharmaceutical crops",012,,
0129,Odling av andra fleråriga växter,Growing of other perennial crops,012,,
0130,Odling av plantskoleväxter,Plant propagation,013,,
0141,Mjölkproduktion och uppfödning av nötkreatur av mjölkras,Raising of dairy cattle,014,,
0142,Uppfödning av andra nötkreatur och bufflar,Raising of other cattle and buffaloes,014,,
0143,Uppfödning av hästar och andra hästdjur,Raising of horses and other equines,014,,
0144,Uppfödning av kameler och kameldjur,Raising of camels and camelids,014,,
0145,Uppfödning av får och getter,Raising of sheep and goats,014,,
0146,Uppfödning av svin,Raising of swine and pigs,014,,
0147,Äggproduktion och uppfödning av fjäderfä,Raising of poultry,014,,
0148,Uppfödning av andra djur,Raising of other animals,014,,
0150,Blandat jordbruk,Mixed farming,015,,
0161,Stödverksamhet avseende växtodling,Support activities for crop production,016,,
0162,Stödverksamhet avseende husdjursskötsel,Support activities for animal production,016,,
0163,Bearbetning av skördade växter och utsäde,Post-harvest crop activities and seed processing for propagation,016,,
0170,Jakt och stödverksamhet i anslutning härtill,"Hunting, trapping and related service activities",017,,
0210,Skogsförvaltning och skogsskötsel,Silviculture and other forestry activities,021,,
0220,Drivning,Logging,022,,
0230,Insamling av annat vilt växande skogsmaterial än trä,Gathering of wild growing non-wood products,023,,
0240,Stödverksamhet avseende skogsbruk,Support services to forestry,024,,
0311,Saltvattensfiske,Marine fishing,031,,
0312,Sötvattensfiske,Freshwater fishing,031,,
0321,Vattenbruk i saltvatten,Marine aquaculture,032,,
0322,Vattenbruk i sötvatten,Freshwater aquaculture,032,,
0330,Stödverksamhet avseende fiske och vattenbruk,Support activities for fishing and aquaculture,033,,
0510,Stenkolsutvinning,Mining of hard coal,051,,
0520,Brunkolsutvinning,Mining of lignite,052,,
0610,Utvinning av råpetroleum,Extraction of crude petroleum,061,,
0620,Utvinning av naturgas,Extraction of natural gas,062,,
0710,Järnmalmsutvinning,Mining of iron ores,071,,
0721,Utvinning av uran- och toriummalm,Mining of uranium and thorium ores,072,,
0729,Utvinning av annan malm,Mining of other non-ferrous metal ores,072,,
0811,"Brytning av natursten, kalk- och gipssten, skiffer eller annan sten","Quarrying of ornamental stone, limestone, gypsum, slate and other stone",081,,
0812,"Utvinning av sand, grus och berg samt utvinning av lera och kaolin",Operation of gravel and sand pits and mining of clay and kaolin,081,,
0891,Utvinning av kemiska mineral,Mining of chemical and fertiliser minerals,089,,
0892,Torvutvinning,Extraction of peat,089,,
0893,Saltutvinning,Extraction of salt,089,,
0899,Diverse övrig utvinning av mineral,Other mining and quarrying n.e.c.,089,,
0910,Stödverksamhet avseende råpetroleum- och naturgasutvinning,Support activities for petroleum and natural gas extraction,091,,
0990,Stödverksamhet avseende annan utvinning,Support activities for other mining and quarrying,099,,
1011,"Beredning och hållbarhetsbehandling av kött, utom fjäderfäkött","Processing and preserving of meat, except of poultry meat",101,,
1012,Beredning och hållbarhetsbehandling av fjäderfäkött,Processing and preserving of poultry meat,101,,
1013,Charkuteri- och annan köttvarutillverkning,Production of meat and poultry meat products,101,,
1020,Beredning och hållbarhetsbehandling av fisk samt skal- och blötdjur,"Processing and preserving of fish, crustaceans and molluscs",102,,
1031,Beredning och hållbarhetsbehandling av potatis,Processing and preserving of potatoes,103,,
1032,Juice- och safttillverkning,Manufacture of fruit and vegetable juice,103,,
1039,"Annan beredning och hållbarhetsbehandling av frukt, bär och grönsaker",Other processing and preserving of fruit and vegetables,103,,
1041,Framställning av vegetabiliska och animaliska oljor och fetter,Manufacture of oils and fats,104,,
1042,Matfettstillverkning,Manufacture of margarine and similar edible fats,104,,
1051,Tillverkning av mejerivaror,Manufacture of dairy products,105,,
1052,Tillverkning av glassvaror,Manufacture of ice cream and other edible ice,105,,
1061,Tillverkning av kvarnprodukter,Manufacture of grain mill products,106,,
1062,Stärkelsetillverkning,Manufacture of starches and starch products,106,,
1071,Tillverkning av mjukt matbröd och färska bakverk,Manufacture of bread; manufacture of fresh pastry goods and cakes,107,,
1072,"Tillverkning av knäckebröd, kex och konserverade bakverk","Manufacture of rusks, biscuits, preserved pastries and cakes",107,,
1073,Tillverkning av mjölprodukter,Manufacture of farinaceous products,107,,
1081,Sockertillverkning,Manufacture of sugar,108,,
1082,"Tillverkning av kakao, choklad- och sockerkonfektyrer","Manufacture of cocoa, chocolate and sugar confectionery",108,,
1083,Framställning av te och kaffe,Processing of tea and coffee,108,,
1084,Tillverkning av kryddor och andra smaksättare,Manufacture of condiments and seasonings,108,,
1085,Tillverkning av lagad mat och färdigrätter,Manufacture of prepared meals and dishes,108,,
1086,Tillverkning av homogeniserade livsmedelsberedningar inklusive dietmat,Manufacture of homogenised food preparations and dietetic food,108,,
1089,Framställning av diverse övriga livsmedel,Manufacture of other food products n.e.c.,108,,
1091,Framställning av beredda fodermedel,Manufacture of prepared feeds for farm animals,109,,
1092,Framställning av mat till sällskapsdjur,Manufacture of prepared pet foods,109,,
1101,"Destillering, rening och tillblandning av spritdrycker","Distilling, rectifying and blending of spirits",110,,
1102,Framställning av vin från druvor,Manufacture of wine from grape,110,,
1103,Framställning av cider och andra jästa drycker av frukt,Manufacture of cider and other fermented fruit beverages,110,,
1104,Framställning av andra icke-destillerade jästa drycker,Manufacture of other non-distilled fermented beverages,110,,
1105,Framställning av öl,Manufacture of beer,110,,
1106,Framställning av malt,Manufacture of malt,110,,
1107,"Framställning av läskedrycker, mineralvatten och annat vatten på flaska",Manufacture of soft drinks and bottled waters,110,,
1200,Tobaksvarutillverkning,Manufacture of tobacco products,120,,
1310,Garntillverkning,Preparation and spinning of textile fibres,131,,
1320,Vävnadstillverkning,Weaving of textiles,132,,
1330,"Blekning, färgning och annan textilberedning",Finishing of textiles,133,,
1391,Tillverkning av trikåväv,Manufacture of knitted and crocheted fabrics,139,,
1392,Tillverkning av hushållstextilier och andra sydda inredningsartiklar,Manufacture of household textiles and made-up furnishing articles,139,,
1393,Tillverkning av mattor,Manufacture of carpets and rugs,139,,
1394,Tågvirkes- och bindgarnstillverkning,"Manufacture of cordage, rope, twine and netting",139,,
1395,Tillverkning av bondad duk och varor av bondad duk,Manufacture of non-wovens and non-woven articles,139,,
1396,Tillverkning av andra tekniska textilier och industritextilier,Manufacture of other technical and industrial textiles,139,,
1399,Övrig textilietillverkning,Manufacture of other textiles n.e.c.,139,,
1410,Tillverkning av trikåvaror,Manufacture of knitted and crocheted apparel,141,,
1421,Tillverkning av gång- och ytterkläder,Manufacture of outerwear,142,,
1422,"Tillverkning av underkläder, skjortor och blusar",Manufacture of underwear,142,,
1423,"Tillverkning av arbets-, skydds- och överdragskläder",Manufacture of workwear,142,,
1424,Tillverkning av läder- och skinnkläder samt pälsvaror,Manufacture of leather clothes and fur apparel,142,,
1429,Tillverkning av diverse övriga beklädnadsvaror och tillbehör,Manufacture of other wearing apparel and accessories n.e.c.,142,,
1511,"Garvning och annan beredning av läder-, skinn- och pälsvaror","Tanning, dressing, dyeing of leather and fur",151,,
1512,"Tillverkning av reseffekter, handväskor, sadel- och seldon oavsett material","Manufacture of luggage, handbags, saddlery and harness of any material",151,,
1520,Tillverkning av skodon,Manufacture of footwear,152,,
1611,Sågning och hyvling av trä,Sawmilling and planing of wood,161,,
1612,Bearbetning och slutbehandling av trä,Processing and finishing of wood,161,,
1621,Tillverkning av fanér och träbaserade skivor,Manufacture of veneer sheets and wood-based panels,162,,
1622,Tillverkning av sammansatta parkettgolv,Manufacture of assembled parquet floors,162,,
1623,Tillverkning av andra byggnads- och inredningssnickerier,Manufacture of other builders' carpentry and joinery,162,,
1624,Träförpackningstillverkning,Manufacture of wooden containers,162,,
1625,Tillverkning av dörrar och fönster av trä,Manufacture of doors and windows of wood,162,,
1626,Tillverkning av fasta bränslen av vegetabilisk biomassa,Manufacture of solid fuels from vegetable biomass,162,,
1627,Slutbehandling av varor av trä,Finishing of wooden products,162,,
1628,"Tillverkning av andra varor av trä och varor av kork, halm, rotting o.d.","Manufacture of other products of wood and articles of cork, straw and plaiting materials",162,,
1711,Massatillverkning,Manufacture of pulp,171,,
1712,Pappers- och papptillverkning,Manufacture of paper and paperboard,171,,
1721,Tillverkning av wellpapp och pappers- och pappförpackningar,"Manufacture of corrugated paper, paperboard and containers of paper and paperboard",172,,
1722,Tillverkning av hushålls- och hygienartiklar av papper,Manufacture of household and sanitary goods and of toilet requisites,172,,
1723,"Tillverkning av skrivpapper, kuvert o.d.",Manufacture of paper stationery,172,,
1724,Tapettillverkning,Manufacture of wallpaper,172,,
1725,Tillverkning av andra pappers- och pappvaror,Manufacture of other articles of paper and paperboard,172,,
1811,Tryckning av dagstidningar,Printing of newspapers,181,,
1812,Annan tryckning,Other printing,181,,
1813,Grafiska tjänster före tryckning (prepress/premedia),Pre-press and pre-media services,181,,
1814,Bokbindning och annan verksamhet avseende tryckning,Binding and related services,181,,
1820,Reproduktion av inspelningar,Reproduction of recorded media,182,,
1910,Tillverkning av stenkolsprodukter,Manufacture of coke oven products,191,,
1920,Tillverkning av raffinerade petroleumprodukter och fossila bränsleprodukter,Manufacture of refined petroleum products and fossil fuel products,192,,
2011,Industrigasframställning,Manufacture of industrial gases,201,,
2012,Tillverkning av färgämnen,Manufacture of dyes and pigments,201,,
2013,Tillverkning av andra oorganiska baskemikalier,Manufacture of other inorganic basic chemicals,201,,
2014,Tillverkning av andra organiska baskemikalier,Manufacture of other organic basic chemicals,201,,
2015,Tillverkning av gödselmedel och kväveprodukter,Manufacture of fertilisers and nitrogen compounds,201,,
2016,Basplastframställning,Manufacture of plastics in primary forms,201,,
2017,Tillverkning av syntetiskt basgummi,Manufacture of synthetic rubber in primary forms,201,,
2020,"Tillverkning av bekämpningsmedel, desinfektionsmedel och andra lantbrukskemiska produkter","Manufacture of pesticides, disinfectants and other agrochemical products",202,,
2030,"Tillverkning av färg, lack, tryckfärg m.m.","Manufacture of paints, varnishes and similar coatings, printing ink and mastics",203,,
2041,"Tillverkning av tvål, såpa, tvättmedel och polermedel","Manufacture of soap and detergents, cleaning and polishing preparations",204,,
2042,Tillverkning av parfym och toalettartiklar,Manufacture of perfume and toilet preparations,204,,
2051,Tillverkning av flytande biobränslen,Manufacture of liquid biofuels,205,,
2059,Tillverkning av diverse övriga kemiska produkter,Manufacture of other chemical products n.e.c.,205,,
2060,Konstfibertillverkning,Manufacture of man-made fibres,206,,
2110,Tillverkning av farmaceutiska basprodukter,Manufacture of basic pharmaceutical products,211,,
2120,Tillverkning av läkemedel,Manufacture of pharmaceutical preparations,212,,
2211,"Tillverkning och regummering av däck, tillverkning av slangar","Manufacture, retreading and rebuilding of rubber tyres and manufacture of tubes",221,,
2212,Annan gummivarutillverkning,Manufacture of other rubber products,221,,
2221,Tillverkning av plasthalvfabrikat,"Manufacture of plastic plates, sheets, tubes and profiles",222,,
2222,Plastförpackningstillverkning,Manufacture of plastic packing goods,222,,
2223,Tillverkning av dörrar och fönster av plast,Manufacture of doors and windows of plastic,222,,
2224,Byggplastvarutillverkning,Manufacture of builders’ ware of plastic,222,,
2225,Bearbetning och slutbehandling av plastvaror,Processing and finishing of plastic products,222,,
2226,Annan plastvarutillverkning,Manufacture of other plastic products,222,,
2311,Tillverkning av planglas,Manufacture of flat glass,231,,
2312,Bearbetning av planglas,Shaping and processing of flat glass,231,,
2313,"Tillverkning av buteljer, glasförpackningar och husgeråd av glas",Manufacture of hollow glass,231,,
2314,Tillverkning av glasfiber,Manufacture of glass fibres,231,,
2315,Tillverkning av andra glasvaror inklusive tekniska glasvaror,"Manufacture and processing of other glass, including technical glassware",231,,
2320,Tillverkning av eldfasta produkter,Manufacture of refractory products,232,,
2331,Tillverkning av keramiska golv- och väggplattor,Manufacture of ceramic tiles and flags,233,,
2332,"Tillverkning av murtegel, takpannor och andra byggvaror av tegel","Manufacture of bricks, tiles and construction products, in baked clay",233,,
2341,Tillverkning av keramiska hushålls- och prydnadsartiklar,Manufacture of ceramic household and ornamental articles,234,,
2342,Tillverkning av keramiska sanitetsartiklar,Manufacture of ceramic sanitary fixtures,234,,
2343,Tillverkning av keramiska isolatorer o.d.,Manufacture of ceramic insulators and insulating fittings,234,,
2344,Tillverkning av andra tekniska keramiska produkter,Manufacture of other technical ceramic products,234,,
2345,Tillverkning av andra keramiska produkter,Manufacture of other ceramic products,234,,
2351,Tillverkning av cement,Manufacture of cement,235,,
2352,Tillverkning av kalk och gips,Manufacture of lime and plaster,235,,
2361,Tillverkning av betongvaror för byggändamål,Manufacture of concrete products for construction purposes,236,,
2362,Tillverkning av gipsvaror för byggändamål,Manufacture of plaster products for construction purposes,236,,
2363,Tillverkning av fabriksblandad betong,Manufacture of ready-mixed concrete,236,,
2364,Tillverkning av murbruk,Manufacture of mortars,236,,
2365,Tillverkning av fibercementvaror,Manufacture of fibre cement,236,,
2366,"Tillverkning av andra varor av betong, cement och gips","Manufacture of other articles of concrete, cement and plaster",236,,
2370,"Huggning, formning och slutlig bearbetning av sten","Cutting, shaping and finishing of stone",237,,
2391,Tillverkning av slipmedel,Manufacture of abrasive products,239,,
2399,Tillverkning av diverse övriga icke-metalliska mineraliska produkter,Manufacture of other non-metallic mineral products n.e.c.,239,,
2410,Framställning av järn och stål samt ferrolegeringar,Manufacture of basic iron and steel and of ferro-alloys,241,,
2420,"Tillverkning av rör, ledningar, ihåliga profiler och tillbehör av stål","Manufacture of tubes, pipes, hollow profiles and related fittings, of steel",242,,
2431,Tillverkning av kalldragen stålstång,Cold drawing of bars,243,,
2432,Tillverkning av kallvalsade stålband,Cold rolling of narrow strip,243,,
2433,Tillverkning av andra kallformade produkter av stål,Cold forming or folding,243,,
2434,Tillverkning av kalldragen ståltråd,Cold drawing of wire,243,,
2441,Framställning av ädla metaller,Precious metals production,244,,
2442,Framställning av aluminium,Aluminium production,244,,
2443,"Framställning av bly, zink och tenn","Lead, zinc and tin production",244,,
2444,Framställning av koppar,Copper production,244,,
2445,Framställning av andra metaller,Other non-ferrous metal production,244,,
2446,Tillverkning av kärnbränsle,Processing of nuclear fuel,244,,
2451,Gjutning av järn,Casting of iron,245,,
2452,Gjutning av stål,Casting of steel,245,,
2453,Gjutning av lättmetall,Casting of light metals,245,,
2454,Gjutning av andra metaller,Casting of other non-ferrous metals,245,,
2511,Tillverkning av metallstommar och delar därav,Manufacture of metal structures and parts of structures,251,,
2512,Tillverkning av dörrar och fönster av metall,Manufacture of doors and windows of metal,251,,
2521,"Tillverkning av radiatorer, ånggeneratorer och pannor för centraluppvärmning","Manufacture of central heating radiators, steam generators and boilers",252,,
2522,"Tillverkning av andra cisterner, tankar, kar och andra behållare av metall","Manufacture of other tanks, reservoirs and containers of metal",252,,
2530,Tillverkning av vapen och ammunition,Manufacture of weapons and ammunition,253,,
2540,Smidning och formning av metall och pulvermetallurgi,Forging and shaping metal and powder metallurgy,254,,
2551,Beläggning och överdragning av metall,Coating of metals,255,,
2552,Värmebehandling av metall,Heat treatment of metals,255,,
2553,Metallegoarbeten,Machining of metals,255,,
2561,Tillverkning av bestick,Manufacture of cutlery,256,,
2562,Tillverkning av lås och gångjärn,Manufacture of locks and hinges,256,,
2563,Tillverkning av verktyg och redskap,Manufacture of tools,256,,
2591,Tillverkning av stålfat o.d. behållare,Manufacture of steel drums and similar containers,259,,
2592,Tillverkning av lättmetallförpackningar,Manufacture of light metal packaging,259,,
2593,"Tillverkning av metalltrådvaror, kedjor och fjädrar","Manufacture of wire products, chain and springs",259,,
2594,Tillverkning av nitar och skruvar,Manufacture of fasteners and screw machine products,259,,
2599,Diverse övrig metallvarutillverkning,Manufacture of other fabricated metal products n.e.c.,259,,
2611,Tillverkning av elektroniska komponenter,Manufacture of electronic components,261,,
2612,Tillverkning av kretskort,Manufacture of loaded electronic boards,261,,
2620,Tillverkning av datorer och kringutrustning,Manufacture of computers and peripheral equipment,262,,
2630,Tillverkning av kommunikationsutrustning,Manufacture of communication equipment,263,,
2640,Tillverkning av hemelektronik,Manufacture of consumer electronics,264,,
2651,"Tillverkning av instrument och apparater för mätning, provning och navigering","Manufacture of instruments and appliances for measuring, testing and navigation",265,,
2652,Urtillverkning,Manufacture of watches and clocks,265,,
2660,Tillverkning av strålningsutrustning samt elektromedicinsk och elektroterapeutisk utrustning,"Manufacture of irradiation, electromedical and electrotherapeutic equipment",266,,
2670,"Tillverkning av optiska instrument, magnetiska och optiska medier samt fotoutrustning","Manufacture of optical instruments, magnetic and optical media and photographic equipment",267,,
2711,"Tillverkning av elmotorer, generatorer och transformatorer","Manufacture of electric motors, generators and transformers",271,,
2712,Tillverkning av eldistributions- och elkontrollapparater,Manufacture of electricity distribution and control apparatus,271,,
2720,Batteri- och ackumulatortillverkning,Manufacture of batteries and accumulators,272,,
2731,Tillverkning av optiska fiberkablar,Manufacture of fibre optic cables,273,,
2732,Tillverkning av andra elektroniska och elektriska ledningar och kablar,Manufacture of other electronic and electric wires and cables,273,,
2733,Tillverkning av kabeltillbehör,Manufacture of wiring devices,273,,
2740,Tillverkning av belysningsarmatur,Manufacture of lighting equipment,274,,
2751,Tillverkning av elektriska hushållsmaskiner och hushållsapparater,Manufacture of electric domestic appliances,275,,
2752,Tillverkning av icke-elektriska hushållsmaskiner och hushållsapparater,Manufacture of non-electric domestic appliances,275,,
2790,Tillverkning av annan elapparatur,Manufacture of other electrical equipment,279,,
2811,Tillverkning av motorer och turbiner utom för luftfartyg och fordon,"Manufacture of engines and turbines, except aircraft, vehicle and cycle engines",281,,
2812,Tillverkning av fluidteknisk utrustning,Manufacture of fluid power equipment,281,,
2813,Tillverkning av andra pumpar och kompressorer,Manufacture of other pumps and compressors,281,,
2814,Tillverkning av andra kranar och ventiler,Manufacture of other taps and valves,281,,
2815,"Tillverkning av lager, kugghjul och andra delar för kraftöverföring","Manufacture of bearings, gears, gearing and driving elements",281,,
2821,Tillverkning av ugnar och monterad värmeutrustning för bostadsuppvärmning,"Manufacture of ovens, furnaces and permanent household heating equipment",282,,
2822,Tillverkning av lyft- och godshanteringsanordningar,Manufacture of lifting and handling equipment,282,,
2823,"Tillverkning av kontorsmaskiner och kontorsutrustning, utom datorer och kringutrustning","Manufacture of office machinery and equipment, except computers and peripheral equipment",282,,
2824,Tillverkning av motordrivna handverktyg,Manufacture of power-driven hand tools,282,,
2825,"Tillverkning av luftkonditionering, utom för hushåll",Manufacture of non-domestic air conditioning equipment,282,,
2829,Tillverkning av diverse övriga maskiner för allmänt ändamål,Manufacture of other general-purpose machinery n.e.c.,282,,
2830,Tillverkning av jord- och skogsbruksmaskiner,Manufacture of agricultural and forestry machinery,283,,
2841,Tillverkning av maskiner för metallbearbetning och verktygsmaskiner för bearbetning av metall,Manufacture of metal forming machinery and machine tools for metal work,284,,
2842,Tillverkning av andra verktygsmaskiner,Manufacture of other machine tools,284,,
2891,Tillverkning av maskiner för metallurgi,Manufacture of machinery for metallurgy,289,,
2892,"Tillverkning av gruv-, bergbrytnings- och byggmaskiner","Manufacture of machinery for mining, quarrying and construction",289,,
2893,"Tillverkning av maskiner för framställning av livsmedel, drycker och tobaksvaror","Manufacture of machinery for food, beverage and tobacco processing",289,,
2894,"Tillverkning av maskiner för produktion av textil-, beklädnads- och lädervaror","Manufacture of machinery for textile, apparel and leather production",289,,
2895,"Tillverkning av maskiner för produktion av massa, papper och papp",Manufacture of machinery for paper and paperboard production,289,,
2896,Tillverkning av maskiner för gummi och plast,Manufacture of plastics and rubber machinery,289,,
2897,Tillverkning av maskiner för additiv tillverkning,Manufacture of additive manufacturing machinery,289,,
2899,Tillverkning av diverse övriga specialmaskiner,Manufacture of other special-purpose machinery n.e.c.,289,,
2910,Motorfordonstillverkning,Manufacture of motor vehicles,291,,
2920,Tillverkning av karosserier för motorfordon; tillverkning av släpfordon och påhängsvagnar,Manufacture of bodies and coachwork for motor vehicles; manufacture of trailers and semi-trailers,292,,
2931,Tillverkning av elektrisk och elektronisk utrustning för motorfordon,Manufacture of electrical and electronic equipment for motor vehicles,293,,
2932,Tillverkning av andra delar och tillbehör till motorfordon,Manufacture of other parts and accessories for motor vehicles,293,,
3011,Byggande av civila fartyg och flytande materiel,Building of civilian ships and floating structures,301,,
3012,Byggande av fritidsbåtar,Building of pleasure and sporting boats,301,,
3013,Byggande av militära skepp och fartyg,Building of military ships and vessels,301,,
3020,Tillverkning av rälsfordon,Manufacture of railway locomotives and rolling stock,302,,
3031,"Tillverkning av civila luftfartyg, rymdfarkoster o.d.",Manufacture of civilian air and spacecraft and related machinery,303,,
3032,"Tillverkning av militära luftfartyg, rymdfarkoster o.d.",Manufacture of military air and spacecraft and related machinery,303,,
3040,Tillverkning av militära stridsfordon,Manufacture of military fighting vehicles,304,,
3091,Tillverkning av motorcyklar,Manufacture of motorcycles,309,,
3092,"Tillverkning av cyklar, rullstolar o.d.",Manufacture of bicycles and invalid carriages,309,,
3099,Diverse övrig transportmedelstillverkning,Manufacture of other transport equipment n.e.c.,309,,
3100,Tillverkning av möbler,Manufacture of furniture,310,,
3211,Prägling av mynt,Striking of coins,321,,
3212,"Tillverkning av smycken, guld- och silversmedsvaror",Manufacture of jewellery and related articles,321,,
3213,Tillverkning av bijouterier o.d.,Manufacture of imitation jewellery and related articles,321,,
3220,Tillverkning av musikinstrument,Manufacture of musical instruments,322,,
3230,Tillverkning av sportartiklar,Manufacture of sports goods,323,,
3240,Tillverkning av spel och leksaker,Manufacture of games and toys,324,,
3250,Tillverkning av medicinsk och dental utrustning,Manufacture of medical and dental instruments and supplies,325,,
3291,Tillverkning av borstbinderiarbeten,Manufacture of brooms and brushes,329,,
3299,Diverse övrig tillverkning,Other manufacturing n.e.c.,329,,
3311,Reparation och underhåll av metallvaror,Repair and maintenance of fabricated metal products,331,,
3312,Reparation och underhåll av maskiner,Repair and maintenance of machinery,331,,
3313,Reparation och underhåll av elektronisk och optisk utrustning,Repair and maintenance of electronic and optical equipment,331,,
3314,Reparation och underhåll av elapparatur,Repair and maintenance of electrical equipment,331,,
3315,Reparation och underhåll av civila fartyg och båtar,Repair and maintenance of civilian ships and boats,331,,
3316,Reparation och underhåll av civila luftfartyg och rymdfarkoster,Repair and maintenance of civilian air and spacecraft,331,,
3317,Reparation och underhåll av andra civila transportmedel,Repair and maintenance of other civilian transport equipment,331,,
3318,"Reparation och underhåll av militära stridsfordon, skepp, båtar, luftfartyg och rymdfarkoster","Repair and maintenance of military fighting vehicles, ships, boats, air and spacecraft",331,,
3319,Reparation och underhåll av annan utrustning,Repair and maintenance of other equipment,331,,
3320,Installation av industrimaskiner och -utrustning,Installation of industrial machinery and equipment,332,,
3511,Generering av elektricitet från icke-förnybara energikällor,Production of electricity from non-renewable sources,351,,
3512,Generering av elektricitet från förnybara energikällor,Production of electricity from renewable sources,351,,
3513,Överföring av elektricitet,Transmission of electricity,351,,
3514,Distribution av elektricitet,Distribution of electricity,351,,
3515,Handel med elektricitet,Trade of electricity,351,,
3516,Lagring av elektricitet,Storage of electricity,351,,
3521,Framställning av gas,Manufacture of gas,352,,
3522,Distribution av gasformiga bränslen via rörnät,Distribution of gaseous fuels through mains,352,,
3523,Handel med gas via rörnät,Trade of gas through mains,352,,
3524,Lagring av gas som en del i nätförsörjningstjänster,Storage of gas as part of network supply services,352,,
3530,Försörjning av värme och kyla,Steam and air conditioning supply,353,,
3540,Mäklare och agenter för el och naturgas,Activities of brokers and agents for electric power and natural gas,354,,
3600,Vattenförsörjning,"Water collection, treatment and supply",360,,
3700,Avloppsrening,Sewerage,370,,
3811,Insamling av icke-farligt avfall,Collection of non-hazardous waste,381,,
3812,Insamling av farligt avfall,Collection of hazardous waste,381,,
3821,Materialåtervinning,Materials recovery,382,,
3822,Energiåtervinning,Energy recovery,382,,
3823,Annan återvinning av avfall,Other waste recovery,382,,
3831,Förbränning utan energiåtervinning,Incineration without energy recovery,383,,
3832,Deponering eller slutförvaring,Landfilling or permanent storage,383,,
3833,Annat bortskaffande av avfall,Other waste disposal,383,,
3900,"Sanering, efterbehandling av jord och vatten samt annan verksamhet för föroreningsbekämpning",Remediation activities and other waste management service activities,390,,
4100,Byggande av bostadshus och andra byggnader,Construction of residential and non-residential buildings,410,,
4211,Anläggning av vägar och motorvägar,Construction of roads and motorways,421,,
4212,Anläggning av järnvägar och tunnelbanor,Construction of railways and underground railways,421,,
4213,Anläggning av broar och tunnlar,Construction of bridges and tunnels,421,,
4221,"Allmännyttiga anläggningsarbeten för värme, vatten och avlopp",Construction of utility projects for fluids,422,,
4222,Anläggningsarbeten för el och telekommunikation,Construction of utility projects for electricity and telecommunications,422,,
4291,Vattenbyggnad,Construction of water projects,429,,
4299,Diverse övriga anläggningsarbeten,Construction of other civil engineering projects n.e.c.,429,,
4311,Rivning av hus och byggnader,Demolition,431,,
4312,Mark- och grundarbeten,Site preparation,431,,
4313,Markundersökning,Test drilling and boring,431,,
4321,Elinstallationer,Electrical installation,432,,
4322,VVS-arbeten,"Plumbing, heat and air-conditioning installation",432,,
4323,Installation av isolering,Installation of insulation,432,,
4324,Andra bygginstallationer,Other construction installation,432,,
4331,"Puts-, fasad- och stuckatörsarbeten",Plastering,433,,
4332,Byggnadssnickeriarbeten,Joinery installation,433,,
4333,Golv- och väggbeläggningsarbeten,Floor and wall covering,433,,
4334,Måleri- och glasmästeriarbeten,Painting and glazing,433,,
4335,Annan slutbehandling av byggnader,Other building completion and finishing,433,,
4341,Takarbeten,Roofing activities,434,,
4342,Annan specialiserad bygg- och anläggningsverksamhet i samband med byggande av hus,Other specialised construction activities in construction of buildings,434,,
4350,Specialiserad bygg- och anläggningsverksamhet i samband med anläggningsarbeten,Specialised construction activities in civil engineering,435,,
4360,Förmedling avseende specialiserad bygg- och anläggningsverksamhet,Intermediation service activities for specialised construction services,436,,
4391,Murarbeten,Masonry and bricklaying activities,439,,
4399,Diverse övrig specialiserad bygg- och anläggningsverksamhet,Other specialised construction activities n.e.c.,439,,
4611,"Provisionshandel med jordbruksråvaror, levande djur, textilråvaror och textilhalvfabrikat","Activities of agents involved in the wholesale of agricultural raw materials, live animals, textile raw materials and semi-finished goods",461,,
4612,"Provisionshandel med bränsle, malm, metaller och industrikemikalier","Activities of agents involved in the wholesale of fuels, ores, metals and industrial chemicals",461,,
4613,Provisionshandel med virke och byggmaterial,Activities of agents involved in the wholesale of timber and building materials,461,,
4614,"Provisionshandel med maskiner, industriell utrustning, fartyg och luftfartyg","Activities of agents involved in the wholesale of machinery, industrial equipment, ships and aircraft",461,,
4615,"Provisionshandel med möbler, hushålls- och järnhandelsvaror","Activities of agents involved in the wholesale of furniture, household goods, hardware and ironmongery",461,,
4616,"Provisionshandel med textilier, kläder, pälsvaror, skodon och lädervaror","Activities of agents involved in the wholesale of textiles, clothing, fur, footwear and leather goods",461,,
4617,"Provisionshandel med livsmedel, drycker och tobak","Activities of agents involved in the wholesale of food, beverages and tobacco",461,,
4618,Provisionshandel med annat specialsortiment,Activities of agents involved in the wholesale of other particular products,461,,
4619,Icke-specialiserad provisionshandel,Activities of agents involved in non-specialised wholesale,461,,
4621,"Partihandel med spannmål, råtobak, utsäde och djurfoder","Wholesale of grain, unmanufactured tobacco, seeds and animal feeds",462,,
4622,Partihandel med blommor och växter,Wholesale of flowers and plants,462,,
4623,Partihandel med levande djur,Wholesale of live animals,462,,
4624,"Partihandel med hudar, skinn och läder","Wholesale of hides, skins and leather",462,,
4631,Partihandel med frukt och grönsaker,Wholesale of fruit and vegetables,463,,
4632,"Partihandel med kött, köttprodukter, fisk och fiskprodukter","Wholesale of meat, meat products, fish and fish products",463,,
4633,"Partihandel med mejeriprodukter, ägg, matolja och matfett","Wholesale of dairy products, eggs and edible oils and fats",463,,
4634,Partihandel med drycker,Wholesale of beverages,463,,
4635,Partihandel med tobak,Wholesale of tobacco products,463,,
4636,"Partihandel med socker, choklad- och sockerkonfektyrer","Wholesale of sugar, chocolate and sugar confectionery",463,,
4637,"Partihandel med kaffe, te, kakao och kryddor","Wholesale of coffee, tea, cocoa and spices",463,,
4638,Partihandel med andra livsmedel,Wholesale of other food,463,,
4639,"Icke-specialiserad partihandel med livsmedel, drycker och tobak","Non-specialised wholesale of food, beverages and tobacco",463,,
4641,Partihandel med textilier,Wholesale of textiles,464,,
4642,Partihandel med kläder och skodon,Wholesale of clothing and footwear,464,,
4643,Partihandel med hushållsapparater och elartiklar,Wholesale of electrical household appliances,464,,
4644,Partihandel med glas och porslin samt rengöringsmedel,Wholesale of china and glassware and cleaning materials,464,,
4645,Partihandel med parfym och kosmetika,Wholesale of perfume and cosmetics,464,,
4646,Partihandel med medicinsk utrustning och apoteksvaror,Wholesale of pharmaceutical and medical goods,464,,
4647,"Partihandel med hushållsvaror, kontors- och butiksmöbler, mattor och belysningsartiklar","Wholesale of household, office and shop furniture, carpets and lighting equipment",464,,
4648,Partihandel med ur och guldsmedsvaror,Wholesale of watches and jewellery,464,,
4649,Partihandel med andra hushållsvaror,Wholesale of other household goods,464,,
4650,Partihandel med informations- och kommunikationsutrustning,Wholesale of information and communication equipment,465,,
4661,Partihandel med jordbruksmaskiner och jordbruksutrustning,"Wholesale of agricultural machinery, equipment and supplies",466,,
4662,Partihandel med verktygsmaskiner,Wholesale of machine tools,466,,
4663,"Partihandel med gruv-, bygg- och anläggningsmaskiner","Wholesale of mining, construction and civil engineering machinery",466,,
4664,Partihandel med andra maskiner och annan utrustning,Wholesale of other machinery and equipment,466,,
4671,Partihandel med motorfordon,Wholesale of motor vehicles,467,,
4672,Partihandel med reservdelar och tillbehör till motorfordon,Wholesale of motor vehicle parts and accessories,467,,
4673,"Partihandel med motorcyklar, reservdelar och tillbehör till motorcyklar","Wholesale of motorcycles, motorcycle parts and accessories",467,,
4681,Partihandel med bränslen,"Wholesale of solid, liquid and gaseous fuels and related products",468,,
4682,Partihandel med metaller och metallmalmer,Wholesale of metals and metal ores,468,,
4683,"Partihandel med virke, andra byggmaterial och sanitetsgods","Wholesale of wood, construction materials and sanitary equipment",468,,
4684,Partihandel med järnhandelsvaror och VVS-armatur,"Wholesale of hardware, plumbing and heating equipment and supplies",468,,
4685,Partihandel med kemiska produkter,Wholesale of chemical products,468,,
4686,Partihandel med andra insatsvaror,Wholesale of other intermediate products,468,,
4687,Partihandel med avfallsprodukter och skrot,Wholesale of waste and scrap,468,,
4689,Diverse övrig specialiserad partihandel,Other specialised wholesale n.e.c.,468,,
4690,Icke-specialiserad partihandel,Non-specialised wholesale trade,469,,
4711,"Detaljhandel med brett sortiment, mest livsmedel, drycker och tobak","Non-specialised retail sale of predominately food, beverages or tobacco",471,,
4712,Annan detaljhandel med brett sortiment,Other non-specialised retail sale,471,,
4721,Detaljhandel med frukt och grönsaker,Retail sale of fruit and vegetables,472,,
4722,Detaljhandel med kött och charkuterier,Retail sale of meat and meat products,472,,
4723,"Detaljhandel med fisk, skal- och blötdjur","Retail sale of fish, crustaceans and molluscs",472,,
4724,"Detaljhandel med bröd, konditorivaror och konfektyrer","Retail sale of bread, cake and confectionery",472,,
4725,Detaljhandel med drycker,Retail sale of beverages,472,,
4726,Detaljhandel med tobaksvaror,Retail sale of tobacco products,472,,
4727,Detaljhandel med andra livsmedel,Retail sale of other food,472,,
4730,Detaljhandel med drivmedel,Retail sale of automotive fuel,473,,
4740,Detaljhandel med informations- och kommunikationsutrustning,Retail sale of information and communication equipment,474,,
4751,Detaljhandel med textilier,Retail sale of textiles,475,,
4752,Detaljhandel med bygg- och järnvaror samt färg och glas,"Retail sale of hardware, building materials, paints and glass",475,,
4753,Detaljhandel med mattor och inredningstextilier,"Retail sale of carpets, rugs, wall and floor coverings",475,,
4754,Detaljhandel med elektriska hushållsmaskiner och hushållsapparater,Retail sale of electrical household appliances,475,,
4755,"Detaljhandel med möbler, belysningsartiklar, bordsartiklar och hushållsartiklar","Retail sale of furniture, lighting equipment, tableware and other household goods",475,,
4761,Detaljhandel med böcker,Retail sale of books,476,,
4762,"Detaljhandel med tidningar, tidskrifter och kontorsförbrukningsvaror","Retail sale of newspapers, and other periodical publications and stationery",476,,
4763,Detaljhandel med sport- och fritidsartiklar,Retail sale of sporting equipment,476,,
4764,Detaljhandel med spel och leksaker,Retail sale of games and toys,476,,
4769,Detaljhandel med övriga kultur- och fritidsartiklar,Retail sale of cultural and recreational goods n.e.c.,476,,
4771,Detaljhandel med kläder,Retail sale of clothing,477,,
4772,Detaljhandel med skodon och lädervaror,Retail sale of footwear and leather goods,477,,
4773,Detaljhandel med apoteksvaror,Retail sale of pharmaceutical products,477,,
4774,Detaljhandel med medicinska och ortopediska artiklar,Retail sale of medical and orthopaedic goods,477,,
4775,Detaljhandel med kosmetika och hygienartiklar,Retail sale of cosmetic and toilet articles,477,,
4776,"Detaljhandel med blommor och andra växter, gödselmedel samt små sällskapsdjur och sällskapsdjursfoder","Retail sale of flowers, plants, fertilisers, pets and pet food",477,,
4777,"Detaljhandel med ur, guldsmedsvaror och smycken",Retail sale of watches and jewellery,477,,
4778,Detaljhandel med andra nya varor,Retail sale of other new goods,477,,
4779,Detaljhandel med antikviteter och andra begagnade varor,Retail sale of second-hand goods,477,,
4781,Detaljhandel med motorfordon,Retail sale of motor vehicles,478,,
4782,Detaljhandel med reservdelar och tillbehör till motorfordon,Retail sale of motor vehicle parts and accessories,478,,
4783,"Detaljhandel med motorcyklar, reservdelar och tillbehör till motorcyklar","Retail sale of motorcycles, motorcycle parts and accessories",478,,
4791,Förmedling avseende icke-specialiserad detaljhandel,Intermediation service activities for non-specialised retail sale,479,,
4792,Förmedling avseende specialiserad detaljhandel,Intermediation service activities for specialised retail sale,479,,
4911,"Tung järnvägstransport, passagerartrafik",Passenger heavy rail transport,491,,
4912,"Annan järnvägstransport, passagerartrafik",Other passenger rail transport,491,,
4920,"Järnvägstransport, godstrafik",Freight rail transport,492,,
4931,"Reguljär vägtransport, passagerartrafik",Scheduled passenger transport by road,493,,
4932,"Icke-reguljär vägtransport, passagerartrafik",Non-scheduled passenger transport by road,493,,
4933,"Passagerartrafik på beställning, fordon med förare",On-demand passenger transport service activities by vehicle with driver,493,,
4934,"Kabinbanor och skidliftar, passagerartrafik",Passenger transport by cableways and ski lifts,493,,
4939,Diverse övrig landtransport av passagerare,Other passenger land transport n.e.c.,493,,
4941,"Vägtransport, godstrafik",Freight transport by road,494,,
4942,Flyttjänster,Removal services,494,,
4950,Transport i rörsystem,Transport via pipeline,495,,
5010,"Havs- och kustsjöfart, passagerartrafik",Sea and coastal passenger water transport,501,,
5020,"Havs- och kustsjöfart, godstrafik",Sea and coastal freight water transport,502,,
5030,"Sjöfart på inre vattenvägar, passagerartrafik",Inland passenger water transport,503,,
5040,"Sjöfart på inre vattenvägar, godstrafik",Inland freight water transport,504,,
5110,"Lufttransport, passagerartrafik",Passenger air transport,511,,
5121,"Lufttransport, godstrafik",Freight air transport,512,,
5122,Rymdfart,Space transport,512,,
5210,Magasinering och varulagring,Warehousing and storage,521,,
5221,Stödverksamhet avseende landtransport,Service activities incidental to land transportation,522,,
5222,Stödverksamhet avseende sjötransport,Service activities incidental to water transportation,522,,
5223,Stödverksamhet avseende lufttransport,Service activities incidental to air transportation,522,,
5224,Godshantering,Cargo handling,522,,
5225,Logistikverksamhet,Logistics service activities,522,,
5226,Annan stödverksamhet avseende transport,Other support activities for transportation,522,,
5231,Förmedling avseende godstransport,Intermediation service activities for freight transportation,523,,
5232,Förmedling avseende passagerartransport,Intermediation service activities for passenger transportation,523,,
5310,Postbefordran via nationella posten,Postal activities under universal service obligation,531,,
5320,Annan postbefordran samt kurirverksamhet,Other postal and courier activities,532,,
5330,Förmedling avseende postbefordran samt kurirverksamhet,Intermediation service activities for postal and courier activities,533,,
5510,Hotellverksamhet,Hotels and similar accommodation,551,,
5520,Semesterbostäder och annan korttidsinkvartering,Holiday and other short-stay accommodation,552,,
5530,Campingplatsverksamhet,Camping grounds and recreational vehicle parks,553,,
5540,Förmedling avseende hotell- och logiverksamhet,Intermediation service activities for accommodation,554,,
5590,Annan logiverksamhet,Other accommodation,559,,
5611,Restaurangverksamhet,Restaurant activities,561,,
5612,Mobil restaurangverksamhet,Mobile food service activities,561,,
5621,Cateringverksamhet vid enskilda evenemang,Event catering activities,562,,
5622,Kontrakterad cateringverksamhet och annan restaurangverksamhet,Contract catering service activities and other food service activities,562,,
5630,Barverksamhet,Beverage serving activities,563,,
5640,"Förmedling avseende restaurang-, catering- och barverksamhet",Intermediation service activities for food and beverage services activities,564,,
5811,Utgivning av böcker,Publishing of books,581,,
5812,Utgivning av tidningar,Publishing of newspapers,581,,
5813,Utgivning av tidskrifter,Publishing of journals and periodicals,581,,
5819,"Annan förlagsverksamhet, utom utgivning av programvara","Other publishing activities, except software publishing",581,,
5821,Utgivning av datorspel,Publishing of video games,582,,
5829,Utgivning av annan programvara,Other software publishing,582,,
5911,"Produktion av film, video och tv-program","Motion picture, video and television programme production activities",591,,
5912,"Efterproduktion av film, video och tv-program","Motion picture, video and television programme post-production activities",591,,
5913,Film- och videodistribution,Motion picture and video distribution activities,591,,
5914,Filmvisning,Motion picture projection activities,591,,
5920,Ljudinspelning och musikutgivning,Sound recording and music publishing activities,592,,
6010,Radiosändning och distribution av ljudinspelningar,Radio broadcasting and audio distribution activities,601,,
6020,Planering och sändning av tv-program samt distribution av video,"Television programming, broadcasting and video distribution activities",602,,
6031,Nyhetsförmedling,News agency activities,603,,
6039,Annan distribution av medieinnehåll,Other content distribution activities,603,,
6110,Trådbunden och trådlös telekommunikation samt telekommunikation via satellit,"Wired, wireless, and satellite telecommunication activities",611,,
6120,Återförsäljning och förmedling avseende telekommunikation,Telecommunication reselling activities and intermediation service activities for telecommunication,612,,
6190,Annan telekommunikation,Other telecommunication activities,619,,
6210,Dataprogrammering,Computer programming activities,621,,
6220,Datakonsultverksamhet och datordrift,Computer consultancy and computer facilities management activities,622,,
6290,Annan it- och dataverksamhet,Other information technology and computer service activities,629,,
6310,"Datainfrastruktur, databehandling, hosting o.d.","Computing infrastructure, data processing, hosting and related activities",631,,
6391,Webbportaler,Web search portal activities,639,,
6392,Övrig informationsverksamhet,Other information service activities,639,,
6411,Centralbanksverksamhet,Central banking,641,,
6419,Annan monetär finansförmedling,Other monetary intermediation,641,,
6421,Holdingverksamhet,Activities of holding companies,642,,
6422,Conduitverksamhet,Activities of financing conduits,642,,
6431,Penningmarknadsfonder och andra fonder än penningmarknadsfonder,Activities of money market and non-money market investments funds,643,,
6432,"Stiftelser, dödsbon och brevlådeföretag","Activities of trust, estate and agency accounts",643,,
6491,Finansiell leasing,Financial leasing,649,,
6492,Annan kreditgivning,Other credit granting,649,,
6499,Diverse övrig finansiell verksamhet utom försäkrings- och pensionsfondsverksamhet,"Other financial service activities, except insurance and pension funding n.e.c.",649,,
6511,Livförsäkring,Life insurance,651,,
6512,Skadeförsäkring,Non-life insurance,651,,
6520,Återförsäkring,Reinsurance,652,,
6530,Pensionsfondsverksamhet,Pension funding,653,,
6611,Administration avseende finansiella marknader,Administration of financial markets,661,,
6612,Verksamhet utförd av värdepappers- och varumäklare,Security and commodity contracts brokerage,661,,
6619,Annan stödverksamhet avseende finansiella tjänster utom försäkrings- och pensionsfondsverksamhet,"Other activities auxiliary to financial services, except insurance and pension funding",661,,
6621,Risk- och skadebedömning,Risk and damage evaluation,662,,
6622,Verksamhet utförd av försäkringsombud och försäkringsmäklare,Activities of insurance agents and brokers,662,,
6629,Övrig stödverksamhet avseende försäkrings- och pensionsfondsverksamhet,Activities auxiliary to insurance and pension funding n.e.c.,662,,
6630,Fondförvaltning,Fund management activities,663,,
6811,Handel med egna fastigheter,Buying and selling of own real estate,681,,
6812,Utformning av byggprojekt,Development of building projects,681,,
6820,Uthyrning och förvaltning av egna eller arrenderade fastigheter,Rental and operating of own or leased real estate,682,,
6831,Förmedling avseende fastighetsverksamhet,Intermediation service activities for real estate activities,683,,
6832,Annan fastighetsförmedling och fastighetsförvaltning på uppdrag,Other real estate activities on a fee or contract basis,683,,
6910,Juridisk verksamhet,Legal activities,691,,
6920,"Redovisning och bokföring, revision; skatterådgivning","Accounting, bookkeeping and auditing activities; tax consultancy",692,,
7010,Verksamheter som utövas av huvudkontor,Activities of head offices,701,,
7020,Konsultverksamhet avseende företags organisation,Business and other management consultancy activities,702,,
7111,Arkitektverksamhet,Architectural activities,711,,
7112,Teknisk konsultverksamhet o.d.,Engineering activities and related technical consultancy,711,,
7120,Teknisk provning och analys,Technical testing and analysis,712,,
7210,Naturvetenskaplig och teknisk forskning och utveckling,Research and experimental development on natural sciences and engineering,721,,
7220,Samhällsvetenskaplig och humanistisk forskning och utveckling,Research and experimental development on social sciences and humanities,722,,
7311,Reklambyråer,Activities of advertising agencies,731,,
7312,Mediebyråverksamhet och annonsförsäljning,Media representation,731,,
7320,Marknads- och opinionsundersökning,Market research and public opinion polling,732,,
7330,PR och kommunikation,Public relations and communication activities,733,,
7411,Industridesign och modedesign,Industrial product and fashion design activities,741,,
7412,Grafisk design och visuell kommunikation,Graphic design and visual communication activities,741,,
7413,Inredningsdesign,Interior design activities,741,,
7414,Annan specialiserad designverksamhet,Other specialised design activities,741,,
7420,Fotoverksamhet,Photographic activities,742,,
7430,Översättning och tolkning,Translation and interpretation activities,743,,
7491,Patentförmedling samt marknadsföring av patent,Patent brokering and marketing service activities,749,,
7499,"All övrig verksamhet inom juridik, ekonomi, vetenskap och teknik","All other professional, scientific and technical activities n.e.c.",749,,
7500,Veterinärverksamhet,Veterinary activities,750,,
7711,Uthyrning och leasing av personbilar och lätta motorfordon,Rental and leasing of cars and light motor vehicles,771,,
7712,Uthyrning och leasing av lastbilar och andra tunga motorfordon,Rental and leasing of trucks,771,,
7721,Uthyrning och leasing av fritids- och sportutrustning,Rental and leasing of recreational and sports goods,772,,
7722,Uthyrning och leasing av andra hushållsartiklar och varor för personligt bruk,Rental and leasing of other personal and household goods,772,,
7731,Uthyrning och leasing av jordbruksmaskiner och jordbruksredskap,Rental and leasing of agricultural machinery and equipment,773,,
7732,Uthyrning och leasing av bygg- och anläggningsmaskiner,Rental and leasing of construction and civil engineering machinery and equipment,773,,
7733,"Uthyrning och leasing av kontorsmaskiner, kontorsutrustning och datorer","Rental and leasing of office machinery, equipment and computers",773,,
7734,Uthyrning och leasing av fartyg och båtar,Rental and leasing of water transport equipment,773,,
7735,Uthyrning och leasing av flygplan,Rental and leasing of air transport equipment,773,,
7739,Uthyrning och leasing av diverse övrig utrustning samt diverse övriga maskiner och materiella tillgångar,"Rental and leasing of other machinery, equipment and tangible goods n.e.c.",773,,
7740,"Leasing av immateriell egendom och liknande produkter, med undantag för upphovsrättsskyddade verk","Leasing of intellectual property and similar products, except copyrighted works",774,,
7751,"Förmedling avseende uthyrning och leasing av personbilar, husbilar och släpfordon","Intermediation service activities for rental and leasing of cars, motorhomes and trailers",775,,
7752,Förmedling avseende uthyrning och leasing av andra materiella tillgångar och icke-finansiella immateriella tillgångar,Intermediation service activities for rental and leasing of other tangible goods and non-financial intangible assets,775,,
7810,Arbetsförmedling och rekrytering,Activities of employment placement agencies,781,,
7820,Personaluthyrning och annat tillhandahållande av personalfunktioner,Temporary employment agency activities and other human resource provisions,782,,
7911,Resebyråverksamhet,Travel agency activities,791,,
7912,Researrangemang,Tour operator activities,791,,
7990,Turist- och bokningsverksamhet,Other reservation service and related activities,799,,
8001,Bevakningsverksamhet och privat säkerhetsverksamhet,Investigation and private security activities,800,,
8009,Övrig säkerhetsverksamhet,Security activities n.e.c.,800,,
8110,Fastighetsrelaterad stödverksamhet,Combined facilities support activities,811,,
8121,Lokalvård,General cleaning of buildings,812,,
8122,Annan rengöring och sotning av byggnader,Other building and industrial cleaning activities,812,,
8123,Annan rengöring,Other cleaning activities,812,,
8130,Skötsel och underhåll av grönytor,Landscape service activities,813,,
8210,Kontorstjänster,Office administrative and support activities,821,,
8220,Callcenterverksamhet,Activities of call centres,822,,
8230,Arrangemang av kongresser och mässor,Organisation of conventions and trade shows,823,,
8240,Förmedling avseende övrig stödverksamhet till företag,Intermediation service activities for business support service activities n.e.c.,824,,
8291,Inkassoföretags och kreditupplysningsföretags verksamhet,Activities of collection agencies and credit bureaus,829,,
8292,Förpackningsverksamhet,Packaging activities,829,,
8299,Diverse övrig stödverksamhet till företag,Other business support service activities n.e.c.,829,,
8411,Övergripande offentlig förvaltning,General public administration activities,841,,
8412,"Offentlig förvaltning av vård, utbildning, kulturell verksamhet och annan samhällsverksamhet","Regulation of health care, education, cultural services and other social services",841,,
8413,Offentlig förvaltning av näringslivsprogram,Regulation of and contribution to more efficient operation of businesses,841,,
8421,Utrikesförvaltning,Foreign affairs,842,,
8422,Totalförsvar,Defence activities,842,,
8423,Rättskipning,Justice and judicial activities,842,,
8424,Polisverksamhet,Public order and safety activities,842,,
8425,Brand- och räddningsverksamhet,Fire service activities,842,,
8430,Obligatorisk socialförsäkring,Compulsory social security activities,843,,
8510,Förskoleutbildning,Pre-primary education,851,,
8520,Grundskoleutbildning,Primary education,852,,
8531,Studieförberedande gymnasial utbildning,General secondary education,853,,
8532,Yrkesförberedande gymnasial utbildning,Vocational secondary education,853,,
8533,Eftergymnasial utbildning vid annat än universitet eller högskola,Post-secondary non-tertiary education,853,,
8540,Universitets- eller högskoleutbildning,Tertiary education,854,,
8551,Sport- och fritidsutbildning,Sports and recreation education,855,,
8552,Musik- och dansutbildning och övrig kulturutbildning,Cultural education,855,,
8553,Trafikskoleverksamhet,Driving school activities,855,,
8559,Diverse övrig utbildning,Other education n.e.c.,855,,
8561,Förmedling avseende kurser och övrig undervisning,Intermediation service activities for courses and tutors,856,,
8569,Övrig stödverksamhet för utbildningsväsendet,Educational support activities n.e.c.,856,,
8610,Sluten sjukvård,Hospital activities,861,,
8621,Allmänpraktiserande läkarverksamhet,General medical practice activities,862,,
8622,Specialistläkarverksamhet,Medical specialists activities,862,,
8623,Tandläkarverksamhet,Dental practice care activities,862,,
8691,Medicinsk laboratorieverksamhet och bilddiagnostik,Diagnostic imaging services and medical laboratory activities,869,,
8692,Ambulanstransporter och ambulanssjukvård,Patient transportation by ambulance,869,,
8693,"Psykologi- och psykoterapiverksamhet, utom läkare","Activities of psychologists and psychotherapists, except medical doctors",869,,
8694,Sjuksköterske- och barnmorskeverksamhet,Nursing and midwifery activities,869,,
8695,Fysioterapeutisk verksamhet,Physiotherapy activities,869,,
8696,"Traditionell, komplementär och alternativ medicin","Traditional, complementary and alternative medicine activities",869,,
8697,"Förmedling avseende sjukvård, tandvård och annan hälso- och sjukvård","Intermediation service activities for medical, dental and other human health services",869,,
8699,Diverse övrig hälso- och sjukvård,Other human health activities n.e.c.,869,,
8710,Boende med sjuksköterskevård,Residential nursing care activities,871,,
8720,Boende med särskild service för personer med psykisk funktionsnedsättning eller missbruksproblem,Residential care activities for persons living with or having a diagnosis of a mental illness or substance abuse,872,,
8730,Vård och omsorg i särskilda boendeformer för äldre och personer med fysisk funktionsnedsättning,Residential care activities for older persons or persons with physical disabilities,873,,
8791,Förmedling avseende vård och omsorg med boende,Intermediation service activities for residential care activities,879,,
8799,Diverse övrig vård och omsorg med boende,Other residential care activities n.e.c.,879,,
8810,Öppna sociala insatser för äldre och personer med funktionsnedsättning,Social work activities without accommodation for older persons or persons with disabilities,881,,
8891,Dagbarnvård,Child day-care activities,889,,
8899,Diverse övriga öppna sociala insatser,Other social work activities without accommodation n.e.c.,889,,
9011,Litterärt skapande och musikkomposition,Literary creation and musical composition activities,901,,
9012,Bildkonst,Visual arts creation activities,901,,
9013,Annat konstnärligt skapande,Other arts creation activities,901,,
9020,Scenkonst,Activities of performing arts,902,,
9031,"Drift av teatrar, konserthus o.d.",Operation of arts facilities and sites,903,,
9039,Annan stödverksamhet avseende konstnärligt skapande och scenkonst,Other support activities to arts and performing arts,903,,
9111,Biblioteksverksamhet,Library activities,911,,
9112,Arkivverksamhet,Archive activities,911,,
9121,Museiverksamhet och museisamlingar,Museum and collection activities,912,,
9122,Vård av historiska minnesmärken och monument,Historical site and monument activities,912,,
9130,"Bevarande, restaurering och annan stödverksamhet avseende kulturarv","Conservation, restoration and other support activities for cultural heritage",913,,
9141,Drift av botaniska trädgårdar och djurparker,Botanical and zoological garden activities,914,,
9142,Drift av naturreservat,Nature reserve activities,914,,
9200,Spel- och vadhållningsverksamhet,Gambling and betting activities,920,,
9311,Drift av sportanläggningar,Operation of sports facilities,931,,
9312,Sportklubbars och idrottsföreningars verksamhet,Activities of sports clubs,931,,
9313,Drift av gymanläggningar,Activities of fitness centres,931,,
9319,Övrig sportverksamhet,Sports activities n.e.c.,931,,
9321,Nöjes- och temaparksverksamhet,Activities of amusement parks and theme parks,932,,
9329,Övrig fritids- och nöjesverksamhet,Amusement and recreation activities n.e.c.,932,,
9411,Intressebevakning inom bransch- och arbetsgivarorganisationer,Activities of business and employers membership organisations,941,,
9412,Intressebevakning inom yrkesorganisationer,Activities of professional membership organisations,941,,
9420,Intressebevakning inom arbetstagarorganisationer,Activities of trade unions,942,,
9491,Verksamhet i religiösa samfund,Activities of religious organisations,949,,
9492,Verksamhet i politiska organisationer,Activities of political organisations,949,,
9499,Verksamhet i diverse övriga intresseorganisationer,Activities of other membership organisations n.e.c.,949,,
9510,Reparation och underhåll av datorer och kommunikationsutrustning,Repair and maintenance of computers and communication equipment,951,,
9521,Reparation och underhåll av hemelektronik,Repair and maintenance of consumer electronics,952,,
9522,Reparation och underhåll av hushållsapparater samt av utrustning för hem och trädgård,Repair and maintenance of household appliances and home and garden equipment,952,,
9523,Reparation och underhåll av skodon och lädervaror,Repair and maintenance of footwear and leather goods,952,,
9524,Reparation och underhåll av möbler och heminredning,Repair and maintenance of furniture and home furnishings,952,,
9525,Reparation och underhåll av ur och guldsmedsvaror,"Repair and maintenance of watches, clocks and jewellery",952,,
9529,Reparation och underhåll av övriga hushållsartiklar och varor för personligt bruk,Repair and maintenance of personal and household goods n.e.c.,952,,
9531,Reparation och underhåll av motorfordon,Repair and maintenance of motor vehicles,953,,
9532,Reparation och underhåll av motorcyklar,Repair and maintenance of motorcycles,953,,
9540,"Förmedling avseende reparation och underhåll av datorer, hushållsartiklar och varor för personligt bruk samt motorfordon och motorcyklar","Intermediation service activities for repair and maintenance of computers, personal and household goods, and motor vehicles and motorcycles",954,,
9610,Tvätteriverksamhet,Washing and cleaning of textile and fur products,961,,
9621,Frisörer och barberare,Hairdressing and barber activities,962,,
9622,Skönhetsvård och andra skönhetsbehandlingar,Beauty care and other beauty treatment activities,962,,
9623,"Dagspa, bastu och ångbastu","Day spa, sauna and steam bath activities",962,,
9630,Begravningsverksamhet,Funeral and related activities,963,,
9640,Förmedling avseende konsumenttjänster,Intermediation service activities for personal services,964,,
9691,Tillhandahållande av konsumenttjänster i hemmet,Provision of domestic personal service activities,969,,
9699,Diverse övriga konsumenttjänster,Other personal service activities n.e.c.,969,,
9700,Förvärvsarbete i hushåll,Activities of households as employers of domestic personnel,970,,
9810,Hushållens produktion av diverse varor för eget bruk,Undifferentiated goods-producing activities of private households for own use,981,,
9820,Hushållens produktion av diverse tjänster för eget bruk,Undifferentiated service-producing activities of private households for own use,982,,
9900,"Verksamhet vid internationella organisationer, utländska ambassader o.d.",Activities of extraterritorial organisations and bodies,990,,
01110,"Odling av spannmål (utom ris), baljväxter och oljeväxter","Growing of cereals, other than rice, leguminous crops and oil seeds",0111,,
01120,Odling av ris,Growing of rice,0112,,
01131,Potatisodling,Growing of potatoes,0113,,
01132,Sockerbetsodling,Growing of sugar beet,0113,,
01133,Odling av grönsaker (köksväxter) på friland,Growing of vegetables in the open,0113,,
01134,Odling av grönsaker (köksväxter) i växthus,Growing of vegetables in greenhouses,0113,,
01135,Svampodling m.m.,Growing of mushrooms etc.,0113,,
01140,Odling av sockerrör,Growing of sugar cane,0114,,
01150,Odling av tobak,Growing of tobacco,0115,,
01160,Odling av fiberväxter,Growing of fibre crops,0116,,
01191,Odling av prydnadsväxter i växthus,Growing of flowers and ornamental plants in greenhouses,0119,,
01199,Odling av övriga ett- och tvååriga växter,Growing of other non-perennial crops n.e.c.,0119,,
01210,Odling av druvor,Growing of grapes,0121,,
01220,Odling av tropiska och subtropiska frukter,Growing of tropical and subtropical fruits,0122,,
01230,Odling av citrusfrukter,Growing of citrus fruits,0123,,
01240,Odling av kärnfrukter och stenfrukter,Growing of pome fruits and stone fruits,0124,,
01250,"Odling av andra frukter, bär samt nötter",Growing of other tree and bush fruits and nuts,0125,,
01260,Odling av oljehaltiga frukter,Growing of oleaginous fruits,0126,,
01270,Odling av växter för dryckesframställning,Growing of beverage crops,0127,,
01280,"Odling av kryddväxter, drog- och medicinalväxter","Growing of spices, aromatic, drug and pharmaceutical crops",0128,,
01290,Odling av andra fleråriga växter,Growing of other perennial crops,0129,,
01301,Odling av plantskoleväxter i växthus,Plant propagation in greenhouses,0130,,
01302,Odling av plantskoleväxter m.m. på friland,Plant propagation in the open,0130,,
01410,Mjölkproduktion och uppfödning av nötkreatur av mjölkras,Raising of dairy cattle,0141,,
01420,Uppfödning av andra nötkreatur och bufflar,Raising of other cattle and buffaloes,0142,,
01430,Uppfödning av hästar och andra hästdjur,Raising of horses and other equines,0143,,
01440,Uppfödning av kameler och kameldjur,Raising of camels and camelids,0144,,
01450,Uppfödning av får och getter,Raising of sheep and goats,0145,,
01461,Uppfödning av smågrisar,Raising of piglets,0146,,
01462,Uppfödning av slaktsvin,Raising of swine for slaughter,0146,,
01471,Äggproduktion (för försäljning),Egg production,0147,,
01472,"Uppfödning av fjäderfä, ej äggproduktion","Raising of poultry, except egg production",0147,,
01481,Renskötsel,Reindeer husbandry,0148,,
01482,Uppfödning av sällskapsdjur,Breeding of per animals,0148,,
01489,Övrig uppfödning av andra djur,Raising of other animals n.e.c.,0148,,
01500,Blandat jordbruk,Mixed farming,0150,,
01610,Stödverksamhet avseende växtodling,Support activities for crop production,0161,,
01620,Stödverksamhet avseende husdjursskötsel,Support activities for animal production,0162,,
01630,Bearbetning av skördade växter och utsäde,Post-harvest crop activities and seed processing for propagation,0163,,
01700,Jakt och stödverksamhet i anslutning härtill,"Hunting, trapping and related service activities",0170,,
02101,Skogsförvaltning,Forest management,0210,,
02102,Skogsskötsel,Silviculture,0210,,
02109,Övrig skoglig verksamhet,Other forestry activities,0210,,
02200,Drivning,Logging,0220,,
02300,Insamling av annat vilt växande skogsmaterial än trä,Gathering of wild growing non-wood products,0230,,
02400,Stödverksamhet avseende skogsbruk,Support services to forestry,0240,,
03111,Trålfiske i saltvatten,Marine trawling,0311,,
03119,Övrigt saltvattensfiske,Other marine fishing,0311,,
03120,Sötvattensfiske,Freshwater fishing,0312,,
03210,Vattenbruk i saltvatten,Marine aquaculture,0321,,
03220,Vattenbruk i sötvatten,Freshwater aquaculture,0322,,
03300,Stödverksamhet avseende fiske och vattenbruk,Support activities for fishing and aquaculture,0330,,
05100,Stenkolsutvinning,Mining of hard coal,0510,,
05200,Brunkolsutvinning,Mining of lignite,0520,,
06100,Utvinning av råpetroleum,Extraction of crude petroleum,0610,,
06200,Utvinning av naturgas,Extraction of natural gas,0620,,
07100,Järnmalmsutvinning,Mining of iron ores,0710,,
07210,Utvinning av uran- och toriummalm,Mining of uranium and thorium ores,0721,,
07290,Utvinning av annan malm,Mining of other non-ferrous metal ores,0729,,
08110,"Brytning av natursten, kalk- och gipssten, skiffer eller annan sten","Quarrying of ornamental stone, limestone, gypsum, slate and other stone",0811,,
08120,"Utvinning av sand, grus och berg samt utvinning av lera och kaolin",Operation of gravel and sand pits and mining of clay and kaolin,0812,,
08910,Utvinning av kemiska mineral,Mining of chemical and fertiliser minerals,0891,,
08920,Torvutvinning,Extraction of peat,0892,,
08930,Saltutvinning,Extraction of salt,0893,,
08990,Diverse övrig utvinning av mineral,Other mining and quarrying n.e.c.,0899,,
09100,Stödverksamhet avseende råpetroleum- och naturgasutvinning,Support activities for petroleum and natural gas extraction,0910,,
09900,Stödverksamhet avseende annan utvinning,Support activities for other mining and quarrying,0990,,
10111,Kreatursslakt,Livestock slaughtering,1011,,
10112,Styckning av kött,Processing and preserving of meat in cuts,1011,,
10120,Beredning och hållbarhetsbehandling av fjäderfäkött,Processing and preserving of poultry meat,1012,,
10130,Charkuteri- och annan köttvarutillverkning,Production of meat and poultry meat products,1013,,
10200,Beredning och hållbarhetsbehandling av fisk samt skal- och blötdjur,"Processing and preserving of fish, crustaceans and molluscs",1020,,
10310,Beredning och hållbarhetsbehandling av potatis,Processing and preserving of potatoes,1031,,
10320,Juice- och safttillverkning,Manufacture of fruit and vegetable juice,1032,,
10390,"Annan beredning och hållbarhetsbehandling av frukt, bär och grönsaker",Other processing and preserving of fruit and vegetables,1039,,
10410,Framställning av vegetabiliska och animaliska oljor och fetter,Manufacture of oils and fats,1041,,
10420,Matfettstillverkning,Manufacture of margarine and similar edible fats,1042,,
10511,Osttillverkning,Cheese production,1051,,
10519,Annan mejerivarutillverkning,Other dairy production,1051,,
10520,Tillverkning av glassvaror,Manufacture of ice cream and other edible ice,1052,,
10611,Mjöltillverkning,Production of flour,1061,,
10612,"Tillverkning av frukostflingor, mixer och andra livsmedelsberedningar av kvarnprodukter","Manufacture of breakfast cereals, blended mixes and other prepared grain mill products",1061,,
10620,Stärkelsetillverkning,Manufacture of starches and starch products,1062,,
10710,Tillverkning av mjukt matbröd och färska bakverk,Manufacture of bread; manufacture of fresh pastry goods and cakes,1071,,
10721,Knäckebrödstillverkning,Manufacture of crispbread,1072,,
10722,Tillverkning av kex och konserverade bakverk,Manufacture of biscuits and preserved pastries and cakes,1072,,
10730,Tillverkning av mjölprodukter,Manufacture of farinaceous products,1073,,
10810,Sockertillverkning,Manufacture of sugar,1081,,
10820,"Tillverkning av kakao, choklad- och sockerkonfektyrer","Manufacture of cocoa, chocolate and sugar confectionery",1082,,
10830,Framställning av te och kaffe,Processing of tea and coffee,1083,,
10840,Tillverkning av kryddor och andra smaksättare,Manufacture of condiments and seasonings,1084,,
10850,Tillverkning av lagad mat och färdigrätter,Manufacture of prepared meals and dishes,1085,,
10860,Tillverkning av homogeniserade livsmedelsberedningar inklusive dietmat,Manufacture of homogenised food preparations and dietetic food,1086,,
10890,Framställning av diverse övriga livsmedel,Manufacture of other food products n.e.c.,1089,,
10910,Framställning av beredda fodermedel,Manufacture of prepared feeds for farm animals,1091,,
10920,Framställning av mat till sällskapsdjur,Manufacture of prepared pet foods,1092,,
11010,"Destillering, rening och tillblandning av spritdrycker","Distilling, rectifying and blending of spirits",1101,,
11020,Framställning av vin från druvor,Manufacture of wine from grape,1102,,
11030,Framställning av cider och andra jästa drycker av frukt,Manufacture of cider and other fermented fruit beverages,1103,,
11040,Framställning av andra icke-destillerade jästa drycker,Manufacture of other non-distilled fermented beverages,1104,,
11050,Framställning av öl,Manufacture of beer,1105,,
11060,Framställning av malt,Manufacture of malt,1106,,
11070,"Framställning av läskedrycker, mineralvatten och annat vatten på flaska",Manufacture of soft drinks and bottled waters,1107,,
12000,Tobaksvarutillverkning,Manufacture of tobacco products,1200,,
13100,Garntillverkning,Preparation and spinning of textile fibres,1310,,
13200,Vävnadstillverkning,Weaving of textiles,1320,,
13300,"Blekning, färgning och annan textilberedning",Finishing of textiles,1330,,
13910,Tillverkning av trikåväv,Manufacture of knitted and crocheted fabrics,1391,,
13920,Tillverkning av hushållstextilier och andra sydda inredningsartiklar,Manufacture of household textiles and made-up furnishing articles,1392,,
13930,Tillverkning av mattor,Manufacture of carpets and rugs,1393,,
13940,Tågvirkes- och bindgarnstillverkning,"Manufacture of cordage, rope, twine and netting",1394,,
13950,Tillverkning av bondad duk och varor av bondad duk,Manufacture of non-wovens and non-woven articles,1395,,
13960,Tillverkning av andra tekniska textilier och industritextilier,Manufacture of other technical and industrial textiles,1396,,
13990,Övrig textilietillverkning,Manufacture of other textiles n.e.c.,1399,,
14100,Tillverkning av trikåvaror,Manufacture of knitted and crocheted apparel,1410,,
14210,Tillverkning av gång- och ytterkläder,Manufacture of outerwear,1421,,
14220,"Tillverkning av underkläder, skjortor och blusar",Manufacture of underwear,1422,,
14230,"Tillverkning av arbets-, skydds- och överdragskläder",Manufacture of workwear,1423,,
14240,Tillverkning av läder- och skinnkläder samt pälsvaror,Manufacture of leather clothes and fur apparel,1424,,
14290,Tillverkning av diverse övriga beklädnadsvaror och tillbehör,Manufacture of other wearing apparel and accessories n.e.c.,1429,,
15110,"Garvning och annan beredning av läder-, skinn- och pälsvaror","Tanning, dressing, dyeing of leather and fur",1511,,
15120,"Tillverkning av reseffekter, handväskor, sadel- och seldon oavsett material","Manufacture of luggage, handbags, saddlery and harness of any material",1512,,
15200,Tillverkning av skodon,Manufacture of footwear,1520,,
16111,Sågning av trä,Sawmilling of wood,1611,,
16112,Hyvling av trä,Planing of wood,1611,,
16120,Bearbetning och slutbehandling av trä,Processing and finishing of wood,1612,,
16210,Tillverkning av fanér och träbaserade skivor,Manufacture of veneer sheets and wood-based panels,1621,,
16220,Tillverkning av sammansatta parkettgolv,Manufacture of assembled parquet floors,1622,,
16231,Tillverkning av monteringsfärdiga trähus,Manufacture of prefabricated wooden buildings,1623,,
16239,Tillverkning av övriga byggnads- och inredningssnickerier,Manufacture of various other builders' carpentry and joinery,1623,,
16240,Träförpackningstillverkning,Manufacture of wooden containers,1624,,
16250,Tillverkning av dörrar och fönster av trä,Manufacture of doors and windows of wood,1625,,
16260,Tillverkning av fasta bränslen av vegetabilisk biomassa,Manufacture of solid fuels from vegetable biomass,1626,,
16270,Slutbehandling av varor av trä,Finishing of wooden products,1627,,
16281,Övrig trävarutillverkning,Manufacture of other products of wood,1628,,
16282,"Tillverkning av varor av kork, halm, rotting o.d.","Manufacture of articles of cork, straw and plaiting materials",1628,,
17110,Massatillverkning,Manufacture of pulp,1711,,
17121,Tillverkning av tidnings- och journalpapper samt tryckpapper,Manufacture of newsprint and other printing paper,1712,,
17122,Tillverkning av kraftpapper och kraftpapp,Manufacture of kraft paper and paperboard,1712,,
17129,Övrig tillverkning av papper och papp,Manufacture of other paper and paperboard,1712,,
17211,Tillverkning av wellpapp och wellpappförpackningar,Manufacture of corrugated paper and paperboard and corrugated board containers,1721,,
17219,Övrig tillverkning av pappers- och pappförpackningar,Manufacture of other containers of paper and paperboard,1721,,
17220,Tillverkning av hushålls- och hygienartiklar av papper,Manufacture of household and sanitary goods and of toilet requisites,1722,,
17230,"Tillverkning av skrivpapper, kuvert o.d.",Manufacture of paper stationery,1723,,
17240,Tapettillverkning,Manufacture of wallpaper,1724,,
17250,Tillverkning av andra pappers- och pappvaror,Manufacture of other articles of paper and paperboard,1725,,
18110,Tryckning av dagstidningar,Printing of newspapers,1811,,
18121,Tryckning av tidskrifter,Printing of periodicals,1812,,
18122,Tryckning av böcker och övriga trycksaker,Book printing and other printing,1812,,
18130,Grafiska tjänster före tryckning (prepress/premedia),Pre-press and pre-media services,1813,,
18140,Bokbindning och annan verksamhet avseende tryckning,Binding and related services,1814,,
18200,Reproduktion av inspelningar,Reproduction of recorded media,1820,,
19100,Tillverkning av stenkolsprodukter,Manufacture of coke oven products,1910,,
19200,Tillverkning av raffinerade petroleumprodukter och fossila bränsleprodukter,Manufacture of refined petroleum products and fossil fuel products,1920,,
20110,Industrigasframställning,Manufacture of industrial gases,2011,,
20120,Tillverkning av färgämnen,Manufacture of dyes and pigments,2012,,
20130,Tillverkning av andra oorganiska baskemikalier,Manufacture of other inorganic basic chemicals,2013,,
20140,Tillverkning av andra organiska baskemikalier,Manufacture of other organic basic chemicals,2014,,
20150,Tillverkning av gödselmedel och kväveprodukter,Manufacture of fertilisers and nitrogen compounds,2015,,
20160,Basplastframställning,Manufacture of plastics in primary forms,2016,,
20170,Tillverkning av syntetiskt basgummi,Manufacture of synthetic rubber in primary forms,2017,,
20200,"Tillverkning av bekämpningsmedel, desinfektionsmedel och andra lantbrukskemiska produkter","Manufacture of pesticides, disinfectants and other agrochemical products",2020,,
20300,"Tillverkning av färg, lack, tryckfärg m.m.","Manufacture of paints, varnishes and similar coatings, printing ink and mastics",2030,,
20410,"Tillverkning av tvål, såpa, tvättmedel och polermedel","Manufacture of soap and detergents, cleaning and polishing preparations",2041,,
20420,Tillverkning av parfym och toalettartiklar,Manufacture of perfume and toilet preparations,2042,,
20510,Tillverkning av flytande biobränslen,Manufacture of liquid biofuels,2051,,
20591,Sprängämnestillverkning,Manufacture of explosives,2059,,
20592,Tillverkning av lim,Manufacture of glues,2059,,
20593,Tillverkning av eteriska oljor,Manufacture of essential oils,2059,,
20599,Tillverkning av övriga kemiska produkter,Manufacture of various other chemical products n.e.c.,2059,,
20600,Konstfibertillverkning,Manufacture of man-made fibres,2060,,
21100,Tillverkning av farmaceutiska basprodukter,Manufacture of basic pharmaceutical products,2110,,
21200,Tillverkning av läkemedel,Manufacture of pharmaceutical preparations,2120,,
22110,"Tillverkning och regummering av däck, tillverkning av slangar","Manufacture, retreading and rebuilding of rubber tyres and manufacture of tubes",2211,,
22120,Annan gummivarutillverkning,Manufacture of other rubber products,2212,,
22210,Tillverkning av plasthalvfabrikat,"Manufacture of plastic plates, sheets, tubes and profiles",2221,,
22220,Plastförpackningstillverkning,Manufacture of plastic packing goods,2222,,
22230,Tillverkning av dörrar och fönster av plast,Manufacture of doors and windows of plastic,2223,,
22240,Byggplastvarutillverkning,Manufacture of builders’ ware of plastic,2224,,
22250,Bearbetning och slutbehandling av plastvaror,Processing and finishing of plastic products,2225,,
22260,Annan plastvarutillverkning,Manufacture of other plastic products,2226,,
23110,Tillverkning av planglas,Manufacture of flat glass,2311,,
23120,Bearbetning av planglas,Shaping and processing of flat glass,2312,,
23130,"Tillverkning av buteljer, glasförpackningar och husgeråd av glas",Manufacture of hollow glass,2313,,
23140,Tillverkning av glasfiber,Manufacture of glass fibres,2314,,
23150,Tillverkning av andra glasvaror inklusive tekniska glasvaror,"Manufacture and processing of other glass, including technical glassware",2315,,
23200,Tillverkning av eldfasta produkter,Manufacture of refractory products,2320,,
23310,Tillverkning av keramiska golv- och väggplattor,Manufacture of ceramic tiles and flags,2331,,
23320,"Tillverkning av murtegel, takpannor och andra byggvaror av tegel","Manufacture of bricks, tiles and construction products, in baked clay",2332,,
23410,Tillverkning av keramiska hushålls- och prydnadsartiklar,Manufacture of ceramic household and ornamental articles,2341,,
23420,Tillverkning av keramiska sanitetsartiklar,Manufacture of ceramic sanitary fixtures,2342,,
23430,Tillverkning av keramiska isolatorer o.d.,Manufacture of ceramic insulators and insulating fittings,2343,,
23440,Tillverkning av andra tekniska keramiska produkter,Manufacture of other technical ceramic products,2344,,
23450,Tillverkning av andra keramiska produkter,Manufacture of other ceramic products,2345,,
23510,Tillverkning av cement,Manufacture of cement,2351,,
23520,Tillverkning av kalk och gips,Manufacture of lime and plaster,2352,,
23610,Tillverkning av betongvaror för byggändamål,Manufacture of concrete products for construction purposes,2361,,
23620,Tillverkning av gipsvaror för byggändamål,Manufacture of plaster products for construction purposes,2362,,
23630,Tillverkning av fabriksblandad betong,Manufacture of ready-mixed concrete,2363,,
23640,Tillverkning av murbruk,Manufacture of mortars,2364,,
23650,Tillverkning av fibercementvaror,Manufacture of fibre cement,2365,,
23660,"Tillverkning av andra varor av betong, cement och gips","Manufacture of other articles of concrete, cement and plaster",2366,,
23701,"Huggning, formning och slutlig bearbetning av sten för byggnadsändamål","Cutting, shaping and finishing of building stone",2370,,
23709,"Huggning, formning och slutlig bearbetning av sten för prydnadsändamål","Cutting, shaping and finishing of ornamental stone",2370,,
23910,Tillverkning av slipmedel,Manufacture of abrasive products,2391,,
23991,Tillverkning av varor av sten- och mineralull,Manufacture of stone and mineral wool products,2399,,
23999,Diverse övrig tillverkning av icke-metalliska mineraliska produkter,Manufacture of various other non-metallic mineral products n.e.c.,2399,,
24100,Framställning av järn och stål samt ferrolegeringar,Manufacture of basic iron and steel and of ferro-alloys,2410,,
24200,"Tillverkning av rör, ledningar, ihåliga profiler och tillbehör av stål","Manufacture of tubes, pipes, hollow profiles and related fittings, of steel",2420,,
24310,Tillverkning av kalldragen stålstång,Cold drawing of bars,2431,,
24320,Tillverkning av kallvalsade stålband,Cold rolling of narrow strip,2432,,
24330,Tillverkning av andra kallformade produkter av stål,Cold forming or folding,2433,,
24340,Tillverkning av kalldragen ståltråd,Cold drawing of wire,2434,,
24410,Framställning av ädla metaller,Precious metals production,2441,,
24420,Framställning av aluminium,Aluminium production,2442,,
24430,"Framställning av bly, zink och tenn","Lead, zinc and tin production",2443,,
24440,Framställning av koppar,Copper production,2444,,
24450,Framställning av andra metaller,Other non-ferrous metal production,2445,,
24460,Tillverkning av kärnbränsle,Processing of nuclear fuel,2446,,
24510,Gjutning av järn,Casting of iron,2451,,
24520,Gjutning av stål,Casting of steel,2452,,
24530,Gjutning av lättmetall,Casting of light metals,2453,,
24540,Gjutning av andra metaller,Casting of other non-ferrous metals,2454,,
25110,Tillverkning av metallstommar och delar därav,Manufacture of metal structures and parts of structures,2511,,
25120,Tillverkning av dörrar och fönster av metall,Manufacture of doors and windows of metal,2512,,
25210,"Tillverkning av radiatorer, ånggeneratorer och pannor för centraluppvärmning","Manufacture of central heating radiators, steam generators and boilers",2521,,
25220,"Tillverkning av andra cisterner, tankar, kar och andra behållare av metall","Manufacture of other tanks, reservoirs and containers of metal",2522,,
25300,Tillverkning av vapen och ammunition,Manufacture of weapons and ammunition,2530,,
25400,Smidning och formning av metall och pulvermetallurgi,Forging and shaping metal and powder metallurgy,2540,,
25510,Beläggning och överdragning av metall,Coating of metals,2551,,
25520,Värmebehandling av metall,Heat treatment of metals,2552,,
25530,Metallegoarbeten,Machining of metals,2553,,
25610,Tillverkning av bestick,Manufacture of cutlery,2561,,
25620,Tillverkning av lås och gångjärn,Manufacture of locks and hinges,2562,,
25630,Tillverkning av verktyg och redskap,Manufacture of tools,2563,,
25910,Tillverkning av stålfat o.d. behållare,Manufacture of steel drums and similar containers,2591,,
25920,Tillverkning av lättmetallförpackningar,Manufacture of light metal packaging,2592,,
25930,"Tillverkning av metalltrådvaror, kedjor och fjädrar","Manufacture of wire products, chain and springs",2593,,
25940,Tillverkning av nitar och skruvar,Manufacture of fasteners and screw machine products,2594,,
25991,"Tillverkning av diskbänkar, sanitetsgods m.m. av metall för byggändamål","Manufacture of sinks, sanitary ware etc. of metal for construction purposes",2599,,
25999,Annan övrig metallvarutillverkning,Manufacture of various other fabricated metal products n.e.c.,2599,,
26110,Tillverkning av elektroniska komponenter,Manufacture of electronic components,2611,,
26120,Tillverkning av kretskort,Manufacture of loaded electronic boards,2612,,
26200,Tillverkning av datorer och kringutrustning,Manufacture of computers and peripheral equipment,2620,,
26300,Tillverkning av kommunikationsutrustning,Manufacture of communication equipment,2630,,
26400,Tillverkning av hemelektronik,Manufacture of consumer electronics,2640,,
26510,"Tillverkning av instrument och apparater för mätning, provning och navigering","Manufacture of instruments and appliances for measuring, testing and navigation",2651,,
26520,Urtillverkning,Manufacture of watches and clocks,2652,,
26600,Tillverkning av strålningsutrustning samt elektromedicinsk och elektroterapeutisk utrustning,"Manufacture of irradiation, electromedical and electrotherapeutic equipment",2660,,
26700,"Tillverkning av optiska instrument, magnetiska och optiska medier samt fotoutrustning","Manufacture of optical instruments, magnetic and optical media and photographic equipment",2670,,
27110,"Tillverkning av elmotorer, generatorer och transformatorer","Manufacture of electric motors, generators and transformers",2711,,
27120,Tillverkning av eldistributions- och elkontrollapparater,Manufacture of electricity distribution and control apparatus,2712,,
27200,Batteri- och ackumulatortillverkning,Manufacture of batteries and accumulators,2720,,
27310,Tillverkning av optiska fiberkablar,Manufacture of fibre optic cables,2731,,
27320,Tillverkning av andra elektroniska och elektriska ledningar och kablar,Manufacture of other electronic and electric wires and cables,2732,,
27330,Tillverkning av kabeltillbehör,Manufacture of wiring devices,2733,,
27400,Tillverkning av belysningsarmatur,Manufacture of lighting equipment,2740,,
27510,Tillverkning av elektriska hushållsmaskiner och hushållsapparater,Manufacture of electric domestic appliances,2751,,
27520,Tillverkning av icke-elektriska hushållsmaskiner och hushållsapparater,Manufacture of non-electric domestic appliances,2752,,
27900,Tillverkning av annan elapparatur,Manufacture of other electrical equipment,2790,,
28110,Tillverkning av motorer och turbiner utom för luftfartyg och fordon,"Manufacture of engines and turbines, except aircraft, vehicle and cycle engines",2811,,
28120,Tillverkning av fluidteknisk utrustning,Manufacture of fluid power equipment,2812,,
28130,Tillverkning av andra pumpar och kompressorer,Manufacture of other pumps and compressors,2813,,
28140,Tillverkning av andra kranar och ventiler,Manufacture of other taps and valves,2814,,
28150,"Tillverkning av lager, kugghjul och andra delar för kraftöverföring","Manufacture of bearings, gears, gearing and driving elements",2815,,
28210,Tillverkning av ugnar och monterad värmeutrustning för bostadsuppvärmning,"Manufacture of ovens, furnaces and permanent household heating equipment",2821,,
28220,Tillverkning av lyft- och godshanteringsanordningar,Manufacture of lifting and handling equipment,2822,,
28230,"Tillverkning av kontorsmaskiner och kontorsutrustning, utom datorer och kringutrustning","Manufacture of office machinery and equipment, except computers and peripheral equipment",2823,,
28240,Tillverkning av motordrivna handverktyg,Manufacture of power-driven hand tools,2824,,
28250,"Tillverkning av luftkonditionering, utom för hushåll",Manufacture of non-domestic air conditioning equipment,2825,,
28290,Tillverkning av diverse övriga maskiner för allmänt ändamål,Manufacture of other general-purpose machinery n.e.c.,2829,,
28300,Tillverkning av jord- och skogsbruksmaskiner,Manufacture of agricultural and forestry machinery,2830,,
28410,Tillverkning av maskiner för metallbearbetning och verktygsmaskiner för bearbetning av metall,Manufacture of metal forming machinery and machine tools for metal work,2841,,
28420,Tillverkning av andra verktygsmaskiner,Manufacture of other machine tools,2842,,
28910,Tillverkning av maskiner för metallurgi,Manufacture of machinery for metallurgy,2891,,
28920,"Tillverkning av gruv-, bergbrytnings- och byggmaskiner","Manufacture of machinery for mining, quarrying and construction",2892,,
28930,"Tillverkning av maskiner för framställning av livsmedel, drycker och tobaksvaror","Manufacture of machinery for food, beverage and tobacco processing",2893,,
28940,"Tillverkning av maskiner för produktion av textil-, beklädnads- och lädervaror","Manufacture of machinery for textile, apparel and leather production",2894,,
28950,"Tillverkning av maskiner för produktion av massa, papper och papp",Manufacture of machinery for paper and paperboard production,2895,,
28960,Tillverkning av maskiner för gummi och plast,Manufacture of plastics and rubber machinery,2896,,
28970,Tillverkning av maskiner för additiv tillverkning,Manufacture of additive manufacturing machinery,2897,,
28990,Tillverkning av diverse övriga specialmaskiner,Manufacture of other special-purpose machinery n.e.c.,2899,,
29101,Tillverkning av personbilar och andra lätta motorfordon,Manufacture of passenger cars and other light motor vehicles,2910,,
29102,Tillverkning av lastbilar och andra tunga motorfordon,Manufacture of trucks and other heavy motor vehicles,2910,,
29200,Tillverkning av karosserier för motorfordon; tillverkning av släpfordon och påhängsvagnar,Manufacture of bodies and coachwork for motor vehicles; manufacture of trailers and semi-trailers,2920,,
29310,Tillverkning av elektrisk och elektronisk utrustning för motorfordon,Manufacture of electrical and electronic equipment for motor vehicles,2931,,
29320,Tillverkning av andra delar och tillbehör till motorfordon,Manufacture of other parts and accessories for motor vehicles,2932,,
30110,Byggande av civila fartyg och flytande materiel,Building of civilian ships and floating structures,3011,,
30120,Byggande av fritidsbåtar,Building of pleasure and sporting boats,3012,,
30130,Byggande av militära skepp och fartyg,Building of military ships and vessels,3013,,
30200,Tillverkning av rälsfordon,Manufacture of railway locomotives and rolling stock,3020,,
30310,"Tillverkning av civila luftfartyg, rymdfarkoster o.d.",Manufacture of civilian air and spacecraft and related machinery,3031,,
30320,"Tillverkning av militära luftfartyg, rymdfarkoster o.d.",Manufacture of military air and spacecraft and related machinery,3032,,
30400,Tillverkning av militära stridsfordon,Manufacture of military fighting vehicles,3040,,
30910,Tillverkning av motorcyklar,Manufacture of motorcycles,3091,,
30920,"Tillverkning av cyklar, rullstolar o.d.",Manufacture of bicycles and invalid carriages,3092,,
30990,Diverse övrig transportmedelstillverkning,Manufacture of other transport equipment n.e.c.,3099,,
31001,Tillverkning av kontors- och butiksmöbler,Manufacture of office and shop furniture,3100,,
31002,Tillverkning av kontors- och butiksinredningar,Manufacture of office and shop fittings,3100,,
31003,Tillverkning av köksmöbler,Manufacture of kitchen furniture,3100,,
31004,Tillverkning av köksinredningar,Manufacture of kitchen fittings,3100,,
31009,Tillverkning av andra möbler och madrasser,Manufacture of other furniture,3100,,
32110,Prägling av mynt,Striking of coins,3211,,
32120,"Tillverkning av smycken, guld- och silversmedsvaror",Manufacture of jewellery and related articles,3212,,
32130,Tillverkning av bijouterier o.d.,Manufacture of imitation jewellery and related articles,3213,,
32200,Tillverkning av musikinstrument,Manufacture of musical instruments,3220,,
32300,Tillverkning av sportartiklar,Manufacture of sports goods,3230,,
32400,Tillverkning av spel och leksaker,Manufacture of games and toys,3240,,
32501,Tillverkning av medicinska och dentala instrument och tillbehör,Manufacture of medical and dental instruments and other supplies,3250,,
32502,Tillverkning av tandproteser,"Manufacture of artificial teeth, dentures, dental plates etc.",3250,,
32910,Tillverkning av borstbinderiarbeten,Manufacture of brooms and brushes,3291,,
32990,Diverse övrig tillverkning,Other manufacturing n.e.c.,3299,,
33110,Reparation och underhåll av metallvaror,Repair and maintenance of fabricated metal products,3311,,
33120,Reparation och underhåll av maskiner,Repair and maintenance of machinery,3312,,
33130,Reparation och underhåll av elektronisk och optisk utrustning,Repair and maintenance of electronic and optical equipment,3313,,
33140,Reparation och underhåll av elapparatur,Repair and maintenance of electrical equipment,3314,,
33150,Reparation och underhåll av civila fartyg och båtar,Repair and maintenance of civilian ships and boats,3315,,
33160,Reparation och underhåll av civila luftfartyg och rymdfarkoster,Repair and maintenance of civilian air and spacecraft,3316,,
33170,Reparation och underhåll av andra civila transportmedel,Repair and maintenance of other civilian transport equipment,3317,,
33180,"Reparation och underhåll av militära stridsfordon, skepp, båtar, luftfartyg och rymdfarkoster","Repair and maintenance of military fighting vehicles, ships, boats, air and spacecraft",3318,,
33190,Reparation och underhåll av annan utrustning,Repair and maintenance of other equipment,3319,,
33200,Installation av industrimaskiner och -utrustning,Installation of industrial machinery and equipment,3320,,
35110,Generering av elektricitet från icke-förnybara energikällor,Production of electricity from non-renewable sources,3511,,
35120,Generering av elektricitet från förnybara energikällor,Production of electricity from renewable sources,3512,,
35130,Överföring av elektricitet,Transmission of electricity,3513,,
35140,Distribution av elektricitet,Distribution of electricity,3514,,
35150,Handel med elektricitet,Trade of electricity,3515,,
35160,Lagring av elektricitet,Storage of electricity,3516,,
35210,Framställning av gas,Manufacture of gas,3521,,
35220,Distribution av gasformiga bränslen via rörnät,Distribution of gaseous fuels through mains,3522,,
35230,Handel med gas via rörnät,Trade of gas through mains,3523,,
35240,Lagring av gas som en del i nätförsörjningstjänster,Storage of gas as part of network supply services,3524,,
35300,Försörjning av värme och kyla,Steam and air conditioning supply,3530,,
35400,Mäklare och agenter för el och naturgas,Activities of brokers and agents for electric power and natural gas,3540,,
36000,Vattenförsörjning,"Water collection, treatment and supply",3600,,
37000,Avloppsrening,Sewerage,3700,,
38110,Insamling av icke-farligt avfall,Collection of non-hazardous waste,3811,,
38120,Insamling av farligt avfall,Collection of hazardous waste,3812,,
38211,Demontering av uttjänta fordon,Dismantling of car wrecks,3821,,
38212,Demontering av elektrisk och elektronisk utrustning,Dismantling of electric and electronic equipment,3821,,
38213,Demontering av övrig kasserad utrustning,Dismantling of other wrecks,3821,,
38214,Återvinning av källsorterat material,Recovery of sorted materials,3821,,
38215,Återvinning av farligt avfall,Recovery of hazardous waste,3821,,
38220,Energiåtervinning,Energy recovery,3822,,
38230,Annan återvinning av avfall,Other waste recovery,3823,,
38310,Förbränning utan energiåtervinning,Incineration without energy recovery,3831,,
38321,Deponering eller slutförvaring av icke-farligt avfall,Landfilling or permanent storage of non-hazardous waste,3832,,
38322,Deponering eller slutförvaring av farligt avfall,Landfilling or permanent storage of hazardous waste,3832,,
38330,Annat bortskaffande av avfall,Other waste disposal,3833,,
39000,"Sanering, efterbehandling av jord och vatten samt annan verksamhet för föroreningsbekämpning",Remediation activities and other waste management service activities,3900,,
41000,Byggande av bostadshus och andra byggnader,Construction of residential and non-residential buildings,4100,,
42110,Anläggning av vägar och motorvägar,Construction of roads and motorways,4211,,
42120,Anläggning av järnvägar och tunnelbanor,Construction of railways and underground railways,4212,,
42130,Anläggning av broar och tunnlar,Construction of bridges and tunnels,4213,,
42210,"Allmännyttiga anläggningsarbeten för värme, vatten och avlopp",Construction of utility projects for fluids,4221,,
42221,Anläggningsarbeten för el,Construction of utility projects for electricity,4222,,
42222,Anläggningsarbeten för telekommunikation,Construction of utility projects for telecommunications,4222,,
42910,Vattenbyggnad,Construction of water projects,4291,,
42990,Diverse övriga anläggningsarbeten,Construction of other civil engineering projects n.e.c.,4299,,
43110,Rivning av hus och byggnader,Demolition,4311,,
43120,Mark- och grundarbeten,Site preparation,4312,,
43130,Markundersökning,Test drilling and boring,4313,,
43210,Elinstallationer,Electrical installation,4321,,
43221,Värme- och sanitetsarbeten,Installation of heating and sanitary equipment,4322,,
43222,Ventilationsarbeten,Installation of ventilation equipment,4322,,
43223,Kyl- och frysinstallationsarbeten,Installation of refrigeration and freezing equipment,4322,,
43229,Övriga VVS-arbeten,Other plumbing,4322,,
43230,Installation av isolering,Installation of insulation,4323,,
43240,Andra bygginstallationer,Other construction installation,4324,,
43310,"Puts-, fasad- och stuckatörsarbeten",Plastering,4331,,
43320,Byggnadssnickeriarbeten,Joinery installation,4332,,
43330,Golv- och väggbeläggningsarbeten,Floor and wall covering,4333,,
43341,Måleriarbeten,Painting,4334,,
43342,Glasmästeriarbeten,Glazing,4334,,
43350,Annan slutbehandling av byggnader,Other building completion and finishing,4335,,
43411,Takarbeten av plåt,Erection of sheet-metal roof covering,4341,,
43412,Takarbeten av andra material än plåt,Erection of other roof covering and frames,4341,,
43420,Annan specialiserad bygg- och anläggningsverksamhet i samband med byggande av hus,Other specialised construction activities in construction of buildings,4342,,
43500,Specialiserad bygg- och anläggningsverksamhet i samband med anläggningsarbeten,Specialised construction activities in civil engineering,4350,,
43600,Förmedling avseende specialiserad bygg- och anläggningsverksamhet,Intermediation service activities for specialised construction services,4360,,
43910,Murarbeten,Masonry and bricklaying activities,4391,,
43991,Uthyrning av bygg- och anläggningsmaskiner med förare,Renting of construction or demolition equipment with operator,4399,,
43999,Annan övrig specialiserad bygg- och anläggningsverksamhet,Various other specialised construction activities n.e.c.,4399,,
46110,"Provisionshandel med jordbruksråvaror, levande djur, textilråvaror och textilhalvfabrikat","Activities of agents involved in the wholesale of agricultural raw materials, live animals, textile raw materials and semi-finished goods",4611,,
46120,"Provisionshandel med bränsle, malm, metaller och industrikemikalier","Activities of agents involved in the wholesale of fuels, ores, metals and industrial chemicals",4612,,
46130,Provisionshandel med virke och byggmaterial,Activities of agents involved in the wholesale of timber and building materials,4613,,
46141,"Provisionshandel med maskiner, industriell utrustning, fartyg och luftfartyg utom kontorsutrustning och datorer","Agents involved in the sale of machinery, industrial equipment, ships and aircraft except office machinery and computer equipment",4614,,
46142,Provisionshandel med kontorsutrustning och datorer,Agents involved in the sale of office machinery and computer equipment,4614,,
46150,"Provisionshandel med möbler, hushålls- och järnhandelsvaror","Activities of agents involved in the wholesale of furniture, household goods, hardware and ironmongery",4615,,
46160,"Provisionshandel med textilier, kläder, pälsvaror, skodon och lädervaror","Activities of agents involved in the wholesale of textiles, clothing, fur, footwear and leather goods",4616,,
46170,"Provisionshandel med livsmedel, drycker och tobak","Activities of agents involved in the wholesale of food, beverages and tobacco",4617,,
46181,"Provisionshandel med motorfordon, och reservdelar och tillbehör till motorfordon","Activities of agents involved in the wholesale of motor vehicles, motor vehicle parts and accessories",4618,,
46189,Provisionshandel med annat specialsortiment utom motorfordon,Activities of agents involved in the wholesale of other particular products except motor vehicles,4618,,
46190,Icke-specialiserad provisionshandel,Activities of agents involved in non-specialised wholesale,4619,,
46210,"Partihandel med spannmål, råtobak, utsäde och djurfoder","Wholesale of grain, unmanufactured tobacco, seeds and animal feeds",4621,,
46220,Partihandel med blommor och växter,Wholesale of flowers and plants,4622,,
46230,Partihandel med levande djur,Wholesale of live animals,4623,,
46240,"Partihandel med hudar, skinn och läder","Wholesale of hides, skins and leather",4624,,
46310,Partihandel med frukt och grönsaker,Wholesale of fruit and vegetables,4631,,
46321,Partihandel med kött och köttvaror,Wholesale of meat and meat products,4632,,
46322,Partihandel med fisk- och fiskprodukter,Wholesale of fish and fish products,4632,,
46330,"Partihandel med mejeriprodukter, ägg, matolja och matfett","Wholesale of dairy products, eggs and edible oils and fats",4633,,
46340,Partihandel med drycker,Wholesale of beverages,4634,,
46350,Partihandel med tobak,Wholesale of tobacco products,4635,,
46360,"Partihandel med socker, choklad- och sockerkonfektyrer","Wholesale of sugar, chocolate and sugar confectionery",4636,,
46370,"Partihandel med kaffe, te, kakao och kryddor","Wholesale of coffee, tea, cocoa and spices",4637,,
46380,Partihandel med andra livsmedel,Wholesale of other food,4638,,
46390,"Icke-specialiserad partihandel med livsmedel, drycker och tobak","Non-specialised wholesale of food, beverages and tobacco",4639,,
46410,Partihandel med textilier,Wholesale of textiles,4641,,
46420,Partihandel med kläder och skodon,Wholesale of clothing and footwear,4642,,
46431,Partihandel med elektriska hushållsmaskiner och -apparater,Wholesale of various electrical household appliances,4643,,
46432,Partihandel med ljud- och bildanläggningar samt videoutrustning,"Wholesale of radio, television and video equipment",4643,,
46433,Partihandel med elartiklar,Wholesale of electrical equipment,4643,,
46434,Partihandel med fotografiska och optiska produkter,Wholesale of photographic and optical goods,4643,,
46440,Partihandel med glas och porslin samt rengöringsmedel,Wholesale of china and glassware and cleaning materials,4644,,
46450,Partihandel med parfym och kosmetika,Wholesale of perfume and cosmetics,4645,,
46460,Partihandel med medicinsk utrustning och apoteksvaror,Wholesale of pharmaceutical and medical goods,4646,,
46471,"Partihandel med möbler, mattor och belysningsartiklar","Wholesale of household furniture, carpets and lighting equipment",4647,,
46472,Partihandel med kontorsmöbler,Wholesale of office and shop furniture,4647,,
46480,Partihandel med ur och guldsmedsvaror,Wholesale of watches and jewellery,4648,,
46491,Partihandel med sport- och fritidsartiklar,Wholesale of sporting equipment,4649,,
46492,Partihandel med kontorsförbrukningsvaror,Wholesale of stationary and other office goods,4649,,
46499,Partihandel med övriga hushållsvaror,Wholesale of other household goods n.e.c.,4649,,
46501,Partihandel med datorer och kringutrustning samt programvara; samt annan kontorsutrustning,"Wholesale of electronic and telecommunications equipment and parts, and other office equipment",4650,,
46502,Partihandel med elektronikkomponenter,Wholesale of electronic components,4650,,
46503,Partihandel med telekommunikationsutrustning,Wholesale of telecommunications equipment and parts,4650,,
46610,Partihandel med jordbruksmaskiner och jordbruksutrustning,"Wholesale of agricultural machinery, equipment and supplies",4661,,
46620,Partihandel med verktygsmaskiner,Wholesale of machine tools,4662,,
46630,"Partihandel med gruv-, bygg- och anläggningsmaskiner","Wholesale of mining, construction and civil engineering machinery",4663,,
46641,Partihandel med mät- och precisionsinstrument,Wholesale of measuring and precision instruments,4664,,
46642,Partihandel med datoriserad materialhanteringsutrustning,Wholesale of computerized materials handling equipment,4664,,
46649,Partihandel med diverse andra maskiner och diverse annan utrustning,Wholesale of other machinery and equipment n.e.c.,4664,,
46711,Partihandel med personbilar och lätta motorfordon,Wholesale of cars and light motor vehicles,4671,,
46712,"Partihandel med lastbilar, bussar och specialfordon","Wholesale of lorries, buses and specialised motor vehicles",4671,,
46713,"Partihandel med husvagnar, husbilar, släpfordon och påhängsvagnar","Wholesale of caravans, motor homes, trailers and semi-trailers",4671,,
46720,Partihandel med reservdelar och tillbehör till motorfordon,Wholesale of motor vehicle parts and accessories,4672,,
46730,"Partihandel med motorcyklar, reservdelar och tillbehör till motorcyklar","Wholesale of motorcycles, motorcycle parts and accessories",4673,,
46810,Partihandel med bränslen,"Wholesale of solid, liquid and gaseous fuels and related products",4681,,
46820,Partihandel med metaller och metallmalmer,Wholesale of metals and metal ores,4682,,
46831,Partihandel med virke och andra byggmaterial,Wholesale of wood and other construction materials,4683,,
46832,Partihandel med sanitetsgods,Wholesale of sanitary equipment,4683,,
46841,Partihandel med järnhandelsvaror,Wholesale of hardware,4684,,
46842,Partihandel med VVS-varor,Wholesale of plumbing and heating equipment,4684,,
46850,Partihandel med kemiska produkter,Wholesale of chemical products,4685,,
46860,Partihandel med andra insatsvaror,Wholesale of other intermediate products,4686,,
46871,Partihandel med uttjänta fordon,Wholesale in car wrecks,4687,,
46872,Partihandel med metallavfall och metallskrot,Wholesale of metal waste and scrap,4687,,
46873,Partihandel med avfall och skrot av icke-metall,Wholesale of non-metal waste and scrap,4687,,
46890,Diverse övrig specialiserad partihandel,Other specialised wholesale n.e.c.,4689,,
46900,Icke-specialiserad partihandel,Non-specialised wholesale trade,4690,,
47111,"Varuhus- och stormarknadshandel, mest livsmedel, drycker och tobak","Retail sale in department stores and the like of predominately food, beverages or tobacco",4711,,
47112,"Livsmedelshandel med brett sortiment, ej varuhus eller stormarknad","Retail sale in other non-specialised stores of predominately food, beverages or tobacco",4711,,
47113,"Detaljhandel via internet eller postorder med brett sortiment, mest livsmedel, drycker och tobak","Non-specialised retail sale via internet of predominately food, beverages or tobacco",4711,,
47121,Annan varuhus- eller stormarknadshandel,Other retail sale in department stores and the like,4712,,
47122,Övrig detaljhandel med brett sortiment,Other retail sale in non-specialised stores n.e.c.,4712,,
47123,Detaljhandel via internet eller postorder med brett sortiment,Other non-specialised retail sale via internet,4712,,
47210,Detaljhandel med frukt och grönsaker,Retail sale of fruit and vegetables,4721,,
47220,Detaljhandel med kött och charkuterier,Retail sale of meat and meat products,4722,,
47230,"Detaljhandel med fisk, skal- och blötdjur","Retail sale of fish, crustaceans and molluscs",4723,,
47241,Detaljhandel med bröd och konditorivaror,"Retail sale of bread, cakes and flour confectionery in specialised stores",4724,,
47242,Detaljhandel med konfektyrer,Retail sale of sugar confectionery in specialised stores,4724,,
47250,Detaljhandel med drycker,Retail sale of beverages,4725,,
47260,Detaljhandel med tobaksvaror,Retail sale of tobacco products,4726,,
47271,Detaljhandel med hälsokost,Retail sale of health foods in specialised stores,4727,,
47272,Detaljhandel med andra livsmedel utom hälsokost,Other retail sale of food in specialised stores n.e.c. except health foods,4727,,
47300,Detaljhandel med drivmedel,Retail sale of automotive fuel,4730,,
47401,"Detaljhandel med datorer, programvara, data- och tv-spel","Retail sale of computers, peripheral units and software in specialised stores",4740,,
47402,Detaljhandel med telekommunikationsutrustning,Retail sale of telecommunications equipment in specialised stores,4740,,
47403,Detaljhandel med ljud- och bildanläggningar samt videoutrustning,Retail sale of audio and video equipment in specialised stores,4740,,
47404,Detaljhandel via internet eller postorder med informations- och kommunikationsutrustning,Retail sale via internet of information and communication equipment,4740,,
47510,Detaljhandel med textilier,Retail sale of textiles,4751,,
47521,Detaljhandel med virke och byggvaror,Retail sale of wood and other building materials in specialised stores,4752,,
47522,Detaljhandel med järn- och VVS-varor,Retail sale of plumbing and heating equipment in specialised stores,4752,,
47523,"Detaljhandel med färger, fernissor och lacker",Retail sale of paints in specialised stores,4752,,
47531,Detaljhandel med mattor och annan vägg- och golvbeklädnad,"Retail sale of carpets, rugs, wall and floor coverings in specialised stores",4753,,
47532,Detaljhandel med inredningstextilier,Retail sale of home furnishing textiles in specialised stores,4753,,
47533,Detaljhandel via internet eller postorder med mattor och inredningstextilier,"Retail sale via internet of carpets, rugs, wall and floor coverings",4753,,
47541,"Detaljhandel med elektriska hushållsmaskiner och hushållsapparater, utom via internet eller postorder",Retail sale of electrical household appliances in specialised stores,4754,,
47542,Detaljhandel via internet eller postorder med elektriska hushållsmaskiner och hushållsapparater,Retail sale via internet of electrical household appliances,4754,,
47551,Detaljhandel med möbler,Retail sale of furniture,4755,,
47552,"Detaljhandel med belysningsartiklar, bordsartiklar och hushållsartiklar utom möbler","Retail sale of lighting equipment, tableware and other household goods",4755,,
47553,"Detaljhandel via internet eller postorder med möbler, belysningsartiklar, bordsartiklar och hushållsartiklar","Retail sale via internet of furniture, lighting equipment, tableware and other household goods",4755,,
47611,"Detaljhandel med böcker, utom via internet eller postorder",Retail sale of books in specialised stores,4761,,
47612,Detaljhandel via internet eller postorder med böcker,Retail sale via internet of books,4761,,
47621,Detaljhandel med tidningar,Retail sale of newspapers in specialised stores,4762,,
47622,Detaljhandel med kontorsförbrukningsvaror,Retail sale of stationery in specialised stores,4762,,
47631,Detaljhandel med sport- och fritidsartiklar utom cyklar och båtar,Retail sale of sporting equipment except bicycles in specialised stores,4763,,
47632,Detaljhandel med cyklar,Retail sale of bicycles in specialised stores,4763,,
47633,Detaljhandel med båtar,Retail sale of boats and boating accessories in specialised stores,4763,,
47634,Detaljhandel via internet eller postorder med sport- och fritidsartiklar,Retail sale via internet of sporting equipment,4763,,
47641,"Detaljhandel med spel och leksaker, utom via internet eller postorder",Retail sale of games and toys in specialised stores,4764,,
47642,Detaljhandel via internet eller postorder med spel- och leksaker,Retail sale via internet of games and toys,4764,,
47691,Detaljhandel med musikinstrument och noter,Retail sale of musical instruments and music scores in specialised stores,4769,,
47692,Detaljhandel med konst samt galleriverksamhet,Retail sale of art in specialised stores; art gallery activities,4769,,
47693,Detaljhandel med media för musik och bild,Retail sale of music and video recordings in specialised stores,4769,,
47694,Detaljhandel via internet eller postorder med övriga kultur- och fritidsartiklar,Retail sale via internet of cultural and recreational goods n.e.c.,4769,,
47699,Detaljhandel med andra övriga kultur- och fritidsartiklar,Retail sale of cultural and recreational goods in specialised stores n.e.c.,4769,,
47711,"Detaljhandel med kläder, utom via internet eller postorder",Retail sale of clothing in specialised stores,4771,,
47712,Detaljhandel via internet eller postorder med kläder,Retail sale via internet of clothing,4771,,
47721,Detaljhandel med skodon,Retail sale of footwear in specialised stores,4772,,
47722,"Detaljhandel med väskor, reseffekter och lädervaror",Retail sale of leather goods in specialised stores,4772,,
47723,Detaljhandel via internet eller postorder med skodon och lädervaror,Retail sale via internet of footwear and leather goods,4772,,
47731,"Detaljhandel med apoteksvaror, utom via internet eller postorder",Retail sale of pharmaceutical products in specialised stores,4773,,
47732,Detaljhandel via internet eller postorder med apoteksvaror,Retail sale via internet of pharmaceutical products,4773,,
47741,"Detaljhandel med medicinska och ortopediska artiklar, utom glasögon och andra optiska artiklar",Retail sale of medical and orthopaedic goods in specialised stores,4774,,
47742,Detaljhandel med glasögon och andra optiska artiklar utom fotoutrustning,Retail sale of spectacles and other optical goods except photographic equipment in specialised stores,4774,,
47751,"Detaljhandel med kosmetika och hygienartiklar, utom via internet eller postorder",Retail sale of cosmetic and toilet articles in specialised stores,4775,,
47752,Detaljhandel via internet eller postorder med kosmetika och hygienartiklar,Retail sale via internet of cosmetic and toilet articles,4775,,
47761,"Detaljhandel med blommor och andra växter, frön och gödselmedel","Retail sale of flowers, plants, seedsand fertilisers in specialised stores",4776,,
47762,Detaljhandel med små sällskapsdjur,Retail sale of pet animals and pet food in specialised stores,4776,,
47771,"Detaljhandel med ur, guldsmedsvaror och smycken, utom via internet eller postorder",Retail sale of watches and jewellery in specialised stores,4777,,
47772,"Detaljhandel via internet eller postorder med ur, guldsmedsvaror och smycken",Retail sale via internet of watches and jewellery,4777,,
47781,Detaljhandel med andra optiska artiklar utom fotoutrustning,Retail sale of other optical goods except photographic equipment in specialised stores,4778,,
47782,Detaljhandel med fotoutrustning,Retail sale of photographic equipment in specialised stores,4778,,
47789,Övrig specialiserad detaljhandel,Other retail sale in specialised stores n.e.c.,4778,,
47791,Detaljhandel med antikviteter och begagnade böcker,Retail sale of antiques and second-hand books in stores,4779,,
47792,Detaljhandel med övriga begagnade varor,Retail sale of other second-hand goods in stores,4779,,
47811,Detaljhandel med personbilar och lätta motorfordon,Retail sale of cars and light motor vehicles,4781,,
47812,"Detaljhandel med lastbilar, bussar och specialfordon","Retail sale of lorries, buses and specialised motor vehicles",4781,,
47813,"Detaljhandel med husvagnar, husbilar, släpfordon och påhängsvagnar","Retail sale of caravans, motor homes, trailers and semi-trailers",4781,,
47820,Detaljhandel med reservdelar och tillbehör till motorfordon,Retail sale of motor vehicle parts and accessories,4782,,
47830,"Detaljhandel med motorcyklar, reservdelar och tillbehör till motorcyklar","Retail sale of motorcycles, motorcycle parts and accessories",4783,,
47910,Förmedling avseende icke-specialiserad detaljhandel,Intermediation service activities for non-specialised retail sale,4791,,
47920,Förmedling avseende specialiserad detaljhandel,Intermediation service activities for specialised retail sale,4792,,
49110,"Tung järnvägstransport, passagerartrafik",Passenger heavy rail transport,4911,,
49120,"Annan järnvägstransport, passagerartrafik",Other passenger rail transport,4912,,
49200,"Järnvägstransport, godstrafik",Freight rail transport,4920,,
49310,"Reguljär vägtransport, passagerartrafik",Scheduled passenger transport by road,4931,,
49320,"Icke-reguljär vägtransport, passagerartrafik",Non-scheduled passenger transport by road,4932,,
49330,"Passagerartrafik på beställning, fordon med förare",On-demand passenger transport service activities by vehicle with driver,4933,,
49340,"Kabinbanor och skidliftar, passagerartrafik",Passenger transport by cableways and ski lifts,4934,,
49390,Diverse övrig landtransport av passagerare,Other passenger land transport n.e.c.,4939,,
49410,"Vägtransport, godstrafik",Freight transport by road,4941,,
49420,Flyttjänster,Removal services,4942,,
49500,Transport i rörsystem,Transport via pipeline,4950,,
50101,Reguljär sjötrafik över hav och kust av passagerare,Scheduled sea and coastal passenger water transport,5010,,
50102,Icke reguljär sjötrafik över hav och kust av passagerare,Non-scheduled sea and coastal passenger water transport,5010,,
50201,Reguljär sjötrafik över hav och kust av gods,Scheduled sea and coastal freight water transport,5020,,
50202,Icke reguljär sjötrafik över hav och kust av gods,Non-scheduled sea and coastal freight water transport,5020,,
50301,Reguljär sjötrafik på inre vattenvägar av passagerare,Scheduled inland passenger water transport,5030,,
50302,Icke reguljär sjötrafik på inre vattenvägar av passagerare,Non-scheduled inland passenger water transport,5030,,
50401,Reguljär sjötrafik på inre vattenvägar av gods,Scheduled inland freight water transport,5040,,
50402,Icke reguljär sjötrafik på inre vattenvägar av gods,Non-scheduled inland freight water transport,5040,,
51101,Reguljär lufttransport av passagerare,Scheduled passenger air transport,5110,,
51102,Icke reguljär lufttransport av passagerare,Non-scheduled passenger air transport,5110,,
51211,Reguljär lufttransport av gods,Scheduled freight air transport,5121,,
51212,Icke reguljär lufttransport av gods,Non-scheduled freight air transport,5121,,
51220,Rymdfart,Space transport,5122,,
52100,Magasinering och varulagring,Warehousing and storage,5210,,
52211,Bärgning avseende landtransport,Towing incidental to land transportation,5221,,
52219,Övrig stödverksamhet avseende landtransport,Other service activities incidental to land transportation,5221,,
52220,Stödverksamhet avseende sjötransport,Service activities incidental to water transportation,5222,,
52230,Stödverksamhet avseende lufttransport,Service activities incidental to air transportation,5223,,
52241,Hamngodshantering,Harbour cargo handling,5224,,
52249,Övrig godshantering,Other cargo handling,5224,,
52250,Logistikverksamhet,Logistics service activities,5225,,
52260,Annan stödverksamhet avseende transport,Other support activities for transportation,5226,,
52310,Förmedling avseende godstransport,Intermediation service activities for freight transportation,5231,,
52320,Förmedling avseende passagerartransport,Intermediation service activities for passenger transportation,5232,,
53100,Postbefordran via nationella posten,Postal activities under universal service obligation,5310,,
53201,Annan postbefordran och tidningsdistribution,Other postal activities and newspaper distribution,5320,,
53202,Bud- och kurirverksamhet,Courier activities,5320,,
53300,Förmedling avseende postbefordran samt kurirverksamhet,Intermediation service activities for postal and courier activities,5330,,
55101,Hotellverksamhet med restaurangrörelse,Hotels with restaurant except conference centres,5510,,
55102,Drift av konferensanläggningar med boende,Lodging activities of conference centres,5510,,
55103,Hotellverksamhet utan restaurangrörelse,Hotels without restaurant,5510,,
55201,Vandrarhemsverksamhet,Youth hostels,5520,,
55202,Stug- och rumsuthyrning,Other short-stay accommodation,5520,,
55300,Campingplatsverksamhet,Camping grounds and recreational vehicle parks,5530,,
55400,Förmedling avseende hotell- och logiverksamhet,Intermediation service activities for accommodation,5540,,
55900,Annan logiverksamhet,Other accommodation,5590,,
56110,Restaurangverksamhet,Restaurant activities,5611,,
56120,Mobil restaurangverksamhet,Mobile food service activities,5612,,
56210,Cateringverksamhet vid enskilda evenemang,Event catering activities,5621,,
56221,Drift av personalmatsalar,Canteens,5622,,
56222,"Centralköksverksamhet för sjukhus, skolor, omsorgs- och andra institutioner","Catering for hospitals, schools, welfare and other institutions",5622,,
56229,Övrig centralköks- och cateringverksamhet,Other catering,5622,,
56300,Barverksamhet,Beverage serving activities,5630,,
56400,"Förmedling avseende restaurang-, catering- och barverksamhet",Intermediation service activities for food and beverage services activities,5640,,
58110,Utgivning av böcker,Publishing of books,5811,,
58121,Dagstidningsutgivning,Publishing of daily newspapers,5812,,
58122,Annonstidningsutgivning,Publishing of advertising newspapers,5812,,
58130,Utgivning av tidskrifter,Publishing of journals and periodicals,5813,,
58190,"Annan förlagsverksamhet, utom utgivning av programvara","Other publishing activities, except software publishing",5819,,
58210,Utgivning av datorspel,Publishing of video games,5821,,
58290,Utgivning av annan programvara,Other software publishing,5829,,
59110,"Produktion av film, video och tv-program","Motion picture, video and television programme production activities",5911,,
59120,"Efterproduktion av film, video och tv-program","Motion picture, video and television programme post-production activities",5912,,
59130,Film- och videodistribution,Motion picture and video distribution activities,5913,,
59140,Filmvisning,Motion picture projection activities,5914,,
59200,Ljudinspelning och musikutgivning,Sound recording and music publishing activities,5920,,
60100,Radiosändning och distribution av ljudinspelningar,Radio broadcasting and audio distribution activities,6010,,
60200,Planering och sändning av tv-program samt distribution av video,"Television programming, broadcasting and video distribution activities",6020,,
60310,Nyhetsförmedling,News agency activities,6031,,
60390,Annan distribution av medieinnehåll,Other content distribution activities,6039,,
61100,Trådbunden och trådlös telekommunikation samt telekommunikation via satellit,"Wired, wireless, and satellite telecommunication activities",6110,,
61200,Återförsäljning och förmedling avseende telekommunikation,Telecommunication reselling activities and intermediation service activities for telecommunication,6120,,
61900,Annan telekommunikation,Other telecommunication activities,6190,,
62100,Dataprogrammering,Computer programming activities,6210,,
62201,Datakonsultverksamhet,Computer consultancy activities,6220,,
62202,Datordrifttjänster,Computer facilities management activities,6220,,
62900,Annan it- och dataverksamhet,Other information technology and computer service activities,6290,,
63100,"Datainfrastruktur, databehandling, hosting o.d.","Computing infrastructure, data processing, hosting and related activities",6310,,
63910,Webbportaler,Web search portal activities,6391,,
63920,Övrig informationsverksamhet,Other information service activities,6392,,
64110,Centralbanksverksamhet,Central banking,6411,,
64190,Annan monetär finansförmedling,Other monetary intermediation,6419,,
64211,Holdingverksamhet i finansiella koncerner,Activities of financial holding companies,6421,,
64212,Holdingverksamhet i icke-finansiella koncerner,Activities of non-financial holding companies,6421,,
64220,Conduitverksamhet,Activities of financing conduits,6422,,
64310,Penningmarknadsfonder och andra fonder än penningmarknadsfonder,Activities of money market and non-money market investments funds,6431,,
64320,"Stiftelser, dödsbon och brevlådeföretag","Activities of trust, estate and agency accounts",6432,,
64910,Finansiell leasing,Financial leasing,6491,,
64920,Annan kreditgivning,Other credit granting,6492,,
64991,Investmentverksamhet,Activities of investment companies,6499,,
64992,Riskkapitalbolagsverksamhet,Activities of venture capital companies,6499,,
64993,"Handel med och förvaltning av värdepapper, för egen räkning",Trading in securities on own account,6499,,
64994,"Förvaltning av och handel med värdepapper, för en begränsad och sluten krets av ägare",Trading in securities for a limited and closed group of owners,6499,,
64999,Diverse övrig finansförmedling,"Various other financial service activities, except insurance and pension funding n.e.c.",6499,,
65111,Fondanknuten livförsäkring,Unit link insurance,6511,,
65119,Övrig livförsäkring,Other life insurance,6511,,
65120,Skadeförsäkring,Non-life insurance,6512,,
65200,Återförsäkring,Reinsurance,6520,,
65300,Pensionsfondsverksamhet,Pension funding,6530,,
66110,Administration avseende finansiella marknader,Administration of financial markets,6611,,
66120,Verksamhet utförd av värdepappers- och varumäklare,Security and commodity contracts brokerage,6612,,
66190,Annan stödverksamhet avseende finansiella tjänster utom försäkrings- och pensionsfondsverksamhet,"Other activities auxiliary to financial services, except insurance and pension funding",6619,,
66210,Risk- och skadebedömning,Risk and damage evaluation,6621,,
66220,Verksamhet utförd av försäkringsombud och försäkringsmäklare,Activities of insurance agents and brokers,6622,,
66290,Övrig stödverksamhet avseende försäkrings- och pensionsfondsverksamhet,Activities auxiliary to insurance and pension funding n.e.c.,6629,,
66301,Förvaltning av investeringsfonder,Investment fund management activities,6630,,
66309,Annan fondförvaltning,Other fund management activities,6630,,
68110,Handel med egna fastigheter,Buying and selling of own real estate,6811,,
68120,Utformning av byggprojekt,Development of building projects,6812,,
68201,Uthyrning och förvaltning av egna eller arrenderade bostäder,Renting and operating of own or leased dwelllings,6820,,
68202,Uthyrning och förvaltning av egna eller arrenderade industrilokaler,Renting and operating of own or leased industrial premises,6820,,
68203,"Uthyrning och förvaltning av egna eller arrenderade, andra lokaler",Renting and operating of own or leased other premises,6820,,
68204,Förvaltning i bostadsrättsföreningar,Property management of tenant-owners' associations,6820,,
68209,Övrig förvaltning av egna eller arrenderade fastigheter,Other renting and operating of own or leased real estate,6820,,
68310,Förmedling avseende fastighetsverksamhet,Intermediation service activities for real estate activities,6831,,
68320,Annan fastighetsförmedling och fastighetsförvaltning på uppdrag,Other real estate activities on a fee or contract basis,6832,,
69101,Advokatbyråverksamhet,Legal advisory and representation activities of solicitor's firms,6910,,
69102,Juridiska byråers verksamhet m.m.,Other legal advisory activities,6910,,
69201,Redovisning och bokföring; skatterådgivning,Accounting and bookkeeping activities; tax consultancy,6920,,
69202,Revision,Auditing activities,6920,,
70100,Verksamheter som utövas av huvudkontor,Activities of head offices,7010,,
70200,Konsultverksamhet avseende företags organisation,Business and other management consultancy activities,7020,,
71110,Arkitektverksamhet,Architectural activities,7111,,
71121,Teknisk konsultverksamhet inom bygg- och anläggningsteknik,Construction and civil engineering activities and related technical consultancy,7112,,
71122,Teknisk konsultverksamhet inom industriteknik,Industrial engineering activities and related technical consultancy,7112,,
71123,Teknisk konsultverksamhet inom elteknik,Electric engineering activities and related technical consultancy,7112,,
71124,"Teknisk konsultverksamhet inom energi-, miljö- och VVS-teknik","Engineering activities and related technical consultancy in energy, environment, plumbing, heat and air-conditioning",7112,,
71129,Övrig teknisk konsultverksamhet,Other engineering activities and related technical consultancy,7112,,
71200,Teknisk provning och analys,Technical testing and analysis,7120,,
72101,Bioteknisk forskning och utveckling,Research and experimental development on biotechnology,7210,,
72109,Annan naturvetenskaplig och teknisk forskning och utveckling,Other research and experimental development on natural sciences and engineering,7210,,
72200,Samhällsvetenskaplig och humanistisk forskning och utveckling,Research and experimental development on social sciences and humanities,7220,,
73111,Reklambyråverksamhet,Advertising agency activities,7311,,
73112,Direktreklamverksamhet,Delivery of advertising material,7311,,
73119,Övrig reklamverksamhet,Other advertising activities,7311,,
73120,Mediebyråverksamhet och annonsförsäljning,Media representation,7312,,
73200,Marknads- och opinionsundersökning,Market research and public opinion polling,7320,,
73300,PR och kommunikation,Public relations and communication activities,7330,,
74110,Industridesign och modedesign,Industrial product and fashion design activities,7411,,
74120,Grafisk design och visuell kommunikation,Graphic design and visual communication activities,7412,,
74130,Inredningsdesign,Interior design activities,7413,,
74140,Annan specialiserad designverksamhet,Other specialised design activities,7414,,
74200,Fotoverksamhet,Photographic activities,7420,,
74300,Översättning och tolkning,Translation and interpretation activities,7430,,
74910,Patentförmedling samt marknadsföring av patent,Patent brokering and marketing service activities,7491,,
74990,"All övrig verksamhet inom juridik, ekonomi, vetenskap och teknik","All other professional, scientific and technical activities n.e.c.",7499,,
75000,Veterinärverksamhet,Veterinary activities,7500,,
77110,Uthyrning och leasing av personbilar och lätta motorfordon,Rental and leasing of cars and light motor vehicles,7711,,
77120,Uthyrning och leasing av lastbilar och andra tunga motorfordon,Rental and leasing of trucks,7712,,
77210,Uthyrning och leasing av fritids- och sportutrustning,Rental and leasing of recreational and sports goods,7721,,
77220,Uthyrning och leasing av andra hushållsartiklar och varor för personligt bruk,Rental and leasing of other personal and household goods,7722,,
77310,Uthyrning och leasing av jordbruksmaskiner och jordbruksredskap,Rental and leasing of agricultural machinery and equipment,7731,,
77320,Uthyrning och leasing av bygg- och anläggningsmaskiner,Rental and leasing of construction and civil engineering machinery and equipment,7732,,
77330,"Uthyrning och leasing av kontorsmaskiner, kontorsutrustning och datorer","Rental and leasing of office machinery, equipment and computers",7733,,
77340,Uthyrning och leasing av fartyg och båtar,Rental and leasing of water transport equipment,7734,,
77350,Uthyrning och leasing av flygplan,Rental and leasing of air transport equipment,7735,,
77390,Uthyrning och leasing av diverse övrig utrustning samt diverse övriga maskiner och materiella tillgångar,"Rental and leasing of other machinery, equipment and tangible goods n.e.c.",7739,,
77400,"Leasing av immateriell egendom och liknande produkter, med undantag för upphovsrättsskyddade verk","Leasing of intellectual property and similar products, except copyrighted works",7740,,
77510,"Förmedling avseende uthyrning och leasing av personbilar, husbilar och släpfordon","Intermediation service activities for rental and leasing of cars, motorhomes and trailers",7751,,
77520,Förmedling avseende uthyrning och leasing av andra materiella tillgångar och icke-finansiella immateriella tillgångar,Intermediation service activities for rental and leasing of other tangible goods and non-financial intangible assets,7752,,
78100,Arbetsförmedling och rekrytering,Activities of employment placement agencies,7810,,
78201,Personaluthyrning,Temporary employment agency activities,7820,,
78202,Övrigt tillhandahållande av personalfunktioner,Other human resources provision,7820,,
79110,Resebyråverksamhet,Travel agency activities,7911,,
79120,Researrangemang,Tour operator activities,7912,,
79900,Turist- och bokningsverksamhet,Other reservation service and related activities,7990,,
80010,Bevakningsverksamhet och privat säkerhetsverksamhet,Investigation and private security activities,8001,,
80090,Övrig säkerhetsverksamhet,Security activities n.e.c.,8009,,
81100,Fastighetsrelaterad stödverksamhet,Combined facilities support activities,8110,,
81210,Lokalvård,General cleaning of buildings,8121,,
81221,Rengöring av byggnader,Other building cleaning activities,8122,,
81222,Skorstensfejarverksamhet,Chimney cleaning,8122,,
81230,Annan rengöring,Other cleaning activities,8123,,
81300,Skötsel och underhåll av grönytor,Landscape service activities,8130,,
82100,Kontorstjänster,Office administrative and support activities,8210,,
82200,Callcenterverksamhet,Activities of call centres,8220,,
82300,Arrangemang av kongresser och mässor,Organisation of conventions and trade shows,8230,,
82400,Förmedling avseende övrig stödverksamhet till företag,Intermediation service activities for business support service activities n.e.c.,8240,,
82910,Inkassoföretags och kreditupplysningsföretags verksamhet,Activities of collection agencies and credit bureaus,8291,,
82920,Förpackningsverksamhet,Packaging activities,8292,,
82990,Diverse övrig stödverksamhet till företag,Other business support service activities n.e.c.,8299,,
84110,Övergripande offentlig förvaltning,General public administration activities,8411,,
84121,Offentlig förvaltning av grundskole- och gymnasieskoleutbildning,Administration of primary and secondary education,8412,,
84122,Offentlig förvaltning av universitets- och högskoleutbildning samt forskning,Administration of higher education and research,8412,,
84123,Offentlig förvaltning av hälso- och sjukvård,Administration of health care,8412,,
84124,Offentlig förvaltning av omsorg och socialtjänst,Administration of social welfare,8412,,
84125,"Offentlig förvaltning av program för kultur, miljö, boende m.m.","Administration of culture, environment, housing etc. programmes",8412,,
84130,Offentlig förvaltning av näringslivsprogram,Regulation of and contribution to more efficient operation of businesses,8413,,
84210,Utrikesförvaltning,Foreign affairs,8421,,
84221,Militärt försvar; gemensam verksamhet för totalförsvaret,Military defence activities; defence support activities,8422,,
84222,Civilt försvar och frivilligförsvar,Civil defence activities,8422,,
84231,Åklagar- och domstolsverksamhet,Public prosecutor activities; law court activities,8423,,
84232,Kriminalvård,Detention and rehabilitation of criminals,8423,,
84240,Polisverksamhet,Public order and safety activities,8424,,
84250,Brand- och räddningsverksamhet,Fire service activities,8425,,
84300,Obligatorisk socialförsäkring,Compulsory social security activities,8430,,
85100,Förskoleutbildning,Pre-primary education,8510,,
85201,Grundskoleutbildning och förskoleklass,Compulsory comprehensive school education and pre-school class,8520,,
85202,Utbildning inom anpassad grundskola,Special school primary education,8520,,
85311,Studieförberedande gymnasial utbildning utom kommunal vuxenutbildning,General secondary education except municipal adult education,8531,,
85312,Kommunal vuxenutbildning o.d.,Municipal adult education,8531,,
85321,Gymnasial yrkesutbildning,Technical and vocational secondary education,8532,,
85322,Utbildning inom anpassad gymnasieskola,Special school secondary education,8532,,
85323,Annan gymnasial utbildning,Other secondary education,8532,,
85324,Yrkesförarutbildning m.m.,School activities for occupational drivers,8532,,
85330,Eftergymnasial utbildning vid annat än universitet eller högskola,Post-secondary non-tertiary education,8533,,
85400,Universitets- eller högskoleutbildning,Tertiary education,8540,,
85510,Sport- och fritidsutbildning,Sports and recreation education,8551,,
85521,Kommunala kulturskolans utbildning,Activities of municipal culture schools,8552,,
85522,"Övrig musik-, dans- och kulturell utbildning",Other cultural education,8552,,
85530,Trafikskoleverksamhet,Driving school activities,8553,,
85591,Arbetsmarknadsutbildning,Labour market training,8559,,
85592,Folkhögskoleutbildning,Folk high school education,8559,,
85593,Studieförbundens och frivilligorganisationernas utbildning,Activities of adult education associations,8559,,
85594,Personalutbildning,Staff training,8559,,
85599,Annan övrig utbildning,Various other education n.e.c.,8559,,
85610,Förmedling avseende kurser och övrig undervisning,Intermediation service activities for courses and tutors,8561,,
85690,Övrig stödverksamhet för utbildningsväsendet,Educational support activities n.e.c.,8569,,
86101,Sluten primärvård,Hospital primary health activities,8610,,
86102,Specialiserad sluten somatisk hälso- och sjukvård på sjukhus,Specialised hospital somatic activities,8610,,
86103,Specialiserad sluten psykiatrisk hälso- och sjukvård på sjukhus,Specialised hospital psychiatric activities,8610,,
86211,Primärvårdsmottagningar med läkare m.m.,General primary medical practice activities,8621,,
86212,"Annan allmän öppen hälso- och sjukvård, ej primärvård",Other general medical practice activities,8621,,
86221,"Specialistläkarverksamhet inom öppenvård, på sjukhus","Specialist medical practice activities, at hospitals",8622,,
86222,"Specialistläkarverksamhet inom öppenvård, ej på sjukhus","Specialist medical practice activities, not at hospitals",8622,,
86230,Tandläkarverksamhet,Dental practice care activities,8623,,
86910,Medicinsk laboratorieverksamhet och bilddiagnostik,Diagnostic imaging services and medical laboratory activities,8691,,
86920,Ambulanstransporter och ambulanssjukvård,Patient transportation by ambulance,8692,,
86930,"Psykologi- och psykoterapiverksamhet, utom läkare","Activities of psychologists and psychotherapists, except medical doctors",8693,,
86940,Sjuksköterske- och barnmorskeverksamhet,Nursing and midwifery activities,8694,,
86950,Fysioterapeutisk verksamhet,Physiotherapy activities,8695,,
86960,"Traditionell, komplementär och alternativ medicin","Traditional, complementary and alternative medicine activities",8696,,
86970,"Förmedling avseende sjukvård, tandvård och annan hälso- och sjukvård","Intermediation service activities for medical, dental and other human health services",8697,,
86991,Tandhygienistverksamhet,Activities of dental hygienists,8699,,
86999,Annan övrig hälso- och sjukvård,Various other human health activities n.e.c.,8699,,
87100,Boende med sjuksköterskevård,Residential nursing care activities,8710,,
87201,Boende med särskild service för personer med psykisk funktionsnedsättning,Care in special forms of accommodation for persons with mental disabilities,8720,,
87202,Boende med särskild service för barn och ungdomar med missbruksproblem,Care in special forms of accommodation for children and young people with substance abuse problems,8720,,
87203,Boende med särskild service för vuxna med missbruksproblem,Care in special forms of accommodation for adults with substance abuse problems,8720,,
87301,Vård och omsorg i särskilda boendeformer för äldre personer,Care in special forms of accommodation for the elderly,8730,,
87302,Vård och omsorg i särskilda boendeformer för personer med fysisk funktionsnedsättning,Care in special forms of accommodation for persons with physical disabilities,8730,,
87910,Förmedling avseende vård och omsorg med boende,Intermediation service activities for residential care activities,8791,,
87991,Heldygnsvård med boende för barn och ungdomar med sociala problem,Twenty-four hours care with accommodation for children and young people with social problems,8799,,
87992,Omsorg och sociala insatser i övriga boendeformer för vuxna,Care with accommodation for adults n.e.c.,8799,,
88101,Öppna sociala insatser för äldre personer,Social work activities without accommodation for the elderly,8810,,
88102,Öppna sociala insatser för personer med funktionsnedsättning,Social work activities without accommodation for persons with disabilities,8810,,
88910,Dagbarnvård,Child day-care activities,8891,,
88991,Öppna sociala insatser för barn och ungdomar med sociala problem,Social work activities for children and young people with social problems,8899,,
88992,Öppna sociala insatser för vuxna med missbruksproblem,Day-care activities for adults with substance abuse problems,8899,,
88993,Övriga öppna sociala insatser för vuxna,Social work activities without accommodation for adults n.e.c.,8899,,
88994,Humanitära insatser,Humanitarian relief activities,8899,,
88995,Drift av flyktingförläggning,Operation of refugee camps,8899,,
90110,Litterärt skapande och musikkomposition,Literary creation and musical composition activities,9011,,
90120,Bildkonst,Visual arts creation activities,9012,,
90130,Annat konstnärligt skapande,Other arts creation activities,9013,,
90200,Scenkonst,Activities of performing arts,9020,,
90310,"Drift av teatrar, konserthus o.d.",Operation of arts facilities and sites,9031,,
90390,Annan stödverksamhet avseende konstnärligt skapande och scenkonst,Other support activities to arts and performing arts,9039,,
91110,Biblioteksverksamhet,Library activities,9111,,
91120,Arkivverksamhet,Archive activities,9112,,
91210,Museiverksamhet och museisamlingar,Museum and collection activities,9121,,
91220,Vård av historiska minnesmärken och monument,Historical site and monument activities,9122,,
91300,"Bevarande, restaurering och annan stödverksamhet avseende kulturarv","Conservation, restoration and other support activities for cultural heritage",9130,,
91410,Drift av botaniska trädgårdar och djurparker,Botanical and zoological garden activities,9141,,
91420,Drift av naturreservat,Nature reserve activities,9142,,
92000,Spel- och vadhållningsverksamhet,Gambling and betting activities,9200,,
93111,Drift av skidsportanläggningar,Operation of ski facilities,9311,,
93112,Drift av golfbanor,Operation of golf courses,9311,,
93113,Drift av motorbanor,Operation of motor racing tracks,9311,,
93114,Drift av trav- och galoppbanor,Operation of horse race tracks,9311,,
93119,"Drift av sporthallar, idrottsplatser och andra sportanläggningar","Operation of arenas, stadiums and other sports facilities",9311,,
93120,Sportklubbars och idrottsföreningars verksamhet,Activities of sports clubs,9312,,
93130,Drift av gymanläggningar,Activities of fitness centres,9313,,
93191,Tävling med hästar,Horse racing activities,9319,,
93199,Annan sportverksamhet,Other sports activities n.e.c.,9319,,
93210,Nöjes- och temaparksverksamhet,Activities of amusement parks and theme parks,9321,,
93290,Övrig fritids- och nöjesverksamhet,Amusement and recreation activities n.e.c.,9329,,
94111,Intressebevakning inom branschorganisationer,Activities of business membership organisations,9411,,
94112,Intressebevakning inom arbetsgivarorganisationer,Activities of employers membership organisations,9411,,
94120,Intressebevakning inom yrkesorganisationer,Activities of professional membership organisations,9412,,
94200,Intressebevakning inom arbetstagarorganisationer,Activities of trade unions,9420,,
94910,Verksamhet i religiösa samfund,Activities of religious organisations,9491,,
94920,Verksamhet i politiska organisationer,Activities of political organisations,9492,,
94990,Verksamhet i diverse övriga intresseorganisationer,Activities of other membership organisations n.e.c.,9499,,
95101,Reparation av datorer och kringutrustning,Repair of computers and peripheral equipment,9510,,
95102,Reparation av kommunikationsutrustning,Repair of communication equipment,9510,,
95210,Reparation och underhåll av hemelektronik,Repair and maintenance of consumer electronics,9521,,
95220,Reparation och underhåll av hushållsapparater samt av utrustning för hem och trädgård,Repair and maintenance of household appliances and home and garden equipment,9522,,
95230,Reparation och underhåll av skodon och lädervaror,Repair and maintenance of footwear and leather goods,9523,,
95240,Reparation och underhåll av möbler och heminredning,Repair and maintenance of furniture and home furnishings,9524,,
95250,Reparation och underhåll av ur och guldsmedsvaror,"Repair and maintenance of watches, clocks and jewellery",9525,,
95290,Reparation och underhåll av övriga hushållsartiklar och varor för personligt bruk,Repair and maintenance of personal and household goods n.e.c.,9529,,
95311,Allmän service och reparation av motorfordon utom motorcyklar,Non-specialised maintenance and repair of motor vehicles,9531,,
95312,"Plåt-, lack- och glasreparationer på motorfordon utom motorcyklar",Bodywork repair and painting of motor vehicles,9531,,
95313,Däckservice,Tyre service,9531,,
95320,Reparation och underhåll av motorcyklar,Repair and maintenance of motorcycles,9532,,
95400,"Förmedling avseende reparation och underhåll av datorer, hushållsartiklar och varor för personligt bruk samt motorfordon och motorcyklar","Intermediation service activities for repair and maintenance of computers, personal and household goods, and motor vehicles and motorcycles",9540,,
96101,Industri- och institutionstvätt,Washing and (dry-)cleaning for businesses and institutions,9610,,
96102,Konsumenttvätt,Washing and (dry-)cleaning for households,9610,,
96210,Frisörer och barberare,Hairdressing and barber activities,9621,,
96220,Skönhetsvård och andra skönhetsbehandlingar,Beauty care and other beauty treatment activities,9622,,
96230,"Dagspa, bastu och ångbastu","Day spa, sauna and steam bath activities",9623,,
96300,Begravningsverksamhet,Funeral and related activities,9630,,
96400,Förmedling avseende konsumenttjänster,Intermediation service activities for personal services,9640,,
96910,Tillhandahållande av konsumenttjänster i hemmet,Provision of domestic personal service activities,9691,,
96990,Diverse övriga konsumenttjänster,Other personal service activities n.e.c.,9699,,
97000,Förvärvsarbete i hushåll,Activities of households as employers of domestic personnel,9700,,
98100,Hushållens produktion av diverse varor för eget bruk,Undifferentiated goods-producing activities of private households for own use,9810,,
98200,Hushållens produktion av diverse tjänster för eget bruk,Undifferentiated service-producing activities of private households for own use,9820,,
99000,"Verksamhet vid internationella organisationer, utländska ambassader o.d.",Activities of extraterritorial organisations and bodies,9900,,
