code,label,label_en,parent_code,valid_from,valid_to
-,Ospecificerad,Unspecified,,,2013-08-13
A,Matsmältningsorgan och ämnesomsättning,Alimentary tract and metabolism,,,
A01,Medel vid mun- och tandsjukdomar,Stomatological preparations,,,
A01A,Medel vid mun- och tandsjukdomar,Stomatological preparations,,,
A01AA,Medel mot karies,Caries prophylactic agents,,,
A01AA01,Natriumfluorid,Sodium fluoride,,,
A01AA02,Natriummonofluorofosfat,Sodium monofluorophosphate,,,
A01AA03,Olaflur,Olaflur,,,
A01AA04,Tennfluorid,Stannous fluoride,,,
A01AA30,Kombinationer,Combinations,,,
A01AA51,"Natriumfluorid, kombinationer","Sodium fluoride, combinations",,,
A01AB,Antiinfektiva och antiseptiska medel för lokal behandling i munhålan,Antiinfectives and antiseptics for local oral treatment,,,
A01AB02,Väteperoxid,Hydrogen peroxide,,,
A01AB03,Klorhexidin,Chlorhexidine,,,
A01AB04,Amfotericin B,Amphotericin B,,,
A01AB05,Polynoxylin,Polynoxylin,,,
A01AB06,Domifen,Domiphen,,,
A01AB07,Hydroxikinolin,Oxyquinoline,,,
A01AB08,Neomycin,Neomycin,,,
A01AB09,Mikonazol,Miconazole,,,
A01AB10,Natamycin,Natamycin,,,
A01AB11,Övrigt,Various,,,
A01AB12,Hexetidin,Hexetidine,,,
A01AB13,Tetracyklin,Tetracycline,,,
A01AB14,Bensoxoniumklorid,Benzoxonium chloride,,,
A01AB15,Tibezoniumjodid,Tibezonium iodide,,,
A01AB16,Mepartricin,Mepartricin,,,
A01AB17,Metronidazol,Metronidazole,,,
A01AB18,Klotrimazol,Clotrimazole,,,
A01AB19,Natriumperborat,Sodium perborate,,,
A01AB21,Klortetracyklin,Chlortetracycline,,,
A01AB22,Doxycyklin,Doxycycline,,,
A01AB23,Minocyklin,Minocycline,,,
A01AB24,Oktenidin,Octenidine,,,
A01AB25,Oxitetracyklin,Oxytetracycline,,,
A01AB53,Klorhexidin och cetylpyridinium,Chlorhexidine and cetylpyridinium,,,
A01AC,Kortikosteroider för lokal behandling i munhålan,Corticosteroids for local oral treatment,,,
A01AC01,Triamcinolon,Triamcinolone,,,
A01AC02,Dexametason,Dexamethasone,,,
A01AC03,Hydrokortison,Hydrocortisone,,,
A01AC04,Prednisolon,Prednisolone,,,
A01AC54,"Prednisolon, kombinationer","Prednisolone, combinations",,,
A01AD,Övriga medel för lokal behandling i munhålan,Other agents for local oral treatment,,,
A01AD01,Adrenalin,Adrenaline,,,
A01AD02,Bensydamin,Benzydamine,,,
A01AD05,Acetylsalicylsyra,Acetylsalicylic acid,,,
A01AD06,Adrenon,Adrenalone,,,
A01AD07,Amlexanox,Amlexanox,,,
A01AD08,Bekaplermin,Becaplermin,,,
A01AD11,Övrigt,Various,,,
A02,Medel vid syrarelaterade symtom,Drugs for acid related disorders,,,
A02A,Antacida,Antacids,,,
A02AA,Magnesiumföreningar,Magnesium compounds,,,
A02AA01,Magnesiumkarbonat,Magnesium carbonate,,,
A02AA02,Magnesiumoxid,Magnesium oxide,,,
A02AA03,Magnesiumperoxid,Magnesium peroxide,,,
A02AA04,Magnesiumhydroxid,Magnesium hydroxide,,,
A02AA05,Magnesiumsilikat,Magnesium silicate,,,
A02AA10,Kombinationer,Combinations,,,
A02AB,Aluminiumföreningar,Aluminium compounds,,,
A02AB01,Aluminiumhydroxid,Aluminium hydroxide,,,
A02AB02,Algeldrat,Algeldrate,,,
A02AB03,Aluminiumfosfat,Aluminium phosphate,,,
A02AB04,Dihydroxialuminiumnatriumkarbonat,Dihydroxialumini sodium carbonate,,,
A02AB05,Aluminiumacetoacetat,Aluminium acetoacetate,,,
A02AB06,Aloglutamol,Aloglutamol,,,
A02AB07,Aluminium glycinat,Aluminium glycinate,,,
A02AB10,Kombinationer,Combinations,,,
A02AC,Kalciumföreningar,Calcium compounds,,,
A02AC01,Kalciumkarbonat,Calcium carbonate,,,
A02AC02,Kalciumsilikat,Calcium silicate,,,
A02AC10,Kombinationer,Combinations,,,
A02AD,"Kombinationer och komplex av aluminium-, kalcium- och magnesiumföreningar","Combinations and complexes of aluminium, calcium and magnesium compounds",,,
A02AD01,"Aluminium-, kalcium- och magnesiumsalter",Ordinary salt combinations,,,
A02AD02,Magaldrat,Magaldrate,,,
A02AD03,Almagat,Almagate,,,
A02AD04,Hydrotalcit,Hydrotalcite,,,
A02AD05,Almasilat,ALMASILATE,,,
A02AF,Antacida och medel mot meteorism,Antacids with antiflatulents,,,
A02AF01,Magaldrat och medel mot meteorism,Magaldrate and antiflatulents,,,
A02AF02,"Aluminium-, kalcium- och magnesiumsalter samt medel mot meteorism",Ordinary salt combinations and antiflatulents,,,
A02AG,Antacida och spasmolytika,Antacids with antispasmodics,,,
A02AH,Antacida med natriumvätekarbonat,Antacids with sodium bicarbonate,,,
A02AX,"Antacida, övriga kombinationer","Antacids, other combinations",,,
A02B,Medel vid magsår och gastroesofageal refluxsjukdom,Drugs for peptic ulcer and gastro-oesophageal reflux disease (GORD),,,
A02BA,Histamin-2-receptorantagonister,H2-receptor antagonists,,,
A02BA01,Cimetidin,Cimetidine,,,
A02BA02,Ranitidin,Ranitidine,,,
A02BA03,Famotidin,Famotidine,,,
A02BA04,Nizatidin,Nizatidine,,,
A02BA05,Niperotidin,Niperotidine,,,
A02BA06,Roxatidin,Roxatidine,,,
A02BA07,Ranitidinvismutcitrat,Ranitidine bismuth citrate,,,
A02BA08,Lafutidin,Lafutidine,,,
A02BA51,"Cimetidin, kombinationer","Cimetidine, combinations",,,
A02BA53,"Famotidin, kombinationer","Famotidine, combinations",,,
A02BB,Prostaglandiner,Prostaglandins,,,
A02BB01,Misoprostol,Misoprostol,,,
A02BB02,Enprostil,Enprostil,,,
A02BC,Protonpumpshämmare,Proton pump inhibitors,,,
A02BC01,Omeprazol,Omeprazole,,,
A02BC02,Pantoprazol,Pantoprazole,,,
A02BC03,Lansoprazol,Lansoprazole,,,
A02BC04,Rabeprazol,Rabeprazole,,,
A02BC05,Esomeprazol,Esomeprazole,,,
A02BC06,Dexlansoprazol,Dexlansoprazole,,,
A02BC07,Dexrabeprazol,Dexrabeprazole,,,
A02BC08,Vonoprazan,Vonoprazan,,,
A02BC09,Tegoprazan,Tegoprazan,,,
A02BC10,Fexuprazan,Fexuprazan,,,
A02BC11,Ilaprazol,Ilaprazole,,,
A02BC12,Zastaprazan,Zastaprazan,,,
A02BC51,"Omeprazol, kombinationer","Omeprazole, combinations",,,
A02BC53,"Lansoprazol, kombinationer","Lansoprazole, combinations",,,
A02BC54,"Rabeprazol, kombinationer","Rabeprazole, combinations",,,
A02BD,Kombinationer för eradikering av Helicobacter pylori,Combinations for eradication of Helicobacter pylori,,,
A02BD01,"Omeprazol, amoxicillin och metronidazol","Omeprazole, amoxicillin and metronidazole",,,
A02BD02,"Lansoprazol, tetracyklin och metronidazol","Lansoprazole, tetracycline and metronidazole",,,
A02BD03,"Lansoprazol, amoxicillin och metronidazol","Lansoprazole, amoxicillin and metronidazole",,,
A02BD04,"Pantoprazol, amoxicillin och klaritromycin","Pantoprazole, amoxicillin and clarithromycin",,,
A02BD05,"Omeprazol, amoxicillin och klaritromycin","Omeprazole, amoxicillin and clarithromycin",,,
A02BD06,"Esomeprazol, amoxicillin och klaritromycin","Esomeprazole, amoxicillin and clarithromycin",,,
A02BD07,"Lansoprazol, amoxicillin och klaritromycin","Lansoprazole, amoxicillin and clarithromycin",,,
A02BD08,"Vismutsubcitrat, tetracyklin och metronidazol","Bismuth subcitrate, tetracycline and metronidazole",,,
A02BD09,"Lansoprazol, klaritromycin och tinidazol","Lansoprazole, clarithromycin and tinidazole",,,
A02BD10,"Lansoprazol, amoxicillin och levofloxacin","Lansoprazole, amoxicillin and levofloxacin",,,
A02BD11,"Pantoprazol, amoxicillin, klaritromycin och metronidazol","Pantoprazole, amoxicillin, clarithromycin and metronidazole",,,
A02BD12,"Rabeprazol, amoxicillin och klaritromycin","Rabeprazole, amoxicillin and clarithromycin",,,
A02BD13,"Rabeprazol, amoxicillin och metronidazol","Rabeprazole, amoxicillin and metronidazol",,,
A02BD14,"Vonoprazan, amoxicillin och klaritromycin","Vonoprazan, amoxicillin and clarithromycin",,,
A02BD15,"Vonoprazan, amoxicillin och metronidazol","Vonoprazan, amoxicillin and metronidazole",,,
A02BD16,"Omeprazol, amoxicillin och rifabutin","Omeprazole, amoxicillin and rifabutin",,,
A02BD17,Vonoprazan och amoxicillin,Vonoprazan and amoxicillin,,,
A02BX,Övriga medel vid magsår och gastroesofageal refluxsjukdom,Other drugs for peptic ulcer and gastro-oesophageal reflux disease (GORD),,,
A02BX01,Karbenoxolon,Carbenoxolone,,,
A02BX02,Sukralfat,Sucralfate,,,
A02BX03,Pirenzepin,Pirenzepine,,,
A02BX04,Metiosulfonklorid,Methiosulfonium chloride,,,
A02BX05,Vismutsubcitrat,Bismuth subcitrate,,,
A02BX06,Proglumid,Proglumide,,,
A02BX07,Gefarnat,Gefarnate,,,
A02BX08,Sulglikotid,Sulglicotide,,,
A02BX09,Acetoxolon,Acetoxolone,,,
A02BX10,Zolimidin,Zolimidine,,,
A02BX11,Troxipid,Troxipide,,,
A02BX12,Vismutsubnitrat,Bismuth subnitrate,,,
A02BX13,Alginsyra,Alginic acid,,,
A02BX14,Rebamipid,Rebamipide,,,
A02BX15,Teprenon,Teprenone,,,
A02BX16,Irsogladin,Irsogladine,,,
A02BX51,"Karbenoxolon, kombinationer exkl. psykoleptika","Carbenoxolone, combinations excl. psycholeptics",,,
A02BX71,"Karbenoxolon, kombination med psykoleptika","Carbenoxolone, combinations with psycholeptics",,,
A02BX77,"Gefarnat, kombination med lugnande medel","Gefarnate, combinations with psycholeptics",,,
A02D,Medel mot meteorism,Antiflatulents,,,2012-12-13
A02DA,Medel mot meteorism,Antiflatulents,,,2012-12-13
A02DA01,Silikoner,Silicones,,,2001-12-31
A02E,Medel vid gastroesofageal reflux,Antiregurgitants,,,2012-12-13
A02EA,Medel vid gastroesofageal reflux,Antiregurgitants,,,2012-12-13
A02EA01,Alginsyra,Alginic acid,,,2001-12-31
A02X,Övriga medel vid syrarelaterade sjukdomar,Other drugs for acid related disorders,,,
A03,Medel vid funktionella mag-tarmsymtom,Drugs for functional gastrointestinal disorders,,,
A03A,Medel vid funktionella mag-tarmsymtom,Drugs for functional gastrointestinal disorders,,,
A03AA,"Syntetiska antikolinergika, estrar med tertiär aminogrupp","Synthetic anticholinergics, esters with tertiary amino group",,,
A03AA01,Oxifencyklimin,Oxyphencyclimine,,,
A03AA03,Kamylofin,Camylofin,,,
A03AA04,Mebeverin,Mebeverine,,,
A03AA05,Trimebutin,Trimebutine,,,
A03AA06,Rociverin,Rociverine,,,
A03AA07,Dicycloverin,Dicycloverine,,,
A03AA08,Dihexiverin,Dihexyverine,,,
A03AA09,Difemerin,Difemerine,,,
A03AA30,Piperidolat,Piperidolate,,,
A03AB,"Syntetiska antikolinergika, kvartära ammoniumföreningar","Synthetic anticholinergics, quaternary ammonium compounds",,,
A03AB01,Bensilon,Benzilone,,,
A03AB02,Glykopyrroniumbromid,Glycopyrronium bromide,,,
A03AB03,Oxyfenon,Oxyphenonium,,,
A03AB04,Pentienat,Penthienate,,,
A03AB05,Propantelin,Propantheline,,,
A03AB06,Otiloniumbromid,otilonium bromide,,,
A03AB07,Metantelin,Methantheline,,,
A03AB08,Tridihexetyl,Tridihexethyl,,,
A03AB09,Isopropon,Isopropamide,,,
A03AB10,Hexocyklium,Hexocyclium,,,
A03AB11,Poldin,Poldine,,,
A03AB12,Mepensolat,Mepenzolate,,,
A03AB13,Bevonium,Bevonium,,,
A03AB14,Pipenzolat,Pipenzolate,,,
A03AB15,Difemanil,Diphemanil,,,
A03AB16,(2-Benshydryloxietyl) dietylmetylammoniumjodid,(2-benzhydryloxyethyl)diethyl-methylammonium iodide,,,
A03AB17,Tiemoniumjodid,Tiemonium iodide,,,
A03AB18,Prifiniumbromid,Prifinium bromide,,,
A03AB19,Timepidiumbromid,Timepidium bromide,,,
A03AB20,Trospium,Trospium,,,2003-12-31
A03AB21,Fenpiverinium,Fenpiverinium,,,
A03AB53,"Oxifenon, kombinationer","Oxyphenonium, combinations",,,
A03AC,"Syntetiska spasmolytika, amider med tertiär aminogrupp","Synthetic antispasmodics, amides with tertiary amines",,,
A03AC02,Dimetylaminopropionylfenotiazin,Dimethylaminopropionylphenothiazine,,,
A03AC04,Nikofetamid,Nicofetamide,,,
A03AC05,Tiropramid,Tiropramide,,,
A03AD,Papaverin och derivat,Papaverine and derivatives,,,
A03AD01,Papaverin,Papaverine,,,
A03AD02,Drotaverin,Drotaverine,,,
A03AD30,Moxaverin,Moxaverine,,,
A03AE,Serotoninreceptorantagonister,Serotonin receptor antagonists,,,
A03AE01,Alosetron,Alosetron,,,
A03AE02,Tegaserod,Tegaserod,,,2012-12-31
A03AE03,Cilansetron,Cilansetron,,,
A03AE04,Prukaloprid,Prucalopride,,,2012-12-31
A03AX,Övriga medel vid funktionella mag-tarmsymtom,Other drugs for functional gastrointestinal disorders,,,
A03AX01,Fenpipran,Fenpiprane,,,
A03AX02,Diisopromin,Diisopromine,,,
A03AX03,Klorbensoxamin,Chlorbenzoxamine,,,
A03AX04,Pinaverin,Pinaverium,,,
A03AX05,Fenoverin,Fenoverine,,,
A03AX06,Idanpramin,Idanpramine,,,
A03AX07,Proxazol,Proxazole,,,
A03AX08,Alverin,Alverine,,,
A03AX09,Trepibuton,Trepibutone,,,
A03AX10,Isomethepten,Isometheptene,,,
A03AX11,Karoverin,Caroverine,,,
A03AX12,Floroglucinol,Phloroglucinol,,,
A03AX13,Silikoner,Silicones,,,
A03AX14,Valetamat,Valethamate,,,
A03AX15,Pepparmyntolja,Menthae piperitae aetheroleum,,,
A03AX30,Trimetyldifenylpropylamin,Trimethyldiphenylpropylamine,,,
A03AX58,"Alverin, kombinationer","Alverine, combinations",,,
A03B,Belladonnaalkaloider och derivat,"Belladonna and derivatives, plain",,,
A03BA,Belladonnaalkaloider med tertiär aminogrupp,"Belladonna alkaloids, tertiary amines",,,
A03BA01,Atropin,Atropine,,,
A03BA03,Hyoscyamin,Hyoscyamine,,,
A03BA04,Belladonnaalkaloider,Belladonna total alkaloids,,,
A03BB,"Semisyntetiska belladonnalkaloider, kvartära ammoniumföreningar","Belladonna alkaloids, semisynthetic, quaternary ammonium compounds",,,
A03BB01,Butylskopolamin,Butylscopolamine,,,
A03BB02,Metylatropin,Methylatropine,,,
A03BB03,Metylskopolamin,Methylscopolamine,,,
A03BB04,Fentonin,FENTONIUM,,,
A03BB05,Cimetropiumbromid,Cimetropium bromide,,,
A03BB06,Homatropinmetylbromid,Homatropine methylbromide,,,
A03C,Spasmolytika i kombination med lugnande medel,Antispasmodics in combination with psycholeptics,,,
A03CA,Syntetiska antikolinergika i kombination med lugnande medel,Synthetic anticholinergic agents in combination with psycholeptics,,,
A03CA01,Isopropon och lugnande medel,Isopropamide and psycholeptics,,,
A03CA02,Klidinium och lugnande medel,Clidinium and psycholeptics,,,
A03CA03,Oxifencyklimin och lugnande medel,Oxyphencyclimine and psycholeptics,,,
A03CA04,Otiloniumbromid och lugnande medel,Otilonium bromide and psycholeptics,,,
A03CA05,Glykopyrroniumbromid och lugnande medel,Glycopyrronium bromide and psycholeptics,,,
A03CA06,Bevonium och lugnande medel,Bevonium and psycholeptics,,,
A03CA07,Ambutonium och lugnande medel,Ambutonium and psycholeptics,,,
A03CA08,Difemanil och lugnande medel,Diphemanil and psycholeptics,,,
A03CA09,Pipenzolat och lugnande medel,Pipenzolate and psycholeptics,,,
A03CA30,Emepronium och lugnande medel,Emepronium and psycholeptics,,,
A03CA34,Propantelin och lugnande medel,Propantheline and psycholeptics,,,
A03CB,Belladonnaalkaloider och derivat i kombination med lugnande medel,Belladonna and derivatives in combination with psycholeptics,,,
A03CB01,Metylskopolamin och lugnande medel,Methylscopolamine and psycholeptics,,,
A03CB02,Belladonnaalkaloider och lugnande medel,Belladonna total alkaloids and psycholeptics,,,
A03CB03,Atropin och lugnande medel,Atropine and psycholeptics,,,
A03CB04,Homatropinmetylbromid och lugnande medel,Homatropine methylbromide and psycholeptics,,,
A03CB31,Hyoscyamin och lugnande medel,Hyoscyamine and psycholeptics,,,
A03CC,Övriga kombinationer med lugnande medel,Other antispasmodics in combination with psycholeptics,,,
A03D,Spasmolytika i kombination med analgetika,Antispasmodics in combination with analgesics,,,
A03DA,Syntetiska antikolinergika i kombination med analgetika,Synthetic anticholinergic agents in combination with analgesics,,,
A03DA01,Tropenzilon och analgetika,Tropenzilone and analgesics,,,
A03DA02,Pitofenon och analgetika,Pitofenone and analgesics,,,
A03DA03,Bevonium och analgetika,Bevonium and analgesics,,,
A03DA04,Ciklonium och analgetika,Ciclonium and analgesics,,,
A03DA05,Kamylofin och analgetika,Camylofin and analgesics,,,
A03DA06,Trospium och analgetika,Trospium and analgesics,,,
A03DA07,Tiemoniumjodid och analgetika,Tiemonium iodide and analgesics,,,
A03DB,Belladonnaalkaloider och derivat i kombination med analgetika,Belladonna and derivatives in combination with analgesics,,,
A03DB04,Butylskopolamin och analgetika,Butylscopolamine and analgesics,,,
A03DC,Övriga kombinationer med analgetika,Other antispasmodics in combination with analgesics,,,
A03E,Övriga kombinationer,Antispasmodics and anticholinergics in combination with other drugs,,,
A03EA,"Spasmolytika, lugnande medel och analgetika i kombination","Antispasmodics, psycholeptics and analgesics in combination",,,
A03ED,Spasmolytika i kombination med andra medel,Antispasmodics in combination with other drugs,,,
A03F,Motilitetsstimulerande medel,Propulsives,,,
A03FA,Motilitetsstimulerande medel,Propulsives,,,
A03FA01,Metoklopramid,Metoclopramide,,,
A03FA02,Cisaprid,Cisapride,,,
A03FA03,Domperidon,Domperidone,,,
A03FA04,Bromoprid,Bromopride,,,
A03FA05,Alizaprid,Alizapride,,,
A03FA06,Kleboprid,Clebopride,,,
A03FA07,Itroprid,Itropride,,,
A03FA08,Cinitaprid,Cinitapride,,,
A03FA09,Mosaprid,Mosapride,,,
A03FA10,Akotiamid,Acotiamide,,,
A04,Antiemetika,Antiemetics and antinauseants,,,
A04A,Antiemetika,Antiemetics and antinauseants,,,
A04AA,Serotonin (5HT3) receptorantagonister,Serotonin (5HT3) antagonists,,,
A04AA01,Ondansetron,Ondansetron,,,
A04AA02,Granisetron,Granisetron,,,
A04AA03,Tropisetron,Tropisetron,,,
A04AA04,Dolasetron,Dolasetron,,,
A04AA05,Palonosetron,Palonosetron,,,
A04AA55,"Palonosetron, kombinationer","Palonosetron, combinations",,,
A04AD,Övriga antiemetika,Other antiemetics,,,
A04AD01,Skopolamin,Scopolamine,,,
A04AD02,Ceriumoxalat,Cerium oxalate,,,
A04AD04,Klorbutanol,Chlorobutanol,,,
A04AD05,Metopimazin,Metopimazine,,,
A04AD08,Ondansetron,Ondansetron,,,1992-12-31
A04AD10,Dronabinol,Dronabinol,,,
A04AD11,Nabilon,Nabilone,,,
A04AD12,Aprepitant,Aprepitant,,,
A04AD13,Kasopitant,Casopitant,,,
A04AD14,Rolapitant,Rolapitant,,,
A04AD51,"Skopolamin, kombinationer","Scopolamine, combinations",,,
A04AD54,"Klorbutanol, kombinationer","Chlorobutanol, combinations",,,
A05,Gall- och leverterapi,Bile and liver therapy,,,
A05A,Gallterapi,Bile therapy,,,
A05AA,Gallsyror och derivat,Bile acids and derivatives,,,
A05AA01,Kenodeoxicholsyra,Chenodeoxycholic acid,,,
A05AA02,Ursodeoxicholsyra,Ursodeoxycholic acid,,,
A05AA03,Cholsyra,Cholic acid,,,
A05AA04,Obeticholsyra,Obeticholic acid,,,
A05AA05,Ursodoxikoltaurin,Ursodoxicoltaurine,,,
A05AA06,Norucholsyra,Norucholic acid,,,
A05AB,Medel för behandling av sjukdomar i gallvägarna,Preparations for biliary tract therapy,,,
A05AB01,Nikotinylmetylamid,Nicotinyl methylamide,,,
A05AX,Övriga medel vid gallterapi,Other drugs for bile therapy,,,
A05AX01,Piprozolin,Piprozolin,,,
A05AX02,Hymekromon,Hymecromone,,,
A05AX03,Cyklobutyrol,Cyclobutyrol,,,
A05AX04,Maralixibatklorid,Maralixibat chloride,,,
A05AX05,Odevixibat,Odevixibat,,,
A05AX06,Elafibranor,Elafibranor,,,
A05AX07,Seladelpar,Seladelpar,,,
A05AX08,Linerixibat,Linerixibat,,,
A05B,"Leverterapi, lipotroper","Liver therapy, lipotropics",,,
A05BA,Leverterapi,Liver therapy,,,
A05BA01,Argininglutamat,Arginine glutamate,,,
A05BA02,Tioctic syra,Tioctic acid,,,1994-12-31
A05BA03,Silymarin,Silymarin,,,
A05BA04,Citiolon,Citiolone,,,
A05BA05,Epomediol,Epomediol,,,
A05BA06,Ornitinoxoglurat,Ornithine oxoglurate,,,
A05BA07,Tidiacikarginin,Tidiacic arginine,,,
A05BA08,Glycyrrhizinsyra,Glycyrrhizic acid,,,
A05BA09,Metadoxin,Metadoxine,,,
A05BA10,Fosfolipider,Phospholipids,,,
A05BA11,Resmetirom,Resmetirom,,,
A05C,"Medel för gallterapi och lipotropa medel, kombinationer",Drugs for bile therapy and lipotropics in combination,,,
A06,Medel vid förstoppning,Drugs for constipation,,,
A06A,Medel vid förstoppning,Drugs for constipation,,,
A06AA,"Mjukgörare, emulgeringsmedel","Softeners, emollients",,,
A06AA01,Flytande paraffin,Liquid paraffin,,,
A06AA02,Dokusatnatrium,Docusate sodium,,,
A06AA51,"Flytande paraffin, kombinationer","Liquid paraffin, combinations",,,
A06AB,Tarmirriterande medel,Contact laxatives,,,
A06AB01,Oxifenisatin,Oxyphenisatine,,,
A06AB02,Bisakodyl,Bisacodyl,,,
A06AB03,Dantron,Dantron,,,
A06AB04,Fenolftalein,Phenolphthalein,,,
A06AB05,Ricinolja,Castor oil,,,
A06AB06,Sennaglykosider,Senna glycosides,,,
A06AB07,"Sagrada, bark",Cascara,,,
A06AB08,Natriumpikosulfat,Sodium picosulfate,,,
A06AB09,Bisoxatin,Bisoxatin,,,
A06AB20,Kombinationer av tarmirriterande medel,Contact laxatives in combination,,,
A06AB30,Tarmirriterande medel i kombination med belladonnaalkaloider,Contact laxatives in combination with belladonna alkaloids,,,
A06AB52,"Bisakodyl, kombinationer","Bisacodyl, combinations",,,
A06AB53,"Dantron, kombinationer","Dantron, combinations",,,
A06AB56,"Sennaglykosider, kombinationer","Senna glycosides, combinations",,,
A06AB57,"Sagrada, bark med kombinationer","Cascara, combinations",,,
A06AB58,"Natriumpikosulfat, kombinationer","Sodium picosulfate, combinations",,,
A06AC,Bulkbildande laxermedel,Bulk-forming laxatives,,,
A06AC01,Loppfrö och vitt loppfrö,Ispaghula (psylla seeds),,,
A06AC02,Etulos,Ethulose,,,
A06AC03,Sterkuliagummi,Sterculia,,,
A06AC05,Linfrö,Linseed,,,
A06AC06,Metylcellulosa,Methylcellulose,,,
A06AC07,Kostfiber av vetefröskal,Triticum (wheat fibre),,,
A06AC08,Polykarbofilkalcium,Polycarbophil calcium,,,
A06AC51,"Loppfrö och vitt loppfrö, kombinationer","Ispaghula, combinations",,,
A06AC53,"Sterkuliagummi, kombinationer","Sterculia, combinations",,,
A06AC55,"Linfrö, kombinationer","Linseed, combinations",,,
A06AD,Osmotiskt aktiva laxermedel,Osmotically acting laxatives,,,
A06AD01,Magnesiumkarbonat,Magnesium carbonate,,,
A06AD02,Magnesiumoxid,Magnesium oxide,,,
A06AD03,Magnesiumperoxid,Magnesium peroxide,,,
A06AD04,Magnesiumsulfat,Magnesium sulfate,,,
A06AD10,Mineralsalter i kombination,Mineral salts in combination,,,
A06AD11,Laktulos,Lactulose,,,
A06AD12,Laktitol,Lactitol,,,
A06AD13,Natriumsulfat,Sodium sulfate,,,
A06AD14,Pentaeritrityl,Pentaerithrityl,,,
A06AD15,Makrogol,Macrogol,,,
A06AD16,Mannitol,Mannitol,,,
A06AD17,Natriumfosfat,Sodium phosphate,,,
A06AD18,Sorbitol,Sorbitol,,,
A06AD19,Magnesiumcitrat,Magnesium citrate,,,
A06AD21,Natriumtartrat,Sodium tartrate,,,
A06AD61,"Laktulos, kombinationer","Lactulose, combinations",,,
A06AD65,"Makrogol, kombinationer","Macrogol, combinations",,,
A06AG,Klysma,Enemas,,,
A06AG01,Natriumfosfat,Sodium phosphate,,,
A06AG02,Bisakodyl,Bisacodyl,,,
A06AG03,"Dantron, inkl. kombinationer","Dantron, incl. combinations",,,
A06AG04,Glycerol,Glycerol,,,
A06AG06,Olja,Oil,,,
A06AG07,Sorbitol,Sorbitol,,,
A06AG10,"Dokusatnatrium, inkl. kombinationer","Docusate sodium, incl. combinations",,,
A06AG11,"Natriumlaurylsulfoacetat, inkl. kombinationer","Sodium lauryl sulfoacetate, incl. combinations",,,
A06AG20,Kombinationer,Combinations,,,
A06AH,Perifera opioidreceptorantagonister,Peripheral opioid receptor antagonists,,,
A06AH01,Metylnaltrexonbromid,Methylnaltrexone bromide,,,
A06AH02,Alvimopan,Alvimopan,,,
A06AH03,Naloxegol,Naloxegol,,,
A06AH04,Naloxon,Naloxone,,,
A06AH05,Naldemedin,Naldemedine,,,
A06AX,Övriga medel vid förstoppning,Other drugs for constipation,,,
A06AX01,Glycerol,Glycerol,,,
A06AX02,Koldioxidutvecklande medel,Carbon dioxide producing drugs,,,
A06AX03,Lubiproston,Lubiprostone,,,
A06AX04,Linaklotid,Linaclotide,,,
A06AX05,Prukaloprid,Prucalopride,,,
A06AX06,Tegaserod,Tegaserod,,,
A06AX07,Plekanatid,Plecanatide,,,
A06AX08,Tenapanor,Tenapanor,,,
A06AX09,Elobixibat,Elobixibat,,,
A07,"Antidiarroika, intestinala antiinflammatoriska och antiinfektiva medel","Antidiarrheals, intestinal antiinflammatory/antiinfective agents",,,
A07A,Medel vid tarminfektioner,Intestinal antiinfectives,,,
A07AA,Antibiotika,Antibiotics,,,
A07AA01,Neomycin,Neomycin,,,
A07AA02,Nystatin,Nystatin,,,
A07AA03,Natamycin,Natamycin,,,
A07AA04,Streptomycin,Streptomycin,,,
A07AA05,Polymyxin B,Polymyxin B,,,
A07AA06,Paromomycin,Paromomycin,,,
A07AA07,Amfotericin B,Amphotericin B,,,
A07AA08,Kanamycin,Kanamycin,,,
A07AA09,Vankomycin,Vancomycin,,,
A07AA10,Kolistin,Colistin,,,
A07AA11,Rifaximin,Rifaximin,,,
A07AA12,Fidaxomicin,Fidaxomicin,,,
A07AA13,Rifamycin,Rifamycin,,,
A07AA51,"Neomycin, kombinationer","Neomycin, combinations",,,
A07AA54,"Streptomycin, kombinationer","Streptomycin, combinations",,,
A07AB,Sulfonamider,Sulfonamides,,,
A07AB02,Ftalylsulfatiazol,Phthalylsulfathiazole,,,
A07AB03,Sulfaguanidin,Sulfaguanidine,,,
A07AB04,Succinylsulfatiazol,Succinylsulfathiazole,,,
A07AC,Imidazolderivat,Imidazole derivatives,,,
A07AC01,Mikonazol,Miconazole,,,
A07AX,Övriga medel vid intestinala infektioner,Other intestinal antiinfectives,,,
A07AX01,Broxykinoliner,Broxyquinoline,,,
A07AX02,Acetarsol,Acetarsol,,,
A07AX03,Nifuroxazid,Nifuroxazide,,,
A07AX04,Nifurzid,Nifurzide,,,
A07B,Antidiarroika,Intestinal adsorbents,,,
A07BA,Adsorberande medel,Charcoal preparations,,,
A07BA01,Medicinskt kol,Medicinal charcoal,,,
A07BA51,"Medicinskt kol, kombinationer","Medicinal charcoal, combinations",,,
A07BB,Vismutpreparat,Bismuth preparations,,,
A07BC,Övriga antidiarroika,Other intestinal adsorbents,,,
A07BC01,Pektin,Pectin,,,
A07BC02,Kaolin,Kaolin,,,
A07BC03,Krospovidon,Crospovidone,,,
A07BC04,Attapulgit,Attapulgite,,,
A07BC05,Diosmektit,Diosmectite,,,
A07BC30,Kombinationer,Combinations,,,
A07BC54,"Attapulgit, kombinationer","Attapulgite, combinations",,,
A07C,Elektrolyter med kolhydrater,Electrolytes with carbohydrates,,,
A07CA,Elektrolyter med kolhydrater,Oral rehydration salt formulations,,,
A07D,Propulsionsdämpande medel,Antipropulsives,,,
A07DA,Propulsionsdämpande medel,Antipropulsives,,,
A07DA01,Difenoxylat,Diphenoxylate,,,
A07DA02,Opium,Opium,,,
A07DA03,Loperamid,Loperamide,,,
A07DA04,Difenoxin,Difenoxin,,,
A07DA05,Loperamidoxid,Loperamide oxide,,,
A07DA06,Eluxadolin,Eluxadoline,,,
A07DA52,"Morfin, kombinationer","Morphine, combinations",,,
A07DA53,"Loperamid, kombinationer","Loperamide, combinations",,,
A07E,Medel vid intestinala inflammationer,Intestinal antiinflammatory agents,,,
A07EA,Kortikosteroider för lokal behandling,Corticosteroids acting locally,,,
A07EA01,Prednisolon,Prednisolone,,,
A07EA02,Hydrokortison,Hydrocortisone,,,
A07EA03,Prednison,Prednisone,,,
A07EA04,Betametason,Betamethasone,,,
A07EA05,Tixokortol,Tixocortol,,,
A07EA06,Budesonid,Budesonide,,,
A07EA07,Beklometason,Beclometasone,,,
A07EB,"Antiallergika, exkl. kortikosteroider","Antiallergic agents, excl. corticosteroids",,,
A07EB01,Natriumkromoglikat,Cromoglicic acid,,,
A07EC,Aminosalicylsyra och liknande medel,Aminosalicylic acid and similar agents,,,
A07EC01,Sulfasalazin,Sulfasalazine,,,
A07EC02,Mesalazin,Mesalazine,,,
A07EC03,Olsalazin,Olsalazine,,,
A07EC04,Balsalazid,Balsalazide,,,
A07F,"Antidiarroika, mikroorganismer",Antidiarrheal microorganisms,,,
A07FA,"Antidiarroika, mikroorganismer",Antidiarrheal microorganisms,,,
A07FA01,Mjölksyreproducerande organismer,Lactic acid producing organisms,,,
A07FA02,Saccharomyces boulardii,Saccharomyces boulardii,,,
A07FA03,Escherichia coli,Escherichia coli,,,
A07FA51,"Mjölksyreproducerande organismer, kombinationer","Lactic acid producing organisms, combinations",,,
A07X,Övriga medel mot diarre,Other antidiarrheals,,,
A07XA,Övriga medel mot diarre,Other antidiarrheals,,,
A07XA01,Albumintannat,Albumin tannate,,,
A07XA02,Ceratonia,Ceratonia,,,
A07XA03,Kalciumföreningar,Calcium compounds,,,
A07XA04,Racekadotril,Racecadotril,,,
A07XA06,Krofelemer,Crofelemer,,,
A07XA51,"Albumin tannat, kombinationer","Albumin tannate, combinations",,,
A08,"Antiobesitasmedel, exkl. dietprodukter","Antiobesity preparations, excl. diet products",,,
A08A,"Antiobesitasmedel, exkl. dietprodukter","Antiobesity preparations, excl. diet products",,,
A08AA,"Antiobesitasmedel, centralt verkande",Centrally acting antiobesity products,,,
A08AA01,Fentermin,Phentermine,,,
A08AA02,Fenfluramin,Fenfluramine,,,
A08AA03,Amfepramon,Amfepramone,,,
A08AA04,Dexfenfluramin,Dexfenfluramine,,,
A08AA05,Mazindol,Mazindol,,,
A08AA06,Etilamfetamin,Etilamfetamine,,,
A08AA07,Katin,Cathine,,,
A08AA08,Klobenzorex,Clobenzorex,,,
A08AA09,Mefenorex,Mefenorex,,,
A08AA10,Sibutramin,Sibutramine,,,
A08AA11,Lorkaserin,Lorcaserin,,,
A08AA12,Setmelanotid,Setmelanotide,,,
A08AA51,Fentermin och topiramat,Phentermine and topiramate,,,
A08AA56,"Efedrin, kombinationer","Ephedrine, combinations",,,
A08AA62,Bupropion och naltrexon,Bupropion and naltrexone,,,
A08AB,"Antiobesitasmedel, perifert verkande",Peripherally acting antiobesity products,,,
A08AB01,Orlistat,Orlistat,,,
A08AX,Övriga antiobesitasmedel,Other antiobesity drugs,,,
A08AX01,Rimonabant,Rimonabant,,,
A09,"Digestionsmedel, inkl. enzymer","Digestives, incl. Enzymes",,,
A09A,"Digestionsmedel, inkl. enzymer","Digestives, incl. enzymes",,,
A09AA,Digestionsenzymer,Enzyme preparations,,,
A09AA01,Diastas,Diastase,,,
A09AA02,"Multienzymer (lipas, proteas m.fl.)","Multienzymes (lipase, protease etc.)",,,
A09AA03,Pepsin,Pepsin,,,
A09AA04,Tilaktas,Tilactase,,,
A09AB,Saltsyraersättningsmedel,Acid preparations,,,
A09AB01,Aciglumin,Glutamic acid hydrochloride,,,
A09AB02,Betainhydroklorid,Betaine hydrochloride,,,
A09AB03,Saltsyra,Hydrochloric acid,,,
A09AB04,Citronsyra,Citric acid,,,
A09AC,"Enzym och syra, kombinationer","Enzyme and acid preparations, combinations",,,
A09AC01,Pepsin och syra,Pepsin and acid preparations,,,
A09AC02,Multienzymer och syra,Multienzymes and acid preparations,,,
A10,Diabetesmedel,Drugs used in diabetes,,,
A10A,Insuliner och analoger,Insulins and analogues,,,
A10AA,Insuliner och analoger,Insulins and analogues,,,2012-12-13
A10AB,"Insuliner och analoger för injektion, snabbverkande","Insulins and analogues for injection, fast-acting",,,
A10AB01,Insulin (humant),Insulin (human),,,
A10AB02,Insulin (bovint),Insulin (beef),,,
A10AB03,Insulin (svin),Insulin (pork),,,
A10AB04,"Insulin, lispro",Insulin lispro,,,
A10AB05,"Insulin, aspart",Insulin aspart,,,
A10AB06,"Insulin, glulisin",Insulin glulisine,,,
A10AB30,Kombinationer,Combinations,,,
A10AC,"Insuliner och analoger för injektion, medellångverkande","Insulins and analogues for injection, intermediate-acting",,,
A10AC01,Insulin (humant),Insulin (human),,,
A10AC02,Insulin (bovint),Insulin (beef),,,
A10AC03,Insulin (svin),Insulin (pork),,,
A10AC04,"Insulin, lispro",Insulin lispro,,,
A10AC30,Kombinationer,Combinations,,,
A10AD,"Insuliner och analoger för injektion, medellång- eller långverkande i kombination med snabbverkande","Insulins and analogues for injection, intermediate- or long-acting combined with fast-acting",,,
A10AD01,Insulin (humant),Insulin (human),,,
A10AD02,Insulin (bovint),Insulin (beef),,,
A10AD03,Insulin (svin),Insulin (pork),,,
A10AD04,"Insulin, lispro",Insulin lispro,,,
A10AD05,"Insulin, aspart",Insulin aspart,,,
A10AD06,"Insulin, degludek och insulin, aspart",Insulin degludec and insulin aspart,,,
A10AD30,Kombinationer,Combinations,,,
A10AD54,Isotretionin kombinationer,"Isotretionin, combinations",,,2012-12-13
A10AE,"Insuliner och analoger för injektion, långverkande","Insulins and analogues for injection, long-acting",,,
A10AE01,Insulin (humant),Insulin (human),,,
A10AE02,Insulin (bovint),Insulin (beef),,,
A10AE03,Insulin (svin),Insulin (pork),,,
A10AE04,"Insulin, glargin",Insulin glargine,,,
A10AE05,"Insulin, detemir",Insulin detemir,,,
A10AE06,"Insulin, degludek",Insulin degludec,,,
A10AE07,"Insulin, ikodek",Insulin icodec,,,
A10AE30,Kombinationer,Combinations,,,
A10AE54,"Insulin, glargin och lixisenatid",Insulin glargine and lixisenatide,,,
A10AE56,"Insulin, degludek och liraglutid",Insulin degludec and liraglutide,,,
A10AE57,"Insulin, ikodek och semaglutid",Insulin icodec and semaglutide,,,
A10AF,Insuliner och analoger för inhalation,Insulins and analogues for inhalation,,,
A10AF01,Insulin (humant),Insulin (human),,,
A10B,"Blodglukossänkande medel, exkl. insuliner","Blood glucose lowering drugs, excl. insulins",,,
A10BA,Biguanidderivat,Biguanides,,,
A10BA01,Fenformin,Phenformin,,,
A10BA02,Metformin,Metformin,,,
A10BA03,Buformin,Buformin,,,
A10BB,Sulfonylureaföreningar,Sulfonylureas,,,
A10BB01,Glibenklamid,Glibenclamide,,,
A10BB02,Klorpropamid,Chlorpropamide,,,
A10BB03,Tolbutamid,Tolbutamide,,,
A10BB04,Glibornurid,Glibornuride,,,
A10BB05,Tolazamid,Tolazamide,,,
A10BB06,Karbutamid,Carbutamide,,,
A10BB07,Glipizid,Glipizide,,,
A10BB08,Glikidon,Gliquidone,,,
A10BB09,Gliklazid,Gliclazide,,,
A10BB10,Metahexamid,Metahexamide,,,
A10BB11,Glisoxepid,Glisoxepide,,,
A10BB12,Glimepirid,Glimepiride,,,
A10BB31,Acetohexamid,Acetohexamide,,,
A10BC,Bensensulfonamidderivat,Sulfonamides (heterocyclic),,,
A10BC01,Glymidin,Glymidine,,,
A10BD,"Perorala blodglukossänkande medel, kombinationer",Combinations of oral blood glucose lowering drugs,,,
A10BD01,Fenformin och sulfonylureaföreningar,Phenformin and sulfonylureas,,,
A10BD02,Metformin och sulfonylureaföreningar,Metformin and sulfonylureas,,,
A10BD03,Metformin och rosiglitazon,Metformin and rosiglitazone,,,
A10BD04,Glimepirid och rosiglitazon,Glimepiride and rosiglitazone,,,
A10BD05,Metformin och pioglitazon,Metformin and pioglitazone,,,
A10BD06,Glimepirid och pioglitazon,Glimepiride and pioglitazone,,,
A10BD07,Metformin och sitagliptin,Metformin and sitagliptin,,,
A10BD08,Metformin och vildagliptin,Metformin and vildagliptin,,,
A10BD09,Pioglitazon och alogliptin,Pioglitazone and alogliptin,,,
A10BD10,Metformin och saxagliptin,Metformin and saxagliptin,,,
A10BD11,Metformin och linagliptin,Metformin and linagliptin,,,
A10BD12,Pioglitazon och sitagliptin,Pioglitazone and sitagliptin,,,
A10BD13,Metformin och alogliptin,Metformin and alogliptin,,,
A10BD14,Metformin och repaglinid,Metformin and repaglinide,,,
A10BD15,Metformin och dapagliflozin,Metformin and dapagliflozin,,,
A10BD16,Metformin och kanagliflozin,Metformin and canagliflozin,,,
A10BD17,Metformin och akarbos,Metformin and acarbose,,,
A10BD18,Metformin och gemigliptin,Metformin and gemigliptin,,,
A10BD19,Linagliptin och empagliflozin,Linagliptin and empagliflozin,,,
A10BD20,Metformin och empagliflozin,Metformin and empagliflozin,,,
A10BD21,Saxagliptin och dapagliflozin,Saxagliptin and dapagliflozin,,,
A10BD22,Metformin och evogliptin,Metformin and evogliptin,,,
A10BD23,Metformin och ertugliflozin,Metformin and ertugliflozin,,,
A10BD24,Sitagliptin och ertugliflozin,Sitagliptin and ertugliflozin,,,
A10BD25,"Metformin, saxagliptin och dapagliflozin","Metformin, saxagliptin and dapagliflozin",,,
A10BD26,Metformin och lobeglitazon,Metformin and lobeglitazone,,,
A10BD27,"Metformin, linagliptin och empagliflozin","Metformin, linagliptin and empagliflozin",,,
A10BD28,Metformin och teneligliptin,Metformin and teneligliptin,,,
A10BD29,Sitagliptin och dapagliflozin,Sitagliptin and dapagliflozin,,,
A10BD30,Gemigliptin och dapagliflozin,Gemigliptin and dapagliflozin,,,
A10BD31,"Metformin, sitagliptin och dapagliflozin","Metformin, sitagliptin and dapagliflozin",,,
A10BD32,Glimepirid och dapagliflozin,Glimepiride and dapagliflozin,,,
A10BD33,Pioglitazon och dapagliflozin,Pioglitazone and dapagliflozin,,,
A10BD34,Metformin och enavogliflozin,Metformin and enavogliflozin,,,
A10BE,Aldosreduktashämmare,Aldose reductase inhibitors,,,2012-12-13
A10BE01,Tolrestat,Tolrestat,,,1992-12-31
A10BF,Alfa-glukosidashämmare,Alpha glucosidase inhibitors,,,
A10BF01,Akarbos,Acarbose,,,
A10BF02,Miglitol,Miglitol,,,
A10BF03,Voglibos,Voglibose,,,
A10BG,Tiazolidindioner,Thiazolidinediones,,,
A10BG01,Troglitazon,Troglitazone,,,
A10BG02,Rosiglitazon,Rosiglitazone,,,
A10BG03,Pioglitazon,Pioglitazone,,,
A10BG04,Lobeglitazon,Lobeglitazone,,,
A10BH,Dipeptidylpeptidas 4 (DPP-4) hämmare,Dipeptidyl peptidase 4 (DPP-4) inhibitors,,,
A10BH01,Sitagliptin,Sitagliptin,,,
A10BH02,Vildagliptin,Vildagliptin,,,
A10BH03,Saxagliptin,Saxagliptin,,,
A10BH04,Alogliptin,Alogliptin,,,
A10BH05,Linagliptin,Linagliptin,,,
A10BH06,Gemigliptin,Gemigliptin,,,
A10BH07,Evogliptin,Evogliptin,,,
A10BH08,Teneligliptin,Teneligliptin,,,
A10BH51,Sitagliptin och simvastatin,Sitagliptin and simvastatin,,,
A10BH52,Gemigliptin och rosuvastatin,Gemigliptin and rosuvastatin,,,
A10BJ,Glukagonlik peptid-1(GLP-1)analoger,Glucagon-like peptide-1 (GLP-1) analogues,,,
A10BJ01,Exenatid,Exenatide,,,
A10BJ02,Liraglutid,Liraglutide,,,
A10BJ03,Lixisenatid,Lixisenatide,,,
A10BJ04,Albiglutid,Albiglutide,,,
A10BJ05,Dulaglutid,Dulaglutide,,,
A10BJ06,Semaglutid,Semaglutide,,,
A10BJ07,Beinaglutid,Beinaglutide,,,
A10BK,Natriumglukossamtransportör 2(Sglt2)hämmare,Sodium-Glucose Co-Transporter 2 (Sglt2) Inhibitors,,,
A10BK01,Dapagliflozin,Dapagliflozin,,,
A10BK02,Kanagliflozin,Canagliflozin,,,
A10BK03,Empagliflozin,Empagliflozin,,,
A10BK04,Ertugliflozin,Ertugliflozin,,,
A10BK05,Ipragliflozin,Ipragliflozin,,,
A10BK06,Sotagliflozin,Sotagliflozin,,,
A10BK07,Luseogliflozin,Luseogliflozin,,,
A10BK08,Bexagliflozin,Bexagliflozin,,,
A10BK09,Enavogliflozin,Enavogliflozin,,,
A10BX,"Övriga blodglukossänkande medel, exkl insuliner","Other blood glucose lowering drugs, excl. insulins",,,
A10BX01,Guargummi,Guar gum,,,
A10BX02,Repaglinid,Repaglinide,,,
A10BX03,Nateglinid,Nateglinide,,,
A10BX04,Exenatid,Exenatide,,,2016-12-31
A10BX05,Pramlintid,Pramlintide,,,
A10BX06,Benfluorex,Benfluorex,,,
A10BX07,Liraglutid,Liraglutide,,,2016-12-31
A10BX08,Mitiglinid,Mitiglinide,,,
A10BX09,Dapagliflozin,Dapagliflozin,,,2016-12-31
A10BX10,Lixisenatid,Lixisenatide,,,2016-12-31
A10BX11,Kanagliflozin,Canagliflozin,,,2016-12-31
A10BX12,Empagliflozin,Empagliflozin,,,2016-12-31
A10BX13,Albiglutid,Albiglutide,,,2016-12-31
A10BX14,Dulaglutid,Dulaglutide,,,2016-12-31
A10BX15,Imeglimin,Imeglimin,,,
A10BX16,Tirzepatid,Tirzepatide,,,
A10BX17,Karfloglitazar,Carfloglitazar,,,
A10BX18,Dorzagliatin,Dorzagliatin,,,
A10X,Övriga diabetesmedel,Other drugs used in diabetes,,,
A10XA,Aldos reduktashämmare,Aldose reductase inhibitors,,,
A10XA01,Tolrestat,Tolrestat,,,
A10XX,Övriga diabetesmedel,Other drugs used in diabetes,,,
A10XX01,Teplizumab,Teplizumab,,,
A10XX02,Donislecel,Donislecel,,,
A11,Vitaminer,Vitamins,,,
A11A,"Multivitaminer, kombinationer","Multivitamins, combinations",,,
A11AA,Multivitaminer och mineralämnen,Multivitamins with minerals,,,
A11AA01,Multivitaminer och järn,Multivitamins and iron,,,
A11AA02,Multivitaminer och kalcium,Multivitamins and calcium,,,
A11AA03,Multivitaminer och andra mineralämnen inkl. kombinationer,"Multivitamins and other minerals, incl. combinations",,,
A11AA04,Multivitaminer och spårelement,Multivitamins and trace elements,,,
A11AB,"Multivitaminer, övriga kombinationer","Multivitamins, other combinations",,,
A11B,Multivitaminer,"Multivitamins, plain",,,
A11BA,Multivitaminer,"Multivitamins, plain",,,
A11C,"Vitamin A och D, inkl. kombinationer av de två","Vitamin A and D, incl. combinations of the two",,,
A11CA,Retinol (vitamin A),"Vitamin A, plain",,,
A11CA01,Retinol (vitamin A),Retinol (vit A),,,
A11CA02,Betakaroten,Betacarotene,,,
A11CB,Vitamin A och D i kombination,Vitamin A and D in combination,,,
A11CC,Vitamin D och analoger,Vitamin D and analogues,,,
A11CC01,Ergokalciferol,Ergocalciferol,,,
A11CC02,Dihydrotakysterol,Dihydrotachysterol,,,
A11CC03,Alfakalcidol,Alfacalcidol,,,
A11CC04,Kalcitriol,Calcitriol,,,
A11CC05,Kolekalciferol,Colecalciferol,,,
A11CC06,Kalcifediol,Calcifediol,,,
A11CC07,Parikalcitol,Paricalcitol,,,2009-12-31
A11CC20,Kombinationer,Combinations,,,
A11CC55,"Kolekalciferol, kombinationer","Colecalciferol, combinations",,,
A11D,"Vitamin B1, inkl. kombinationer med vitamin B6 och B12","Vitamin B1, plain and in combination with vitamin B6 and B12",,,
A11DA,Tiamin (vitamin B1),"Vitamin B1, plain",,,
A11DA01,Tiamin (vitamin B1),Thiamine (vit B1),,,
A11DA02,Sulbutiamin,Sulbutiamine,,,
A11DA03,Benfotiamin,Benfotiamine,,,
A11DB,Vitamin B1 i kombination med vitamin B6 och/eller vitamin B12,Vitamin B1 in combination with vitamin B6 and/or vitamin B12,,,
A11E,"Vitamin B-komplex, inkl. kombinationer","Vitamin B-complex, incl. combinations",,,
A11EA,Vitamin B-komplex,"Vitamin B-complex, plain",,,
A11EB,Vitamin B-komplex med vitamin C,Vitamin B-complex with vitamin C,,,
A11EC,Vitamin B-komplex med mineraler,Vitamin B-complex with minerals,,,
A11ED,Vitamin B-komplex med anabola steroider,Vitamin B-Complex with anabolic steroids,,,
A11EX,"Vitamin B-komplex, övriga kombinationer","Vitamin B-complex, other combinations",,,
A11G,Askorbinsyra (vitamin C) inkl. kombinationer,"Ascorbic acid (vitamin C), incl. combinations",,,
A11GA,Askorbinsyra (vitamin C),"Ascorbic acid (vitamin C), plain",,,
A11GA01,Askorbinsyra (vitamin C),Ascorbic acid (vit C),,,
A11GB,"Askorbinsyra (vitamin C), kombinationer","Ascorbic acid (vitamin C), combinations",,,
A11GB01,Askorbinsyra (vitamin C) och kalcium,Ascorbic acid (vit C) and calcium,,,
A11H,Övriga vitaminberedningar,Other plain vitamin preparations,,,
A11HA,Övriga vitaminberedningar,Other plain vitamin preparations,,,
A11HA01,Nikotinamid,Nicotinamide,,,
A11HA02,Pyridoxin (vitamin B6),Pyridoxine (vit B6),,,
A11HA03,Tokoferol (vitamin E),Tocopherol (vit E),,,
A11HA04,Riboflavin (vitamin B2),Riboflavin (vit B2),,,
A11HA05,Biotin,Biotin,,,
A11HA06,Pyridoxalfosfat,Pyridoxal phosphate,,,
A11HA07,Inositol,Inositol,,,
A11HA08,Tokofersolan,Tocofersolan,,,
A11HA30,Dexapantenol,Dexpanthenol,,,
A11HA31,Kalciumpantotenat,Calcium pantothenate,,,
A11HA32,Pantetin,Pantethine,,,
A11J,Övriga kombinationer med vitaminer,"Other vitamin products, combinations",,,
A11JA,"Vitaminer, kombinationer",Combinations of vitamins,,,
A11JB,Vitaminer med mineralämnen,Vitamins with minerals,,,
A11JC,"Vitaminer, övriga kombinationer","Vitamins, other combinations",,,
A12,Mineralämnen,Mineral supplements,,,
A12A,Kalcium,Calcium,,,
A12AA,Kalcium,Calcium,,,
A12AA01,Kalciumfosfat,Calcium phosphate,,,
A12AA02,Kalciumglubionat,Calcium glubionate,,,
A12AA03,Kalciumglukonat,Calcium gluconate,,,
A12AA04,Kalciumkarbonat,Calcium carbonate,,,
A12AA05,Kalciumlaktat,Calcium lactate,,,
A12AA06,Kalciumlaktoglukonat,Calcium lactate gluconate,,,
A12AA07,Kalciumklorid,Calcium chloride,,,
A12AA08,Kalciumglycerylfosfat,Calcium glycerylphosphate,,,
A12AA09,Kalciumcitratlysinkomplex,Calcium citrate lysine complex,,,
A12AA10,Kalciumglukoheptonat,Calcium glucoheptonate,,,
A12AA11,Kalcium pangamat,Calcium pangamate,,,
A12AA12,Kalciumacetat,Calcium acetate anhydrous,,,2015-12-31
A12AA13,Kalciumcitrat,Calcium citrate,,,
A12AA20,Kalcium (olika salter i kombination),Calcium (different salts in combination),,,
A12AA30,Kalciumlevulinat,Calcium laevulate,,,
A12AX,"Kalcium, kombinationer med vitamin D och/eller övriga läkemedel","Calcium, combinations with vitamin D and/or other drugs",,,
A12B,Kalium,Potassium,,,
A12BA,Kalium,Potassium,,,
A12BA01,Kaliumklorid,Potassium chloride,,,
A12BA02,Kaliumcitrat,Potassium citrate,,,
A12BA03,Kaliumvätetartrat,Potassium hydrogentartrate,,,
A12BA04,Kaliumvätekarbonat,Potassium hydrogencarbonate,,,
A12BA05,Kaliumglukonat,Potassium gluconate,,,
A12BA30,Kalium (olika salter i kombination),Potassium (different salts in combination),,,
A12BA51,"Kalium, kombinationer","Potassium, combinations",,,
A12C,Övriga mineralämnen,Other mineral supplements,,,
A12CA,Natrium,Sodium,,,
A12CA01,Natriumklorid,Sodium chloride,,,
A12CA02,Natriumsulfat,Sodium sulfate,,,
A12CB,Zink,Zinc,,,
A12CB01,Zinksulfat,Zinc sulfate,,,
A12CB02,Zinkglukonat,Zinc gluconate,,,
A12CB03,Zinkproteinkomplex,Zinc protein complex,,,
A12CB04,Zinkorotat,Zinc orotate,,,
A12CC,Magnesium,Magnesium,,,
A12CC01,Magnesiumklorid,Magnesium chloride,,,
A12CC02,Magnesiumsulfat,Magnesium sulfate,,,
A12CC03,Magnesiumglukonat,Magnesium gluconate,,,
A12CC04,Magnesiumcitrat,Magnesium citrate,,,
A12CC05,Magnesiumaspartat,Magnesium aspartate,,,
A12CC06,Magnesiumlaktat,Magnesium lactate,,,
A12CC07,Magnesiumlevulinat,Magnesium levulinate,,,
A12CC08,Magnesiumpidolat,Magnesium pidolate,,,
A12CC09,Magnesiumorotat,magnesium orotate,,,
A12CC10,Magnesiumoxid,Magnesium oxide,,,
A12CC30,Magnesium (olika salter i kombination),Magnesium (different salts in combination),,,
A12CD,Fluor,Fluoride,,,
A12CD01,Natriumfluorid,Sodium fluoride,,,
A12CD02,Natriummonofluorofosfat,Sodium monofluorophosphate,,,
A12CD51,Fluor kombinationer,"Fluoride, combinations",,,
A12CE,Selen,Selenium,,,
A12CE01,Natriumselenat,Sodium selenate,,,
A12CE02,Natriumselenit,Sodium selenite,,,
A12CX,Övriga mineralämnen,Other mineral products,,,
A13,Tonika,Tonics,,,
A13A,Tonika,Tonics,,,
A14,Anabola steroider för systemiskt bruk,Anabolic agents for systemic use,,,
A14A,Anabola steroider,Anabolic steroids,,,
A14AA,Androstanderivat,Androstan derivatives,,,
A14AA01,Androstanolon,Androstanolone,,,
A14AA02,Stanozolol,Stanozolol,,,
A14AA03,Metandienon,Metandienone,,,
A14AA04,Metenolon,Metenolone,,,
A14AA05,Oximetolon,Oxymetholone,,,
A14AA06,Kinbolon,Quinbolone,,,
A14AA07,Prasteron,Prasterone,,,
A14AA08,Oxandrolon,Oxandrolone,,,
A14AA09,Noretandrolon,Norethandrolone,,,
A14AB,Östrenderivat,Estren derivatives,,,
A14AB01,Nandrolon,Nandrolone,,,
A14AB02,Etylöstrenol,Ethylestrenol,,,
A14AB03,Oxaboloncipionat,Oxabolone cipionate,,,
A14B,Övriga anabola steroider,Other anabolic agents,,,
A15,Aptitstimulerande medel,Appetite stimulants,,,
A16,Övriga medel för matsmältning och ämnesomsättning,Other alimentary tract and metabolism products,,,
A16A,Övriga medel för matsmältning och ämnesomsättning,Other alimentary tract and metabolism products,,,
A16AA,Aminosyror och derivat,Amino acids and derivatives,,,
A16AA01,Levokarnitin,Levocarnitine,,,
A16AA02,Ademetionin,Ademetionine,,,
A16AA03,Glutamin,Glutamine,,,
A16AA04,Merkaptamin,Mercaptamine,,,
A16AA05,Kargluminsyra,Carglumic acid,,,
A16AA06,Betain,Betaine,,,
A16AA07,Metreleptin,Metreleptin,,,
A16AB,Enzymer,Enzymes,,,
A16AB01,Algluceras,Alglucerase,,,
A16AB02,Imiglukeras,Imiglucerase,,,
A16AB03,Agalsidas alfa,Agalsidase alfa,,,
A16AB04,Agalsidas beta,Agalsidase beta,,,
A16AB05,Laronidas,Laronidase,,,
A16AB06,Sakrosidas,Sacrosidase,,,
A16AB07,Alglukosidas alfa,Alglucosidase alfa,,,
A16AB08,Galsulfas,Galsulfase,,,
A16AB09,Idursulfas,Idursulfase,,,
A16AB10,Velagluceras alfa,Velaglucerase alfa,,,
A16AB11,Taligluceras alfa,Taliglucerase alfa,,,
A16AB12,Elosulfas alfa,Elosulfase alfa,,,
A16AB13,Asfotas alfa,Asfotase alfa,,,
A16AB14,Sebelipas alfa,Sebelipase alfa,,,
A16AB15,Velmanas alfa,Velmanase alfa,,,
A16AB16,Idursulfas beta,Idursulfase beta,,,
A16AB17,Cerliponas alfa,Cerliponase alfa,,,
A16AB18,Vestronidas alfa,Vestronidase alfa,,,
A16AB19,Pegvalias,Pegvaliase,,,
A16AB20,Pegunigalsidas alfa,Pegunigalsidase alfa,,,
A16AB21,Atidarsagen-autotemcel,Atidarsagene autotemcel,,,
A16AB22,Avalglukosidas alfa,Avalglucosidase alfa,,,
A16AB23,Cipaglukosidas alfa,Cipaglucosidase alfa,,,
A16AB24,Pegzilarginas,Pegzilarginase,,,
A16AB25,Olipudas alfa,Olipudase alfa,,,
A16AB26,Eladokagen-exuparvovek,Eladocagene exuparvovec,,,
A16AB27,Pabinafusp alfa,Pabinafusp alfa,,,
A16AB28,Verenafusp alfa,Verenafusp alfa,,,
A16AB29,Rebisufligen-etisparvovek,Rebisufligene etisparvovec,,,
A16AX,Övriga medel för matsmältning och ämnesomsättning,Various alimentary tract and metabolism products,,,
A16AX01,Tioktinsyra,Thioctic acid,,,
A16AX02,Anetoltrition,Anethole trithione,,,
A16AX03,Natriumfenylbutyrat,Sodium phenylbutyrate,,,
A16AX04,Nitisinon,Nitisinone,,,
A16AX05,Zinkacetat,Zinc acetate,,,
A16AX06,Miglustat,Miglustat,,,
A16AX07,Sapropterin,Sapropterin,,,
A16AX08,Teduglutid,Teduglutide,,,
A16AX09,Glycerolfenylbutyrat,Glycerol phenylbutyrate,,,
A16AX10,Eliglustat,Eliglustat,,,
A16AX11,Natriumbensoat,Sodium benzoate,,,
A16AX12,Trientin,Trientine,,,
A16AX13,Uridintriacetat,Uridine triacetate,,,
A16AX14,Migalastat,Migalastat,,,
A16AX15,Telotristat,Telotristat,,,
A16AX16,Givosiran,Givosiran,,,
A16AX17,Triheptanoin,Triheptanoin,,,
A16AX18,Lumasiran,Lumasiran,,,
A16AX19,Fosdenopterin,Fosdenopterin,,,
A16AX20,Lonafarnib,Lonafarnib,,,
A16AX21,Elivaldogen-autotemcel,Elivaldogene autotemcel,,,
A16AX22,Tiomolibdinsyra,Tiomolibdic acid,,,
A16AX23,Leriglitazon,Leriglitazone,,,
A16AX24,Govorestat,Govorestat,,,
A16AX25,Nedosiran,Nedosiran,,,
A16AX26,Glepaglutid,Glepaglutide,,,
A16AX27,Apraglutid,Apraglutide,,,
A16AX28,Sepiapterin,Sepiapterin,,,
A16AX29,Doxecitin och doxribtimin,Doxecitine and doxribtimine,,,
A16AX30,Natriumbensoat och natriumfenylacetat,Sodium benzoate and sodium phenylacetate,,,
B,Blod och blodbildande organ,Blood and blood forming organs,,,
B01,Antikoagulantia,Antithrombotic agents,,,
B01A,Antikoagulantia,Antithrombotic agents,,,
B01AA,Vitamin K-antagonister,Vitamin K antagonists,,,
B01AA01,Dikumarol,Dicoumarol,,,
B01AA02,Fenindion,Phenindione,,,
B01AA03,Warfarin,Warfarin,,,
B01AA04,Fenprokumon,Phenprocoumon,,,
B01AA07,Acenokumarol,Acenocoumarol,,,
B01AA08,Etylbiskumacetat,Ethyl biscoumacetate,,,
B01AA09,Klorindion,Clorindione,,,
B01AA10,Difenadion,Diphenadione,,,
B01AA11,Tioklomarol,Tioclomarol,,,
B01AA12,Fluindion,Fluindione,,,
B01AB,Heparingruppen,Heparin group,,,
B01AB01,Heparin,Heparin,,,
B01AB02,Antitrombin III,Antithrombin III,,,
B01AB03,Danaparoid,"Heparin, low molecular weight",,,1992-12-31
B01AB04,Dalteparin,Dalteparin,,,
B01AB05,Enoxaparin,Enoxaparin,,,
B01AB06,Nadroparin,Nadroparin,,,
B01AB07,Parnaparin,Parnaparin,,,
B01AB08,Reviparin,Reviparin,,,
B01AB09,Danaparoid,Danaparoid,,,
B01AB10,Tinzaparin,Tinzaparin,,,
B01AB11,Sulodexid,Sulodexide,,,
B01AB12,Bemiparin,Bemiparin,,,
B01AB51,"Heparin, kombinationer","Heparin, combinations",,,
B01AC,"Trombocytaggregationshämmande medel, exkl. heparin",Platelet aggregation inhibitors excl. heparin,,,
B01AC01,Ditazol,Ditazole,,,
B01AC02,Klorikromen,Cloricromen,,,
B01AC03,Picotamid,Picotamide,,,
B01AC04,Klopidogrel,Clopidogrel,,,
B01AC05,Tiklopidin,Ticlopidine,,,
B01AC06,Acetylsalicylsyra,Acetylsalicylic acid,,,
B01AC07,Dipyridamol,Dipyridamole,,,
B01AC08,Karbasalatkalcium,Carbasalate calcium,,,
B01AC09,Epoprostenol,Epoprostenol,,,
B01AC10,Indobufen,Indobufen,,,
B01AC11,Iloprost,Iloprost,,,
B01AC13,Abciximab,Abciximab,,,
B01AC14,Anagrelid,Anagrelide,,,2005-12-31
B01AC15,Aloxiprin,Aloxiprin,,,
B01AC16,Eptifibatid,Eptifibatide,,,
B01AC17,Tirofiban,Tirofiban,,,
B01AC18,Triflusal,Triflusal,,,
B01AC19,Beraprost,Beraprost,,,
B01AC21,Treprostinil,Treprostinil,,,
B01AC22,Prasugrel,Prasugrel,,,
B01AC23,Cilostazol,Cilostazol,,,
B01AC24,Tikagrelor,Ticagrelor,,,
B01AC25,Kangrelor,Cangrelor,,,
B01AC26,Vorapaxar,Vorapaxar,,,
B01AC27,Selexipag,Selexipag,,,
B01AC28,Limaprost,Limaprost,,,
B01AC30,Kombinationer,Combinations,,,
B01AC56,"Acetylsalicylsyra, kombinationer med protonpumpshämmare","Acetylsalicylic acid, combinations with proton pump inhibitors",,,
B01AD,Enzymer,Enzymes,,,
B01AD01,Streptokinas,Streptokinase,,,
B01AD02,Alteplas,Alteplase,,,
B01AD03,Anistreplas,Anistreplase,,,
B01AD04,Urokinas,Urokinase,,,
B01AD05,Fibrinolysin,Fibrinolysin,,,
B01AD06,Brinas,Brinase,,,
B01AD07,Reteplas,Reteplase,,,
B01AD08,Saruplas,Saruplase,,,
B01AD09,Ankrod,Ancrod,,,
B01AD10,Drotrekogin alfa (aktiverat),Drotrecogin alfa (activated),,,
B01AD11,Tenekteplas,Tenecteplase,,,
B01AD12,Protein C,Protein C,,,
B01AD13,Apadamtas alfa och cinaxadamtas alfa,Apadamtase alfa and cinaxadamtase alfa,,,
B01AE,Direkt trombinhämmande medel,Direct thrombin inhibitors,,,
B01AE01,Desirudin,Desirudin,,,
B01AE02,Lepirudin,Lepirudin,,,
B01AE03,Argatroban,Argatroban,,,
B01AE04,Melagatran,Melagatran,,,
B01AE05,Ximelagatran,Ximelagatran,,,
B01AE06,Bivalirudin,Bivalirudin,,,
B01AE07,Dabigatranetexilat,Dabigatran etexilate,,,
B01AF,Direktverkande faktor Xa-hämmare,Direct factor Xa inhibitors,,,
B01AF01,Rivaroxaban,Rivaroxaban,,,
B01AF02,Apixaban,Apixaban,,,
B01AF03,Edoxaban,Edoxaban,,,
B01AF04,Betrixaban,Betrixaban,,,
B01AF51,Rivaroxaban och acetylsalicylsyra,Rivaroxaban and acetylsalicylic acid,,,
B01AX,Övriga antitrombotiska medel,Other antithrombotic agents,,,
B01AX01,Defibrotid,Defibrotide,,,
B01AX02,Desirudin,Desirudin,,,2003-12-31
B01AX03,Lepirudin,Lepirudin,,,2003-12-31
B01AX04,Dermatansulfat,Dermatan sulfate,,,
B01AX05,Fondaparinux,Fondaparinux,,,
B01AX06,Rivaroxaban,Rivaroxaban,,,2012-12-31
B01AX07,Kaplacizumab,Caplacizumab,,,
B02,Hemostatika,Antihemorrhagics,,,
B02A,Fibrinolyshämmande medel,Antifibrinolytics,,,
B02AA,Aminosyror,Amino Acids,,,
B02AA01,Aminokapronsyra,Aminocaproic acid,,,
B02AA02,Tranexamsyra,Tranexamic Acid,,,
B02AA03,Aminometylbensoesyra,Aminomethylbenzoic acid,,,
B02AB,Proteinashämmande medel,Proteinase inhibitors,,,
B02AB01,Aprotinin,Aprotinin,,,
B02AB02,Alfa-1-antitrypsin,Alfa-1 antitrypsin,,,
B02AB03,C1-hämmare,C1-inhibitor,,,2011-12-31
B02AB04,Kamostat,Camostat,,,
B02AB05,Ulinastatin,Ulinastatin,,,
B02B,Vitamin K och andra koagulationsfaktorer,Vitamin K and other hemostatics,,,
B02BA,Vitamin K,Vitamin K,,,
B02BA01,Fytomenadion,Phytomenadione,,,
B02BA02,Menadion,Menadione,,,
B02BB,Fibrinogen,Fibrinogen,,,
B02BB01,"Fibrinogen, humant","Fibrinogen, human",,,
B02BC,Lokala hemostatika,Local hemostatics,,,
B02BC01,"Gelatin, härdat",Absorbable gelatin sponge,,,
B02BC02,"Cellulosa, oxiderat",Oxidized cellulose,,,
B02BC03,Tetragalakturonsyra hydroximetylester,Tetragalacturonic acid hydroxymethylester,,,
B02BC05,Adrenalon,Adrenalone,,,
B02BC06,Trombin,Thrombin,,,
B02BC07,Kollagen,Collagen,,,
B02BC08,Kalciumalginat,Calcium alginate,,,
B02BC09,Adrenalin,Adrenaline,,,
B02BC10,"Fibrinogen, humant","Fibrinogen, human",,,2013-12-31
B02BC30,Kombinationer,Combinations,,,
B02BD,Koagulationsfaktorer,Blood coagulation factors,,,
B02BD01,"Koagulationsfaktor IX, II, VII och X i kombination","Coagulation factor IX, II, VII and X in combination",,,
B02BD02,Koagulationsfaktor VIII,Coagulation factor VIII,,,
B02BD03,Aktiverat protrombinkomplex mot faktor VIII-antikroppar,Factor VIII inhibitor bypassing activity,,,
B02BD04,Koagulationsfaktor IX,Coagulation factor IX,,,
B02BD05,Koagulationsfaktor VII,Coagulation factor VII,,,
B02BD06,von Willebrandfaktor och koagulationsfaktor VIII i kombination,Von Willebrand factor and coagulation factor VIII in combination,,,
B02BD07,Koagulationsfaktor XIII,Coagulation factor XIII,,,
B02BD08,Koagulationsfaktor VIIa,Coagulation factor VIIa,,,
B02BD09,Nonakog alfa,Nonacog alfa,,,2016-12-31
B02BD10,von Willebrandfaktor,von Willebrand factor,,,
B02BD11,Katridekacog,Catridecacog,,,
B02BD12,Trenonakog alfa,Trenonacog alfa,,,2016-12-31
B02BD13,Koagulationsfaktor X,Coagulation factor X,,,
B02BD14,Susoktokog alfa,Susoctocog alfa,,,
B02BD15,Valoktokogen-roxaparvovek,Valoctocogene roxaparvovec,,,
B02BD16,Etranakogen-dezaparvovek,Etranacogene dezaparvovec,,,
B02BD17,Fidanakogen-elaparvovek,Fidanacogene elaparvovec,,,
B02BD18,Arvenakogen-sanparvovek,Arvenacogene sanparvovec,,,
B02BD30,Trombin,Thrombin,,,
B02BX,Övriga hemostatika för systemiskt bruk,Other systemic hemostatics,,,
B02BX01,Etamsylat,Etamsylate,,,
B02BX02,Karbazokrom,Carbazochrome,,,
B02BX03,Batroxobin,Batroxobin,,,
B02BX04,Romiplostim,Romiplostim,,,
B02BX05,Eltrombopag,Eltrombopag,,,
B02BX06,Emicizumab,Emicizumab,,,
B02BX07,Lusutrombopag,Lusutrombopag,,,
B02BX08,Avatrombopag,Avatrombopag,,,
B02BX09,Fostamatinib,Fostamatinib,,,
B02BX10,Koncizumab,Concizumab,,,
B02BX11,Marstacimab,Marstacimab,,,
B02BX12,Fitusiran,Fitusiran,,,
B03,Medel vid anemier,Antianemic preparations,,,
B03A,Medel vid järnbristanemier,Iron preparations,,,
B03AA,"Tvåvärt järn, perorala preparat","Iron bivalent, oral preparations",,,
B03AA01,Järn(II)glycinsulfat,Ferrous glycine sulfate,,,
B03AA02,Järn(II)fumarat,Ferrous fumarate,,,
B03AA03,Järn(II)glukonat,Ferrous gluconate,,,
B03AA04,Järn(II)karbonat,Ferrous carbonate,,,
B03AA05,Ferroklorid,Ferrous chloride,,,
B03AA06,Ferrosuccinat,Ferrous succinate,,,
B03AA07,Ferrosulfat,Ferrous sulfate,,,
B03AA08,Järn(II)tartrat,Ferrous tartrate,,,
B03AA09,Järn(II)aspartat,Ferrous aspartate,,,
B03AA10,Järn(II)askorbat,Ferrous ascorbate,,,
B03AA11,Järn(II)jodid,Ferrous iodine,,,
B03AA12,Järn(II)natriumcitrat,Ferrous sodium citrate,,,
B03AB,"Trevärt järn, perorala preparat","Iron trivalent, oral preparations",,,
B03AB01,Järn(III)natriumcitrat,Ferric sodium citrate,,,
B03AB02,Järnsackaros,Saccharated iron oxide,,,
B03AB03,Natriumferedetat,Sodium feredetate,,,
B03AB04,Järn(III)hydroxid,Ferric hydroxide,,,
B03AB05,Järnoxid polymaltoskomplexer,Ferric oxide polymaltose complexes,,,
B03AB06,Järn(III)citrat,Ferric citrate,,,2015-12-31
B03AB07,Kondroitinsulfat-järnkomplex,Chondroitin sulfate-iron complex,,,
B03AB08,Järn(III)acetyltransferrin,Ferric acetyl transferrin,,,
B03AB09,Järn(III)proteinsuccinylat,Ferric proteinsuccinylate,,,
B03AB10,Järn(III)maltol,Ferric maltol,,,
B03AC,"Järn, parenterala preparat","Iron, parenteral preparations",,,
B03AC01,Järnoxid polymaltoskomplexer,Ferric oxide polymaltose complexes,,,2013-12-31
B03AC02,Järnsackaros,Saccharated iron oxide,,,2013-12-31
B03AC03,Järnsorbitol,Iron-sorbitol-citric acid complex,,,2013-12-31
B03AC05,Ferrisorbitolglukuronsyrakomplex,Ferric sorbitol gluconic acid complex,,,2013-12-31
B03AC06,Järnoxid dextrankomplexer,Ferric oxide dextran complexes,,,2013-12-31
B03AC07,Ferrinatriumglukonatkomplex,Ferric sodium gluconate complex,,,2013-12-31
B03AD,Järn i kombination med folsyra,Iron in combination with folic acid,,,
B03AD01,Järn(II)aminosyrakomplex och folsyra,Ferrous amino acid complex and folic acid,,,
B03AD02,Järn(II)fumarat och folsyra,Ferrous fumarate and folic acid,,,
B03AD03,Järn(II)sulfat och folsyra,Ferrous sulfate and folic acid,,,
B03AD04,Järnoxid polymaltoskomplexer och folsyra,Ferric oxide polymaltose complexes and folic acid,,,
B03AD05,Järn(II)glukonat och folsyra,Ferrous gluconate and folic acid,,,
B03AE,"Järn, övriga kombinationer",Iron in other combinations,,,
B03AE01,"Järn, vitamin B12 och folsyra","Iron, vitamin B12 and folic acid",,,
B03AE02,"Järn, multivitaminer och folsyra","Iron, multivitamins and folic acid",,,
B03AE03,Järn och multivitaminer,Iron and multivitamins,,,
B03AE04,"Järn, multivitaminer och mineraler","Iron, multivitamins and minerals",,,
B03AE10,Övriga kombinationer,Various combinations,,,
B03B,Vitamin B12 och folsyra,Vitamin B12 and folic acid,,,
B03BA,Vitamin B12 (cyanokobalamin och analoger),Vitamin B12 (cyanocobalamin and analogues),,,
B03BA01,Cyanokobalamin,Cyanocobalamin,,,
B03BA02,Cyanokobalamin-tanninkomplex,Cyanocobalamin tannin complex,,,
B03BA03,Hydroxokobalamin,Hydroxocobalamin,,,
B03BA04,Kobamamid,Cobamamide,,,
B03BA05,Mekobalamin,Mecobalamin,,,
B03BA51,"Cyanokobalamin, kombinationer","Cyanocobalamin, combinations",,,
B03BA53,"Hydroxokobalamin, kombinationer","Hydroxocobalamin, combinations",,,
B03BB,Folsyra och derivat,Folic acid and derivatives,,,
B03BB01,Folsyra,Folic acid,,,
B03BB51,"Folsyra, kombinationer","Folic acid, combinations",,,
B03X,Övriga medel vid anemier,Other antianemic preparations,,,
B03XA,Övriga medel vid anemier,Other antianemic preparations,,,
B03XA01,Erytropoietin,Erythropoietin,,,
B03XA02,Darbepoetin alfa,Darbepoetin alfa,,,
B03XA03,Metoxi-polyetylenglykol-epoetin beta,Methoxy polyethylene glycol-epoetin beta,,,
B03XA04,Peginesatid,Peginesatide,,,
B03XA05,Roxadustat,Roxadustat,,,
B03XA06,Luspatercept,Luspatercept,,,
B03XA07,Daprodustat,Daprodustat,,,
B03XA08,Vadadustat,Vadadustat,,,
B03XA09,Molidustat,Molidustat,,,
B03XA10,Efepoetin alfa,Efepoetin alfa,,,
B05,Blodersättning och infusionsvätskor,Blood substitutes and perfusion solutions,,,
B05A,Blod och relaterade produkter,Blood and related products,,,
B05AA,Blodersättning och plasmaproteiner,Blood substitutes and plasma protein fractions,,,
B05AA01,Albumin,Albumin,,,
B05AA02,Övriga plasmaproteiner,Other plasma protein fractions,,,
B05AA03,Fluorkarbonblodersättning,Fluorocarbon blood substitutes,,,
B05AA05,Dextran,Dextran,,,
B05AA06,Gelatinpreparat,Gelatin agents,,,
B05AA07,Polyhydroxietylstärkelse,Hydroxyethylstarch,,,
B05AA08,"Hemoglobin, krosfumaril",Hemoglobin crosfumaril,,,
B05AA09,Hemoglobin raffimer,Hemoglobin raffimer,,,
B05AA10,"Hemoglobin, glutamer (bovin)",Hemoglobin glutamer (bovine),,,
B05AX,Övriga blodprodukter,Other blood products,,,
B05AX01,Erytrocyter,Erythrocytes,,,
B05AX02,Trombocyter,Thrombocytes,,,
B05AX03,Blodplasma,Blood plasma,,,
B05AX04,Stamceller från navelsträngsblod,Stem cells from umbilical cord blood,,,
B05B,Infusionsvätskor,I.V. solutions,,,
B05BA,Lösningar för parenteral nutrition,Solutions for parenteral nutrition,,,
B05BA01,Aminosyror,Amino acids,,,
B05BA02,Fettemulsioner,Fat emulsions,,,
B05BA03,Kolhydrater,Carbohydrates,,,
B05BA04,Proteinhydrolysat,Protein hydrolysates,,,
B05BA10,Kombinationer,Combinations,,,
B05BB,Lösningar som påverkar elektrolytbalansen,Solutions affecting the electrolyte balance,,,
B05BB01,Elektrolyter,Electrolytes,,,
B05BB02,Elektrolyter och kolhydrater,Electrolytes with carbohydrates,,,
B05BB03,Trometamol,Trometamol,,,
B05BB04,Elektrolyter i kombination med andra medel,Electrolytes in combination with other drugs,,,
B05BC,Lösningar som framkallar osmotisk diures,Solutions producing osmotic diuresis,,,
B05BC01,Mannitol,Mannitol,,,
B05BC02,Karbamid,Carbamide,,,
B05C,Spolvätskor,Irrigating solutions,,,
B05CA,Antiinfektiva medel,Antiinfectives,,,
B05CA01,Cetylpyridinium,Cetylpyridinium,,,
B05CA02,Klorhexidin,Chlorhexidine,,,
B05CA03,Nitrofural,Nitrofural,,,
B05CA04,Sulfametizol,Sulfamethizole,,,
B05CA05,Taurolidin,Taurolidine,,,
B05CA06,Mandelinsyra,Mandelic acid,,,
B05CA07,Noxytiolin,Noxytiolin,,,
B05CA08,Etakridinlaktat,Ethacridine lactate,,,
B05CA09,Neomycin,Neomycin,,,
B05CA10,Kombinationer,Combinations,,,
B05CB,Saltlösningar,Salt solutions,,,
B05CB01,Natriumklorid,Sodium chloride,,,
B05CB02,Natriumcitrat,Sodium citrate,,,
B05CB03,Magnesiumcitrat,Magnesium citrate,,,
B05CB04,Natriumbikarbonat,Sodium bicarbonate,,,
B05CB10,Kombinationer,Combinations,,,
B05CX,Övriga spolvätskor,Other irrigating solutions,,,
B05CX01,Glukos,Glucose,,,
B05CX02,Sorbitol,Sorbitol,,,
B05CX03,Glycin,Glycine,,,
B05CX04,Mannitol,Mannitol,,,
B05CX10,Kombinationer,Combinations,,,
B05D,Peritonealdialysvätskor,Peritoneal dialytics,,,
B05DA,Isotona lösningar,Isotonic solutions,,,
B05DB,Hypertona lösningar,Hypertonic solutions,,,
B05X,Infusionskoncentrat,I.V. solution additives,,,
B05XA,Elektrolytlösningar,Electrolyte solutions,,,
B05XA01,Kaliumklorid,Potassium chloride,,,
B05XA02,Natriumbikarbonat,Sodium bicarbonate,,,
B05XA03,Natriumklorid,Sodium chloride,,,
B05XA04,Ammoniumklorid,Ammonium chloride,,,
B05XA05,Magnesiumsulfat,Magnesium sulfate,,,
B05XA06,"Kaliumfosfat, inkl. kombinationer med andra kaliumsalt","Potassium phosphate, incl. combinations with other potassium salts",,,
B05XA07,Kalciumklorid,Calcium chloride,,,
B05XA08,Natriumacetat,Sodium acetate,,,
B05XA09,Natriumfosfat,Sodium phosphate,,,
B05XA10,Magnesiumfosfat,Magnesium phosphate,,,
B05XA11,Magnesiumklorid,Magnesium chloride,,,
B05XA12,Zinkklorid,Zinc chloride,,,
B05XA13,Saltsyra,Hydrochloric acid,,,
B05XA14,Natriumglycerofosfat,Sodium glycerophosphate,,,
B05XA15,Kaliumlaktat,Potassium lactate,,,
B05XA16,Kardioplegilösningar,Cardioplegia solutions,,,
B05XA17,Kaliumacetat,Potassium acetate,,,
B05XA18,Zinksulfat,Zinc sulfate,,,
B05XA19,Kalciumglukonat,Calcium gluconate,,,
B05XA20,Natriumselenit,Sodium selenite,,,
B05XA30,Kombinationer av elektrolyter,Combinations of electrolytes,,,
B05XA31,Elektrolyter i kombination med andra medel,Electrolytes in combination With other drugs,,,
B05XB,Aminosyror,Amino acids,,,
B05XB01,Argininhydroklorid,Arginine hydrochloride,,,
B05XB02,Alanylglutamin,Alanyl glutamine,,,
B05XB03,Lysin,Lysine,,,
B05XC,Vitaminer,Vitamins,,,
B05XX,Övriga infusionskoncentrat,Other I.V. solution additives,,,
B05XX02,Trometamol,Trometamol,,,
B05Z,Hemodialysvätskor och hemofiltrationsvätskor,Hemodialytics and hemofiltrates,,,
B05ZA,Hypertona elektrolytlösningar,"Hemodialytics, concentrates",,,
B05ZB,Hemofiltrationsvätskor,Hemofiltrates,,,
B06,Övriga hematologiska medel,Other hematological agents,,,
B06A,Övriga hematologiska medel,Other hematological agents,,,
B06AA,Enzymer,Enzymes,,,
B06AA02,Fibrinolysin och deoxiribonukleas,Fibrinolysin and desoxyribonuclease,,,
B06AA03,Hyaluronidas,Hyaluronidase,,,
B06AA04,Kymotrypsin,Chymotrypsin,,,
B06AA07,Trypsin,Trypsin,,,
B06AA10,Deoxiribonukleas,Desoxyribonuclease,,,
B06AA11,Bromelain,Bromelains,,,2013-12-31
B06AA55,"Streptokinas, kombinationer","Streptokinase, combinations",,,
B06AB,Hematologiska medel,Heme products,,,
B06AB01,Hemin,Hemin,,,
B06AC,Medel använda vid ärftligt angioödem,Drugs used in hereditary angioedema,,,
B06AC01,"c1-hämmare, plasmaderiverad","c1-inhibitor, plasma derived",,,
B06AC02,Ikatibant,Icatibant,,,
B06AC03,Ekallantid,Ecallantide,,,
B06AC04,Konestat alfa,Conestat alfa,,,
B06AC05,Lanadelumab,Lanadelumab,,,
B06AC06,Berotralstat,Berotralstat,,,
B06AC07,Garadacimab,Garadacimab,,,
B06AC08,Sebetralstat,Sebetralstat,,,
B06AC09,Donidalorsen,Donidalorsen,,,
B06AX,Övriga hematologiska medel,Other hematological agents,,,
B06AX01,Krizanlizumab,Crizanlizumab,,,
B06AX02,Betibeglogen-autotemcel,Betibeglogene autotemcel,,,
B06AX03,Voxelotor,Voxelotor,,,
B06AX04,Mitapivat,Mitapivat,,,
B06AX05,Exagamglogen-autotemcel,Exagamglogene autotemcel,,,
B06AX06,Lovotibeglogen-autotemcel,Lovotibeglogene autotemcel,,,
B06AX07,Mozafankogen-autotemcel,Mozafancogene autotemcel,,,
C,Hjärta och kretslopp,Cardiovascular system,,,
C01,Medel vid hjärtsjukdomar,Cardiac therapy,,,
C01A,Hjärtglykosider,Cardiac glycosides,,,
C01AA,Digitalisglykosider,Digitalis glycosides,,,
C01AA01,Acetyldigitoxin,Acetyldigitoxin,,,
C01AA02,Acetyldigoxin,Acetyldigoxin,,,
C01AA03,Digitalisblad,Digitalis leaves,,,
C01AA04,Digitoxin,Digitoxin,,,
C01AA05,Digoxin,Digoxin,,,
C01AA06,Lanatosid C,Lanatoside C,,,
C01AA07,Deslanosid,Deslanoside,,,
C01AA08,Metyldigoxin,Metildigoxin,,,
C01AA09,Gitoformat,Gitoformate,,,
C01AA52,"Acetyldigoxin, kombinationer","Acetyldigoxin, combinations",,,
C01AB,Sjölöksglykosider,Scilla glycosides,,,
C01AB01,Proscillaridin,Proscillaridin,,,
C01AB51,"Proscillaridin, kombinationer","Proscillaridin, combinations",,,
C01AC,Strofantusglykosider,Strophantus glycosides,,,
C01AC01,G-Strofantin,G-strophanthin,,,
C01AC03,Cymarin,Cymarin,,,
C01AX,Övriga hjärtglykosider,Other cardiac glycosides,,,
C01AX02,Peruvosid,Peruvoside,,,
C01B,"Antiarytmika, klass I och III","Antiarrhythmics, class I and III",,,
C01BA,Antiarytmika klass IA,"Antiarrhythmics, class Ia",,,
C01BA01,Kinidin,Quinidine,,,
C01BA02,Prokainamid,Procainamide,,,
C01BA03,Disopyramid,Disopyramide,,,
C01BA04,Spartein,Sparteine,,,
C01BA05,Ajmalin,Ajmaline,,,
C01BA08,Prajmalin,Prajmaline,,,
C01BA12,Lorajmin,Lorajmine,,,
C01BA13,Hydrokinidin,Hydroquinidine,,,
C01BA51,"Kinidin, kombinationer exkl neuroleptika","Quinidine, combinations excl. psycholeptics",,,
C01BA71,"Kinidin, kombinationer med neuroleptika","Quinidine, combinations with psycholeptics",,,
C01BB,Antiarytmika klass IB,"Antiarrhythmics, class IB",,,
C01BB01,Lidokain,Lidocaine,,,
C01BB02,Mexiletin,Mexiletine,,,
C01BB03,Tokainid,Tocainide,,,
C01BB04,Aprindin,Aprindine,,,
C01BC,Antiarytmika klass IC,"Antiarrhythmics, class IC",,,
C01BC03,Propafenon,Propafenone,,,
C01BC04,Flekainid,Flecainide,,,
C01BC07,Lorkainid,Lorcainide,,,
C01BC08,Enkainid,Encainide,,,
C01BC09,Etacizin,Ethacizine,,,
C01BD,Antiarytmika klass III,"Antiarrhythmics, class III",,,
C01BD01,Amiodaron,Amiodarone,,,
C01BD02,Bretyltosilat,Bretylium tosilate,,,
C01BD03,Bunaftin,Bunaftine,,,
C01BD04,Dofetilid,Dofetilide,,,
C01BD05,Ibutilid,Ibutilide,,,
C01BD06,Tedisamil,Tedisamil,,,
C01BD07,Dronedaron,Dronedarone,,,
C01BG,"Övriga antiarytmika, klass I och III","Other antiarrhythmics, class I and III",,,
C01BG01,Moracizin,Moracizine,,,
C01BG07,Cibenzolin,Cibenzoline,,,
C01BG11,Vernakalant,Vernakalant,,,
C01C,Hjärtstimulerande medel exkl. hjärtglykosider,Cardiac stimulants excl. cardiac glycosides,,,
C01CA,Adrenerga och dopaminerga medel,Adrenergic and dopaminergic agents,,,
C01CA01,Etilefrin,Etilefrine,,,
C01CA02,Isoprenalin,Isoprenaline,,,
C01CA03,Noradrenalin,Noradrenaline,,,
C01CA04,Dopamin,Dopamine,,,
C01CA05,Norfenefrin,Norfenefrine,,,
C01CA06,Fenylefrin,Phenylephrine,,,
C01CA07,Dobutamin,Dobutamine,,,
C01CA08,Oxedrin,Oxedrine,,,
C01CA09,Metaraminol,Metaraminol,,,
C01CA10,Metoxamin,Methoxamine,,,
C01CA11,Mefentermin,Mephentermine,,,
C01CA12,Dimetofrin,Dimetofrine,,,
C01CA13,Prenalterol,Prenalterol,,,
C01CA14,Dopexamin,Dopexamine,,,
C01CA15,Gepefrin,Gepefrine,,,
C01CA16,Ibopamin,Ibopamine,,,
C01CA17,Midodrin,Midodrine,,,
C01CA18,Oktopamin,Octopamine,,,
C01CA19,Fenoldopam,Fenoldopam,,,
C01CA21,Kafedrin,Cafedrine,,,
C01CA22,Arbutamin,Arbutamine,,,
C01CA23,Teodrenalin,Theodrenaline,,,
C01CA24,Adrenalin,Adrenaline,,,
C01CA25,Amezinium metylsulfat,Amezinium metilsulfate,,,
C01CA26,Efedrin,Ephedrine,,,
C01CA27,Droxidopa,Droxidopa,,,
C01CA28,Centakvin,Centhaquine,,,
C01CA30,Kombinationer,Combinations,,,
C01CA51,"Etilefrin, kombinationer","Etilefrine, combinations",,,
C01CC,Analeptika,Respiratory stimulants,,,2012-12-13
C01CC01,Doxapram,Doxapram,,,1992-12-31
C01CC02,Niketamid,Nikethamide,,,1992-12-31
C01CC03,Pentetrazol,Pentetrazol,,,1992-12-31
C01CC04,Etamivan,Etamivan,,,1992-12-31
C01CC05,Bemegrid,Bemegride,,,1992-12-31
C01CC06,Pretkamid,Prethcamide,,,1992-12-31
C01CC07,Almitrin,Almitrine,,,1992-12-31
C01CC52,"Niketamid, kombinationer","Nikethamide, combinations",,,1992-12-31
C01CC53,"Pentetrazol, kombinationer","Pentetrazol, combinations",,,1992-12-31
C01CE,Fosfodiesterashämmare,Phosphodiesterase inhibitors,,,
C01CE01,Amrinon,Amrinone,,,
C01CE02,Milrinon,Milrinone,,,
C01CE03,Enoximon,Enoximone,,,
C01CE04,Bukladesin,Bucladesine,,,
C01CX,Övriga hjärtstimulerande medel,Other cardiac stimulants,,,
C01CX06,Angiotensinamid,Angiotensinamide,,,
C01CX07,Xamoterol,Xamoterol,,,
C01CX08,Levosimendan,Levosimendan,,,
C01CX09,Angiotensin II,Angiotensin II,,,
C01CX10,Omekamtivmekarbil,Omecamtiv mecarbil,,,
C01D,Kärlvidgande medel vid hjärtsjukdomar,Vasodilators used in cardiac diseases,,,
C01DA,Organiska nitrater,Organic nitrates,,,
C01DA02,Glyceryltrinitrat,Glyceryl trinitrate,,,
C01DA03,Itramintosylat,Itramin tosilate,,,1992-12-31
C01DA04,Metylpropylpropandioldinitrat,Methylpropylpropanediol dinitrate,,,
C01DA05,Pentaeritrityltetranitrat,Pentaerithrityl tetranitrate,,,
C01DA06,Prenylamin,Prenylamine,,,1992-12-31
C01DA07,Propatylnitrat,Propatylnitrate,,,
C01DA08,Isosorbiddinitrat,Isosorbide dinitrate,,,
C01DA09,Trolnitrat,Trolnitrate,,,
C01DA11,Oxifedrin,Oxyfedrine,,,1992-12-31
C01DA12,Benziodaron,Benziodarone,,,1992-12-31
C01DA13,Eritrityltetranitrat,Eritrityl tetranitrate,,,
C01DA14,Isosorbidmononitrat,Isosorbide mononitrate,,,
C01DA19,Karbokromen,Carbocromen,,,1992-12-31
C01DA20,"Organiska nitrater, kombinationer",Organic nitrates in combination,,,
C01DA22,Hexobendin,Hexobendine,,,1992-12-31
C01DA23,Etafenon,Etafenone,,,1992-12-31
C01DA24,Heptaminol,Heptaminol,,,1992-12-31
C01DA25,Imolamin,Imolamine,,,1992-12-31
C01DA27,Dilazep,Dilazep,,,1992-12-31
C01DA32,Trapidil,Trapidil,,,1992-12-31
C01DA34,Molsidomin,Molsidomine,,,1992-12-31
C01DA36,Efloxat,Efloxate,,,1992-12-31
C01DA37,Cinepazet,Cinepazet,,,1992-12-31
C01DA38,Tenitramin,Tenitramine,,,
C01DA51,"Dipyridamol, kombinationer","Dipyridamole, combinations",,,2012-12-13
C01DA52,"Glyceryltrinitrat, kombinationer","Glyceryl trinitrate, combinations",,,
C01DA53,"Itramintosylat, kombinationer","Itramin tosilate, combinations",,,1992-12-31
C01DA54,"Metylpropylpropandioldinitrat, kombinationer","Methylpropylpropanediol dinitrate, combinations",,,
C01DA55,"Pentaeritrityltetranitrat, kombinationer","Pentaerithrityl tetranitrate, combinations",,,
C01DA56,"Prenylamin, kombinationer","Prenylamine, combinations",,,1992-12-31
C01DA57,"Propatylnitrat, kombinationer","Propatylnitrate, combinations",,,
C01DA58,"Isosorbiddinitrat, kombinationer","Isosorbide dinitrate, combinations",,,
C01DA59,"Trolnitrat, kombinationer","Trolnitrate, combinations",,,
C01DA61,"Oxifedrin, kombinationer","Oxyfedrine, combinations",,,1992-12-31
C01DA62,"Benziodaron, kombinationer","Benziodarone, combinations",,,1992-12-31
C01DA63,"Eritrityltetranitrat, kombinationer","Eritrityl tetranitrate, combinations",,,
C01DA70,Organiska nitrater i kombination med neuroleptika,Organic nitrates in combination with psycholeptics,,,
C01DB,Kärlvidgande kinoloner,Quinolone vasodilators,,,
C01DB01,Flosekinan,Flosequinan,,,
C01DX,Övriga kärlvidgande medel vid hjärtsjukdomar,Other vasodilators used in cardiac diseases,,,
C01DX01,Itramintosilat,Itramin tosilate,,,
C01DX02,Prenylamin,Prenylamine,,,
C01DX03,Oxyfedrin,Oxyfedrine,,,
C01DX04,Bensiodaron,Benziodarone,,,
C01DX05,Karbokromen,Carbocromen,,,
C01DX06,Hexobendin,Hexobendine,,,
C01DX07,Etafenon,Etafenone,,,
C01DX08,Heptaminol,Heptaminol,,,
C01DX09,Imolamin,Imolamine,,,
C01DX10,Dilazep,Dilazep,,,
C01DX11,Trapidil,Trapidil,,,
C01DX12,Molsidomin,Molsidomine,,,
C01DX13,Efloxat,Efloxate,,,
C01DX14,Cinepazet,Cinepazet,,,
C01DX15,Kloridarol,Cloridarol,,,
C01DX16,Nikorandil,Nicorandil,,,
C01DX18,Linsidomin,Linsidomine,,,
C01DX19,Nesiritid,Nesiritide,,,
C01DX21,Serelaxin,Serelaxin,,,
C01DX22,Vericiguat,Vericiguat,,,
C01DX51,"Itramintosilat, kombinationer","Itramin tosilate, combinations",,,
C01DX52,"Prenylamin, kombinationer","Prenylamine, combinations",,,
C01DX53,"Oxyfedrin, kombinationer","oxyfedrine, combinations",,,
C01DX54,"Bensiodaron, kombinationer","benziodarone, combinations",,,
C01E,Övriga medel vid hjärtsjukdomar,Other cardiac preparations,,,
C01EA,Prostaglandiner,Prostaglandins,,,
C01EA01,Alprostadil,Alprostadil,,,
C01EB,Övriga medel vid hjärtsjukdomar,Other cardiac preparations,,,
C01EB02,Kamfer,Camphora,,,
C01EB03,Indometacin,Indometacin,,,
C01EB04,Crataegusglykosider,Crataegus glycosides,,,
C01EB05,Kreatinolfosfat,Creatinolfosfate,,,
C01EB06,Fosfokreatin,Fosfocreatine,,,
C01EB07,"Fruktos 1,6-difosfat","Fructose 1,6-diphosphate",,,
C01EB08,Levokarnitin,Levocarnitine,,,1992-12-31
C01EB09,Ubidekarenon,Ubidecarenone,,,
C01EB10,Adenosin,Adenosine,,,
C01EB11,Tiracizin,Tiracizine,,,
C01EB12,Tedisamil,Tedisamil,,,2008-12-31
C01EB13,Akadesin,Acadesine,,,
C01EB15,Trimetazidin,Trimetazidine,,,
C01EB16,Ibuprofen,Ibuprofen,,,
C01EB17,Ivabradin,Ivabradine,,,
C01EB18,Ranolazin,Ranolazine,,,
C01EB19,Ikatibant,Icatibant,,,2011-12-31
C01EB21,Regadenoson,Regadenoson,,,
C01EB22,Meldonium,Meldonium,,,
C01EB23,Tiazotinsyra,Tiazotic acid,,,
C01EB24,Mavakamten,Mavacamten,,,
C01EB25,Akoramidis,Acoramidis,,,
C01EX,Övriga kombinationspreparat vid hjärtsjukdomar,Other cardiac combination products,,,
C02,Antihypertensiva medel,Antihypertensives,,,
C02A,Antiadrenerga preparat med central verkan,"Antiadrenergic agents, centrally acting",,,
C02AA,Rauwolfiaalkaloider,Rauwolfia alkaloids,,,
C02AA01,Rescinnamin,Rescinnamine,,,
C02AA02,Reserpin,Reserpine,,,
C02AA03,Kombinationer av rauwolfiaalkaloider,Combinations of rauwolfia alkaloids,,,
C02AA04,"Rauwolfiaalkaloider, hela roten","Rauwolfia alkaloids, whole root",,,
C02AA05,Deserpidin,Deserpidine,,,
C02AA06,Metoserpidin,Methoserpidine,,,
C02AA07,Bietaserpin,Bietaserpine,,,
C02AA52,"Reserpin, kombinationer","Reserpine, combinations",,,
C02AA53,"Kombinationer av rauwolfiaalkaloider, kombinationer","Combinations of rauwolfia alkaloids, combinations",,,
C02AA57,"Bietaserpin, kombinationer","Bietaserpine, combinations",,,
C02AB,Metyldopa,Methyldopa,,,
C02AB01,Metyldopa (L-form),Methyldopa (levorotatory),,,
C02AB02,Metyldopa (racemat),Methyldopa (racemic),,,
C02AC,Imidazolinreceptoragonister,Imidazoline receptor agonists,,,
C02AC01,Klonidin,Clonidine,,,
C02AC02,Guanfacin,Guanfacine,,,
C02AC04,Tolonidin,Tolonidine,,,
C02AC05,Moxonidin,Moxonidine,,,
C02AC06,Rilmenidin,Rilmenidine,,,
C02B,"Antiadrenerga preparat, ganglieblockerande","Antiadrenergic agents, ganglion-blocking",,,
C02BA,Sulfoniumderivat,Sulfonium derivatives,,,
C02BA01,Trimetafan,Trimetaphan,,,
C02BB,Sekundära och tertiära aminer,Secondary and tertiary amines,,,
C02BB01,Mekamylamin,Mecamylamine,,,
C02BC,Biskvartära ammoniumföreningar,Bisquaternary ammonium compounds,,,
C02C,Antiadrenerga preparat med perifer verkan,"Antiadrenergic agents, peripherally acting",,,
C02CA,Alfa-adrenoreceptorantagonister,Alpha-adrenoreceptor antagonists,,,
C02CA01,Prazosin,Prazosin,,,
C02CA02,Indoramin,Indoramin,,,
C02CA03,Trimazosin,Trimazosin,,,
C02CA04,Doxazosin,Doxazosin,,,
C02CA06,Urapidil,Urapidil,,,
C02CB,Alfa-1- och beta-receptorblockerande medel,Alpha- and beta- adrenoreceptor antagonists,,,2012-12-13
C02CB01,Labetalol,Labetalol,,,1993-12-31
C02CC,Guanidinderivat,Guanidine derivatives,,,
C02CC01,Betanidin,Betanidine,,,
C02CC02,Guanetidin,Guanethidine,,,
C02CC03,Guanoxan,Guanoxan,,,
C02CC04,Debrisokin,Debrisoquine,,,
C02CC05,Guanoklor,Guanoclor,,,
C02CC06,Guanazodin,Guanazodine,,,
C02CC07,Guanoxabens,Guanoxabenz,,,
C02D,Medel som påverkar glatt muskulatur i perifera kärl,"Arteriolar smooth muscle, agents acting on",,,
C02DA,Tiazidderivat,Thiazide derivatives,,,
C02DA01,Diazoxid,Diazoxide,,,
C02DB,Hydrazinoftalazinderivat,Hydrazinophthalazine derivatives,,,
C02DB01,Dihydralazin,Dihydralazine,,,
C02DB02,Hydralazin,Hydralazine,,,
C02DB03,Endralazin,Endralazine,,,
C02DB04,Kadralazin,Cadralazine,,,
C02DC,Pyrimidinderivat,Pyrimidine derivatives,,,
C02DC01,Minoxidil,Minoxidil,,,
C02DD,Nitrojärn(III)cyanidderivat,Nitroferricyanide derivatives,,,
C02DD01,Nitroprussid,Nitroprusside,,,
C02DE,Kalciumflödeshämmare,Calcium channel blockers,,,2012-12-13
C02DE01,Verapamil,Verapamil,,,1993-12-31
C02DE02,Nifedipin,Nifedipine,,,1993-12-31
C02DG,Guanidinderivat,Guanidine derivatives,,,
C02DG01,Pinacidil,Pinacidil,,,
C02K,Övriga antihypertensiva medel,Other antihypertensives,,,
C02KA,"Alkaloider, exkl rauwolfia","Alkaloids, excl. rauwolfia",,,
C02KA01,Veratrum,Veratrum,,,
C02KB,Tyrosinhydroxilashämmare,Tyrosine hydroxylase inhibitors,,,
C02KB01,Metirosin,Metirosine,,,
C02KC,MAO-hämmare,MAO inhibitors,,,
C02KC01,Pargylin,Pargyline,,,
C02KD,Serotoninantagonister,Serotonin antagonists,,,
C02KD01,Ketanserin,Ketanserin,,,
C02KN,Övriga antihypertensiva medel,Other antihypertensives,,,
C02KN01,Aprocitentan,Aprocitentan,,,
C02KN02,Baxdrostat,Baxdrostat,,,
C02KX,Antihypertensiva medel för pulmonell arteriell hypertension,Antihypertensives for pulmonary arterial hypertension,,,
C02KX01,Bosentan,Bosentan,,,
C02KX02,Ambrisentan,Ambrisentan,,,
C02KX03,Sitaxentan,Sitaxentan,,,
C02KX04,Macitentan,Macitentan,,,
C02KX05,Riociguat,Riociguat,,,
C02KX06,Sotatercept,Sotatercept,,,
C02KX52,Ambrisentan och tadalafil,Ambrisentan and tadalafil,,,
C02KX54,Macitentan och tadalafil,Macitentan and tadalafil,,,
C02L,Antihypertensiva medel i kombination med diuretika,Antihypertensives and diuretics in combination,,,
C02LA,Rauwolfiaalkaloider i kombination med diuretika,Rauwolfia alkaloids and diuretics in combination,,,
C02LA01,Reserpin och diuretika,Reserpine and diuretics,,,
C02LA02,Rescinnamin och diuretika,Rescinnamine and diuretics,,,
C02LA03,Deserpidin och diuretika,Deserpidine and diuretics,,,
C02LA04,Metoserpidin och diuretika,Methoserpidine and diuretics,,,
C02LA07,Bietaserpin och diuretika,Bietaserpine and diuretics,,,
C02LA08,"Rauwolfiaalkaloider, hela roten och diuretika","Rauwolfia alkaloids, whole root and diuretics",,,
C02LA09,Syrosingopin och diuretika,Syrosingopine and diuretics,,,
C02LA50,Kombination av rauwolfiaalkaloider och diuretika inkl. övriga kombinationer,Combination of rauwolfia alkaloids and diuretics incl. other combinations,,,
C02LA51,"Reserpin och diuretika, kombinationer med andra medel","Reserpine and diuretics, combinations with other drugs",,,
C02LA52,"Rescinnamin och diuretika, kombinationer med andra medel","Rescinnamine and diuretics, combinations with other drugs",,,
C02LA71,"Reserpin och diuretika, kombinationer med neuroleptika","Reserpine and diuretics, combinations with psycholeptics",,,
C02LB,Metyldopa i kombination med diuretika,Methyldopa and diuretics in combination,,,
C02LB01,Metyldopa (L-form) och diuretika,Methyldopa (levorotatory) and diuretics,,,
C02LC,Imidazolinreceptoragonister i kombination med diuretika,Imidazoline receptor agonists in combination with diuretics,,,
C02LC01,Klonidin och diuretika,Clonidine and diuretics,,,
C02LC05,Moxonidin och diuretika,Moxonidine and diuretics,,,
C02LC51,"Klonidin och diuretika, kombinationer med andra medel","Clonidine and diuretics, combinations with other drugs",,,
C02LD,Alfa- och beta-adrenoceptorblockerande medel och diuretika,Alpha- and beta-adrenoceptor blocking agents and diuretics,,,2012-12-13
C02LD01,Labetalol och diuretika,Labetalol and diuretics,,,1993-12-31
C02LE,Alfa-adrenoreceptorantagonister och diuretika,Alpha-adrenoreceptor antagonists and diuretics,,,
C02LE01,Prazosin och diuretika,Prazosin and diuretics,,,
C02LF,Guanidinderivat och diuretika,Guanidine derivatives and diuretics,,,
C02LF01,Guanetidin och diuretika,Guanethidine and diuretics,,,
C02LG,Hydrazinoftalazinderivat och diuretika,Hydrazinophthalazine derivatives and diuretics,,,
C02LG01,Dihydralazin och diuretika,Dihydralazine and diuretics,,,
C02LG02,Hydralazin och diuretika,Hydralazine and diuretics,,,
C02LG03,Pikodralazin och diuretika,Picodralazine and diuretics,,,
C02LG51,"Dihydralazin och diuretika, kombinationer med andra medel","Dihydralazine and diuretics, combinations with other drugs",,,
C02LG73,"Pikodralazin och diuretika, kombinationer med neuroleptika","Picodralazine and diuretics, combinations with psycholeptics",,,
C02LK,"Alkaloider, exkl rauwolfia, i kombination med diuretika","Alkaloids, excl. rauwolfia, in combination with diuretics",,,
C02LK01,Veratrum och diuretika,Veratrum and diuretics,,,
C02LL,MAO-hämmare och diuretika,MAO inhibitors and diuretics,,,
C02LL01,Pargylin och diuretika,Pargyline and diuretics,,,
C02LN,Serotoninantagonister och diuretika,Serotonin antagonists and diuretics,,,
C02LX,Övriga antihypertensiva medel och diuretika,Other antihypertensives and diuretics,,,
C02LX01,Pinacidil och diuretika,Pinacidil and diuretics,,,
C02N,Kombination av antihypertensiva medel i ATC-grupp C02,Combinations of antihypertensives in ATC-gr. C02,,,
C03,Diuretika,Diuretics,,,
C03A,Tiazider,"Low-ceiling diuretics, thiazides",,,
C03AA,Tiazider,"Thiazides, plain",,,
C03AA01,Bendroflumetiazid,Bendroflumethiazide,,,
C03AA02,Hydroflumetiazid,Hydroflumethiazide,,,
C03AA03,Hydroklortiazid,Hydrochlorothiazide,,,
C03AA04,Klortiazid,Chlorothiazide,,,
C03AA05,Polytiazid,Polythiazide,,,
C03AA06,Triklormetiazid,Trichlormethiazide,,,
C03AA07,Cyklopentiazid,Cyclopenthiazide,,,
C03AA08,Metyklotiazid,Methyclothiazide,,,
C03AA09,Cyklotiazid,Cyclothiazide,,,
C03AA13,Mebutizid,Mebutizide,,,
C03AB,Tiazider i kombination med kalium,Thiazides and potassium in combination,,,
C03AB01,Bendroflumetiazid och kalium,Bendroflumethiazide and potassium,,,
C03AB02,Hydroflumetiazid och kalium,Hydroflumethiazide and potassium,,,
C03AB03,Hydroklortiazid och kalium,Hydrochlorothiazide and potassium,,,
C03AB04,Klortiazid och kalium,Chlorothiazide and potassium,,,
C03AB05,Polytiazid och kalium,Polythiazide and potassium,,,
C03AB06,Triklormetiazid och kalium,Trichlormethiazide and potassium,,,
C03AB07,Cyklopentiazid och kalium,Cyclopenthiazide and potassium,,,
C03AB08,Metylklotiazid och kalium,Methyclothiazide and potassium,,,
C03AB09,Cyklotiazid och kalium,Cyclothiazide and potassium,,,
C03AH,Tiazider i komb med neuroleptika och/eller analgetika,"Thiazides, combinations with psycholeptics and/or analgesics",,,
C03AH01,"Klortiazid, kombinationer","Chlorothiazide, combinations",,,
C03AH02,"Hydroflumetiazid, kombinationer","Hydroflumethiazide, combinations",,,
C03AX,Tiazider i kombination med andra medel,"Thiazides, combinations with other drugs",,,
C03AX01,"Hydroklortiazid, kombinationer","Hydrochlorothiazide, combinations",,,
C03B,Tiazidbesläktade diuretika,"Low-ceiling diuretics, excl. thiazides",,,
C03BA,Sulfonamidderivat,"Sulfonamides, plain",,,
C03BA02,Kinetazon,Quinethazone,,,
C03BA03,Klopamid,Clopamide,,,
C03BA04,Klortalidon,Chlortalidone,,,
C03BA05,Mefrusid,Mefruside,,,
C03BA07,Klofenamid,Clofenamide,,,
C03BA08,Metolazon,Metolazone,,,
C03BA09,Metikran,Meticrane,,,
C03BA10,Xipamid,Xipamide,,,
C03BA11,Indapamid,Indapamide,,,
C03BA12,Klorexolon,Clorexolone,,,
C03BA13,Fenkizon,Fenquizone,,,
C03BA82,"Klorexolon, kombinationer med neuroleptika","Clorexolone, combinations with psycholeptics",,,
C03BB,Sulfonamider i kombination med kalium,Sulfonamides and potassium in combination,,,
C03BB02,Kinetazon och kalium,Quinethazone and potassium,,,
C03BB03,Klopamid och kalium,Clopamide and potassium,,,
C03BB04,Klortalidon och kalium,Chlortalidone and potassium,,,
C03BB05,Mefrusid och kalium,Mefruside and potassium,,,
C03BB07,Klofenamid och kalium,Clofenamide and potassium,,,
C03BC,Kvicksilverdiuretika,Mercurial diuretics,,,
C03BC01,Mersalyl,Mersalyl,,,
C03BD,Xantinderivat,Xanthine derivatives,,,
C03BD01,Teobromin,Theobromine,,,
C03BK,Sulfonamider i kombination med andra medel,"Sulfonamides, combinations with other drugs",,,
C03BX,Övriga tiazidbesläktade diuretika,Other low-ceiling diuretics,,,
C03BX03,Cikletanin,Cicletanine,,,
C03C,Loop-diuretika,High-ceiling diuretics,,,
C03CA,Sulfonamider,"Sulfonamides, plain",,,
C03CA01,Furosemid,Furosemide,,,
C03CA02,Bumetanid,Bumetanide,,,
C03CA03,Piretanid,Piretanide,,,
C03CA04,Torasemid,Torasemide,,,
C03CB,Sulfonamider i kombination med kalium,Sulfonamides and potassium in combination,,,
C03CB01,Furosemid och kalium,Furosemide and potassium,,,
C03CB02,Bumetanid och kalium,Bumetanide and potassium,,,
C03CC,Fenoxiättiksyraderivat,Aryloxyacetic acid derivatives,,,
C03CC01,Etakrynsyra,Etacrynic acid,,,
C03CC02,Tienilsyra,Tienilic acid,,,
C03CD,Pyrazolonderivat,Pyrazolone derivatives,,,
C03CD01,Muzolimin,Muzolimine,,,
C03CX,Övriga loop-diuretika,Other high-ceiling diuretics,,,
C03CX01,Etozolin,Etozolin,,,
C03D,Aldosteronantagonister och övriga kaliumsparande medel,Aldosterone antagonists and other potassium-sparing agents,,,
C03DA,Aldosteronantagonister,Aldosterone antagonists,,,
C03DA01,Spironolakton,Spironolactone,,,
C03DA02,Kaliumkanrenoat,Potassium canrenoate,,,
C03DA03,Kanrenon,Canrenone,,,
C03DA04,Eplerenon,Eplerenone,,,
C03DA05,Finerenon,Finerenone,,,
C03DA54,Eplerenon och dapagliflozin,Eplerenone and dapagliflozin,,,
C03DB,Övriga kaliumsparande medel,Other potassium-sparing agents,,,
C03DB01,Amilorid,Amiloride,,,
C03DB02,Triamteren,Triamterene,,,
C03E,Diuretika i kombination med kaliumsparande medel,Diuretics and potassium-sparing agents in combination,,,
C03EA,Tiazidbesläktad diuretika och kaliumsparande medel,Low-ceiling diuretics and potassium-sparing agents,,,
C03EA01,Hydroklortiazid och kaliumsparande medel,Hydrochlorothiazide and potassium-sparing agents,,,
C03EA02,Triklormetiazid och kaliumsparande medel,Trichlormethiazide and potassium-sparing agents,,,
C03EA03,Epitizid och kaliumsparande medel,Epitizide and potassium-sparing agents,,,
C03EA04,Altizid och kaliumsparande medel,Altizide and potassium-sparing agents,,,
C03EA05,Mebutizid och kaliumsparande medel,Mebutizide and potassium-sparing agents,,,
C03EA06,Klortalidon och kaliumsparande medel,Chlortalidone and potassium-sparing agents,,,
C03EA07,Cyklopentiazid och kaliumsparande medel,Cyclopenthiazide and potassium-sparing agents,,,
C03EA12,Metolazon och kaliumsparande medel,Metolazone and potassium-sparing agents,,,
C03EA13,Bendroflumetiazid och kaliumsparande medel,Bendroflumethiazide and potassium-sparing agents,,,
C03EA14,Butizid och kaliumsparande medel,Butizide and potassium-sparing agents,,,
C03EB,Loop-diuretika och kaliumsparande medel,High-ceiling diuretics and potassium-sparing agents,,,
C03EB01,Furosemid och kaliumsparande diuretika,Furosemide and potassium-sparing agents,,,
C03EB02,Bumetanid och kaliumsparande medel,Bumetanide and potassium-sparing agents,,,
C03EB03,Torasemid och kaliumsparande medel,Torasemide and potassium-sparing agents,,,
C03X,Övriga diuretika,Other diuretics,,,
C03XA,Vasopressinantagonister,Vasopressin antagonists,,,
C03XA01,Tolvaptan,Tolvaptan,,,
C03XA02,Konivaptan,Conivaptan,,,
C04,Perifera vasodilatorer,Peripheral vasodilators,,,
C04A,Perifera vasodilatorer,Peripheral vasodilators,,,
C04AA,2-Amino-1-fenyletanolderivat,2-amino-1-phenylethanol derivatives,,,
C04AA01,Isoxsuprin,Isoxsuprine,,,
C04AA02,Bufenin,Buphenine,,,
C04AA31,Bametan,Bamethan,,,
C04AB,Imidazolinderivat,Imidazoline derivatives,,,
C04AB01,Fentolamin,Phentolamine,,,
C04AB02,Tolazolin,Tolazoline,,,
C04AC,Nikotinsyra och derivat,Nicotinic acid and derivatives,,,
C04AC01,Nikotinsyra,Nicotinic acid,,,
C04AC02,Nikotinylalkohol,Nicotinyl alcohol (pyridylcarbinol),,,
C04AC03,Inositolnikotinat,Inositol nicotinate,,,
C04AC07,Ciklonikat,Ciclonicate,,,
C04AD,Purinderivat,Purine derivatives,,,
C04AD01,Pentifyllin,Pentifylline,,,
C04AD02,Xantinolnikotinat,Xantinol nicotinate,,,
C04AD03,Pentoxifyllin,Pentoxifylline,,,
C04AD04,Etofyllinnikotinat,Etofylline nicotinate,,,
C04AE,Mjöldrygealkaloider,Ergot alkaloids,,,
C04AE01,Ergoloidmesylat,Ergoloid mesylates,,,
C04AE02,Nicergolin,Nicergoline,,,
C04AE03,Ergoloid,Ergoloid,,,2012-12-13
C04AE04,Dihydroergokristin,Dihydroergocristine,,,
C04AE05,Dihydroergocryptin mesylat,Dihydroergocryptine mesylate,,,2012-12-13
C04AE51,"Ergoloidmesylat, kombinationer","Ergoloid mesylates, combinations",,,
C04AE54,"Dihydroergokristin, kombinationer","Dihydroergocristine, combinations",,,
C04AF,Enzymer,Enzymes,,,
C04AF01,Kallidinogenas,Kallidinogenase,,,
C04AX,Övriga perifera vasodilatorer,Other peripheral vasodilators,,,
C04AX01,Cyklandelat,Cyclandelate,,,
C04AX02,Fenoxybensamin,Phenoxybenzamine,,,
C04AX06,Betahistin,Betahistine,,,1992-12-31
C04AX07,Vinkamin,Vincamine,,,
C04AX09,Cinnarizin,Cinnarizine,,,1992-12-31
C04AX10,Moxisylyt,Moxisylyte,,,
C04AX11,Bencyklan,Bencyclane,,,
C04AX17,Vinburnin,Vinburnine,,,
C04AX19,Suloktidil,Suloctidil,,,
C04AX20,Buflomedil,Buflomedil,,,
C04AX21,Naftidrofuryl,Naftidrofuryl,,,
C04AX22,Flunarizin,Flunarizine,,,1992-12-31
C04AX23,Butalmin,Butalamine,,,
C04AX24,Visnadin,Visnadine,,,
C04AX26,Cetiedil,Cetiedil,,,
C04AX27,Cinepazid,Cinepazide,,,
C04AX28,Ifenprodil,Ifenprodil,,,
C04AX30,Azapetin,Azapetine,,,
C04AX31,Trimetazidin,Trimetazidine,,,1993-12-31
C04AX32,Fasudil,Fasudil,,,
C04AX33,Klazosentan,Clazosentan,,,
C05,Kärlskyddande medel,Vasoprotectives,,,
C05A,Utvärtes medel vid hemorrojder och analfissurer,Agents for treatment of hemorrhoids and anal fissures for topical use,,,
C05AA,Kortikosteroider,Corticosteroids,,,
C05AA01,Hydrokortison,Hydrocortisone,,,
C05AA04,Prednisolon,Prednisolone,,,
C05AA05,Betametason,Betamethasone,,,
C05AA06,Fluorometolon,Fluorometholone,,,
C05AA08,Fluokortolon,Fluocortolone,,,
C05AA09,Dexametason,Dexamethasone,,,
C05AA10,Fluocinolonacetonid,Fluocinolone acetonide,,,
C05AA11,Fluocinonid,Fluocinonide,,,
C05AA12,Triamcinolon,Triamcinolone,,,
C05AB,Antibiotika,Antibiotics,,,
C05AD,Lokalanestetika,Local anesthetics,,,
C05AD01,Lidokain,Lidocaine,,,
C05AD02,Tetrakain,Tetracaine,,,
C05AD03,Bensokain,Benzocaine,,,
C05AD04,Cinkokain,Cinchocaine,,,
C05AD05,Prokain,Procaine,,,
C05AD06,Oxetakain,Oxetacaine,,,
C05AD07,Pramokain,Pramocaine,,,
C05AE,Muskelavslappande medel,Muscle relaxants,,,
C05AE01,Glyceryltrinitrat,Glyceryl trinitrate,,,
C05AE02,Isosorbiddinitrat,Isosorbide dinitrate,,,
C05AE03,Diltiazem,Diltiazem,,,
C05AX,Övriga utvärtes medel vid hemorrojder och analfissurer,Other agents for treatment of hemorrhoids and anal fissures for topical use,,,
C05AX01,Aluminiumpreparat,Aluminium preparations,,,
C05AX02,"Vismutpreparat, kombinationer","Bismuth preparations, combinations",,,
C05AX03,"Övriga medel, kombinationer","Other preparations, combinations",,,
C05AX04,Zinkpreparat,Zinc preparations,,,
C05AX05,Tribenosid,Tribenoside,,,
C05AX06,Fenylefrin,Phenylephrine,,,
C05B,Medel för varixbehandling,Antivaricose therapy,,,
C05BA,Heparin eller heparinoida substanser för utvärtes bruk,Heparins or heparinoids for topical use,,,
C05BA01,Organiska heparinföreningar,Organo-heparinoid,,,
C05BA02,Natriumapolat,Sodium apolate,,,
C05BA03,Heparin,Heparin,,,
C05BA04,Pentosanpolysulfatnatrium,Pentosan polysulfate sodium,,,
C05BA51,"Heparinoid, kombinationer","Heparinoid, combinations",,,
C05BA53,"Heparin, kombinationer","Heparin, combinations",,,
C05BB,Medel för sklerosering för lokal injektion,Sclerosing agents for local injection,,,
C05BB01,Monoetanolaminoleat,Monoethanolamine oleate,,,
C05BB02,Polidokanol,Polidocanol,,,
C05BB03,Inverterat socker,Invert sugar,,,
C05BB04,Natriumtetradecylsulfat,Sodium tetradecyl sulfate,,,
C05BB05,Fenol,Phenol,,,
C05BB56,"Glukos, kombinationer","Glucose, combinations",,,
C05BX,Övriga medel för sklerosering,Other sclerosing agents,,,
C05BX01,Kalciumdobesilat,Calcium dobesilate,,,
C05BX51,"Kalciumdobesilat, kombinationer","Calcium dobesilate, combinations",,,
C05C,Kapillärstabiliserande medel,Capillary stabilizing agents,,,
C05CA,Bioflavonoider,Bioflavonoids,,,
C05CA01,Rutosid,Rutoside,,,
C05CA02,Monoxerutin,Monoxerutin,,,
C05CA03,Diosmin,Diosmin,,,
C05CA04,Troxerutin,Troxerutin,,,
C05CA05,Hidrosmin,Hidrosmin,,,
C05CA51,"Rutosid, kombinationer","Rutoside, combinations",,,
C05CA53,"Diosmin, kombinationer","Diosmin, combinations",,,
C05CA54,"Troxerutin, kombinationer","Troxerutin, combinations",,,
C05CX,Övriga kapillärstabiliserande medel,Other capillary stabilizing agents,,,
C05CX01,Tribenosid,Tribenoside,,,
C05CX02,Naftazon,Naftazone,,,
C05CX03,Hippocastani semen,Hippocastani semen,,,
C05X,Övriga kärlskyddande medel,OTHER VASOPROTECTIVES,,,
C05XX,Övriga kärlskyddande medel,Other vasoprotectives,,,
C05XX01,Beperminogen-perplasmid,Beperminogene perplasmid,,,
C07,Beta-receptorblockerande medel,Beta blocking agents,,,
C07A,Beta-receptorblockerande medel,Beta blocking agents,,,
C07AA,"Beta-receptorblockerande medel, icke-selektiva","Beta blocking agents, non-selective",,,
C07AA01,Alprenolol,Alprenolol,,,
C07AA02,Oxprenolol,Oxprenolol,,,
C07AA03,Pindolol,Pindolol,,,
C07AA05,Propranolol,Propranolol,,,
C07AA06,Timolol,Timolol,,,
C07AA07,Sotalol,Sotalol,,,
C07AA12,Nadolol,Nadolol,,,
C07AA14,Mepindolol,Mepindolol,,,
C07AA15,Karteolol,Carteolol,,,
C07AA16,Tertatolol,Tertatolol,,,
C07AA17,Bopindolol,Bopindolol,,,
C07AA19,Bupranolol,Bupranolol,,,
C07AA23,Penbutolol,Penbutolol,,,
C07AA27,Kloranolol,Cloranolol,,,
C07AA57,"Sotalol, kombinationer","Sotalol, combinations",,,2016-12-31
C07AB,"Beta-receptorblockerande medel, selektiva","Beta blocking agents, selective",,,
C07AB01,Praktolol,Practolol,,,
C07AB02,Metoprolol,Metoprolol,,,
C07AB03,Atenolol,Atenolol,,,
C07AB04,Acebutolol,Acebutolol,,,
C07AB05,Betaxolol,Betaxolol,,,
C07AB06,Bevantolol,Bevantolol,,,
C07AB07,Bisoprolol,Bisoprolol,,,
C07AB08,Celiprolol,Celiprolol,,,
C07AB09,Esmolol,Esmolol,,,
C07AB10,Epanolol,Epanolol,,,
C07AB11,S-atenolol,S-atenolol,,,
C07AB12,Nebivolol,Nebivolol,,,
C07AB13,Talinolol,Talinolol,,,
C07AB14,Landiolol,Landiolol,,,
C07AB52,"Metoprolol, kombinationer","Metoprolol, combinations",,,2016-12-31
C07AB57,"Bisoprolol, kombinationer","Bisoprolol, combinations",,,2016-12-31
C07AG,Alfa- och beta-receptorblockerande medel,Alpha and beta blocking agents,,,
C07AG01,Labetalol,Labetalol,,,
C07AG02,Karvedilol,Carvedilol,,,
C07B,Beta-receptorblockerande medel och tiazider,Beta blocking agents and thiazides,,,
C07BA,Icke-selektiva beta-receptorblockerare och tiazider,"Beta blocking agents, non-selective, and thiazides",,,
C07BA02,Oxprenolol och tiazider,Oxprenolol and thiazides,,,
C07BA05,Propranolol och tiazider,Propranolol and thiazides,,,
C07BA06,Timolol och tiazider,Timolol and thiazides,,,
C07BA07,Sotalol och tiazider,Sotalol and thiazides,,,
C07BA12,Nadolol och tiazider,Nadolol and thiazides,,,
C07BA68,"Metipranolol och tiazider, kombinationer","Metipranolol and thiazides, combinations",,,
C07BB,Selektiva beta-receptorblockerare och tiazider,"Beta blocking agents, selective, and thiazides",,,
C07BB02,Metoprolol och tiazider,Metoprolol and thiazides,,,
C07BB03,Atenolol och tiazider,Atenolol and thiazides,,,
C07BB04,Acebutolol och tiazider,Acebutolol and thiazides,,,
C07BB06,Bevantolol och tiazider,Bevantolol and thiazides,,,
C07BB07,Bisoprolol och tiazider,Bisoprolol and thiazides,,,
C07BB12,Nebivolol och tiazider,Nebivolol and thiazides,,,
C07BB52,"Metoprolol och tiazider, kombinationer","Metoprolol and thiazides, combinations",,,
C07BG,Alfa- och beta-receptorblockerande medel och tiazider,Alpha and beta blocking agents and thiazides,,,
C07BG01,Labetalol och tiazider,Labetalol and thiazides,,,
C07C,Beta-receptorblockerande medel och övriga diuretika,Beta blocking agents and other diuretics,,,
C07CA,Icke-selektiva beta-receptorblockerare och övriga diuretika,"Beta blocking agents, non-selective, and other diuretics",,,
C07CA02,Oxprenolol och övriga diuretika,Oxprenolol and other diuretics,,,
C07CA03,Pindolol och övriga diuretika,Pindolol and other diuretics,,,
C07CA17,Bopindolol och övriga diuretika,Bopindolol and other diuretics,,,
C07CA23,Penbutolol och övriga diuretika,Penbutolol and other diuretics,,,
C07CB,Selektiva beta-receptorblockerare och övriga diuretika,"Beta blocking agents, selective, and other diuretics",,,
C07CB02,Metoprolol och övriga diuretika,Metoprolol and other diuretics,,,
C07CB03,Atenolol och övriga diuretika,Atenolol and other diuretics,,,
C07CB53,"Atenolol och övriga diuretika, kombinationer","Atenolol and other diuretics, combinations",,,
C07CG,Alfa- och beta-receptorblockerande medel och övriga diuretika,Alpha and beta blocking agents and other diuretics,,,
C07CG01,Labetalol och övriga diuretika,Labetalol and other diuretics,,,
C07D,"Beta-receptorblockerande medel, tiazider och övriga diuretika","Beta blocking agents, thiazides and other diuretics",,,
C07DA,"Icke-selektiva beta-receptorblockerare, tiazider och övriga diuretika","Beta blocking agents, non-selective, thiazides and other diuretics",,,
C07DA06,"Timolol, tiazider och övriga diuretika","Timolol, thiazides and other diuretics",,,
C07DB,"Selektiva beta-receptorblockerare, tiazider och övriga diuretika","Beta blocking agents, selective, thiazides and other diuretics",,,
C07DB01,"Atenolol, tiazider och övriga diuretika","Atenolol, thiazides and other diuretics",,,
C07E,Beta-receptorblockerande medel och kärlvidgande medel,Beta blocking agents and vasodilators,,,
C07EA,Icke-selektiva beta-receptorblockerare och kärlvidgande medel,"Beta blocking agents, non-selective, and vasodilators",,,
C07EB,Selektiva beta-receptorblockerare och kärlvidgande medel,"Beta blocking agents, selective, and vasodilators",,,
C07F,"Beta-receptorblockerande medel, övriga kombinationer","Beta blocking agents, other combinations",,,
C07FA,Icke-selektiva beta-receptorblockerare och andra antihypertensiva medel,"Beta blocking agents, non-selective, and other antihypertensives",,,2016-12-31
C07FA05,Propranolol och andra antihypertensiva medel,Propranolol and other antihypertensives,,,2016-12-31
C07FB,Beta-receptorblockerande medel och kalciumantagonister,Beta blocking agents and calcium channel blockers,,,
C07FB02,Metoprolol och felodipin,Metoprolol and felodipine,,,
C07FB03,Atenolol och nifedipin,Atenolol and nifedipine,,,
C07FB07,Bisoprolol och amlodipin,Bisoprolol and amlodipine,,,
C07FB12,Nevibolol och amlodipin,Nevibolol and amlodipine,,,
C07FB13,Metoprolol och amlodipin,Metoprolol and amlodipine,,,
C07FX,"Beta-receptorblockerande medel, övriga kombinationer","Beta blocking agents, other combinations",,,
C07FX01,Propranolol och övriga kombinationer,Propranolol and other combinations,,,
C07FX02,Sotalol och acetylsalicylsyra,Sotalol and acetylsalicylic acid,,,
C07FX03,Metoprolol och acetylsalicylsyra,Metoprolol and acetylsalicylic acid,,,
C07FX04,Bisoprolol och acetylsalicylsyra,Bisoprolol and acetylsalicylic acid,,,
C07FX05,Metoprolol och ivabradin,Metoprolol and ivabradine,,,
C07FX06,Karvedilol och ivabradin,Carvedilol and ivabradine,,,
C08,Kalciumantagonister,Calcium channel blockers,,,
C08C,Kalciumantagonister med övervägande kärlselektiv effekt,Selective calcium channel blockers with mainly vascular effects,,,
C08CA,Dihydropyridinderivat,Dihydropyridine derivatives,,,
C08CA01,Amlodipin,Amlodipine,,,
C08CA02,Felodipin,Felodipine,,,
C08CA03,Isradipin,Isradipine,,,
C08CA04,Nikardipin,Nicardipine,,,
C08CA05,Nifedipin,Nifedipine,,,
C08CA06,Nimodipin,Nimodipine,,,
C08CA07,Nisoldipin,Nisoldipine,,,
C08CA08,Nitrendipin,Nitrendipine,,,
C08CA09,Lacidipin,Lacidipine,,,
C08CA10,Nilvadipin,Nilvadipine,,,
C08CA11,Manidipin,Manidipine,,,
C08CA12,Barnidipin,Barnidipine,,,
C08CA13,Lerkanidipin,Lercanidipine,,,
C08CA14,Cilnidipin,Cilnidipine,,,
C08CA15,Benidipin,Benidipine,,,
C08CA16,Klevidipin,Clevidipine,,,
C08CA17,Levamlodipin,Levamlodipine,,,
C08CA51,Amlodipin och celecoxib,Amlodipine and celecoxib,,,
C08CA55,"Nifedipin, kombinationer","Nifedipine, combinations",,,
C08CX,Övriga selektiva kalciumantagonister med främst vaskulär effekt,Other selective calcium channel blockers with mainly vascular effects,,,
C08CX01,Mibefradil,Mibefradil,,,
C08D,Kalciumantagonister med direkt hjärtselektiv effekt,Selective calcium channel blockers with direct cardiac effects,,,
C08DA,Fenylalkylaminderivat,Phenylalkylamine derivatives,,,
C08DA01,Verapamil,Verapamil,,,
C08DA02,Gallopamil,Gallopamil,,,
C08DA03,Etripamil,Etripamil,,,
C08DA51,"Verapamil, kombinationer","Verapamil, combinations",,,
C08DB,Bensotiazepinderivat,Benzothiazepine derivatives,,,
C08DB01,Diltiazem,Diltiazem,,,
C08E,Icke-selektiva kalciumantagonister,Non-selective calcium channel blockers,,,
C08EA,Fenylalkylaminderivat,Phenylalkylamine derivatives,,,
C08EA01,Fendilin,Fendiline,,,
C08EA02,Bepridil,Bepridil,,,
C08EX,Övriga icke-selektiva kalciumantagonister,Other non-selective calcium channel blockers,,,
C08EX01,Lidoflazin,Lidoflazine,,,
C08EX02,Perhexilin,Perhexiline,,,
C08G,Kalciumantagonister och diuretika,Calcium channel blockers and diuretics,,,
C08GA,Kalciumantagonister och diuretika,Calcium channel blockers and diuretics,,,
C08GA01,Nifedipin och diuretika,Nifedipine and diuretics,,,
C08GA02,Amlodipin och diuretika,Amlodipine and diuretics,,,
C09,Medel som påverkar renin-angiotensinsystemet,Agents acting on the renin-angiotensin system,,,
C09A,ACE-hämmare,"ACE inhibitors, plain",,,
C09AA,ACE-hämmare,"ACE inhibitors, plain",,,
C09AA01,Kaptopril,Captopril,,,
C09AA02,Enalapril,Enalapril,,,
C09AA03,Lisinopril,Lisinopril,,,
C09AA04,Perindopril,Perindopril,,,
C09AA05,Ramipril,Ramipril,,,
C09AA06,Kinapril,Quinapril,,,
C09AA07,Benazepril,Benazepril,,,
C09AA08,Cilazapril,Cilazapril,,,
C09AA09,Fosinopril,Fosinopril,,,
C09AA10,Trandolapril,Trandolapril,,,
C09AA11,Spirapril,Spirapril,,,
C09AA12,Delapril,Delapril,,,
C09AA13,Moexipril,Moexipril,,,
C09AA14,Temokapril,Temocapril,,,
C09AA15,Zofenopril,Zofenopril,,,
C09AA16,Imidapril,Imidapril,,,
C09B,"ACE-hämmare, kombinationer","ACE inhibitors, combinations",,,
C09BA,ACE-hämmare och diuretika,ACE inhibitors and diuretics,,,
C09BA01,Kaptopril och diuretika,Captopril and diuretics,,,
C09BA02,Enalapril och diuretika,Enalapril and diuretics,,,
C09BA03,Lisinopril och diuretika,Lisinopril and diuretics,,,
C09BA04,Perindopril och diuretika,Perindopril and diuretics,,,
C09BA05,Ramipril och diuretika,Ramipril and diuretics,,,
C09BA06,Kinapril och diuretika,Quinapril and diuretics,,,
C09BA07,Benazepril och diuretika,Benazepril and diuretics,,,
C09BA08,Cilazapril och diuretika,Cilazapril and diuretics,,,
C09BA09,Fosinopril och diuretika,Fosinopril and diuretics,,,
C09BA12,Delapril och diuretika,Delapril and diuretics,,,
C09BA13,Moexipril och diuretika,Moexipril and diuretics,,,
C09BA15,Zofenopril och diuretika,Zofenopril and diuretics,,,
C09BB,ACE-hämmare och kalciumantagonister,ACE inhibitors and calcium channel blockers,,,
C09BB02,Enalapril och lerkanidipin,Enalapril and lercanidipine,,,
C09BB03,Lisinopril och amlodipin,Lisinopril and amlodipine,,,
C09BB04,Perindopril och amlodipin,Perindopril and amlodipine,,,
C09BB05,Ramipril och felodipin,Ramipril and felodipine,,,
C09BB06,Enalapril och nitrendipin,Enalapril and nitrendipine,,,
C09BB07,Ramipril och amlodipin,Ramipril and amlodipine,,,
C09BB10,Trandolapril och verapamil,Trandolapril and verapamil,,,
C09BB12,Delapril och manidipin,Delapril and manidipine,,,
C09BB13,Benazepril och amlodipin,Benazepril and amlodipine,,,
C09BB14,Zofenopril och amlodipin,Zofenopril and amlodipine,,,
C09BX,"ACE-hämmare, övriga kombinationer","ACE inhibitors, other combinations",,,
C09BX01,"Perindopril, amlodipin och indapamid","Perindopril, amlodipine and indapamide",,,
C09BX02,Perindopril och bisoprolol,Perindopril and bisoprolol,,,
C09BX03,"Ramipril, amlodipin och hydroklortiazid","Ramipril, amlodipine and hydrochlorothiazide",,,
C09BX04,"Perindopril, bisoprolol och amlodipin","Perindopril, bisoprolol and amlodipine",,,
C09BX05,Ramipril och bisoprolol,Ramipril and bisoprolol,,,
C09BX06,"Perindopril, bisoprolol, amlodipin och indapamid","Perindopril, bisoprolol, amlodipine and indapamide",,,
C09BX07,Zofenopril och nebivolol,Zofenopril and nebivolol,,,
C09C,Angiotensin II receptorblockerare (ARBs),"Angiotensin II receptor blockers (ARBs), plain",,,
C09CA,Angiotensin II receptorblockerare (ARBs),"Angiotensin II receptor blockers (ARBs), plain",,,
C09CA01,Losartan,Losartan,,,
C09CA02,Eprosartan,Eprosartan,,,
C09CA03,Valsartan,Valsartan,,,
C09CA04,Irbesartan,Irbesartan,,,
C09CA05,Tasosartan,Tasosartan,,,
C09CA06,Kandesartan,Candesartan,,,
C09CA07,Telmisartan,Telmisartan,,,
C09CA08,Olmesartanmedoxomil,Olmesartan medoxomil,,,
C09CA09,Azilsartanmedoxomil,Azilsartan medoxomil,,,
C09CA10,Fimasartan,Fimasartan,,,
C09D,"Angiotensin II receptorblockerare (ARBs), kombinationer","Angiotensin II receptor blockers (ARBs), combinations",,,
C09DA,Angiotensin II receptorblockerare (ARBs) och diuretika,Angiotensin II receptor blockers (ARBs) and diuretics,,,
C09DA01,Losartan och diuretika,Losartan and diuretics,,,
C09DA02,Eprosartan och diuretika,Eprosartan and diuretics,,,
C09DA03,Valsartan och diuretika,Valsartan and diuretics,,,
C09DA04,Irbesartan och diuretika,Irbesartan and diuretics,,,
C09DA06,Kandesartan och diuretika,Candesartan and diuretics,,,
C09DA07,Telmisartan och diuretika,Telmisartan and diuretics,,,
C09DA08,Olmesartanmedoxomil och diuretika,Olmesartan medoxomil and diuretics,,,
C09DA09,Azilsartanmedoxomil och diuretika,Azilsartan medoxomil and diuretics,,,
C09DA10,Fimasartan och diuretika,Fimasartan and diuretics,,,
C09DB,Angiotensin II receptorblockerare (ARBs) och kalciumantagonister,Angiotensin II receptor blockers (ARBs) and calcium channel blockers,,,
C09DB01,Valsartan och amlodipin,Valsartan and amlodipine,,,
C09DB02,Olmesartanmedoxomil och amlodipin,Olmesartan medoxomil and amlodipine,,,
C09DB04,Telmisartan och amlodipin,Telmisartan and amlodipine,,,
C09DB05,Irbesartan och amlodipin,Irbesartan and amlodipine,,,
C09DB06,Losartan och amlodipin,Losartan and amlodipine,,,
C09DB07,Kandesartan och amlodipin,Candesartan and amlodipine,,,
C09DB08,Valsartan och lerkanidipin,Valsartan and lercanidipine,,,
C09DB09,Fimasartan och amlodipin,Fimasartan and amlodipine,,,
C09DX,"Angiotensin II receptorblockerare (ARBs), övriga kombinationer","Angiotensin II receptor blockers (ARBs), other combinations",,,
C09DX01,"Valsartan, amlodipin och hydroklortiazid","Valsartan, amlodipine and hydrochlorothiazide",,,
C09DX02,Valsartan och aliskiren,Valsartan and aliskiren,,,
C09DX03,"Olmesartanmedoxomil, amlodipin och hydroklortiazid","Olmesartan medoxomil, amlodipine and hydrochlorothiazide",,,
C09DX04,Valsartan och sakubitril,Valsartan and sacubitril,,,
C09DX05,Valsartan och nebivolol,Valsartan and nebivolol,,,
C09DX06,"Kandesartan, amlodipin och hydroklortiazid","Candesartan, amlodipine and hydrochlorothiazide",,,
C09DX07,"Irbesartan, amlodipin och hydroklortiazid","Irbesartan, amlodipine and hydrochlorothiazide",,,
C09DX08,"Telmisartan, amlodipin och hydroklortiazid","Telmisartan, amlodipine and hydrochlorothiazide",,,
C09DX09,"Kandesartan, amlodipin och indapamid","Candesartan, amlodipine and indapamide",,,
C09X,Övriga medel som påverkar renin-angiotensinsystemet,Other agents acting on the renin-angiotensin system,,,
C09XA,Renin-hämmare,Renin-inhibitors,,,
C09XA01,Remikiren,Remikiren,,,
C09XA02,Aliskiren,Aliskiren,,,
C09XA52,Aliskiren och hydroklortiazid,Aliskiren and hydrochlorothiazide,,,
C09XA53,Aliskiren och amlodipin,Aliskiren and amlodipine,,,
C09XA54,"Aliskiren, amlodipin och hydroklortiazid","Aliskiren, amlodipine and hydrochlorothiazide",,,
C09XX,Övriga medel som påverkar renin-angiotensinsystemet,Other agents acting on the renin-angiotensin system,,,
C09XX01,Sparsentan,Sparsentan,,,
C10,Medel som påverkar serumlipidnivåerna,Lipid modifying agents,,,
C10A,Medel som påverkar serumlipidnivåerna,"Lipid modifying agents, plain",,,
C10AA,HMG CoA reduktas-hämmare,HMG CoA reductase inhibitors,,,
C10AA01,Simvastatin,Simvastatin,,,
C10AA02,Lovastatin,Lovastatin,,,
C10AA03,Pravastatin,Pravastatin,,,
C10AA04,Fluvastatin,Fluvastatin,,,
C10AA05,Atorvastatin,Atorvastatin,,,
C10AA06,Cerivastatin,Cerivastatin,,,
C10AA07,Rosuvastatin,Rosuvastatin,,,
C10AA08,Pitavastatin,Pitavastatin,,,
C10AA51,"Simvastatin, kombinationsförpackningar","Simvastatin, combination packages",,,2005-12-31
C10AB,Fibrater,Fibrates,,,
C10AB01,Klofibrat,Clofibrate,,,
C10AB02,Bezafibrat,Bezafibrate,,,
C10AB03,Aluminiumklofibrat,Aluminium clofibrate,,,
C10AB04,Gemfibrozil,Gemfibrozil,,,
C10AB05,Fenofibrat,Fenofibrate,,,
C10AB06,Simfibrat,Simfibrate,,,
C10AB07,Ronifibrat,Ronifibrate,,,
C10AB08,Ciprofibrat,Ciprofibrate,,,
C10AB09,Etofibrat,Etofibrate,,,
C10AB10,Klofibrid,Clofibride,,,
C10AB11,Kolinfenofibrat,choline fenofibrate,,,
C10AB12,Pemafibrat,Pemafibrate,,,
C10AC,Resiner,Bile acid sequestrants,,,
C10AC01,Kolestyramin,Colestyramine,,,
C10AC02,Kolestipol,Colestipol,,,
C10AC03,Kolextran,Colextran,,,
C10AC04,Kolesevelam,Colesevelam,,,
C10AD,Nikotinsyra och derivat,Nicotinic acid and derivatives,,,
C10AD01,Niceritrol,Niceritrol,,,
C10AD02,Nikotinsyra,Nicotinic acid,,,
C10AD03,Nikofuranos,Nicofuranose,,,
C10AD04,Aluminiumnikotinat,Aluminium nicotinate,,,
C10AD05,Nikotinylalkohol (pyridylkarbinol),Nicotinyl alcohol (pyridylcarbinol),,,
C10AD06,Acipimox,Acipimox,,,
C10AD52,"Nikotinsyra, kombinationer","Nicotinic acid, combinations",,,
C10AX,Övriga medel som påverkar serumlipidnivåerna,Other lipid modifying agents,,,
C10AX01,Dextrotyroxin,Dextrothyroxine,,,
C10AX02,Probukol,Probucol,,,
C10AX03,Tiadenol,Tiadenol,,,
C10AX05,Meglutol,Meglutol,,,
C10AX06,Omega-3-triglycerider inkl. övriga estrar och syror,Omega-3-triglycerides incl. other esters and acids,,,
C10AX07,Magnesium pyridoxal 5-fosfat glutamat,Magnesium pyridoxal 5-phosphate glutamate,,,
C10AX08,Polikosanol,Policosanol,,,
C10AX09,Ezetimib,Ezetimibe,,,
C10AX10,Alipogen-tiparvovek,Alipogene tiparvovec,,,
C10AX11,Mipomersen,Mipomersen,,,
C10AX12,Lomitapid,Lomitapide,,,
C10AX13,Evolokumab,Evolocumab,,,
C10AX14,Alirokumab,Alirocumab,,,
C10AX15,Bempedinsyra,Bempedoic acid,,,
C10AX16,Inklisiran,Inclisiran,,,
C10AX17,Evinakumab,Evinacumab,,,
C10AX18,Volanesorsen,Volanesorsen,,,
C10AX19,Lerodalcibep,Lerodalcibep,,,
C10B,"Medel som påverkar serumlipidnivåerna, kombinationer","Lipid modifying agents, combinations",,,
C10BA,Kombinationer av olika medel som påverkar serumlipidnivåerna,Combinations of various lipid modifying agents,,,
C10BA01,Lovastatin och nikotinsyra,Lovastatin and nicotinic acid,,,
C10BA02,Simvastatin och ezetimib,Simvastatin and ezetimibe,,,
C10BA03,Pravastatin och fenofibrat,Pravastatin and fenofibrate,,,
C10BA04,Simvastatin och fenofibrat,Simvastatin and fenofibrate,,,
C10BA05,Atorvastatin och ezetimib,Atorvastatin and ezetimibe,,,
C10BA06,Rosuvastatin och ezetimib,Rosuvastatin and ezetimibe,,,
C10BA07,Rosuvastatin och omega-3-fettsyror,Rosuvastatin and omega-3 fatty acids,,,
C10BA08,Atorvastatin och omega-3-fettsyror,Atorvastatin and omega-3 fatty acids,,,
C10BA09,Rosuvastatin och fenofibrat,Rosuvastatin and fenofibrate,,,
C10BA10,Bempedinsyra och ezetimib,Bempedoic acid and ezetimibe,,,
C10BA11,Pravastatin och ezetimib,Pravastatin and ezetimibe,,,
C10BA12,"Pravastatin, ezetimib och fenofibrat","Pravastatin, ezetimibe and fenofibrate",,,
C10BA13,Pitavastatin och ezetimib,Pitavastatin and ezetimibe,,,
C10BA14,Pitavastatin och fenofibrat,Pitavastatin and fenofibrate,,,
C10BA15,"Rosuvastatin, ezetimib och fenofibrat","Rosuvastatin, ezetimibe and fenofibrate",,,
C10BA16,Atorvastatin och fenofibrat,Atorvastatin and fenofibrate,,,
C10BX,Medel som påverkar serumlipidnivåerna i kombination med övriga medel,Lipid modifying agents in combination with other drugs,,,
C10BX01,Simvastatin och acetylsalicylsyra,Simvastatin and acetylsalicylic acid,,,
C10BX02,Pravastatin och acetylsalicylsyra,Pravastatin and acetylsalicylic acid,,,
C10BX03,Atorvastatin och amlodipin,Atorvastatin and amlodipine,,,
C10BX04,"Simvastatin, acetylsalicylsyra och ramipril","Simvastatin, acetylsalicylic acid and ramipril",,,
C10BX05,Rosuvastatin och acetylsalisylsyra,Rosuvastatin and acetylsalisylic acid,,,
C10BX06,"Atorvastatin, acetylsalicylsyra och ramipril","Atorvastatin, acetylsalicylic acid and ramipril",,,
C10BX07,"Rosuvastatin, amlodipin och lisinopril","Rosuvastatin, amlodipine and lisinopril",,,
C10BX08,Atorvastatin och acetylsalicylsyra,Atorvastatin and acetylsalicylic acid,,,
C10BX09,Rosuvastatin och amlodipin,Rosuvastatin and amlodipine,,,
C10BX10,Rosuvastatin och valsartan,Rosuvastatin and valsartan,,,
C10BX11,"Atorvastatin, amlodipin och perindopril","Atorvastatin, amlodipine and perindopril",,,
C10BX12,"Atorvastatin, acetylsalicylsyra och perindopril","Atorvastatin, acetylsalicylic acid and perindopril",,,
C10BX13,"Rosuvastatin, perindopril och indapamid","Rosuvastatin, perindopril and indapamide",,,
C10BX14,"Rosuvastatin, amlodipin och perindopril","Rosuvastatin, amlodipine and perindopril",,,
C10BX15,Atorvastatin och perindopril,Atorvastatin and perindopril,,,
C10BX16,Rosuvastatin och fimasartan,Rosuvastatin and fimasartan,,,
C10BX17,Rosuvastatin och ramipril,Rosuvastatin and ramipril,,,
C10BX18,"Atorvastatin, amlodipin och ramipril","Atorvastatin, amlodipine and ramipril",,,
C10BX19,"Atorvastatin, amlodipin och kandesartan","Atorvastatin, amlodipine and candesartan",,,
C10BX20,Rosuvastatin och telmisartan,Rosuvastatin and telmisartan,,,
C10BX21,Rosuvastatin och perindopril,Rosuvastatin and perindopril,,,
C10BX22,Rosuvastatin och nebivolol,Rosuvastatin and nebivolol,,,
C10BX23,"Rosuvastatin, amlodipin och ramipril","Rosuvastatin, amlodipine and ramipril",,,
C10BX24,"Rosuvastatin, amlodipin och telmisartan","Rosuvastatin, amlodipine and telmisartan",,,
D,Hudpreparat,Dermatologicals,,,
D01,Svampmedel för utvärtes bruk,Antifungals for dermatological use,,,
D01A,Svampmedel för utvärtes bruk,Antifungals for topical use,,,
D01AA,Antibiotika,Antibiotics,,,
D01AA01,Nystatin,Nystatin,,,
D01AA02,Natamycin,Natamycin,,,
D01AA03,Hakimycin,Hachimycin,,,
D01AA04,Pecilocin,Pecilocin,,,
D01AA05,Flucytosin,Flucytosine,,,1993-12-31
D01AA06,Mepartricin,Mepartricin,,,
D01AA07,Pyrrolnitrin,Pyrrolnitrin,,,
D01AA08,Griseofulvin,Griseofulvin,,,
D01AA20,Antibiotika i kombination med kortikosteroider,Antibiotics in combination with corticosteroids,,,
D01AC,Imidazol- och triazolderivat,Imidazole and triazole derivatives,,,
D01AC01,Klotrimazol,Clotrimazole,,,
D01AC02,Mikonazol,Miconazole,,,
D01AC03,Ekonazol,Econazole,,,
D01AC04,Klormidazol,Chlormidazole,,,
D01AC05,Isokonazol,Isoconazole,,,
D01AC06,Tiabendazol,Tiabendazole,,,
D01AC07,Tiokonazol,Tioconazole,,,
D01AC08,Ketokonazol,Ketoconazole,,,
D01AC09,Sulkonazol,Sulconazole,,,
D01AC10,Bifonazol,Bifonazole,,,
D01AC11,Oxikonazol,Oxiconazole,,,
D01AC12,Fentikonazol,Fenticonazole,,,
D01AC13,Omokonazol,Omoconazole,,,
D01AC14,Sertakonazol,Sertaconazole,,,
D01AC15,Flukonazol,Fluconazole,,,
D01AC16,Flutrimazol,Flutrimazole,,,
D01AC17,Eberkonazol,Eberconazole,,,
D01AC18,Lulikonazol,Luliconazole,,,
D01AC19,Efinakonazol,Efinaconazole,,,
D01AC20,Imidazoler/triazoler i kombination med kortikosteroider,Imidazoles/triazoles in combination with corticosteroids,,,
D01AC21,Netikonazol,Neticonazole,,,
D01AC22,Lanokonazol,Lanoconazole,,,
D01AC52,"Mikonazol, kombinationer","Miconazole, combinations",,,
D01AC60,"Bifonazol, kombinationer","Bifonazole, combinations",,,
D01AE,Övriga utvärtes medel vid hudmykoser,Other antifungals for topical use,,,
D01AE01,Bromsalicylkloranilid,Bromochlorosalicylanilide,,,
D01AE02,Metylrosanilin,Methylrosaniline,,,
D01AE03,Tribromometakresol,Tribromometacresol,,,
D01AE04,Undecylensyra,Undecylenic acid,,,
D01AE05,Polynoxylin,Polynoxylin,,,
D01AE06,Klorfenoxietanol,2-(4-chlorphenoxy)-ethanol,,,
D01AE07,Klorfenesin,Chlorphenesin,,,
D01AE08,Tiklaton,Ticlatone,,,
D01AE09,Sulbentin,Sulbentine,,,
D01AE10,Etylhydroxibensoat,Ethyl hydroxybenzoate,,,
D01AE11,Haloprogin,Haloprogin,,,
D01AE12,Salicylsyra,Salicylic acid,,,
D01AE13,Selensulfid,Selenium sulfide,,,
D01AE14,Ciklopirox,Ciclopirox,,,
D01AE15,Terbinafin,Terbinafine,,,
D01AE16,Amorolfin,Amorolfine,,,
D01AE17,Dimazol,Dimazole,,,
D01AE18,Tolnaftat,Tolnaftate,,,
D01AE19,Tolciklat,Tolciclate,,,
D01AE20,Kombinationer,Combinations,,,
D01AE21,Flucytosin,Flucytosine,,,
D01AE22,Naftifin,Naftifine,,,
D01AE23,Butenafin,Butenafine,,,
D01AE24,Tavaborol,Tavaborole,,,
D01AE25,Liranaftat,Liranaftate,,,
D01AE54,"Undecylensyra, kombinationer","Undecylenic acid, combinations",,,
D01B,Svampmedel för systemiskt bruk,Antifungals for systemic use,,,
D01BA,Svampmedel för systemiskt bruk,Antifungals for systemic use,,,
D01BA01,Griseofulvin,Griseofulvin,,,
D01BA02,Terbinafin,Terbinafine,,,
D01BA03,Fosravukonazol,Fosravuconazole,,,
D02,Hudskyddande och uppmjukande medel,Emollients and protectives,,,
D02A,Hudskyddande och uppmjukande medel,Emollients and protectives,,,
D02AA,Silikonpreparat,Silicone products,,,
D02AB,Zinkpreparat,Zinc products,,,
D02AC,Mjukt paraffin och fettprodukter,Soft paraffin and fat products,,,
D02AD,Flytande plåster,Liquid plasters,,,
D02AE,Karbamidpreparat,Carbamide products,,,
D02AE01,Karbamid,Carbamide,,,
D02AE51,"Karbamid, kombinationer","Carbamide, combinations",,,
D02AF,Salicylsyrapreparat,Salicylic acid preparations,,,
D02AX,Övriga hudskyddande och uppmjukande medel,Other emollients and protectives,,,
D02B,Medel som skyddar mot UV-strålning,Protectives against UV-radiation,,,
D02BA,"Medel som skyddar mot UV-strålning, utvärtes",Protectives against UV-radiation for topical use,,,
D02BA01,Aminobensoesyra,Aminobenzoic acid,,,
D02BA02,Oktinoxat,Octinoxate,,,
D02BB,"Medel som skyddar mot UV-strålning, systemiska",Protectives against UV-radiation for systemic use,,,
D02BB01,Betakaroten,Betacarotene,,,
D02BB02,Afamelanotid,Afamelanotide,,,
D03,Medel vid sår- och brännskador,Preparations for treatment of wounds and ulcers,,,
D03A,Medel vid sår- och brännskador,Cicatrizants,,,
D03AA,"Torskleverolja, salva",Cod-liver oil ointments,,,
D03AX,Övriga medel vid sår-och brännskador,Other cicatrizants,,,
D03AX01,Kadexomerjod,Cadexomer iodine,,,
D03AX02,Dextranomer,Dextranomer,,,
D03AX03,Dexapantenol,Dexpanthenol,,,
D03AX04,Kalciumpantotenat,Calcium pantothenate,,,
D03AX05,Hyaluronsyra,Hyaluronic acid,,,
D03AX06,Bekaplermin,Becaplermin,,,
D03AX09,Krilanomer,Crilanomer,,,
D03AX10,Enoxolon,Enoxolone,,,
D03AX11,Natriumklorit,Sodium chlorite,,,
D03AX12,Trolamin,Trolamine,,,
D03AX13,"Björk, bark",Betulae cortex,,,
D03AX14,"Sallatsspikblad, ört inkl. kombinationer","Centella asiatica herba, incl. combinations",,,
D03AX15,Trafermin,Trafermin,,,
D03AX16,Beremagen-geperpavek,Beremagene geperpavec,,,
D03AX17,Diperoxoklorsyra,Diperoxochloric acid,,,
D03B,Enzymer,Enzymes,,,
D03BA,Proteolytiska enzymer,Proteolytic enzymes,,,
D03BA01,Trypsin,Trypsin,,,
D03BA02,Kollagenas,Collagenase,,,
D03BA03,Bromelainer,Bromelains,,,
D03BA52,"Kollagenas, kombinationer","Collagenase, combinations",,,
D04,"Klådstillande medel, inkl. antihistaminer, anestetika etc.","Antipruritics, incl. antihistamines, anesthetics, etc.",,,
D04A,"Klådstillande medel, inkl. antihistaminer, anestetika etc.","Antipruritics, incl. antihistamines, anesthetics, etc.",,,
D04AA,Antihistaminer för utvärtes bruk,Antihistamines for topical use,,,
D04AA01,Tonzylamin,Thonzylamine,,,
D04AA02,Mepyramin,Mepyramine,,,
D04AA03,Tenalidin,Thenalidine,,,
D04AA04,Tripelenamin,Tripelennamine,,,
D04AA09,Kloropyramin,Chloropyramine,,,
D04AA10,Prometazin,Promethazine,,,
D04AA12,Tolpropamin,Tolpropamine,,,
D04AA13,Dimetinden,Dimetindene,,,
D04AA14,Klemastin,Clemastine,,,
D04AA15,Bamipin,Bamipine,,,
D04AA16,Feniramin,Pheniramine,,,
D04AA22,Isotipendyl,Isothipendyl,,,
D04AA32,Difenhydramin,Diphenhydramine,,,
D04AA33,Difenhydraminmetylbromid,Diphenhydramine methylbromide,,,
D04AA34,Klorfenoxamin,Chlorphenoxamine,,,
D04AB,Lokalanestetika för utvärtes bruk,Anesthetics for topical use,,,
D04AB01,Lidokain,Lidocaine,,,
D04AB02,Cinkain,Cinchocaine,,,
D04AB03,Oxibuprokain,Oxybuprocaine,,,
D04AB04,Bensokain,Benzocaine,,,
D04AB05,Kinisokain,Quinisocaine,,,
D04AB06,Tetrakain,Tetracaine,,,
D04AB07,Pramokain,Pramocaine,,,
D04AX,Övriga klådstillande medel,Other antipruritics,,,
D04AX01,Doxepin,Doxepin,,,
D05,Medel vid psoriasis,Antipsoriatics,,,
D05A,Medel vid psoriasis för utvärtes bruk,Antipsoriatics for topical use,,,
D05AA,Tjäror,Tars,,,
D05AC,Antracenderivat,Antracen derivatives,,,
D05AC01,Ditranol,Dithranol,,,
D05AC51,"Ditranol, kombinationer","Dithranol, combinations",,,
D05AD,Psoralener för utvärtes bruk,Psoralens for topical use,,,
D05AD01,Trioxisalen,Trioxysalen,,,
D05AD02,Metoxsalen,Methoxsalen,,,
D05AX,Övriga medel vid psoriasis för utvärtes bruk,Other antipsoriatics for topical use,,,
D05AX01,Fumarsyra,Fumaric acid,,,
D05AX02,Kalcipotriol,Calcipotriol,,,
D05AX03,Kalcitriol,Calcitriol,,,
D05AX04,Takalcitol,Tacalcitol,,,
D05AX05,Tazaroten,Tazarotene,,,
D05AX06,Roflumilast,Roflumilast,,,
D05AX07,Tapinarof,Tapinarof,,,
D05AX52,"Kalcipotriol, kombinationer","Calcipotriol, combinations",,,
D05AX55,Tazaroten och ulobetasol,Tazarotene and ulobetasol,,,
D05B,Medel vid psoriasis för systemiskt bruk,Antipsoriatics for systemic use,,,
D05BA,Psoralener för systemiskt bruk,Psoralens for systemic use,,,
D05BA01,Trioxisalen,Trioxysalen,,,
D05BA02,Metoxsalen,Methoxsalen,,,
D05BA03,Bergapten,Bergapten,,,
D05BB,Retinoider för behandling av psoriasis,Retinoids for treatment of psoriasis,,,
D05BB01,Etretinat,Etretinate,,,
D05BB02,Acitretin,Acitretin,,,
D05BX,Övriga medel vid psoriasis för systemiskt bruk,Other antipsoriatics for systemic use,,,
D05BX51,Derivat av fumarsyra kombinationer,"Fumaric acid derivatives, combinations",,,
D06,Antibiotika och kemoterapeutika för utvärtes bruk,Antibiotics and chemotherapeutics for dermatological use,,,
D06A,Antibiotika för topikal användning,Antibiotics for topical use,,,
D06AA,Tetracyklin och derivat,Tetracycline and derivatives,,,
D06AA01,Demeklocyklin,Demeclocycline,,,
D06AA02,Klortetracyklin,Chlortetracycline,,,
D06AA03,Oxitetracyklin,Oxytetracycline,,,
D06AA04,Tetracyklin,Tetracycline,,,
D06AX,Övriga antibiotika för topikal användning,Other antibiotics for topical use,,,
D06AX01,Fusidinsyra,Fusidic acid,,,
D06AX02,Kloramfenikol,Chloramphenicol,,,
D06AX04,Neomycin,Neomycin,,,
D06AX05,Bacitracin,Bacitracin,,,
D06AX07,Gentamicin,Gentamicin,,,
D06AX08,Tyrotricin,Tyrothricin,,,
D06AX09,Mupirocin,Mupirocin,,,
D06AX10,Virginiamycin,Virginiamycin,,,
D06AX11,Rifaximin,Rifaximin,,,
D06AX12,Amikacin,Amikacin,,,
D06AX13,Retapamulin,Retapamulin,,,
D06AX14,Ozenoxacin,Ozenoxacin,,,
D06AX15,Rifamycin,Rifamycin,,,
D06B,Kemoterapeutika för topikal användning,Chemotherapeutics for topical use,,,
D06BA,Sulfonamider,Sulfonamides,,,
D06BA01,Silversulfadiazin,Silver sulfadiazine,,,
D06BA02,Sulfatiazol,Sulfathiazole,,,
D06BA03,Mafenid,Mafenide,,,
D06BA04,Sulfametizol,Sulfamethizole,,,
D06BA05,Sulfanilamid,Sulfanilamide,,,
D06BA06,Sulfamerazin,Sulfamerazine,,,
D06BA51,"Silversulfadiazin, kombinationer","Silver sulfadiazine, combinations",,,
D06BB,Antivirala medel,Antivirals,,,
D06BB01,Idoxuridin,Idoxuridine,,,
D06BB02,Tromantadin,Tromantadine,,,
D06BB03,Aciklovir,Aciclovir,,,
D06BB04,Podofyllotoxin,Podophyllotoxin,,,
D06BB05,Inosin,Inosine,,,
D06BB06,Penciklovir,Penciclovir,,,
D06BB07,Lysozym,Lysozyme,,,
D06BB08,Ibacitabin,Ibacitabine,,,
D06BB09,Edoxudin,Edoxudine,,,
D06BB10,Imikvimod,Imiquimod,,,
D06BB11,Docosanol,Docosanol,,,
D06BB12,Sinekatekiner,Sinecatechins,,,
D06BB13,Berdazimernatrium,Berdazimer sodium,,,
D06BB53,"Aciklovir, kombinationer","Aciclovir, combinations",,,
D06BX,Övriga kemoterapeutika,Other chemotherapeutics,,,
D06BX01,Metronidazol,Metronidazole,,,
D06BX02,Ingenolmebutat,Ingenol mebutate,,,
D06BX03,Tirbanibulin,Tirbanibulin,,,
D06C,Antibiotika och kemoterapeutika i kombination,"Antibiotics and chemotherapeutics, combinations",,,
D07,Kortikosteroider för utvärtes bruk,"Corticosteroids, dermatological preparations",,,
D07A,Kortikosteroider,"Corticosteroids, plain",,,
D07AA,"Kortikosteroider, milt verkande (grupp I)","Corticosteroids, weak (group I)",,,
D07AA01,Metylprednisolon,Methylprednisolone,,,
D07AA02,Hydrokortison,Hydrocortisone,,,
D07AA03,Prednisolon,Prednisolone,,,
D07AB,"Kortikosteroider, medelstarkt verkande (grupp II)","Corticosteroids, moderately potent (group II)",,,
D07AB01,Klobetason,Clobetasone,,,
D07AB02,Hydrokortisonbutyrat,Hydrocortisone butyrate,,,
D07AB03,Flumetason,Flumetasone,,,
D07AB04,Fluokortin,Fluocortin,,,
D07AB05,Fluperolon,Fluperolone,,,
D07AB06,Fluorometolon,Fluorometholone,,,
D07AB07,Flupredniden,Fluprednidene,,,
D07AB08,Desonid,Desonide,,,
D07AB09,Triamcinolon,Triamcinolone,,,
D07AB10,Alklometason,Alclometasone,,,
D07AB11,Hydrokortisonbuteprat,Hydrocortisone buteprate,,,
D07AB19,Dexametason,Dexamethasone,,,
D07AB21,Klokortolone,Clocortolone,,,
D07AB30,Kombinationer av kortikosteroider,Combinations of corticosteroids,,,
D07AC,"Kortikosteroider, starkt verkande (grupp III)","Corticosteroids, potent (group III)",,,
D07AC01,Betametason,Betamethasone,,,
D07AC02,Fluklorolon,Fluclorolone,,,
D07AC03,Desoximetason,Desoximetasone,,,
D07AC04,Fluocinolonacetonid,Fluocinolone acetonide,,,
D07AC05,Fluokortolon,Fluocortolone,,,
D07AC06,Diflukortolon,Diflucortolone,,,
D07AC07,Fludroxikortid,Fludroxycortide,,,
D07AC08,Fluocinonid,Fluocinonide,,,
D07AC09,Budesonid,Budesonide,,,
D07AC10,Diflorason,Diflorasone,,,
D07AC11,Amcinonid,Amcinonide,,,
D07AC12,Halometason,Halometasone,,,
D07AC13,Mometason,Mometasone,,,
D07AC14,Metylprednisolonaceponat,Methylprednisolone aceponate,,,
D07AC15,Beklometason,Beclometasone,,,
D07AC16,Hydrokortisonaceponat,Hydrocortisone aceponate,,,
D07AC17,Flutikason,Fluticasone,,,
D07AC18,Prednikarbat,Prednicarbate,,,
D07AC19,Difluprednat,Difluprednate,,,
D07AC21,Ulobetasol,Ulobetasol,,,
D07AD,"Kortikosteroider, extra starkt verkande (grupp IV)","Corticosteroids, very potent (group IV)",,,
D07AD01,Klobetasol,Clobetasol,,,
D07AD02,Halcinonid,Halcinonide,,,
D07B,Kortikosteroider i kombination med antiseptika,"Corticosteroids, combinations with antiseptics",,,
D07BA,"Kortikosteroider, milda, i kombination med antiseptika","Corticosteroids, weak, combinations with antiseptics",,,
D07BA01,Prednisolon och antiseptika,Prednisolone and antiseptics,,,
D07BA04,Hydrokortison och antiseptika,Hydrocortisone and antiseptics,,,
D07BB,"Kortikosteroider, medelstarka, i kombination med antiseptika","Corticosteroids, moderately potent, combinations with antiseptics",,,
D07BB01,Flumetason och antiseptika,Flumetasone and antiseptics,,,
D07BB02,Desonid och antiseptika,Desonide and antiseptics,,,
D07BB03,Triamcinolon och antiseptika,Triamcinolone and antiseptics,,,
D07BB04,Hydrokortisonbutyrat och antiseptika,Hydrocortisone butyrate and antiseptics,,,
D07BC,"Kortikosteroider, starka, i kombination med antiseptika","Corticosteroids, potent, combinations with antiseptics",,,
D07BC01,Betametason och antiseptika,Betamethasone and antiseptics,,,
D07BC02,Fluocinolonacetonid och antiseptika,Fluocinolone acetonide and antiseptics,,,
D07BC03,Fluokortolon och antiseptika,Fluocortolone and antiseptics,,,
D07BC04,Diflukortolon och antiseptika,Diflucortolone and antiseptics,,,
D07BD,"Kortikosteroider, mycket potenta i kombination med antiseptika","Corticosteroids, very potent, combinations with antiseptics",,,
D07C,Kortikosteroider i kombination med antibiotika,"Corticosteroids, combinations with antibiotics",,,
D07CA,"Kortikosteroider, milda, i kombination med antibiotika","Corticosteroids, weak, combinations with antibiotics",,,
D07CA01,Hydrokortison och antibiotika,Hydrocortisone and antibiotics,,,
D07CA02,Metylprednisolon och antibiotika,Methylprednisolone and antibiotics,,,
D07CA03,Prednisolon och antibiotika,Prednisolone and antibiotics,,,
D07CB,"Kortikosteroider, medelstarka, i kombination med antibiotika","Corticosteroids, moderately potent, combinations with antibiotics",,,
D07CB01,Triamcinolon och antibiotika,Triamcinolone and antibiotics,,,
D07CB02,Flupredniden och antibiotika,Fluprednidene and antibiotics,,,
D07CB03,Fluorometolon och antibiotika,Fluorometholone and antibiotics,,,
D07CB04,Dexametason och antibiotika,Dexamethasone and antibiotics,,,
D07CB05,Flumetason och antibiotika,Flumetasone and antibiotics,,,
D07CC,"Kortikosteroider, starka, i kombination med antibiotika","Corticosteroids, potent, combinations with antibiotics",,,
D07CC01,Betametason och antibiotika,Betamethasone and antibiotics,,,
D07CC02,Fluocinolonacetonid och antibiotika,Fluocinolone acetonide and antibiotics,,,
D07CC03,Fludroxikortid och antibiotika,Fludroxycortide and antibiotics,,,
D07CC04,Beklometason och antibiotika,Beclometasone and antibiotics,,,
D07CC05,Fluocinonid och antibiotika,Fluocinonide and antibiotics,,,
D07CC06,Fluokortolon och antibiotika,Fluocortolone and antibiotics,,,
D07CD,"Kortikosteroider, mycket potenta i kombination med antibiotika","Corticosteroids, very potent, combinations with antibiotics",,,
D07CD01,Klobetasol och antibiotika,Clobetasol and antibiotics,,,
D07X,"Kortikosteroider, övriga kombinationer","Corticosteroids, other combinations",,,
D07XA,"Milda kortikosteroider, övriga kombinationer","Corticosteroids, weak, other combinations",,,
D07XA01,Hydrokortison,Hydrocortisone,,,
D07XA02,Prednisolon,Prednisolone,,,
D07XB,"Medelstarka kortikosteroider, övriga kombinationer","Corticosteroids, moderately potent, other combinations",,,
D07XB01,Flumetason,Flumetasone,,,
D07XB02,Triamcinolon,Triamcinolone,,,
D07XB03,Flupredniden,Fluprednidene,,,
D07XB04,Fluorometolon,Fluorometholone,,,
D07XB05,Dexametason,Dexamethasone,,,
D07XB30,Kombinationer av kortikosteroider,Combinations of corticosteroids,,,
D07XC,"Starka kortikosteroider, övriga kombinationer","Corticosteroids, potent, other combinations",,,
D07XC01,Betametason,Betamethasone,,,
D07XC02,Desoximetason,Desoximetasone,,,
D07XC03,Mometason,Mometasone,,,
D07XC04,Diflukortolon,Diflucortolone,,,
D07XC05,Fluokortolon,Fluocortolone,,,
D07XD,"Mycket potenta kortikosteroider, övriga kombinationer","Corticosteroids, very potent, other combinations",,,
D08,Antiseptika och sårmedel,Antiseptics and disinfectants,,,
D08A,Antiseptika och sårmedel,Antiseptics and disinfectants,,,
D08AA,Akridinderivat,Acridine derivatives,,,
D08AA01,Etakridinlaktat,Ethacridine lactate,,,
D08AA02,Aminoakridin,Aminoacridine,,,
D08AA03,Euflavin,Euflavine,,,
D08AB,Aluminiumföreningar,Aluminium agents,,,
D08AC,Biguanider och amidiner,Biguanides and amidines,,,
D08AC01,Dibrompropamidin,Dibrompropamidine,,,
D08AC02,Klorhexidin,Chlorhexidine,,,
D08AC03,Propamidin,Propamidine,,,
D08AC04,Hexamidin,Hexamidine,,,
D08AC05,Polihexanid,Polihexanide,,,
D08AC52,"Klorhexidin, kombinationer","Chlorhexidine, combinations",,,
D08AD,Borsyrapreparat,Boric acid products,,,
D08AE,Fenol och fenolderivat,Phenol and derivatives,,,
D08AE01,Hexaklorofen,Hexachlorophene,,,
D08AE02,Polikresulen,Policresulen,,,
D08AE03,Fenol,Phenol,,,
D08AE04,Triklosan,Triclosan,,,
D08AE05,Kloroxylenol,Chloroxylenol,,,
D08AE06,Bifenylol,Biphenylol,,,
D08AF,Nitrofuranderivat,Nitrofuran derivatives,,,
D08AF01,Nitrofural,Nitrofural,,,
D08AG,Jodpreparat,Iodine products,,,
D08AG01,Jod/oktylfenoxipolyglykoleter,Iodine/octylphenoxypolyglycolether,,,
D08AG02,"Povidon, joderad",Povidone-iodine,,,
D08AG03,Jod,Iodine,,,
D08AG04,Dijodhydroxipropan,Diiodohydroxypropane,,,
D08AG05,Cadexomerjod,Cadexomer iodine,,,1994-12-31
D08AH,Kinolinderivat,Quinoline derivatives,,,
D08AH01,Dekvalinium,Dequalinium,,,
D08AH02,Klorkinaldol,Chlorquinaldol,,,
D08AH03,Hydroxikinolin,Oxyquinoline,,,
D08AH30,Kliokinol,Clioquinol,,,
D08AJ,Kvartära ammoniumföreningar,Quaternary ammonium compounds,,,
D08AJ01,Bensalkonium,Benzalkonium,,,
D08AJ02,Cetrimonium,Cetrimonium,,,
D08AJ03,Cetylpyridinium,Cetylpyridinium,,,
D08AJ04,Cetrimid,Cetrimide,,,
D08AJ05,Bensoxoniumklorid,Benzoxonium chloride,,,
D08AJ06,Didecyldimetylammoniumklorid,Didecyldimethylammonium chloride,,,
D08AJ08,Bensetoniumklorid,Benzethonium chloride,,,
D08AJ10,Dekametoxin,Decamethoxine,,,
D08AJ57,"Oktenidin, kombinationer","Octenidine, combinations",,,
D08AJ58,"Bensetoniumklorid, kombinationer","Benzethonium chloride, combinations",,,
D08AJ59,"Dodekloniumbromid, kombinationer","Dodeclonium bromide, combinations",,,
D08AK,Kvicksilverföreningar,Mercurial products,,,
D08AK01,Kvicksilveramidoklorid,Mercuric amidochloride,,,
D08AK02,Fenylkvicksilverborat,Phenylmercuric borate,,,
D08AK03,Kvicksilverdiklorid,Mercuric chloride,,,
D08AK04,Merbromin,Merbromin,,,
D08AK05,"Kvicksilver, metallisk","Mercury, metallic",,,
D08AK06,Tiomersal,Thiomersal,,,
D08AK30,Kvicksilverdijodid,Mercuric iodide,,,
D08AL,Silverpreparat,Silver compounds,,,
D08AL01,Silvernitrat,Silver nitrate,,,
D08AL30,Silver,Silver,,,
D08AX,Övriga antiseptika och sårmedel,Other antiseptics and disinfectants,,,
D08AX01,Väteperoxid,Hydrogen peroxide,,,
D08AX02,Eosin,Eosin,,,
D08AX03,Propanol,Propanol,,,
D08AX04,Tosylkloramidnatrium,Tosylchloramide sodium,,,
D08AX05,Isopropanol,Isopropanol,,,
D08AX06,Kaliumpermanganat,Potassium permanganate,,,
D08AX07,Natriumhypoklorit,Sodium hypochlorite,,,
D08AX08,Etanol,Ethanol,,,
D08AX53,"Propanol, kombinationer","Propanol, combinations",,,
D09,Medicinska förband,Medicated dressings,,,
D09A,Medicinska förband,Medicated dressings,,,
D09AA,Medicinska förband med antiinfektiva medel,Medicated dressings with antiinfectives,,,
D09AA01,Framycetin,Framycetin,,,
D09AA02,Fusidinsyra,Fusidic acid,,,
D09AA03,Nitrofural,Nitrofural,,,
D09AA04,Fenylmerkurinitrat,Phenylmercuric nitrate,,,
D09AA05,Bensododecinium,Benzododecinium,,,
D09AA06,Triklosan,Triclosan,,,
D09AA07,Cetylpyridinium,Cetylpyridinium,,,
D09AA08,Aluminiumklorhydrat,Aluminium chlorohydrate,,,
D09AA09,"Povidon, joderad",Povidone-iodine,,,
D09AA10,Kliokinol,Clioquinol,,,
D09AA11,Bensalkonium,Benzalkonium,,,
D09AA12,Klorhexidin,Chlorhexidine,,,
D09AA13,Jodoform,Iodoform,,,
D09AB,Zinkbandage,Zinc bandages,,,
D09AB01,Zinkbandage utan tillägg,Zinc bandage without supplements,,,
D09AB02,Zinkbandage med tillägg,Zinc bandage with supplements,,,
D09AX,Mjuka paraffinkompresser,Soft paraffin dressings,,,
D10,Medel mot akne,Anti-acne preparations,,,
D10A,Medel mot akne för utvärtes bruk,Anti-acne preparations for topical use,,,
D10AA,"Kortikosteroider, kombinationer för behandling av akne","Corticosteroids, combinations for treatment of acne",,,
D10AA01,Fluorometolon,Fluorometholone,,,
D10AA02,Metylprednisolon,Methylprednisolone,,,
D10AA03,Dexametason,Dexamethasone,,,
D10AB,Medel innehållande svavel,Preparations containing sulfur,,,
D10AB01,Bitionol,Bithionol,,,
D10AB02,Svavel,Sulfur,,,
D10AB03,Tioxolon,Tioxolone,,,
D10AB05,Mesulfen,Mesulfen,,,
D10AD,Retinoider för utvärtes behandling mot akne,Retinoids for topical use in acne,,,
D10AD01,Tretinoin,Tretinoin,,,
D10AD02,Retinol (vitamin A),Retinol,,,
D10AD03,Adapalen,Adapalene,,,
D10AD04,Isotretinoin,Isotretinoin,,,
D10AD05,Motretinid,Motretinide,,,
D10AD06,Trifaroten,Trifarotene,,,
D10AD51,"Tretinoin, kombinationer","Tretinoin, combinations",,,
D10AD53,"Adapalen, kombinationer","Adapalene, combinations",,,
D10AD54,"Isotretinoin, kombinationer","Isotretinoin, combinations",,,
D10AE,Peroxider,Peroxides,,,
D10AE01,Bensoylperoxid,Benzoyl peroxide,,,
D10AE51,"Bensoylperoxid, kombinationer","Benzoyl peroxide, combinations",,,
D10AF,Antiinfektiva medel mot akne,Antiinfectives for treatment of acne,,,
D10AF01,Klindamycin,Clindamycin,,,
D10AF02,Erytromycin,Erythromycin,,,
D10AF03,Kloramfenikol,Chloramphenicol,,,
D10AF04,Meklocyklin,Meclocycline,,,
D10AF05,Nadifloxacin,Nadifloxacin,,,
D10AF06,Sulfacetamid,Sulfacetamide,,,
D10AF07,Minocyklin,Minocycline,,,
D10AF51,"Klindamycin, kombinationer","Clindamycin, combinations",,,
D10AF52,"Erytromycin, kombinationer","Erythromycin, combinations",,,
D10AX,Övriga medel mot akne för utvärtes bruk,Other anti-acne preparations for topical use,,,
D10AX01,Aluminiumklorid,Aluminium chloride,,,
D10AX02,Resorcinol,Resorcinol,,,
D10AX03,Azelainsyra,Azelaic acid,,,
D10AX04,Aluminiumoxid,Aluminium oxide,,,
D10AX05,Dapson,Dapsone,,,
D10AX06,Klaskoteron,Clascoterone,,,
D10AX30,Övriga kombinationer,Various combinations,,,
D10B,Medel mot akne för systemiskt bruk,Anti-acne preparations for systemic use,,,
D10BA,Retinoider mot akne,Retinoids for treatment of acne,,,
D10BA01,Isotretinoin,Isotretinoin,,,
D10BX,Övriga medel mot akne för systemiskt bruk,Other anti-acne preparations for systemic use,,,
D10BX01,Ichtasol,Ichtasol,,,
D11,Övriga dermatologiska medel,Other dermatological preparations,,,
D11A,Övriga dermatologiska medel,Other dermatological preparations,,,
D11AA,Antitranspirationsmedel,Antihidrotics,,,
D11AA01,Glykopyrronium,Glycopyrronium,,,
D11AA02,Sofpironiumbromid,Sofpironium bromide,,,
D11AC,Medicinska schampon,Medicated shampoos,,,
D11AC01,Cetrimid,Cetrimide,,,
D11AC02,Kadmiumföreningar,Cadmium compounds,,,
D11AC03,Selensulfid,Selenium compounds,,,
D11AC06,"Povidon, joderad",Povidone-iodine,,,
D11AC08,Svavelkombinationer,Sulfur compounds,,,
D11AC09,Xenysalat,Xenysalate,,,
D11AC30,Övrigt,Others,,,
D11AE,Anabola steroider,Androgens for topical use,,,
D11AE01,Metandienon,Metandienone,,,
D11AF,Vårtmedel,Wart and anti-corn preparations,,,
D11AH,"Medel vid dermatit, exkl. kortikosteroider","Agents for dermatitis, excluding corticosteroids",,,
D11AH01,Takrolimus,Tacrolimus,,,
D11AH02,Pimekrolimus,Pimecrolimus,,,
D11AH03,Natriumkromoglikat,Cromoglicic acid,,,
D11AH04,Alitretinoin,Alitretinoin,,,
D11AH05,Dupilumab,Dupilumab,,,
D11AH06,Krisaborol,Crisaborole,,,
D11AH07,Tralokinumab,Tralokinumab,,,
D11AH08,Abrocitinib,Abrocitinib,,,
D11AH09,Ruxolitinib,Ruxolitinib,,,
D11AH10,Lebrikizumab,Lebrikizumab,,,
D11AH11,Delgocitinib,Delgocitinib,,,
D11AH12,Nemolizumab,Nemolizumab,,,
D11AX,Övriga dermatologiska medel,Other dermatologicals,,,
D11AX01,Minoxidil,Minoxidil,,,
D11AX02,Gamolensyra,Gamolenic acid,,,
D11AX03,Kalciumglukonat,Calcium gluconate,,,
D11AX04,Litiumsuccinat,Lithium succinate,,,
D11AX05,Magnesiumsulfat,Magnesium sulfate,,,
D11AX06,Mekinol,Mequinol,,,
D11AX08,Tiratrikol,Tiratricol,,,
D11AX09,Oxaceprol,Oxaceprol,,,
D11AX10,Finasterid,Finasteride,,,
D11AX11,Hydrokinon,Hydroquinone,,,
D11AX12,Pyrithion zink,Pyrithione zinc,,,
D11AX13,Monobenzon,Monobenzone,,,
D11AX14,Takrolimus,Tacrolimus,,,2009-12-31
D11AX15,Pimekrolimus,Pimecrolimus,,,2009-12-31
D11AX16,Eflornitin,Eflornithine,,,
D11AX18,Diklofenak,Diclofenac,,,
D11AX19,Alitretinoin,Alitretinoin,,,2011-12-31
D11AX21,Brimonidin,Brimonidine,,,
D11AX22,Ivermektin,Ivermectin,,,
D11AX23,Aminobensoatkalium,Aminobenzoate potassium,,,
D11AX24,Deoxicholsyra,Deoxycholic acid,,,
D11AX25,Väteperoxid,Hydrogen peroxide,,,
D11AX26,Koffein,Caffeine,,,
D11AX27,Oxymetazolin,Oxymetazoline,,,
D11AX52,"Gamolensyra, kombinationer","Gamolenic acid, combinations",,,
D11AX57,"Kollagen, kombinationer","Collagen, combinations",,,
G,Urin- och könsorgan samt könshormoner,Genito urinary system and sex hormones,,,
G01,Antiinfektiva och antiseptiska medel för gynekologiskt bruk,Gynecological antiinfectives and antiseptics,,,
G01A,"Antiinfektiva och antiseptiska medel, exkl. kombinationer med kortikosteroider","Antiinfectives and antiseptics, excl. combinations with corticosteroids",,,
G01AA,Antibiotika,Antibiotics,,,
G01AA01,Nystatin,Nystatin,,,
G01AA02,Natamycin,Natamycin,,,
G01AA03,Amfotericin B,Amphotericin B,,,
G01AA04,Kandicidin,Candicidin,,,
G01AA05,Kloramfenikol,Chloramphenicol,,,
G01AA06,Hakimycin,Hachimycin,,,
G01AA07,Oxitetracyklin,Oxytetracycline,,,
G01AA08,Karfecillin,Carfecillin,,,
G01AA09,Mepartricin,Mepartricin,,,
G01AA10,Klindamycin,Clindamycin,,,
G01AA11,Pentamycin,Pentamycin,,,
G01AA51,"Nystatin, kombinationer","Nystatin, combinations",,,
G01AB,Arsenikföreningar,Arsenic compounds,,,
G01AB01,Acetarsol,Acetarsol,,,
G01AC,Kinolinderivat,Quinoline derivatives,,,
G01AC01,Dijodhydroxikinolin,Diiodohydroxyquinoline,,,
G01AC02,Kliokinol,Clioquinol,,,
G01AC03,Klorkinaldol,Chlorquinaldol,,,
G01AC05,Dekvalinium,Dequalinium,,,
G01AC06,Broxikinolin,Broxyquinoline,,,
G01AC30,Hydroxikinolin,Oxyquinoline,,,
G01AD,Organiska syror,Organic acids,,,
G01AD01,Mjölksyra,Lactic acid,,,
G01AD02,Ättiksyra,Acetic acid,,,
G01AD03,Askorbinsyra (vitamin C),Ascorbic acid,,,
G01AE,Sulfonamider,Sulfonamides,,,
G01AE01,Sulfatolamid,Sulfatolamide,,,
G01AE10,Kombinationer av sulfonamider,Combinations of sulfonamides,,,
G01AF,Imidazolderivat,Imidazole derivatives,,,
G01AF01,Metronidazol,Metronidazole,,,
G01AF02,Klotrimazol,Clotrimazole,,,
G01AF04,Mikonazol,Miconazole,,,
G01AF05,Ekonazol,Econazole,,,
G01AF06,Ornidazol,Ornidazole,,,
G01AF07,Isokonazol,Isoconazole,,,
G01AF08,Tiokonazol,Tioconazole,,,
G01AF10,Nimorazol,Nimorazole,,,2012-12-13
G01AF11,Ketokonazol,Ketoconazole,,,
G01AF12,Fentikonazol,Fenticonazole,,,
G01AF13,Azanidazol,Azanidazole,,,
G01AF14,Propenidazol,Propenidazole,,,
G01AF15,Butokonazol,Butoconazole,,,
G01AF16,Omokonazol,Omoconazole,,,
G01AF17,Oxikonazol,Oxiconazole,,,
G01AF18,Flutrimazol,Flutrimazole,,,
G01AF19,Sertakonazol,Sertaconazole,,,
G01AF20,Kombinationer av imidazolderivat,Combinations of imidazole derivatives,,,
G01AF21,Tinidazol,Tinidazole,,,
G01AF55,"Ekonazol, kombinationer","Econazole, combinations",,,
G01AG,Triazolderivat,Triazole derivatives,,,
G01AG01,Flukonazol,Fluconazole,,,1992-12-31
G01AG02,Terkonazol,Terconazole,,,
G01AX,Övriga antiinfektiva och antiseptiska medel,Other antiinfectives and antiseptics,,,
G01AX01,Klodantoin,Clodantoin,,,
G01AX02,Inosin,Inosine,,,
G01AX03,Polikresulen,Policresulen,,,
G01AX05,Nifuratel,Nifuratel,,,
G01AX06,Furazolidon,Furazolidone,,,
G01AX09,Metylrosanilin,Methylrosaniline,,,
G01AX11,"Povidon, joderad",Povidone-iodine,,,
G01AX12,Ciklopirox,Ciclopirox,,,
G01AX13,Protiofat,Protiofate,,,
G01AX14,Lactobacillus,Lactobacillus,,,
G01AX15,Kopparusnat,Copper usnate,,,
G01AX16,Hexetidin,Hexetidine,,,
G01AX17,Dapivirin,Dapivirine,,,
G01AX66,"Oktenidin, kombinationer","Octenidine, combinations",,,
G01B,Antiinfektiva och antiseptiska medel i kombination med kortikosteroider,Antiinfectives/antiseptics in combination with corticosteroids,,,
G01BA,Antibiotika och kortikosteroider,Antibiotics and corticosteroids,,,
G01BC,Kinolinderivat och kortikosteroider,Quinoline derivatives and corticosteroids,,,
G01BD,Antiseptika och kortikosteroider,Antiseptics and corticosteroids,,,
G01BE,Sulfonamider och kortikosteroider,Sulfonamides and corticosteroids,,,
G01BF,Imidazolderivat och kortikosteroider,Imidazole derivatives and corticosteroids,,,
G02,Övriga medel för gynekologiskt bruk,Other gynecologicals,,,
G02A,Uteruskontraherande medel,Uterotonics,,,
G02AB,Mjöldrygealkaloider,Ergot alkaloids,,,
G02AB01,Metylergometrin,Methylergometrine,,,
G02AB02,Mjöldrygealkaloider,Ergot alkaloids,,,
G02AB03,Ergometrin,Ergometrine,,,
G02AC,"Mjöldrygealkaloider och oxytocin, inkl analoger, i kombination","Ergot alkaloids and oxytocin incl. analogues, in combination",,,
G02AC01,Metylergometrin och oxytocin,Methylergometrine and oxytocin,,,
G02AD,Prostaglandiner,Prostaglandins,,,
G02AD01,Dinoprost,Dinoprost,,,
G02AD02,Dinoproston,Dinoprostone,,,
G02AD03,Gemeprost,Gemeprost,,,
G02AD04,Karboprost,Carboprost,,,
G02AD05,Sulproston,Sulprostone,,,
G02AD06,Misoprostol,Misoprostol,,,
G02AX,Övriga uteruskontraherande medel,Other uterotonics,,,
G02B,Antikonceptionella medel för lokal användning,Contraceptives for topical use,,,
G02BA,Intrauterina preventivmedel,Intrauterine contraceptives,,,
G02BA01,Plastiskt intrauterint preventivmedel,Plastic IUD,,,
G02BA02,Plastiskt intrauterint preventivmedel med koppar,Plastic IUD with copper,,,
G02BA03,Plastiskt intrauterint preventivmedel med gestagen,Plastic IUD with progestogen,,,
G02BB,Intravaginala preventivmedel,Intravaginal contraceptives,,,
G02BB01,Vaginalring med progestogen och östrogen,Vaginal ring with progestogen and estrogen,,,
G02BB02,Vaginalring med progestogen,Vaginal ring with progestogen,,,
G02C,Övriga medel för gynekologiskt bruk,Other gynecologicals,,,
G02CA,Sympatomimetika för undertryckande av värkarbete,"Sympathomimetics, labour repressants",,,
G02CA01,Ritodrin,Ritodrine,,,
G02CA02,Bufenin,Buphenine,,,
G02CA03,Fenoterol,Fenoterol,,,
G02CB,Prolaktinhämmare,Prolactine inhibitors,,,
G02CB01,Bromokriptin,Bromocriptine,,,
G02CB02,Lisurid,Lisuride,,,
G02CB03,Kabergolin,Cabergoline,,,
G02CB04,Kinagolid,Quinagolide,,,
G02CB05,Metergolin,Metergoline,,,
G02CB06,Tergurid,Terguride,,,
G02CC,Antiinflammatoriska medel för vaginal administrering,Antiinflammatory products for vaginal administration,,,
G02CC01,Ibuprofen,Ibuprofen,,,
G02CC02,Naproxen,Naproxen,,,
G02CC03,Bensydamin,Benzydamine,,,
G02CC04,Flunoxaprofen,Flunoxaprofen,,,
G02CX,Övriga medel för gynekologiskt bruk,Other gynecologicals,,,
G02CX01,Atosiban,Atosiban,,,
G02CX02,Flibanserin,Flibanserin,,,
G02CX03,"Munkpeppar, frukt",Agni casti fructus,,,
G02CX04,"Läkesilverax, jordstam",Cimicifugae rhizoma,,,
G02CX05,Bremelanotid,Bremelanotide,,,
G02CX06,Fezolinetant,Fezolinetant,,,
G02CX07,Elinzanetant,Elinzanetant,,,
G03,Könshormoner och modulatorer av könsorgan,Sex hormones and modulators of the genital system,,,
G03A,Hormonella antikonceptionella medel för systemiskt bruk,Hormonal contraceptives for systemic use,,,
G03AA,Gestagener och östrogener i fasta kombinationer,"Progestogens and estrogens, fixed combinations",,,
G03AA01,Etynodiol och etinylestradiol,Etynodiol and ethinylestradiol,,,
G03AA02,Kingestanol och etinylestradiol,Quingestanol and ethinylestradiol,,,
G03AA03,Lynestrenol och etinylestradiol,Lynestrenol and ethinylestradiol,,,
G03AA04,Megestrol och etinylestradiol,Megestrol and ethinylestradiol,,,
G03AA05,Noretisteron och etinylestradiol,Norethisterone and ethinylestradiol,,,
G03AA06,Norgestrel och etinylestradiol,Norgestrel and ethinylestradiol,,,
G03AA07,Levonorgestrel och etinylestradiol,Levonorgestrel and ethinylestradiol,,,
G03AA08,Medroxiprogesteron och etinylestradiol,Medroxyprogesterone and ethinylestradiol,,,
G03AA09,Desogestrel och etinylestradiol,Desogestrel and ethinylestradiol,,,
G03AA10,Gestoden och etinylestradiol,Gestodene and ethinylestradiol,,,
G03AA11,Norgestimat och etinylestradiol,Norgestimate and ethinylestradiol,,,
G03AA12,Drospirenon och etinylestradiol,Drospirenone and ethinylestradiol,,,
G03AA13,Norelgestromin och etinylestradiol,Norelgestromin and ethinylestradiol,,,
G03AA14,Nomegestrol och estradiol,Nomegestrol and estradiol,,,
G03AA15,Klormadinon och etinylestradiol,Chlormadinone and ethinylestradiol,,,
G03AA16,Dienogest och etinylestradiol,Dienogest and ethinylestradiol,,,
G03AA17,Medroxyprogesteron och estradiol,Medroxyprogesterone and estradiol,,,
G03AA18,Drospirenon och estetrol,Drospirenone and estetrol,,,
G03AB,"Gestagener och östrogener, sekvenspreparat","Progestogens and estrogens, sequential preparations",,,
G03AB01,Megestrol och etinylestradiol,Megestrol and ethinylestradiol,,,
G03AB02,Lynestrenol och etinylestradiol,Lynestrenol and ethinylestradiol,,,
G03AB03,Levonorgestrel och etinylestradiol,Levonorgestrel and ethinylestradiol,,,
G03AB04,Noretisteron och etinylestradiol,Norethisterone and ethinylestradiol,,,
G03AB05,Desogestrel och etinylestradiol,Desogestrel and ethinylestradiol,,,
G03AB06,Gestoden och etinylestradiol,Gestodene and ethinylestradiol,,,
G03AB07,Klormadinon och etinylestradiol,Chlormadinone and ethinylestradiol,,,
G03AB08,Dienogest och estradiol,Dienogest and estradiol,,,
G03AB09,Norgestimat och etinylestradiol,Norgestimate and ethinylestradiol,,,
G03AC,Gestagener,Progestogens,,,
G03AC01,Noretisteron,Norethisterone,,,
G03AC02,Lynestrenol,Lynestrenol,,,
G03AC03,Levonorgestrel,Levonorgestrel,,,
G03AC04,Kvingestanol,Quingestanol,,,
G03AC05,Megestrol,Megestrol,,,
G03AC06,Medroxiprogesteron,Medroxyprogesterone,,,
G03AC07,Norgestrienon,Norgestrienone,,,
G03AC08,Etonogestrel,Etonogestrel,,,
G03AC09,Desogestrel,Desogestrel,,,
G03AC10,Drospirenon,Drospirenone,,,
G03AD,Akut preventivmedel,Emergency contraceptives,,,
G03AD01,Levonorgestrel,Levonorgestrel,,,
G03AD02,Ulipristal,Ulipristal,,,
G03B,Androgener,Androgens,,,
G03BA,3-Oxandrostenderivat,3-oxoandrosten (4) derivatives,,,
G03BA01,Fluoximesteron,Fluoxymesterone,,,
G03BA02,Metyltestosteron,Methyltestosterone,,,
G03BA03,Testosteron,Testosterone,,,
G03BB,5-Androstanonderivat,5-androstanon (3) derivatives,,,
G03BB01,Mesterolon,Mesterolone,,,
G03BB02,Androstanolon,Androstanolone,,,
G03C,Östrogener,Estrogens,,,
G03CA,Naturliga och halvsyntetiska estrogener,"Natural and semisynthetic estrogens, plain",,,
G03CA01,Etinylestradiol,Ethinylestradiol,,,
G03CA03,Estradiol,Estradiol,,,
G03CA04,Estriol,Estriol,,,
G03CA06,Klortrianisen,Chlorotrianisene,,,
G03CA07,Estron,Estrone,,,
G03CA08,Epimestrol,Epimestrol,,,1994-12-31
G03CA09,Promestrien,Promestriene,,,
G03CA10,Estetrol,Estetrol,,,
G03CA53,"Estradiol, kombinationer","Estradiol, combinations",,,
G03CA57,Konjugerade estrogener,Conjugated estrogens,,,
G03CB,Syntetiska östrogener,"Synthetic estrogens, plain",,,
G03CB01,Dienestrol,Dienestrol,,,
G03CB02,Dietylstilbestrol,Diethylstilbestrol,,,
G03CB03,Metallenestril,Methallenestril,,,
G03CB04,Moxestrol,Moxestrol,,,
G03CC,Östrogener i kombination med andra medel,"Estrogens, combinations with other drugs",,,
G03CC02,Dienestrol,Dienestrol,,,
G03CC03,Metallenestril,Methallenestril,,,
G03CC04,Estron,Estrone,,,
G03CC05,Dietylstilbestrol,Diethylstilbestrol,,,
G03CC06,Estriol,Estriol,,,
G03CC07,Konjugerade östrogener och bazedoxifen,Conjugated estrogens and bazedoxifene,,,
G03CX,Övriga estrogener,Other estrogens,,,
G03CX01,Tibolon,Tibolone,,,
G03D,Gestagener,Progestogens,,,
G03DA,Pregnenderivat,Pregnen (4) derivatives,,,
G03DA01,Gestonoron,Gestonorone,,,
G03DA02,Medroxiprogesteron,Medroxyprogesterone,,,
G03DA03,Hydroxiprogesteron,Hydroxyprogesterone,,,
G03DA04,Progesteron,Progesterone,,,
G03DA05,Gestrinon,Gestrinone,,,1994-12-31
G03DB,Pregnadienderivat,Pregnadien derivatives,,,
G03DB01,Dydrogesteron,Dydrogesterone,,,
G03DB02,Megestrol,Megestrol,,,
G03DB03,Medrogeston,Medrogestone,,,
G03DB04,Nomegestrol,Nomegestrol,,,
G03DB05,Demegeston,Demegestone,,,
G03DB06,Klormadinon,Chlormadinone,,,
G03DB07,Promegeston,Promegestone,,,
G03DB08,Dienogest,Dienogest,,,
G03DC,Östrenderivat,Estren derivatives,,,
G03DC01,Allylestrenol,Allylestrenol,,,
G03DC02,Noretisteron,Norethisterone,,,
G03DC03,Lynestrenol,Lynestrenol,,,
G03DC04,Etisteron,Ethisterone,,,
G03DC06,Etynodiol,Etynodiol,,,
G03DC31,Metylestrenolon,Methylestrenolone,,,
G03E,"Androgener och kvinnliga könshormoner, kombinationer",Androgens and female sex hormones in combination,,,
G03EA,Androgener och östrogener,Androgens and estrogens,,,
G03EA01,Metyltestosteron och östrogen,Methyltestosterone and estrogen,,,
G03EA02,Testosteron och östrogen,Testosterone and estrogen,,,
G03EA03,Prasteron och östrogen,Prasterone and estrogen,,,
G03EB,"Androgener, gestagener och östrogener, kombinationer","Androgen, progestogen and estrogen in combination",,,
G03EK,Androgener och kvinnliga könshormoner i kombination med andra medel,Androgens and female sex hormones in combination with other drugs,,,
G03EK01,Metyltestosteron,Methyltestosterone,,,
G03F,Gestagener i kombination med östrogener,Progestogens and estrogens in combination,,,
G03FA,Gestagener och östrogener i fasta kombinationer,"Progestogens and estrogens, fixed combinations",,,
G03FA01,Noretisteron och östrogen,Norethisterone and estrogen,,,
G03FA02,Hydroxiprogesteron och östrogen,Hydroxyprogesterone and estrogen,,,
G03FA03,Etisteron och östrogen,Ethisterone and estrogen,,,
G03FA04,Progesteron och östrogen,Progesterone and estrogen,,,
G03FA05,Metylnortestosteron och östrogen,Methylnortestosterone and estrogen,,,
G03FA06,Etynodiol och östrogen,Etynodiol and estrogen,,,
G03FA07,Lynestrenol och östrogen,Lynestrenol and estrogen,,,
G03FA08,Megestrol och östrogen,Megestrol and estrogen,,,
G03FA09,Noretisteron och östrogen,Noretynodrel and estrogen,,,
G03FA10,Norgestrel och östrogen,Norgestrel and estrogen,,,
G03FA11,Levonorgestrel och östrogen,Levonorgestrel and estrogen,,,
G03FA12,Medroxiprogesteron och östrogen,Medroxyprogesterone and estrogen,,,
G03FA13,Norgestimat och östrogen,Norgestimate and estrogen,,,
G03FA14,Dydrogesteron och östrogen,Dydrogesterone and estrogen,,,
G03FA15,Dienogest och östrogen,Dienogest and estrogen,,,
G03FA16,Trimegeston och östrogen,Trimegestone and estrogen,,,
G03FA17,Drospirenon och östrogen,Drospirenone and estrogen,,,
G03FB,"Gestagener och östrogener, sekvenspreparat","Progestogens and estrogens, sequential preparations",,,
G03FB01,Norgestrel och östrogen,Norgestrel and estrogen,,,
G03FB02,Lynestrenol och östrogen,Lynestrenol and estrogen,,,
G03FB03,Klormadinon och östrogen,Chlormadinone and estrogen,,,
G03FB04,Megestrol och östrogen,Megestrol and estrogen,,,
G03FB05,Noretisteron och östrogen,Norethisterone and estrogen,,,
G03FB06,Medroxiprogesteron och östrogen,Medroxyprogesterone and estrogen,,,
G03FB07,Medrogeston och östrogen,Medrogestone and estrogen,,,
G03FB08,Dydrogesteron och östrogen,Dydrogesterone and estrogen,,,
G03FB09,Levonorgestrel och östrogen,Levonorgestrel and estrogen,,,
G03FB10,Desogestrel och östrogen,Desogestrel and estrogen,,,
G03FB11,Trimegeston och östrogen,Trimegestone and estrogen,,,
G03FB12,Nomegestrol och östrogen,Nomegestrol and estrogen,,,
G03G,Gonadotropiner och andra ovulationsstimulerande medel,Gonadotropins and other ovulation stimulants,,,
G03GA,Gonadotropiner,Gonadotropins,,,
G03GA01,Koriongonadotropin,Chorionic gonadotrophin,,,
G03GA02,Menopausgonadotropin,Human menopausal gonadotrophin,,,
G03GA03,Serumgonadotropin,Serum gonadotrophin,,,
G03GA04,Urofollitropin,Urofollitropin,,,
G03GA05,Follitropin alfa,Follitropin alfa,,,
G03GA06,Follitropin beta,Follitropin beta,,,
G03GA07,Lutropin alfa,Lutropin alfa,,,
G03GA08,Koriongonadotropin alfa,Choriogonadotropin alfa,,,
G03GA09,Korifollitropin alfa,Corifollitropin alfa,,,
G03GA10,Follitropin delta,Follitropin delta,,,
G03GA30,Kombinationer,Combinations,,,
G03GB,Syntetiska ovulationsstimulerande medel,"Ovulation stimulants, synthetic",,,
G03GB01,Cyklofenil,Cyclofenil,,,
G03GB02,Klomifen,Clomifene,,,
G03GB03,Epimestrol,Epimestrol,,,
G03H,Antiandrogener,Antiandrogens,,,
G03HA,Antiandrogener,"Antiandrogens, plain",,,
G03HA01,Cyproteron,Cyproterone,,,
G03HB,Antiandrogener och östrogener,Antiandrogens and estrogens,,,
G03HB01,Cyproteron och östrogen,Cyproterone and estrogen,,,
G03X,Övriga könshormoner och modulatorer av könsorgan,Other sex hormones and modulators of the genital system,,,
G03XA,Gonadotropinhämmare och liknande medel,Antigonadotropins and similar agents,,,
G03XA01,Danazol,Danazol,,,
G03XA02,Gestrinon,Gestrinone,,,
G03XB,Progesteronreceptormodulatorer,Progesterone receptor modulators,,,
G03XB01,Mifepriston,Mifepristone,,,
G03XB02,Ulipristal,Ulipristal,,,
G03XB51,"Mifepriston, kombinationer","Mifepristone, combinations",,,
G03XC,Selektiva östrogenreceptormodulatorer,Selective estrogen receptor modulators,,,
G03XC01,Raloxifen,Raloxifene,,,
G03XC02,Bazedoxifen,Bazedoxifene,,,
G03XC03,Lasofoxifen,Lasofoxifene,,,
G03XC04,Ormeloxifen,Ormeloxifen,,,
G03XC05,Ospemifen,Ospemifene,,,
G03XX,Övriga könshormoner och modulatorer av könsorgan,Other sex hormones and modulators of the genital system,,,
G03XX01,Prasteron,Prasterone,,,
G04,Urologiska medel,Urologicals,,,
G04B,Urologiska medel,Urologicals,,,
G04BA,Surgörande medel,Acidifiers,,,
G04BA01,Ammoniumklorid,Ammonium chloride,,,
G04BA03,Kalciumklorid,Calcium chloride,,,
G04BC,Medel för upplösning av urinsyrakonkrement,Urinary concrement solvents,,,
G04BD,Medel mot inkontinens och för kontroll av miktionsfrekvens,Drugs for urinary frequency and incontinence,,,
G04BD01,Emepron,Emepronium,,,
G04BD02,Flavoxat,Flavoxate,,,
G04BD03,Meladrazin,Meladrazine,,,
G04BD04,Oxybutynin,Oxybutynin,,,
G04BD05,Terodilin,Terodiline,,,
G04BD06,Propiverin,Propiverine,,,
G04BD07,Tolterodin,Tolterodine,,,
G04BD08,Solifenacin,Solifenacin,,,
G04BD09,Trospium,Trospium,,,
G04BD10,Darifenacin,Darifenacin,,,
G04BD11,Fesoterodin,Fesoterodine,,,
G04BD12,Mirabegron,Mirabegron,,,
G04BD13,Desfesoterodin,Desfesoterodine,,,
G04BD14,Imidafenacin,Imidafenacin,,,
G04BD15,Vibegron,Vibegron,,,
G04BE,Medel vid erektil dysfunktion,Drugs used in erectile dysfunction,,,
G04BE01,Alprostadil,Alprostadil,,,
G04BE02,Papaverin,Papaverine,,,
G04BE03,Sildenafil,Sildenafil,,,
G04BE04,Yohimbin,Yohimbin,,,
G04BE05,Fentolamin,Phentolamine,,,2010-12-31
G04BE06,Moxisylyt,Moxisylyte,,,
G04BE07,Apomorfin,Apomorphine,,,
G04BE08,Tadalafil,Tadalafil,,,
G04BE09,Vardenafil,Vardenafil,,,
G04BE10,Avanafil,Avanafil,,,
G04BE11,Udenafil,Udenafil,,,
G04BE30,Kombinationer,Combinations,,,
G04BE52,"Papaverin, kombinationer","Papaverine, combinations",,,
G04BX,Övriga urologiska medel,Other urologicals,,,
G04BX01,Magnesiumhydroxid,Magnesium hydroxide,,,
G04BX03,Acetohydroxamsyra,Acetohydroxamic acid,,,
G04BX06,Fenazopyridin,Phenazopyridine,,,
G04BX10,Succinimid,Succinimide,,,
G04BX11,Kollagen,Collagen,,,
G04BX12,Fenylsalicylat,Phenyl salicylate,,,
G04BX13,Dimetylsulfoxid,Dimethyl sulfoxide,,,
G04BX14,Dapoxetin,Dapoxetine,,,
G04BX15,Pentosanpolysulfatnatrium,Pentosan polysulfate sodium,,,
G04BX16,Tiopronin,Tiopronin,,,
G04BX17,Natriumsalicylat och metenamin,Sodium salicylate and methenamine,,,
G04C,Medel vid benign prostatahyperplasi,Drugs used in benign prostatic hypertrophy,,,
G04CA,Alfa-adrenoreceptorantagonister,Alpha-adrenoreceptor antagonists,,,
G04CA01,Alfuzosin,Alfuzosin,,,
G04CA02,Tamsulosin,Tamsulosin,,,
G04CA03,Terazosin,Terazosin,,,
G04CA04,Silodosin,Silodosin,,,
G04CA51,Alfuzosin och finasterid,Alfuzosin and finasteride,,,
G04CA52,Tamsulosin och dutasterid,Tamsulosin and dutasteride,,,
G04CA53,Tamsulosin och solifenacin,Tamsulosin and solifenacin,,,
G04CA54,Tamsulosin och tadalafil,Tamsulosin and tadalafil,,,
G04CA55,Doxazosin och finasterid,Doxazosin and finasteride,,,
G04CB,Testosteron-5-alfa-reduktashämmare,Testosterone-5-alpha reductase inhibitors,,,
G04CB01,Finasterid,Finasteride,,,
G04CB02,Dutasterid,Dutasteride,,,
G04CB51,Finasterid och tadalafil,Finasteride and tadalafil,,,
G04CX,Övriga medel vid benign prostatahyperplasi,Other drugs used in benign prostatic hypertrophy,,,
G04CX01,"Pygeum africanum, bark",Prunus africanae cortex,,,
G04CX02,"Sågpalmetto, frukt",Sabalis serrulatae fructus,,,
G04CX03,Mepartricin,Mepartricin,,,
G04CX04,Fexapotid,Fexapotide,,,
H,"Systemiska hormonpreparat, exkl. könshormoner och insuliner","Systemic hormonal preparations, excl. sex hormones and insulins",,,
H01,Hypofys- och hypotalamushormoner och analoger,Pituitary and hypothalamic hormones and analogues,,,
H01A,Hypofysframlobens hormoner samt analoger,Anterior pituitary lobe hormones and analogues,,,
H01AA,ACTH,ACTH,,,
H01AA01,Kortikotropin,Corticotropin,,,
H01AA02,Tetrakosaktid,Tetracosactide,,,
H01AB,Tyrotropin,Thyrotropin,,,
H01AB01,Tyrotropin alfa,Thyrotropin alfa,,,
H01AC,"Somatropin, samt somatropinagonister",Somatropin and somatropin agonists,,,
H01AC01,Somatropin,Somatropin,,,
H01AC02,Somatrem,Somatrem,,,
H01AC03,Mekasermin,Mecasermin,,,
H01AC04,Sermorelin,Sermorelin,,,
H01AC05,Mekaserminrinfabat,Mecasermin rinfabate,,,
H01AC06,Tesamorelin,Tesamorelin,,,
H01AC07,Somapacitan,Somapacitan,,,
H01AC08,Somatrogon,Somatrogon,,,
H01AC09,Lonapegsomatropin,Lonapegsomatropin,,,
H01AX,Övriga hypofysframlobens hormoner samt analoger,Other anterior pituitary lobe hormones and analogues,,,
H01AX01,Pegvisomant,Pegvisomant,,,
H01B,Hypofysbaklobens hormoner,Posterior pituitary lobe hormones,,,
H01BA,Vasopressin och analoger,Vasopressin and analogues,,,
H01BA01,Vasopressin (argipressin),Vasopressin (argipressin),,,
H01BA02,Desmopressin,Desmopressin,,,
H01BA03,Lypressin,Lypressin,,,
H01BA04,Terlipressin,Terlipressin,,,
H01BA05,Ornipressin,Ornipressin,,,
H01BA06,Argipressin,Argipressin,,,2017-12-31
H01BB,Oxytocin och analoger,Oxytocin and analogues,,,
H01BB01,Demoxytocin,Demoxytocin,,,
H01BB02,Oxytocin,Oxytocin,,,
H01BB03,Karbetocin,Carbetocin,,,
H01C,Hypotalamushormoner,Hypothalamic hormones,,,
H01CA,Gonadotropinfrisättande hormoner,Gonadotropin-releasing hormones,,,
H01CA01,Gonadorelin,Gonadorelin,,,
H01CA02,Nafarelin,Nafarelin,,,
H01CA03,Histrelin,Histrelin,,,2012-12-31
H01CB,Somatostatin och analoger,Somatostatin and analogues,,,
H01CB01,Somatostatin,Somatostatin,,,
H01CB02,Oktreotid,Octreotide,,,
H01CB03,Lanreotid,Lanreotide,,,
H01CB04,Vapreotid,Vapreotide,,,
H01CB05,Pasireotid,Pasireotide,,,
H01CB06,Paltusotin,Paltusotine,,,
H01CC,Gonadotropinantagonister,Anti-gonadotropin-releasing hormones,,,
H01CC01,Ganirelix,Ganirelix,,,
H01CC02,Cetrorelix,Cetrorelix,,,
H01CC03,Elagolix,Elagolix,,,
H01CC04,Linzagolix,Linzagolix,,,
H01CC53,"Elagolix, estradiol och noretisteron","Elagolix, estradiol and norethisterone",,,
H01CC54,"Relugolix, estradiol och noretisteron","Relugolix, estradiol and norethisterone",,,
H02,Kortikosteroider för systemiskt bruk,Corticosteroids for systemic use,,,
H02A,Kortikosteroider för systemiskt bruk,"Corticosteroids for systemic use, plain",,,
H02AA,Mineralkortikoider,Mineralocorticoids,,,
H02AA01,Aldosteron,Aldosterone,,,
H02AA02,Fludrokortison,Fludrocortisone,,,
H02AA03,Desoxikorton,Desoxycortone,,,
H02AB,Glukokortikoider,Glucocorticoids,,,
H02AB01,Betametason,Betamethasone,,,
H02AB02,Dexametason,Dexamethasone,,,
H02AB03,Fluokortolon,Fluocortolone,,,
H02AB04,Metylprednisolon,Methylprednisolone,,,
H02AB05,Parametason,Paramethasone,,,
H02AB06,Prednisolon,Prednisolone,,,
H02AB07,Prednison,Prednisone,,,
H02AB08,Triamcinolon,Triamcinolone,,,
H02AB09,Hydrokortison,Hydrocortisone,,,
H02AB10,Kortison,Cortisone,,,
H02AB11,Prednyliden,Prednylidene,,,
H02AB12,Rimexolon,Rimexolone,,,
H02AB13,Deflazakort,Deflazacort,,,
H02AB14,Kloprednol,Cloprednol,,,
H02AB15,Meprednison,Meprednisone,,,
H02AB16,Budesonid,Bedesonide,,,2003-12-31
H02AB17,Kortivazol,Cortivazol,,,
H02AB18,Vamorolon,Vamorolone,,,
H02B,"Kortikosteroider för systemiskt bruk, kombinationer","Corticosteroids for systemic use, combinations",,,
H02BA,"Kortikosteroider för systemiskt bruk, kombinationer","Corticosteroids for systemic use, combinations",,,2012-12-13
H02BA52,"Metylprednisolon, kombinationer","Methylprednisolon, combinations",,,2012-12-13
H02BX,"Kortikosteroider för systemiskt bruk, kombinationer","Corticosteroids for systemic use, combinations",,,
H02BX01,"Metylprednisolon, kombinationer","Methylprednisolone, combinations",,,
H02C,Antiadrenerga preparat,Antiadrenal preparations,,,
H02CA,Antikortikosteroider,Anticorticosteroids,,,
H02CA01,Trilostan,Trilostane,,,
H02CA02,Osilodrostat,Osilodrostat,,,
H02CA03,Ketokonazol,Ketoconazole,,,
H02CA04,Levoketokonazol,Levoketoconazole,,,
H03,Tyreoideabehandling,Thyroid therapy,,,
H03A,Tyreoideapreparat,Thyroid preparations,,,
H03AA,Tyreoideahormoner,Thyroid hormones,,,
H03AA01,Levotyroxinnatrium,Levothyroxine sodium,,,
H03AA02,Liotyroninnatrium,Liothyronine sodium,,,
H03AA03,Kombinationer av levotyroxin och liotyronin,Combinations of levothyroxine and liothyronine,,,
H03AA04,Tiratrikol,Tiratricol,,,
H03AA05,Sköldkörtelpreparat,Thyroid gland preparations,,,
H03AA51,Levotyroxinnatrium och jodföreningar,Levothyroxine sodium and iodine compounds,,,
H03B,"Antityreoida substanser, tyreostatika",Antithyroid preparations,,,
H03BA,Tiouraciler,Thiouracils,,,
H03BA01,Metyltiouracil,Methylthiouracil,,,
H03BA02,Propyltiouracil,Propylthiouracil,,,
H03BA03,Bensyltiouracil,Benzylthiouracil,,,
H03BB,Svavelhaltiga imidazolderivat,Sulfur-containing imidazole derivatives,,,
H03BB01,Karbimazol,Carbimazole,,,
H03BB02,Tiamazol,Thiamazole,,,
H03BB52,"Tiamazol, kombinationer","Thiamazole, combinations",,,
H03BC,Perklorater,Perchlorates,,,
H03BC01,Kaliumperklorat,Potassium perchlorate,,,
H03BX,Övriga antityreoida substanser,Other antithyroid preparations,,,
H03BX01,Dijodtyrosin,Diiodotyrosine,,,
H03BX02,Dibromotyrosin,Dibromotyrosine,,,
H03C,Jodterapi,Iodine therapy,,,
H03CA,Jodterapi,Iodine therapy,,,
H04,Pankreashormoner,Pancreatic hormones,,,
H04A,Glukogenolytiskt hormon,Glycogenolytic hormones,,,
H04AA,Glukogenolytiskt hormon,Glycogenolytic hormones,,,
H04AA01,Glukagon,Glucagon,,,
H04AA02,Dasiglukagon,Dasiglucagon,,,
H05,Medel som reglerar kalciumomsättningen,Calcium homeostasis,,,
H05A,Paratyreoideahormoner och analoger,Parathyroid hormones and analogues,,,
H05AA,Paratyreoideahormoner och analoger,Parathyroid hormones and analogues,,,
H05AA01,Paratyreoideaextrakt,Parathyroid gland extract,,,
H05AA02,Teriparatid,Teriparatide,,,
H05AA03,Paratyroidhormon,Parathyroid hormone,,,
H05AA04,Abaloparatid,Abaloparatide,,,
H05AA05,Palopegteriparatid,Palopegteriparatide,,,
H05B,Antiparatyreoideamedel,Anti-parathyroid agents,,,
H05BA,Kalcitoninpreparat,Calcitonin preparations,,,
H05BA01,"Kalcitonin, lax, syntetisk",Calcitonin (salmon synthetic),,,
H05BA02,Kalcitonin (naturligt från gris),Calcitonin (pork natural),,,
H05BA03,"Kalcitonin, human, syntetisk",Calcitonin (human synthetic),,,
H05BA04,Elkatonin,Elcatonin,,,
H05BX,Övriga antiparatyreoideamedel,Other anti-parathyroid agents,,,
H05BX01,Cinakalcet,Cinacalcet,,,
H05BX02,Parikalcitol,Paricalcitol,,,
H05BX03,Doxerkalciferol,Doxercalciferol,,,
H05BX04,Etelkalcetid,Etelcalcetide,,,
H05BX05,Kalcifediol,Calcifediol,,,
H05BX06,Evokalcet,Evocalcet,,,
J,Antiinfektiva medel för systemiskt bruk,Antiinfectives for systemic use,,,
J01,Antibakteriella medel för systemiskt bruk,Antibacterials for systemic use,,,
J01A,Tetracykliner,Tetracyclines,,,
J01AA,Tetracykliner,Tetracyclines,,,
J01AA01,Demeklocyklin,Demeclocycline,,,
J01AA02,Doxycyklin,Doxycycline,,,
J01AA03,Klortetracyklin,Chlortetracycline,,,
J01AA04,Lymecyklin,Lymecycline,,,
J01AA05,Metacyklin,Metacycline,,,
J01AA06,Oxitetracyklin,Oxytetracycline,,,
J01AA07,Tetracyklin,Tetracycline,,,
J01AA08,Minocyklin,Minocycline,,,
J01AA09,Rolitetracyklin,Rolitetracycline,,,
J01AA10,Penimepicyklin,Penimepicycline,,,
J01AA11,Klomocyklin,Clomocycline,,,
J01AA12,Tigecyklin,Tigecycline,,,
J01AA13,Eravacyklin,Eravacycline,,,
J01AA14,Sarecyklin,Sarecycline,,,
J01AA15,Omadacyklin,Omadacycline,,,
J01AA20,Kombinationer av tetracykliner,Combinations of tetracyclines,,,
J01AA56,"Oxitetracyklin, kombinationer","Oxytetracycline, combinations",,,
J01B,Amfenikoler,Amphenicols,,,
J01BA,Amfenikoler,Amphenicols,,,
J01BA01,Kloramfenikol,Chloramphenicol,,,
J01BA02,Tiamfenikol,Thiamphenicol,,,
J01BA52,"Tiamfenikol, kombinationer","Thiamphenicol, combinations",,,
J01C,"Antibakteriella betalaktamer, penicilliner","Beta-lactam antibacterials, penicillins",,,
J01CA,Penicilliner med utvidgat spektrum,Penicillins with extended spectrum,,,
J01CA01,Ampicillin,Ampicillin,,,
J01CA02,Pivampicillin,Pivampicillin,,,
J01CA03,Karbenicillin,Carbenicillin,,,
J01CA04,Amoxicillin,Amoxicillin,,,
J01CA05,Karindacillin,Carindacillin,,,
J01CA06,Bakampicillin,Bacampicillin,,,
J01CA07,Epicillin,Epicillin,,,
J01CA08,Pivmecillinam,Pivmecillinam,,,
J01CA09,Azlocillin,Azlocillin,,,
J01CA10,Mezlocillin,Mezlocillin,,,
J01CA11,Mecillinam,Mecillinam,,,
J01CA12,Piperacillin,Piperacillin,,,
J01CA13,Tikarcillin,Ticarcillin,,,
J01CA14,Metampicillin,Metampicillin,,,
J01CA15,Talampicillin,Talampicillin,,,
J01CA16,Sulbenicillin,Sulbenicillin,,,
J01CA17,Temocillin,Temocillin,,,
J01CA18,Hetacillin,Hetacillin,,,
J01CA19,Aspoxicillin,Aspoxicillin,,,
J01CA20,Kombinationer,Combinations,,,
J01CA51,"Ampicillin, kombinationer","Ampicillin, combinations",,,
J01CE,Betalaktamaskänsliga penicilliner,Beta-lactamase sensitive penicillins,,,
J01CE01,Bensylpenicillin,Benzylpenicillin,,,
J01CE02,Fenoximetylpenicillin,Phenoxymethylpenicillin,,,
J01CE03,Propicillin,Propicillin,,,
J01CE04,Azidocillin,Azidocillin,,,
J01CE05,Feneticillin,Pheneticillin,,,
J01CE06,Penamecillin,Penamecillin,,,
J01CE07,Klometocillin,Clometocillin,,,
J01CE08,Bensatin bensylpenicillin,Benzathine benzylpenicillin,,,
J01CE09,Bensylpenicillinprokain,Procaine benzylpenicillin,,,
J01CE10,Bensatin fenoximetylpenicillin,Benzathine phenoxymethylpenicillin,,,
J01CE30,Kombinationer,Combinations,,,
J01CF,Betalaktamasresistenta penicilliner,Beta-lactamase resistant penicillins,,,
J01CF01,Dikloxacillin,Dicloxacillin,,,
J01CF02,Kloxacillin,Cloxacillin,,,
J01CF03,Meticillin,Meticillin,,,
J01CF04,Oxacillin,Oxacillin,,,
J01CF05,Flukloxacillin,Flucloxacillin,,,
J01CF06,Nafcillin,Nafcillin,,,
J01CG,Betalaktamashämmare,Beta-lactamase inhibitors,,,
J01CG01,Sulbaktam,Sulbactam,,,
J01CG02,Tazobaktam,Tazobactam,,,
J01CG30,Sulbaktam och durlobaktam,Sulbactam and durlobactam,,,
J01CR,"Kombinationer av penicilliner, inkl. betalaktamashämmare","Combinations of penicillins, incl. beta-lactamase inhibitors",,,
J01CR01,Ampicillin och betalaktamashämmare,Ampicillin and beta-lactamase inhibitor,,,
J01CR02,Amoxicillin och betalaktamashämmare,Amoxicillin and beta-lactamase inhibitor,,,
J01CR03,Tikarcillin och betalaktamashämmare,Ticarcillin and beta-lactamase inhibitor,,,
J01CR04,Sultamicillin,Sultamicillin,,,
J01CR05,Piperacillin och betalaktamashämmare,Piperacillin and beta-lactamase inhibitor,,,
J01CR50,Kombinationer av penicilliner,Combinations of penicillins,,,
J01D,Övriga antibakteriella betalaktamer,Other beta-lactam antibacterials,,,
J01DA,Cefalosporiner och liknande antibakteriella medel,Cephalosporins and related substances,,,2012-12-13
J01DA01,Cefalexin,Cefalexin,,,2004-12-31
J01DA02,Cefaloridin,Cefaloridine,,,2004-12-31
J01DA03,Cefalotin,Cefalotin,,,2004-12-31
J01DA04,Cefazolin,Cefazolin,,,2004-12-31
J01DA05,Cefoxitin,Cefoxitin,,,2004-12-31
J01DA06,Cefuroxim,Cefuroxime,,,2004-12-31
J01DA08,Cefaklor,Cefaclor,,,2004-12-31
J01DA09,Cefadroxil,Cefadroxil,,,2004-12-31
J01DA10,Cefotaxim,Cefotaxime,,,2004-12-31
J01DA11,Ceftazidim,Ceftazidime,,,2004-12-31
J01DA13,Ceftriaxon,Ceftriaxone,,,2004-12-31
J01DA23,Cefixim,Cefixime,,,2004-12-31
J01DA24,Cefepim,Cefepime,,,2004-12-31
J01DA25,Cefodizim,Cefodizime,,,2004-12-31
J01DA30,Cefapirin,Cefapirin,,,2004-12-31
J01DA31,Cefradin,Cefradine,,,2004-12-31
J01DA33,Cefpodoxim,Cefpodoxime,,,2004-12-31
J01DA37,Cefpirom,Cefpirome,,,2004-12-31
J01DA38,Lorakarbef,Loracarbef,,,2004-12-31
J01DA39,Ceftibuten,Ceftibuten,,,2004-12-31
J01DB,"Cefalosporiner, första generationen",First-generation cephalosporins,,,
J01DB01,Cefalexin,Cefalexin,,,
J01DB02,Cefaloridin,Cefaloridine,,,
J01DB03,Cefalotin,Cefalotin,,,
J01DB04,Cefazolin,Cefazolin,,,
J01DB05,Cefadroxil,Cefadroxil,,,
J01DB06,Cefazedon,Cefazedone,,,
J01DB07,Cefatrizin,Cefatrizine,,,
J01DB08,Cefapirin,Cefapirin,,,
J01DB09,Cefradin,Cefradine,,,
J01DB10,Cefacetril,Cefacetrile,,,
J01DB11,Cefroxadin,Cefroxadine,,,
J01DB12,Ceftezol,Ceftezole,,,
J01DC,"Cefalosporiner, andra generationen",Second-generation cephalosporins,,,
J01DC01,Cefoxitin,Cefoxitin,,,
J01DC02,Cefuroxim,Cefuroxime,,,
J01DC03,Cefamandol,Cefamandole,,,
J01DC04,Cefaklor,Cefaclor,,,
J01DC05,Cefotetan,Cefotetan,,,
J01DC06,Cefonicid,Cefonicid,,,
J01DC07,Cefotiam,Cefotiam,,,
J01DC08,Lorakarbef,Loracarbef,,,
J01DC09,Cefmetazol,Cefmetazole,,,
J01DC10,Cefprozil,Cefprozil,,,
J01DC11,Ceforanid,Ceforanide,,,
J01DC12,Cefminox,Cefminox,,,
J01DC13,Cefbuperazon,Cefbuperazone,,,
J01DC14,Flomoxef,Flomoxef,,,
J01DC52,Cefuroxim och betalaktamashämmare,Cefuroxime and beta-lactamase inhibitor,,,
J01DD,"Cefalosporiner, tredje generationen",Third-generation cephalosporins,,,
J01DD01,Cefotaxim,Cefotaxime,,,
J01DD02,Ceftazidim,Ceftazidime,,,
J01DD03,Cefsulodin,Cefsulodin,,,
J01DD04,Ceftriaxon,Ceftriaxone,,,
J01DD05,Cefmenoxim,Cefmenoxime,,,
J01DD06,Latamoxef,Latamoxef,,,
J01DD07,Ceftizoxim,Ceftizoxime,,,
J01DD08,Cefixim,Cefixime,,,
J01DD09,Cefodizim,Cefodizime,,,
J01DD10,Cefetamet,Cefetamet,,,
J01DD11,Cefpiramid,Cefpiramide,,,
J01DD12,Cefoperazon,Cefoperazone,,,
J01DD13,Cefpodoxim,Cefpodoxime,,,
J01DD14,Ceftibuten,Ceftibuten,,,
J01DD15,Cefdinir,Cefdinir,,,
J01DD16,Cefditoren,Cefditoren,,,
J01DD17,Cefkapen,Cefcapene,,,
J01DD18,Cefteram,Cefteram,,,
J01DD51,Cefotaxim och betalaktamashämmare,Cefotaxime and beta-lactamase inhibitor,,,
J01DD52,Ceftazidim och betalaktamashämmare,Ceftazidime and beta-lactamase inhibitor,,,
J01DD54,"Ceftriaxon, kombinationer","Ceftriaxone, combinations",,,
J01DD58,Cefixim och betalaktamashämmare,Cefixime and beta-lactamase inhibitor,,,
J01DD62,Cefoperazon och betalaktamashämmare,Cefoperazone and beta-lactamase inhibitor,,,
J01DD63,Ceftriaxon och betalaktamashämmare,Ceftriaxone and beta-lactamase inhibitor,,,
J01DD64,Cefpodoxim och betalaktamashämmare,Cefpodoxime and beta-lactamase inhibitor,,,
J01DE,"Cefalosporiner, fjärde generationen",Fourth-generation cephalosporins,,,
J01DE01,Cefepim,Cefepime,,,
J01DE02,Cefpirom,Cefpirome,,,
J01DE03,Cefozopran,Cefozopran,,,
J01DE51,Cefepim och betalaktamashämmare,Cefepime and beta-lactamase inhibitor,,,
J01DF,Monobaktamer,Monobactams,,,
J01DF01,Aztreonam,Aztreonam,,,
J01DF02,Karumonam,Carumonam,,,
J01DF51,Aztreonam och betalaktamashämmare,Aztreonam and beta-lactamase inhibitor,,,
J01DH,Karbapenemer,Carbapenems,,,
J01DH02,Meropenem,Meropenem,,,
J01DH03,Ertapenem,Ertapenem,,,
J01DH04,Doripenem,Doripenem,,,
J01DH05,Biapenem,Biapenem,,,
J01DH06,Tebipenempivoxil,Tebipenem pivoxil,,,
J01DH51,Imipenem och cilastatin,Imipenem and cilastatin,,,
J01DH52,Meropenem och vaborbaktam,Meropenem and vaborbactam,,,
J01DH55,Panipenem och betamipron,Panipenem and betamipron,,,
J01DH56,"Imipenem, cilastatin och relebaktam","Imipenem, cilastatin and relebactam",,,
J01DI,Övriga cefalosporiner och penemer,Other cephalosporins and penems,,,
J01DI01,Ceftobiprolmedokaril,Ceftobiprole medocaril,,,
J01DI02,Ceftarolinfosamil,Ceftaroline fosamil,,,
J01DI03,Faropenem,Faropenem,,,
J01DI04,Cefiderokol,Cefiderocol,,,
J01DI54,Ceftolozan och betalaktamashämmare,Ceftolozane and beta-lactamase inhibitor,,,
J01DI55,Sulopenem och probenecid,Sulopenem and probenecid,,,
J01E,Sulfonamider och trimetoprim,Sulfonamides and trimethoprim,,,
J01EA,Trimetoprim och derivat,Trimethoprim and derivatives,,,
J01EA01,Trimetoprim,Trimethoprim,,,
J01EA02,Brodimoprim,Brodimoprim,,,
J01EA03,Iklaprim,Iclaprim,,,
J01EB,Kortverkande sulfonamider,Short-acting sulfonamides,,,
J01EB01,Sulfaisodimidin,Sulfaisodimidine,,,
J01EB02,Sulfametizol,Sulfamethizole,,,
J01EB03,Sulfadimidin,Sulfadimidine,,,
J01EB04,Sulfapyridin,Sulfapyridine,,,
J01EB05,Sulfafurazol,Sulfafurazole,,,
J01EB06,Sulfanilamid,Sulfanilamide,,,
J01EB07,Sulfatiazol,Sulfathiazole,,,
J01EB08,Sulfatiourea,Sulfathiourea,,,
J01EB20,Kombinationer,Combinations,,,
J01EC,Medellångverkande sulfonamider,Intermediate-acting sulfonamides,,,
J01EC01,Sulfametoxazol,Sulfamethoxazole,,,
J01EC02,Sulfadiazin,Sulfadiazine,,,
J01EC03,Sulfamoxol,Sulfamoxole,,,
J01EC20,Kombinationer,Combinations,,,
J01ED,Långverkande sulfonamider,Long-acting sulfonamides,,,
J01ED01,Sulfadimetoxin,Sulfadimethoxine,,,
J01ED02,Sulfalen,Sulfalene,,,
J01ED03,Sulfametomidin,Sulfametomidine,,,
J01ED04,Sulfametoxidiazin,Sulfametoxydiazine,,,
J01ED05,Sulfametoxipyridazin,Sulfamethoxypyridazine,,,
J01ED06,Sulfaperin,Sulfaperin,,,
J01ED07,Sulfamerazin,Sulfamerazine,,,
J01ED08,Sulfafenazol,Sulfaphenazole,,,
J01ED09,Sulfamazon,Sulfamazone,,,
J01ED20,Kombinationer,Combinations,,,
J01EE,"Kombinationer av sulfonamider och trimetoprim, inkl derivat","Combinations of sulfonamides and trimethoprim, incl. derivatives",,,
J01EE01,Sulfametoxazol och trimetoprim,Sulfamethoxazole and trimethoprim,,,
J01EE02,Sulfadiazin och trimetoprim,Sulfadiazine and trimethoprim,,,
J01EE03,Sulfametrol och trimetoprim,Sulfametrole and trimethoprim,,,
J01EE04,Sulfamoxol och trimetoprim,Sulfamoxole and trimethoprim,,,
J01EE05,Sulfadimidin och trimetoprim,Sulfadimidine and trimethoprim,,,
J01EE06,Sulfadiazin och tetroxoprim,Sulfadiazine and tetroxoprim,,,
J01EE07,Sulfamerazin och trimetoprim,Sulfamerazine and trimethoprim,,,
J01F,"Makrolider, linkosamider och streptograminer","Macrolides, lincosamides and streptogramins",,,
J01FA,Makrolider,Macrolides,,,
J01FA01,Erytromycin,Erythromycin,,,
J01FA02,Spiramycin,Spiramycin,,,
J01FA03,Midekamycin,Midecamycin,,,
J01FA04,Pristinamycin,Pristinamycin,,,2001-12-31
J01FA05,Oleandomycin,Oleandomycin,,,
J01FA06,Roxitromycin,Roxithromycin,,,
J01FA07,Josamycin,Josamycin,,,
J01FA08,Troleandomycin,Troleandomycin,,,
J01FA09,Klaritromycin,Clarithromycin,,,
J01FA10,Azitromycin,Azithromycin,,,
J01FA11,Miocamycin,Miocamycin,,,
J01FA12,Rokitamycin,Rokitamycin,,,
J01FA13,Diritromycin,Dirithromycin,,,
J01FA14,Fluritromycin,Flurithromycin,,,
J01FA15,Telitromycin,Telithromycin,,,
J01FA16,Solitromycin,Solithromycin,,,
J01FA17,Nafitromycin,Nafithromycin,,,
J01FF,Linkosamider,Lincosamides,,,
J01FF01,Klindamycin,Clindamycin,,,
J01FF02,Linkomycin,Lincomycin,,,
J01FG,Streptograminer,Streptogramins,,,
J01FG01,Pristinamycin,Pristinamycin,,,
J01FG02,Kinupristin och dalfopristin,Quinupristin/dalfopristin,,,
J01G,Antibakteriella aminoglykosider,Aminoglycoside antibacterials,,,
J01GA,Streptomyciner,Streptomycins,,,
J01GA01,Streptomycin,Streptomycin,,,
J01GA02,Streptoduocin,Streptoduocin,,,
J01GB,Övriga aminoglykosider,Other aminoglycosides,,,
J01GB01,Tobramycin,Tobramycin,,,
J01GB02,Spektinomycin,Spectinomycin,,,1992-12-31
J01GB03,Gentamicin,Gentamicin,,,
J01GB04,Kanamycin,Kanamycin,,,
J01GB05,Neomycin,Neomycin,,,
J01GB06,Amikacin,Amikacin,,,
J01GB07,Netilmicin,Netilmicin,,,
J01GB08,Sisomicin,Sisomicin,,,
J01GB09,Dibekacin,Dibekacin,,,
J01GB10,Ribostamycin,Ribostamycin,,,
J01GB11,Isepamicin,Isepamicin,,,
J01GB12,Arbekacin,Arbekacin,,,
J01GB13,Bekanamycin,Bekanamycin,,,
J01GB14,Plazomicin,Plazomicin,,,
J01M,Antibakteriella kinolonderivat,Quinolone antibacterials,,,
J01MA,Fluorokinoloner,Fluoroquinolones,,,
J01MA01,Ofloxacin,Ofloxacin,,,
J01MA02,Ciprofloxacin,Ciprofloxacin,,,
J01MA03,Pefloxacin,Pefloxacin,,,
J01MA04,Enoxacin,Enoxacin,,,
J01MA05,Temafloxacin,Temafloxacin,,,
J01MA06,Norfloxacin,Norfloxacin,,,
J01MA07,Lomefloxacin,Lomefloxacin,,,
J01MA08,Fleroxacin,Fleroxacin,,,
J01MA09,Sparfloxacin,Sparfloxacin,,,
J01MA10,Rufloxacin,Rufloxacin,,,
J01MA11,Grepafloxacin,Grepafloxacin,,,
J01MA12,Levofloxacin,Levofloxacin,,,
J01MA13,Trovafloxacin,Trovafloxacin,,,
J01MA14,Moxifloxacin,Moxifloxacin,,,
J01MA15,Gemifloxacin,Gemifloxacin,,,
J01MA16,Gatifloxacin,Gatifloxacin,,,
J01MA17,Prulifloxacin,Prulifloxacin,,,
J01MA18,Pazufloxacin,Pazufloxacin,,,
J01MA19,Garenoxacin,Garenoxacin,,,
J01MA21,Sitafloxacin,Sitafloxacin,,,
J01MA22,Tosufloxacin,Tosufloxacin,,,
J01MA23,Delafloxacin,Delafloxacin,,,
J01MA24,Levonadifloxacin,Levonadifloxacin,,,
J01MA25,Laskufloxacin,Lascufloxacin,,,
J01MB,Övriga kinoloner,Other quinolones,,,
J01MB01,Rosoxacin,Rosoxacin,,,
J01MB02,Nalidixinsyra,Nalidixic acid,,,
J01MB03,Piromidinsyra,Piromidic acid,,,
J01MB04,Pipemidinsyra,Pipemidic acid,,,
J01MB05,Oxolininsyra,Oxolinic acid,,,
J01MB06,Cinoxacin,Cinoxacin,,,
J01MB07,Flumekin,Flumequine,,,
J01MB08,Nemonoxacin,Nemonoxacin,,,
J01R,"Antibakteriella medel, kombinationer",Combinations of antibacterials,,,
J01RA,"Antibakteriella medel, kombinationer",Combinations of antibacterials,,,
J01RA01,"Penicilliner, kombinationer med andra antibakteriella medel","Penicillins, combinations with other antibacterials",,,
J01RA02,"Sulfonamider, kombinationer med andra antibakteriella medel (exkl. trimetoprim)","Sulfonamides, combinations with other antibacterials (excl. trimethoprim)",,,
J01RA03,Cefuroxim och metronidazol,Cefuroxime and metronidazole,,,
J01RA04,Spiramycin och metronidazol,Spiramycin and metronidazole,,,
J01RA05,Levofloxacin och ornidazol,Levofloxacin and ornidazole,,,
J01RA06,Cefepim och amikacin,Cefepime and amikacin,,,
J01RA07,"Azitromycin, flukonazol och seknidazol","Azithromycin, fluconazole and secnidazole",,,
J01RA08,Tetracyklin och oleandomycin,Tetracycline and oleandomycin,,,
J01RA09,Ofloxacin och ornidazol,Ofloxacin and ornidazole,,,
J01RA10,Ciprofloxacin och metronidazol,Ciprofloxacin and metronidazole,,,
J01RA11,Ciprofloxacin och tinidazol,Ciprofloxacin and tinidazole,,,
J01RA12,Ciprofloxacin och ornidazol,Ciprofloxacin and ornidazole,,,
J01RA13,Norfloxacin och tinidazol,Norfloxacin and tinidazole,,,
J01RA14,Norfloxacin och metronidazol,Norfloxacin and metronidazole,,,
J01RA15,Cefixim och ornidazol,Cefixime and ornidazole,,,
J01RA16,Cefixim och azitromycin,Cefixime and azithromycin,,,
J01RA17,Ofloxacin och nitazoxanid,Ofloxacin and nitazoxanide,,,
J01RA18,Ofloxacin och tinidazol,Ofloxacin and tinidazole,,,
J01RA19,Tetracyklin och nystatin,Tetracycline and nystatin,,,
J01X,Övriga antibakteriella medel,Other antibacterials,,,
J01XA,Antibakteriella glykopeptider,Glycopeptide antibacterials,,,
J01XA01,Vankomycin,Vancomycin,,,
J01XA02,Teikoplanin,Teicoplanin,,,
J01XA03,Telavancin,Telavancin,,,
J01XA04,Dalbavancin,Dalbavancin,,,
J01XA05,Oritavancin,Oritavancin,,,
J01XB,Polymyxiner,Polymyxins,,,
J01XB01,Kolistin,Colistin,,,
J01XB02,Polymyxin B,Polymyxin B,,,
J01XC,Antibakteriella steroider,Steroid antibacterials,,,
J01XC01,Fusidinsyra,Fusidic acid,,,
J01XD,Imidazolderivat,Imidazole derivatives,,,
J01XD01,Metronidazol,Metronidazole,,,
J01XD02,Tinidazol,Tinidazole,,,
J01XD03,Ornidazol,Ornidazole,,,
J01XE,Nitrofuranderivat,Nitrofuran derivatives,,,
J01XE01,Nitrofurantoin,Nitrofurantoin,,,
J01XE02,Nifurtoinol,Nifurtoinol,,,
J01XE03,Furazidin,Furazidin,,,
J01XE51,"Nitrofurantoin, kombinationer","Nitrofurantoin, combinations",,,
J01XX,Övriga antibakteriella medel,Other antibacterials,,,
J01XX01,Fosfomycin,Fosfomycin,,,
J01XX02,Xibornol,Xibornol,,,
J01XX03,Klofoktol,Clofoctol,,,
J01XX04,Spektinomycin,Spectinomycin,,,
J01XX05,Metenamin,Methenamine,,,
J01XX06,Mandelinsyra,Mandelic acid,,,
J01XX07,Nitroxolin,Nitroxoline,,,
J01XX08,Linezolid,Linezolid,,,
J01XX09,Daptomycin,Daptomycin,,,
J01XX10,Bacitracin,Bacitracin,,,
J01XX11,Tedizolid,Tedizolid,,,
J01XX12,Lefamulin,Lefamulin,,,
J01XX13,Gepotidacin,Gepotidacin,,,
J02,Antimykotika för systemiskt bruk,Antimycotics for systemic use,,,
J02A,Antimykotika för systemiskt bruk,Antimycotics for systemic use,,,
J02AA,Antibiotika,Antibiotics,,,
J02AA01,Amfotericin B,Amphotericin B,,,
J02AA02,Hakimycin,Hachimycin,,,
J02AB,Imidazolderivat,Imidazole derivatives,,,
J02AB01,Mikonazol,Miconazole,,,
J02AB02,Ketokonazol,Ketoconazole,,,
J02AC,Triazol- och tetrazolderivat,Triazole and tetrazole derivatives,,,
J02AC01,Flukonazol,Fluconazole,,,
J02AC02,Itrakonazol,Itraconazole,,,
J02AC03,Vorikonazol,Voriconazole,,,
J02AC04,Posakonazol,Posaconazole,,,
J02AC05,Isavukonazol,Isavuconazole,,,
J02AC06,Otesekonazol,Oteseconazole,,,
J02AX,Övriga antimykotika för systemiskt bruk,Other antimycotics for systemic use,,,
J02AX01,Flucytosin,Flucytosine,,,
J02AX04,Kaspofungin,Caspofungin,,,
J02AX05,Mikafungin,Micafungin,,,
J02AX06,Anidulafungin,Anidulafungin,,,
J02AX07,Ibrexafungerp,Ibrexafungerp,,,
J02AX08,Rezafunginacetat,Rezafungin acetate,,,
J04,Medel mot mykobakterier,Antimycobacterials,,,
J04A,Medel för behandling av tuberkulos,Drugs for treatment of tuberculosis,,,
J04AA,Aminosalicylsyra och derivat,Aminosalicylic acid and derivatives,,,
J04AA01,4-Aminosalicylsyra,4-Aminosalicylic acid,,,
J04AA02,Natriumaminosalicylat,Sodium aminosalicylate,,,
J04AA03,Kalciumaminosalicylat,Calcium aminosalicylate,,,
J04AB,Antibiotika,Antibiotics,,,
J04AB01,Cykloserin,Cycloserine,,,
J04AB02,Rifampicin,Rifampicin,,,
J04AB03,Rifamycin,Rifamycin,,,
J04AB04,Rifabutin,Rifabutin,,,
J04AB05,Rifapentin,Rifapentine,,,
J04AB06,Enviomycin,Enviomycin,,,
J04AB30,Kapreomycin,Capreomycin,,,
J04AC,Hydrazider,Hydrazides,,,
J04AC01,Isoniazid,Isoniazid,,,
J04AC02,Ftivazid,Ftivazide,,,
J04AC51,"Isoniazid, kombinationer","Isoniazid, combinations",,,
J04AD,Tiokarbamidderivat,Thiocarbamide derivatives,,,
J04AD01,Protionamid,Protionamide,,,
J04AD02,Tiokarlid,Tiocarlide,,,
J04AD03,Etionamid,Ethionamide,,,
J04AK,Övriga medel för behandling av tuberkulos,Other drugs for treatment of tuberculosis,,,
J04AK01,Pyrazinamid,Pyrazinamide,,,
J04AK02,Etambutol,Ethambutol,,,
J04AK03,Terizidon,Terizidone,,,
J04AK04,Morinamid,Morinamide,,,
J04AK05,Bedakilin,Bedaquiline,,,
J04AK06,Delamanid,Delamanid,,,
J04AK07,Tioacetazon,Thioacetazone,,,
J04AK08,Pretomanid,Pretomanid,,,
J04AM,"Medel mot tuberkulos, kombinationer",Combinations of drugs for treatment of tuberculosis,,,
J04AM01,Streptomycin och isoniazid,Streptomycin and isoniazid,,,
J04AM02,Rifampicin och isoniazid,Rifampicin and isoniazid,,,
J04AM03,Etambutol och isoniazid,Ethambutol and isoniazid,,,
J04AM04,Tioacetazon och isoniazid,Thioacetazone and isoniazid,,,
J04AM05,"Rifampicin, pyrazinamid och isoniazid","Rifampicin, pyrazinamide and isoniazid",,,
J04AM06,"Rifampicin, pyrazinamid, etambutol och isoniazid","Rifampicin, pyrazinamide, ethambutol and isoniazid",,,
J04AM07,"Rifampicin, etambutol och isoniazid","Rifampicin, ethambutol and isoniazid",,,
J04AM08,"Isoniazid, sulfametoxazol och trimetoprim","Isoniazid, sulfamethoxazole and trimethoprim",,,
J04AM09,"Pyrazinamid, etambutol, isoniazid och lomefloxacin","Pyrazinamide, ethambutol, isoniazid and lomefloxacin",,,
J04AM10,"Pyrazinamid, etambutol, protionamid och lomefloxacin","Pyrazinamide, ethambutol, protionamide and lomefloxacin",,,
J04AM11,"Rifabutin, pyrazinamid och protionamid","Rifabutin, pyrazinamide and protionamide",,,
J04AM12,"Rifampicin, pyrazinamid, isoniazid och levofloxacin","Rifampicin, pyrazinamide, isoniazid and levofloxacin",,,
J04B,Medel för behandling av lepra,Drugs for treatment of lepra,,,
J04BA,Medel för behandling av lepra,Drugs for treatment of lepra,,,
J04BA01,Klofazimin,Clofazimine,,,
J04BA02,Dapson,Dapsone,,,
J04BA03,Aldesulfonnatrium,Aldesulfone sodium,,,
J04BA50,Dapson och rifampicin,Dapsone and rifampicin,,,
J04BA51,"Dapson, rifampicin och klofazimin","Dapsone, rifampicin and clofazimine",,,
J05,Virushämmande medel för systemiskt bruk,Antivirals for systemic use,,,
J05A,"Virushämmande medel, direktverkande",Direct acting antivirals,,,
J05AA,Tiosemikarbazoner,Thiosemicarbazones,,,
J05AA01,Metisazon,Metisazone,,,
J05AB,"Nukleosider och nukleotider, exkl. hämmare av omvänt transkriptas",Nucleosides and nucleotides excl. reverse transcriptase inhibitors,,,
J05AB01,Aciklovir,Aciclovir,,,
J05AB02,Idoxuridin,Idoxuridine,,,
J05AB03,Vidarabin,Vidarabine,,,
J05AB04,Ribavirin,Ribavirin,,,2017-12-31
J05AB06,Ganciklovir,Ganciclovir,,,
J05AB09,Famciklovir,Famciclovir,,,
J05AB11,Valaciklovir,Valaciclovir,,,
J05AB12,Cidofovir,Cidofovir,,,
J05AB13,Penciklovir,Penciclovir,,,
J05AB14,Valganciklovir,Valganciclovir,,,
J05AB15,Brivudin,Brivudine,,,
J05AB16,Remdesivir,Remdesivir,,,
J05AB17,Brincidofovir,Brincidofovir,,,
J05AB18,Molnupiravir,Molnupiravir,,,
J05AB20,"Nukleosider, nukleotider och kombinationer","Nucleosides, nucleotides and combinations",,,2012-12-13
J05AC,Cykliska aminer,Cyclic amines,,,
J05AC02,Rimantadin,Rimantadine,,,
J05AC03,Tromantadin,Tromantadine,,,
J05AD,Fosfonsyraderivat,Phosphonic acid derivatives,,,
J05AD01,Foskarnet,Foscarnet,,,
J05AD02,Fosfonet,Fosfonet,,,
J05AE,Proteashämmare,Protease inhibitors,,,
J05AE01,Sakvinavir,Saquinavir,,,
J05AE02,Indinavir,Indinavir,,,
J05AE03,Ritonavir,Ritonavir,,,
J05AE04,Nelfinavir,Nelfinavir,,,
J05AE05,Amprenavir,Amprenavir,,,
J05AE06,Lopinavir,Lopinavir,,,2012-12-31
J05AE07,Fosamprenavir,Fosamprenavir,,,
J05AE08,Atazanavir,Atazanavir,,,
J05AE09,Tipranavir,Tipranavir,,,
J05AE10,Darunavir,Darunavir,,,
J05AE11,Telaprevir,Telaprevir,,,2017-12-31
J05AE12,Boceprevir,Boceprevir,,,2017-12-31
J05AE13,Faldaprevir,Faldaprevir,,,2017-12-31
J05AE14,Simeprevir,Simeprevir,,,2017-12-31
J05AE15,Asunaprevir,Asunaprevir,,,2017-12-31
J05AE16,Ensitrelvir,Ensitrelvir,,,
J05AE30,Nirmatrelvir och ritonavir,Nirmatrelvir and ritonavir,,,
J05AF,"Nukleosider och nukleotider, hämmare av omvänt transkriptas",Nucleoside and nucleotide reverse transcriptase inhibitors,,,
J05AF01,Zidovudin,Zidovudine,,,
J05AF02,Didanosin,Didanosine,,,
J05AF03,Zalcitabin,Zalcitabine,,,
J05AF04,Stavudin,Stavudine,,,
J05AF05,Lamivudin,Lamivudine,,,
J05AF06,Abakavir,Abacavir,,,
J05AF07,Tenofovirdisoproxil,Tenofovir disoproxil,,,
J05AF08,Adefovir dipivoxil,Adefovir dipivoxil,,,
J05AF09,Emtricitabin,Emtricitabine,,,
J05AF10,Entekavir,Entecavir,,,
J05AF11,Telbivudin,Telbivudine,,,
J05AF12,Klevudin,Clevudine,,,
J05AF13,Tenofoviralafenamid,Tenofovir alafenamide,,,
J05AG,"Ickenukleosider, hämmare av omvänt transkriptas",Non-nucleoside reverse transcriptase inhibitors,,,
J05AG01,Nevirapin,Nevirapine,,,
J05AG02,Delavirdin,Delavirdine,,,
J05AG03,Efavirenz,Efavirenz,,,
J05AG04,Etravirin,Etravirine,,,
J05AG05,Rilpivirin,Rilpivirine,,,
J05AG06,Doravirin,Doravirine,,,
J05AG07,Elsulfavirin,Elsulfavirine,,,
J05AH,Neuraminidashämmare,Neuraminidase inhibitors,,,
J05AH01,Zanamivir,Zanamivir,,,
J05AH02,Oseltamivir,Oseltamivir,,,
J05AH03,Peramivir,Peramivir,,,
J05AH04,Laninamivir,Laninamivir,,,
J05AJ,Integrashämmare,Integrase inhibitors,,,
J05AJ01,Raltegravir,Raltegravir,,,
J05AJ02,Elvitegravir,Elvitegravir,,,
J05AJ03,Dolutegravir,Dolutegravir,,,
J05AJ04,Kabotegravir,Cabotegravir,,,
J05AP,Virushämmande medel mot HCV-infektioner,Antivirals for treatment of HCV infections,,,
J05AP01,Ribavirin,Ribavirin,,,
J05AP02,Telaprevir,Telaprevir,,,
J05AP03,Boceprevir,Boceprevir,,,
J05AP04,Faldaprevir,Faldaprevir,,,
J05AP05,Simeprevir,Simeprevir,,,
J05AP06,Asunaprevir,Asunaprevir,,,
J05AP07,Daklatasvir,Daclatasvir,,,
J05AP08,Sofosbuvir,Sofosbuvir,,,
J05AP09,Dasabuvir,Dasabuvir,,,
J05AP10,Elbasvir,Elbasvir,,,
J05AP11,Grazoprevir,Grazoprevir,,,
J05AP12,Koblopasvir,Coblopasvir,,,
J05AP13,Ravidasvir,Ravidasvir,,,
J05AP14,Narlaprevir,Narlaprevir,,,
J05AP51,Sofosbuvir och ledipasvir,Sofosbuvir and ledipasvir,,,
J05AP52,"Dasabuvir, ombitasvir, paritaprevir och ritonavir","Dasabuvir, ombitasvir, paritaprevir and ritonavir",,,
J05AP53,"Ombitasvir, paritaprevir och ritonavir","Ombitasvir, paritaprevir and ritonavir",,,
J05AP54,Elbasvir och grazoprevir,Elbasvir and grazoprevir,,,
J05AP55,Sofosbuvir och velpatasvir,Sofosbuvir and velpatasvir,,,
J05AP56,"Sofosbuvir, velpatasvir och voxilaprevir","Sofosbuvir, velpatasvir and voxilaprevir",,,
J05AP57,Glekaprevir och pibrentasvir,Glecaprevir and pibrentasvir,,,
J05AP58,"Daklatasvir, asunaprevir och beklabuvir","Daclatasvir, asunaprevir and beclabuvir",,,
J05AR,"Virushämmande medel mot hivinfektioner, kombinationer","Antivirals for treatment of HIV infections, combinations",,,
J05AR01,Zidovudin och lamivudin,Zidovudine and lamivudine,,,
J05AR02,Lamivudin och abakavir,Lamivudine and abacavir,,,
J05AR03,Tenofovirdisoproxil och emtricitabin,Tenofovir disoproxil and emtricitabine,,,
J05AR04,"Zidovudin, lamivudin och abakavir","Zidovudine, lamivudine and abacavir",,,
J05AR05,"Zidovudin, lamivudin och nevirapin","Zidovudine, lamivudine and nevirapine",,,
J05AR06,"Emtricitabin, tenofovirdisoproxil och efavirenz","Emtricitabine, tenofovir disoproxil and efavirenz",,,
J05AR07,"Stavudin, lamivudin och nevirapin","Stavudine, lamivudine and nevirapine",,,
J05AR08,"Emtricitabin, tenofovirdisoproxil och rilpivirin","Emtricitabine, tenofovir disoproxil and rilpivirine",,,
J05AR09,"Emtricitabin, tenofovirdisoproxil, elvitegravir och kobicistat","Emtricitabine, tenofovir disoproxil, elvitegravir and cobicistat",,,
J05AR10,Lopinavir och ritonavir,Lopinavir and ritonavir,,,
J05AR11,"Lamivudin, tenofovirdisoproxil och efavirenz","Lamivudine, tenofovir disoproxil and efavirenz",,,
J05AR12,Lamivudin och tenofovirdisoproxil,Lamivudine and tenofovir disoproxil,,,
J05AR13,"Lamivudin, abakavir och dolutegravir","Lamivudine, abacavir and dolutegravir",,,
J05AR14,Darunavir och kobicistat,Darunavir and cobicistat,,,
J05AR15,Atazanavir och kobicistat,Atazanavir and cobicistat,,,
J05AR16,Lamivudin och raltegravir,Lamivudine and raltegravir,,,
J05AR17,Emtricitabin och tenofoviralafenamid,Emtricitabine and tenofovir alafenamide,,,
J05AR18,"Emtricitabin, tenofoviralafenamid, elvitegravir och kobicistat","Emtricitabine, tenofovir alafenamide, elvitegravir and cobicistat",,,
J05AR19,"Emtricitabin, tenofoviralafenamid och rilpivirin","Emtricitabine, tenofovir alafenamide and rilpivirine",,,
J05AR20,"Emtricitabin, tenofoviralafenamid och biktegravir","Emtricitabine, tenofovir alafenamide and bictegravir",,,
J05AR21,Dolutegravir och rilpivirin,Dolutegravir and rilpivirine,,,
J05AR22,"Emtricitabin, tenofoviralafenamid, darunavir och kobicistat","Emtricitabine, tenofovir alafenamide, darunavir and cobicistat",,,
J05AR23,Atazanavir och ritonavir,Atazanavir and ritonavir,,,
J05AR24,"Lamivudin, tenofovirdisoproxil och doravirin","Lamivudine, tenofovir disoproxil and doravirine",,,
J05AR25,Lamivudin och dolutegravir,Lamivudine and dolutegravir,,,
J05AR26,Darunavir och ritonavir,Darunavir and ritonavir,,,
J05AR27,"Lamivudine, tenofovirdisoproxil och dolutegravir","Lamivudine, tenofovir disoproxil and dolutegravir",,,
J05AR28,Stavudin och lamivudin,Stavudine and lamivudine,,,
J05AR29,"Emtricitabin, tenofoviralafenamid och dolutegravir","Emtricitabine, tenofovir alafenamide and dolutegravir",,,
J05AX,Övriga virushämmande medel,Other antivirals,,,
J05AX01,Moroxydin,Moroxydine,,,
J05AX02,Lysozym,Lysozyme,,,
J05AX05,Inosin pranobex,Inosine pranobex,,,
J05AX06,Plekonaril,Pleconaril,,,
J05AX07,Enfuvirtid,Enfuvirtide,,,
J05AX08,Raltegravir,Raltegravir,,,2020-12-31
J05AX09,Maravirok,Maraviroc,,,
J05AX10,Maribavir,Maribavir,,,
J05AX11,Elvitegravir,Elvitegravir,,,2020-12-31
J05AX12,Dolutegravir,Dolutegravir,,,2020-12-31
J05AX13,Umifenovir,Umifenovir,,,
J05AX14,Daklatasvir,Daclatasvir,,,2017-12-31
J05AX15,Sofosbuvir,Sofosbuvir,,,2017-12-31
J05AX16,Dasabuvir,Dasabuvir,,,2017-12-31
J05AX17,Enisamiumjodid,Enisamium iodide,,,
J05AX18,Letermovir,Letermovir,,,
J05AX19,Tiloron,Tilorone,,,
J05AX21,Pentandisyraimidazolyletanamid,Pentanedioic acid imidazolyl ethanamide,,,
J05AX23,Ibalizumab,Ibalizumab,,,
J05AX24,Tekovirimat,Tecovirimat,,,
J05AX25,Baloxavirmarboxil,Baloxavir marboxil,,,
J05AX26,Amenamevir,Amenamevir,,,
J05AX27,Favipiravir,Favipiravir,,,
J05AX28,Bulevirtid,Bulevirtide,,,
J05AX29,Fostemsavir,Fostemsavir,,,
J05AX31,Lenakapavir,Lenacapavir,,,
J05AX32,Riamilovir,Riamilovir,,,
J05AX33,Labuvirtid,Labuvirtide,,,
J05AX65,Sofosbuvir och ledipasvir,Sofosbuvir and ledipasvir,,,2017-12-31
J05AX66,"Dasabuvir, ombitasvir, paritaprevir och ritonavir","Dasabuvir, ombitasvir, paritaprevir and ritonavir",,,2017-12-31
J05AX67,"Ombitasvir, paritaprevir och ritonavir","Ombitasvir, paritaprevir and ritonavir",,,2017-12-31
J05AX68,Elbasvir och grazoprevir,Elbasvir and grazoprevir,,,2017-12-31
J05AX69,Sofosbuvir och velpatasvir,Sofosbuvir and velpatasvir,,,2017-12-31
J06,Immunsera och immunglobuliner,Immune sera and immunoglobulins,,,
J06A,Immunsera,Immune sera,,,
J06AA,Immunsera,Immune sera,,,
J06AA01,Difteriantitoxin,Diphtheria antitoxin,,,
J06AA02,Stelkrampsantitoxin,Tetanus antitoxin,,,
J06AA03,Serum mot ormgift,Snake venom antiserum,,,
J06AA04,Antitoxin mot botulism,Botulinum antitoxin,,,
J06AA05,Serum mot gasgangrän,Gas-gangrene sera,,,
J06AA06,Serum mot rabies,Rabies serum,,,
J06B,Immunglobuliner,Immunoglobulins,,,
J06BA,"Humant, normalt immunglobulin","Immunoglobulins, normal human",,,
J06BA01,"Humant, normalt immunglobulin för extravaskulärt bruk","Immunoglobulins, normal human, for extravascular adm.",,,
J06BA02,"Humant, normalt immunglobulin för intravaskulärt bruk","Immunoglobulins, normal human, for intravascular adm.",,,
J06BB,Specifika immunglobuliner,Specific immunoglobulins,,,
J06BB01,Immunglobulin mot Rh-immunisering,Anti-D (Rh) immunoglobulin,,,
J06BB02,Immunglobulin mot stelkramp,Tetanus immunoglobulin,,,
J06BB03,Immunglobulin mot varicella/zoster,Varicella/zoster immunoglobulin,,,
J06BB04,Immunglobulin mot hepatit B,Hepatitis B immunoglobulin,,,
J06BB05,Immunglobulin mot rabies,Rabies immunoglobulin,,,
J06BB06,Immunglobulin mot röda hund,Rubella immunoglobulin,,,
J06BB07,Immunglobulinvaccin,Vaccinia immunoglobulin,,,
J06BB08,Immunglobulin mot stafylokocker,Staphylococcus immunoglobulin,,,
J06BB09,Immunglobulin mot cytomegalovirus-infektion,Cytomegalovirus immunoglobulin,,,
J06BB10,Immunglobulin mot difteri,Diphtheria immunoglobulin,,,
J06BB11,Immunglobulin mot hepatit A,Hepatitis A immunoglobulin,,,
J06BB12,"Immunglobulin mot encefalit, fästingburet","Encephalitis, tick borne immunoglobulin",,,
J06BB13,Immunglobulin mot kikhosta,Pertussis immunoglobulin,,,
J06BB14,Immunglobulin mot mässling,Measles immunoglobulin,,,
J06BB15,Immunglobulin mot påssjuka,Mumps immunoglobulin,,,
J06BB16,Palivizumab,Palivizumab,,,2021-12-31
J06BB17,Motavizumab,Motavizumab,,,2021-12-31
J06BB18,Raxibakumab,Raxibacumab,,,2021-12-31
J06BB19,Immunglobulin mot mjältbrand,Anthrax immunoglobulin,,,
J06BB21,Bezlotoxumab,Bezlotoxumab,,,2021-12-31
J06BB22,Obiltoxaximab,Obiltoxaximab,,,2021-12-31
J06BB30,Kombinationer,Combinations,,,
J06BC,Antibakteriella monoklonala antikroppar,Antibacterial monoclonal antibodies,,,
J06BC01,Nebakumab,Nebacumab,,,
J06BC02,Raxibakumab,Raxibacumab,,,
J06BC03,Bezlotoxumab,Bezlotoxumab,,,
J06BC04,Obiltoxaximab,Obiltoxaximab,,,
J06BD,Antivirala monoklonala antikroppar,Antiviral monoclonal antibodies,,,
J06BD01,Palivizumab,Palivizumab,,,
J06BD02,Motavizumab,Motavizumab,,,
J06BD03,Tixagevimab och cilgavimab,Tixagevimab and cilgavimab,,,
J06BD04,Ansuvimab,Ansuvimab,,,
J06BD05,Sotrovimab,Sotrovimab,,,
J06BD06,Regdanvimab,Regdanvimab,,,
J06BD07,Kasirivimab och imdevimab,Casirivimab and imdevimab,,,
J06BD08,Nirsevimab,Nirsevimab,,,
J06BD09,Sipavibart,Sipavibart,,,
J06BD10,Klesrovimab,Clesrovimab,,,
J06BD11,Libevitug,Libevitug,,,
J07,Vacciner,Vaccines,,,
J07A,Vacciner mot bakteriella infektioner,Bacterial vaccines,,,
J07AC,Vaccin mot mjältbrand,Anthrax vaccines,,,
J07AC01,Antigen mot mjältbrand,Anthrax antigen,,,
J07AD,Vaccin mot brucella,Brucellosis vaccines,,,
J07AD01,Antigen mot brucella,Brucella antigen,,,
J07AE,Vaccin mot kolera,Cholera vaccines,,,
J07AE01,"Vaccin mot kolera, inaktiverat helcellsvaccin","Cholera, inactivated, whole cell",,,
J07AE02,"Vaccin mot kolera, levande försvagat","cholera, live attenuated",,,
J07AE51,"Vaccin mot kolera, kombinationer med vaccin mot tyfoid, inaktiverat helcellsvaccin","Cholera, combinations with typhoid vaccine, inactivated, whole cell",,,
J07AF,Vaccin mot difteri,Diphtheria vaccines,,,
J07AF01,Difteritoxoid,Diphtheria toxoid,,,
J07AG,Vaccin mot haemophilus influenzae B,Haemophilus influenzae B vaccines,,,
J07AG01,"Vaccin mot haemophilus influenzae B, konjugerat renat antigen","Haemophilus influenzae B, purified antigen conjugated",,,
J07AG51,Vaccin mot haemophilus influenzae B i kombination med toxoider,"Haemophilus influenzae B, combinations with toxoids",,,
J07AG52,"Vaccin mot haemophilus influenzae B, i kombination med kikhosta och toxoider","Haemophilus influenzae B, combinations with pertussis and toxoids",,,
J07AG53,"Vaccin mot haemophilus influenzae B, i kombination med meningococcus C, konjugerad","Haemophilus influenzae B, combinations with meningococcus C, conjugated",,,
J07AG54,"Vaccin mot haemophilus influenza B, i kombination med meningococcus C,Y, konjugerad","Haemophilus influenza B, combinations with meningococcus C,Y, conjugated",,,
J07AH,Vaccin mot meningokockinfektioner,Meningococcal vaccines,,,
J07AH01,"Vaccin mot meningokockinfektion typ A, renat polysackaridantigen","Meningococcus A, purified polysaccharides antigen",,,
J07AH02,"Vaccin mot meningokockinfektioner, övriga monovalenta renade polysackaridantigen",Other meningococcal monovalent purified polysaccharides antigen,,,
J07AH03,"Vaccin mot meningokockinfektioner A,C, bivalent renat polysackaridantigen","Meningococcus A,C, bivalent purified polysaccharides antigen",,,
J07AH04,"Vaccin mot meningokockinfektioner A,C,Y,W-135, tetravalent renat polysackaridantigen","Meningococcus A,C,Y,W-135, tetravalent purified polysaccharides antigen",,,
J07AH05,"Vaccin mot meningokockinfektioner, övriga polyvalenta renade polysackaridantigen",Other meningococcal polyvalent purified polysaccharides antigen,,,
J07AH06,"Vaccin mot meningokockinfektion typ B, yttermembranvesikel","Meningococcus B, outer membrane vesicle vaccine",,,
J07AH07,"Vaccin mot meningokockinfektion typ C, konjugerat renat polysackaridantigen","Meningococcus C, purified polysaccharides antigen conjugated",,,
J07AH08,"Vaccin mot meningokockinfektioner A,C,Y,W-135, tetravalent konjugerat renat polysackaridantigen","Meningococcus A,C,Y,W-135, tetravalent purified polysaccharides antigen conjugated",,,
J07AH09,"Vaccin mot meningokockinfektion typ B, multikomponent vaccin","Meningococcus B, multicomponent vaccine",,,
J07AH10,"Vaccin mot meningokockinfektion typ A, konjugerat renat polysackaridantigen","Meningococcus A, purified polysaccharides antigen conjugated",,,
J07AH11,"Vaccin mot meningokockinfektioner A,B,C,Y,W-135, pentavalent konjugerat renat polysackaridantigen och faktor H-bindande protein","Meningococcus A,B,C,Y,W-135, pentavalent purified polysaccharides antigen conjugated and factor H binding protein",,,
J07AJ,Vaccin mot kikhosta,Pertussis vaccines,,,
J07AJ01,"Vaccin mot kikhosta, inaktiverat helcellsvaccin","Pertussis, inactivated, whole cell",,,
J07AJ02,"Vaccin mot kikhosta, renat antigen","Pertussis, purified antigen",,,
J07AJ51,"Vaccin mot kikhosta, inaktiverat helcellsvaccin, kombinationer med toxoider","Pertussis, inactivated, whole cell, combinations with toxoids",,,
J07AJ52,"Vaccin mot kikhosta, renat antigen, kombinationer med toxoider","Pertussis, purified antigen, combinations with toxoids",,,
J07AK,Vaccin mot pest,Plague vaccines,,,
J07AK01,"Vaccin mot pest, inaktiverat helcellsvaccin","Plague, inactivated, whole cell",,,
J07AL,Vaccin mot pneumokockinfektioner,Pneumococcal vaccines,,,
J07AL01,"Vaccin mot pneumokockinfektioner, renade polysackaridantigener","Pneumococcus, purified polysaccharides antigen",,,
J07AL02,"Vaccin mot pneumokockinfektioner, konjugerat renat polysackaridantigen","Pneumococcus, purified polysaccharides antigen conjugated",,,
J07AL52,"Vaccin mot pneumokockinfektioner, renade polysackaridantigener och Haemophilus influenzae, konjugerat","Pneumococcus purified polysaccharides antigen and Haemophilus influenzae, conjugated",,,
J07AM,Vaccin mot stelkramp,Tetanus vaccines,,,
J07AM01,Stelkrampstoxoid,Tetanus toxoid,,,
J07AM51,"Stelkrampstoxoid, kombinationer med difteritoxoid","Tetanus toxoid, combinations with diphtheria toxoid",,,
J07AM52,"Stelkrampstoxoid, kombinationer med stelkrampsimmunglobulin","Tetanus toxoid, combinations with tetanus immunoglobulin",,,
J07AN,Vaccin mot tuberkulos,Tuberculosis vaccines,,,
J07AN01,"Vaccin mot tuberkulos, levande försvagat","Tuberculosis, live attenuated",,,
J07AP,Vaccin mot tyfoid,Typhoid vaccines,,,
J07AP01,"Vaccin mot tyfoid, oralt, levande försvagat","Typhoid, oral, live attenuated",,,
J07AP02,"Vaccin mot tyfoid, inaktiverat helcellsvaccin","Typhoid, inactivated, whole cell",,,
J07AP03,"Vaccin mot tyfoid, renat polysackaridantigen","Typhoid, purified polysaccharide antigen",,,
J07AP10,"Vaccin mot tyfoid, kombinationer med paratyfityper","Typhoid, combinations with paratyphi types",,,
J07AR,Vaccin mot fläcktyfus,Typhus (exanthematicus) vaccines,,,
J07AR01,"Vaccin mot fläcktyfus, inaktiverat helcellsvaccin","Typhus exanthematicus, inactivated, whole cell",,,
J07AX,Övriga bakteriella vacciner,Other bacterial vaccines,,,
J07AX01,Vaccin mot leptospira,Leptospira vaccines,,,
J07B,Vacciner mot virusinfektioner,Viral vaccines,,,
J07BA,Vaccin mot encefalit,Encephalitis vaccines,,,
J07BA01,"Vaccin mot fästingburen encefalit, inaktiverat helvirusvaccin","Encephalitis, tick borne, inactivated, whole virus",,,
J07BA02,"Vaccin mot japansk encefalit, inaktiverat helvirusvaccin","Encephalitis, Japanese, inactivated, whole virus",,,
J07BA03,"Vaccin mot japansk encefalit, levande försvagat","Encephalitis, Japanese, live attenuated",,,
J07BB,Vaccin mot influensa,Influenza vaccines,,,
J07BB01,"Vaccin mot influensa, inaktiverat helvirusvaccin","Influenza, inactivated, whole virus",,,
J07BB02,"Vaccin mot influensa, inaktiverat, spjälkat virus eller ytantigen","influenza, inactivated, split virus or surface antigen",,,
J07BB03,"Vaccin mot influensa, levande försvagat","Influenza, live attenuated",,,
J07BB04,"Vaccin mot influensa, virusliknande partiklar","Influenza, virus like particles",,,
J07BB05,"Vaccin mot influensa, RNA-baserat","Influenza, RNA-based vaccine",,,
J07BB55,"Vaccin mot influensa och Covid-19, RNA-baserat","Influenza and covid-19, RNA-based vaccine",,,
J07BC,Vaccin mot hepatit,Hepatitis vaccines,,,
J07BC01,"Vaccin mot hepatit B, renat antigen","Hepatitis B, purified antigen",,,
J07BC02,"Vaccin mot hepatit A, inaktiverat helvirusvaccin","Hepatitis A, inactivated, whole virus",,,
J07BC20,Kombinationer,Combinations,,,
J07BD,Vaccin mot mässling,Measles vaccines,,,
J07BD01,"Vaccin mot mässling, levande försvagat","Measles, live attenuated",,,
J07BD51,"Vaccin mot mässling och påssjuka, levande försvagat","Measles, combinations with mumps, live attenuated",,,
J07BD52,"Vaccin mot mässling, påssjuka och röda hund, levande försvagat","Measles, combinations with mumps and rubella, live attenuated",,,
J07BD53,"Vaccin mot mässling och röda hund, levande försvagat","Measles, combinations with rubella, live attenuated",,,
J07BD54,"Vaccin mot mässling, påssjuka, röda hund och vattkoppor, levande försvagat","Measles, combinations with mumps, rubella and varicella, live attenuated",,,
J07BE,Vaccin mot påssjuka,Mumps vaccines,,,
J07BE01,"Vaccin mot påssjuka, levande försvagat","Mumps, live attenuated",,,
J07BF,Vaccin mot polio,Poliomyelitis vaccines,,,
J07BF01,"Vaccin mot polio, oralt, monovalent, levande försvagat","Poliomyelitis oral, monovalent live attenuated",,,
J07BF02,"Vaccin mot polio, oralt, trivalent, levande försvagat","Poliomyelitis oral, trivalent, live attenuated",,,
J07BF03,"Vaccin mot polio, trivalent, inaktiverat helvirusvaccin","Poliomyelitis, trivalent, inactivated, whole virus",,,
J07BF04,"Vaccin mot polio, oralt, bivalent, levande försvagat","Poliomyelitis oral, bivalent, live attenuated",,,
J07BG,Vaccin mot rabies,Rabies vaccines,,,
J07BG01,"Vaccin mot rabies, inaktiverat helvirusvaccin","Rabies, inactivated, whole virus",,,
J07BH,Vaccin mot rotavirusdiarré,Rota virus diarrhea vaccines,,,
J07BH01,"Vaccin mot rotavirus, levande försvagat","Rota virus, live attenuated",,,
J07BH02,"Vaccin mot rotavirus, pentavalent, levande, reassortant","Rota virus, pentavalent, live, reassorted",,,
J07BJ,Vaccin mot röda hund,Rubella vaccines,,,
J07BJ01,"Vaccin mot röda hund, levande försvagat","Rubella, live attenuated",,,
J07BJ51,"Vaccin mot röda hund och påssjuka, levande försvagat","Rubella, combinations with mumps, live attenuated",,,
J07BK,Vaccin mot varicella zoster,Varicella zoster vaccines,,,
J07BK01,"Vaccin mot vattkoppor, levande försvagat","Varicella, live attenuated",,,
J07BK02,"Vaccin mot bältros, levande försvagat","Zoster, live attenuated",,,
J07BK03,"Vaccin mot bältros, renat antigen","Zoster, purified antigen",,,
J07BL,Vaccin mot gula febern,Yellow fever vaccines,,,
J07BL01,"Vaccin mot gula febern, levande försvagat","Yellow fever, live attenuated",,,
J07BM,Vaccin mot papillomvirus,Papillomavirus vaccines,,,
J07BM01,"Papillomvirus (humant, typ 6, 11, 16, 18)","Papillomavirus (human types 6, 11, 16, 18)",,,
J07BM02,"Papillomvirus (humant, typ 16, 18)","Papillomavirus (human types 16, 18)",,,
J07BM03,"Papillomvirus (humant, typ 6, 11, 16, 18, 31, 33, 45, 52, 58)","Papillomavirus (human types 6, 11, 16, 18, 31, 33, 45, 52, 58)",,,
J07BN,Vaccin mot Covid-19,Covid-19 vaccines,,,
J07BN01,"Vaccin mot Covid-19, RNA-baserat","Covid-19, RNA-based vaccine",,,
J07BN02,"Vaccin mot Covid-19, virusvektor, icke-replikerande","Covid-19, viral vector, non-replicating",,,
J07BN03,"Vaccin mot Covid-19, inaktiverat virus","Covid-19, inactivated virus",,,
J07BN04,"Vaccin mot Covid-19, proteinsubenhet","Covid-19, protein subunit",,,
J07BN05,"Vaccin mot Covid-19, virusliknande partiklar","Covid-19, virus-like particles",,,
J07BP,Vaccin mot chikungunya,Chikungunya vaccines,,,
J07BP01,"Vaccin mot chikungunya, levande försvagat","Chikungunya, live attenuated",,,
J07BP02,"Vaccin mot chikungunya, virusliknande partiklar","Chikungunya, virus-like particles",,,
J07BX,Övriga vacciner mot virusinfektioner,Other viral vaccines,,,
J07BX01,Vaccin mot smittkoppor och mpox,Smallpox and mpox vaccines,,,
J07BX02,Vaccin mot ebola,Ebola vaccines,,,
J07BX03,Covid-19 vacciner,Covid-19 vaccines,,,2022-12-31
J07BX04,Vaccin mot denguevirus,Dengue virus vaccines,,,
J07BX05,Vaccin mot respiratoriskt syncytievirus,Respiratory syncytial virus vaccines,,,
J07BX06,Vaccin mot enterovirus 71,Enterovirus 71 vaccines,,,
J07C,Vacciner mot bakteriella infektioner i kombination med vacciner mot virusinfektioner,"Bacterial and viral vaccines, combined",,,
J07CA,Vacciner mot bakteriella infektioner i kombination med vacciner mot virusinfektioner,"Bacterial and viral vaccines, combined",,,
J07CA01,"Vaccin mot difteri, polio och stelkramp",Diphtheria-poliomyelitis-tetanus,,,
J07CA02,"Vaccin mot difteri, kikhosta, polio och stelkramp",Diphtheria-pertussis-poliomyelitis-tetanus,,,
J07CA03,"Vaccin mot difteri, röda hund och stelkramp",Diphtheria-rubella-tetanus,,,
J07CA04,Vaccin mot haemophilus influenzae B och polio,Haemophilus influenzae B and poliomyelitis,,,
J07CA05,"Vaccin mot difteri, hepatit B, kikhosta och stelkramp",Diphtheria-hepatitis B-pertussis-tetanus,,,
J07CA06,"Vaccin mot difteri, haemophilus influenzae B, kikhosta, polio och stelkramp",Diphtheria-haemophilus influenzae B-pertussis-poliomyelitis-tetanus,,,
J07CA07,"Vaccin mot difteri, hepatit B och stelkramp",Diphtheria-hepatitis B-tetanus,,,
J07CA08,Vaccin mot haemophilus influenzae B och hepatit B,Haemophilus influenzae B and hepatitis B,,,
J07CA09,"Vaccin mot difteri, haemophilus influenzae B, kikhosta, polio, stelkramp och hepatit B",Diphtheria-haemophilus influenzae B-pertussis-poliomyelitis-tetanus-hepatitis B,,,
J07CA10,Vaccin mot tyfoid och hepatit A,Typhoid-hepatitis A,,,
J07CA11,"Vaccin mot difteri, haemophilus influnzae B, kikhosta, stelkramp och hepatit B",Diphtheria-haemophilus influenzae B-pertussis-tetanus-hepatitis B,,,
J07CA12,"Vaccin mot difteri, kikhosta, polio, stelkramp och hepatit B",Diphtheria-pertussis-poliomyelitis-tetanus-hepatitis B,,,
J07CA13,"Vaccin mot difteri, haemophilus influenzae B, kikhosta, stelkramp, hepatit B och meningococcus A + C",Diphtheria-haemophilus influenzae B-pertussis-tetanus-hepatitis B-meningococcus A + C,,,
J07X,Övriga vacciner,Other vaccines,,,
J07XA,Vaccin mot parasiter,Parasitic vaccines,,,
J07XA01,Vaccin mot malaria,Malaria vaccines,,,
L,Tumörer och rubbningar i immunsystemet,Antineoplastic and immunomodulating agents,,,
L01,Antineoplastiska medel,Antineoplastic agents,,,
L01A,Alkylerande medel,Alkylating agents,,,
L01AA,Kvävesenapsgasanaloger,Nitrogen mustard analogues,,,
L01AA01,Cyklofosfamid,Cyclophosphamide,,,
L01AA02,Klorambucil,Chlorambucil,,,
L01AA03,Melfalan,Melphalan,,,
L01AA04,Estramustin,Estramustine,,,1993-12-31
L01AA05,Klormetin,Chlormethine,,,
L01AA06,Ifosfamid,Ifosfamide,,,
L01AA07,Trofosfamid,Trofosfamide,,,
L01AA08,Prednimustin,Prednimustine,,,
L01AA09,Bendamustin,Bendamustine,,,
L01AA10,Melfalanflufenamid,Melphalan flufenamide,,,
L01AB,Alkylsulfonater,Alkyl sulfonates,,,
L01AB01,Busulfan,Busulfan,,,
L01AB02,Treosulfan,Treosulfan,,,
L01AB03,Mannosulfan,Mannosulfan,,,
L01AC,Aziridiner,Ethylene imines,,,
L01AC01,Tiotepa,Thiotepa,,,
L01AC02,Triazikvon,Triaziquone,,,
L01AC03,Karbokvon,Carboquone,,,
L01AD,Nitrosureaföreningar,Nitrosoureas,,,
L01AD01,Karmustin,Carmustine,,,
L01AD02,Lomustin,Lomustine,,,
L01AD03,Semustin,Semustine,,,
L01AD04,Streptozocin,Streptozocin,,,
L01AD05,Fotemustin,Fotemustine,,,
L01AD06,Nimustin,Nimustine,,,
L01AD07,Ranimustin,Ranimustine,,,
L01AD08,Uramustin,Uramustine,,,
L01AG,Epoxider,Epoxides,,,
L01AG01,Etoglucid,Etoglucid,,,
L01AX,Övriga alkylerande medel,Other alkylating agents,,,
L01AX01,Mitobronitol,Mitobronitol,,,
L01AX02,Pipobroman,Pipobroman,,,
L01AX03,Temozolomid,Temozolomide,,,
L01AX04,Dakarbazin,Dacarbazine,,,
L01AX10,Immunocyanin,Immunocyanin,,,2012-12-13
L01B,Antimetaboliter,Antimetabolites,,,
L01BA,Folsyraanaloger,Folic acid analogues,,,
L01BA01,Metotrexat,Methotrexate,,,
L01BA03,Raltitrexed,Raltitrexed,,,
L01BA04,Pemetrexed,Pemetrexed,,,
L01BA05,Pralatrexat,Pralatrexate,,,
L01BB,Purinanaloger,Purine analogues,,,
L01BB01,Azatioprin,Azathioprine,,,1993-12-31
L01BB02,Merkaptopurin,Mercaptopurine,,,
L01BB03,Tioguanin,Tioguanine,,,
L01BB04,Kladribin,Cladribine,,,
L01BB05,Fludarabin,Fludarabine,,,
L01BB06,Klofarabin,Clofarabine,,,
L01BB07,Nelarabin,Nelarabine,,,
L01BC,Pyrimidinanaloger,Pyrimidine analogues,,,
L01BC01,Cytarabin,Cytarabine,,,
L01BC02,Fluorouracil,Fluorouracil,,,
L01BC03,Tegafur,Tegafur,,,
L01BC04,Karmofur,Carmofur,,,
L01BC05,Gemcitabin,Gemcitabine,,,
L01BC06,Kapecitabin,Capecitabine,,,
L01BC07,Azacitidin,Azacitidine,,,
L01BC08,Decitabin,Decitabine,,,
L01BC09,Floxuridin,Floxuridine,,,
L01BC52,"Fluorouracil, kombinationer","Fluorouracil, combinations",,,
L01BC53,"Tegafur, kombinationer","Tegafur, combinations",,,
L01BC58,"Decitabin, kombinationer","Decitabine, combinations",,,
L01BC59,"Trifluridin, kombinationer","Trifluridine, combinations",,,
L01C,Växtalkaloider och andra naturprodukter,Plant alkaloids and other natural products,,,
L01CA,Vinca-alkaloider och analoger,Vinca alkaloids and analogues,,,
L01CA01,Vinblastin,Vinblastine,,,
L01CA02,Vinkristin,Vincristine,,,
L01CA03,Vindesin,Vindesine,,,
L01CA04,Vinorelbin,Vinorelbine,,,
L01CA05,Vinflunin,Vinflunine,,,
L01CA06,Vintafolid,Vintafolide,,,
L01CB,Podofyllotoxinderivat,Podophyllotoxin derivatives,,,
L01CB01,Etoposid,Etoposide,,,
L01CB02,Teniposid,Teniposide,,,
L01CC,Kolkicinderivat,Colchicine derivatives,,,
L01CC01,Demekolcin,Demecolcine,,,
L01CD,Taxaner,Taxanes,,,
L01CD01,Paklitaxel,Paclitaxel,,,
L01CD02,Docetaxel,Docetaxel,,,
L01CD03,Paklitaxelpoliglumex,Paclitaxel poliglumex,,,
L01CD04,Kabazitaxel,Cabazitaxel,,,
L01CD51,Paklitaxel och encekidar,Paclitaxel and encequidar,,,
L01CE,Topoisomeras 1 (TOP1) hämmare,Topoisomerase 1 (TOP1) inhibitors,,,
L01CE01,Topotekan,Topotecan,,,
L01CE02,Irinotekan,Irinotecan,,,
L01CE03,Etirinotekan pegol,Etirinotecan pegol,,,
L01CE04,Belotekan,Belotecan,,,
L01CX,Övriga växtalkaloider och naturprodukter,Other plant alkaloids and natural products,,,
L01CX01,Trabektedin,Trabectedin,,,
L01D,Cytotoxiska antibiotika och närbesläktade substanser,Cytotoxic antibiotics and related substances,,,
L01DA,Aktinomyciner,Actinomycines,,,
L01DA01,Daktinomycin,Dactinomycin,,,
L01DB,Antracykliner och närbesläktade substanser,Anthracyclines and related substances,,,
L01DB01,Doxorubicin,Doxorubicin,,,
L01DB02,Daunorubicin,Daunorubicin,,,
L01DB03,Epirubicin,Epirubicin,,,
L01DB04,Aklarubicin,Aclarubicin,,,
L01DB05,Zorubicin,Zorubicin,,,
L01DB06,Idarubicin,Idarubicin,,,
L01DB07,Mitoxantron,Mitoxantrone,,,
L01DB08,Pirarubicin,Pirarubicin,,,
L01DB09,Valrubicin,Valrubicin,,,
L01DB10,Amrubicin,Amrubicin,,,
L01DB11,Pixantron,Pixantrone,,,
L01DC,Övriga cytotoxiska antibiotika,Other cytotoxic antibiotics,,,
L01DC01,Bleomycin,Bleomycin,,,
L01DC02,Plikamycin,Plicamycin,,,
L01DC03,Mitomycin,Mitomycin,,,
L01DC04,Ixabepilon,Ixabepilone,,,
L01DC05,Utidelon,Utidelone,,,
L01E,Proteinkinashämmare,Protein kinase inhibitors,,,
L01EA,BCR-ABL tyrosinkinashämmare,BCR-ABL tyrosine kinase inhibitors,,,
L01EA01,Imatinib,Imatinib,,,
L01EA02,Dasatinib,Dasatinib,,,
L01EA03,Nilotinib,Nilotinib,,,
L01EA04,Bosutinib,Bosutinib,,,
L01EA05,Ponatinib,Ponatinib,,,
L01EA06,Asciminib,Asciminib,,,
L01EB,Epidermal tillväxtfaktorreceptor (EGFR) tyrosinkinashämmare,Epidermal growth factor receptor (EGFR) tyrosine kinase inhibitors,,,
L01EB01,Gefitinib,Gefitinib,,,
L01EB02,Erlotinib,Erlotinib,,,
L01EB03,Afatinib,Afatinib,,,
L01EB04,Osimertinib,Osimertinib,,,
L01EB05,Rociletinib,Rociletinib,,,
L01EB06,Olmutinib,Olmutinib,,,
L01EB07,Dakomitinib,Dacomitinib,,,
L01EB08,Ikotinib,Icotinib,,,
L01EB09,Lazertinib,Lazertinib,,,
L01EB10,Mobocertinib,Mobocertinib,,,
L01EB11,Aumolertinib,Aumolertinib,,,
L01EB12,Firmonertinib,Firmonertinib,,,
L01EC,B-Raf serin/treonin-kinas (BRAF) hämmare,B-Raf serine-threonine kinase (BRAF) inhibitors,,,
L01EC01,Vemurafenib,Vemurafenib,,,
L01EC02,Dabrafenib,Dabrafenib,,,
L01EC03,Enkorafenib,Encorafenib,,,
L01EC04,Tovorafenib,Tovorafenib,,,
L01ED,Anaplastiskt lymfom-kinas (ALK) hämmare,Anaplastic lymphoma kinase (ALK) inhibitors,,,
L01ED01,Krizotinib,Crizotinib,,,
L01ED02,Ceritinib,Ceritinib,,,
L01ED03,Alektinib,Alectinib,,,
L01ED04,Brigatinib,Brigatinib,,,
L01ED05,Lorlatinib,Lorlatinib,,,
L01EE,Mitogen-aktiverade proteinkinas (MEK) hämmare,Mitogen-activated protein kinase (MEK) inhibitors,,,
L01EE01,Trametinib,Trametinib,,,
L01EE02,Kobimetinib,Cobimetinib,,,
L01EE03,Binimetinib,Binimetinib,,,
L01EE04,Selumetinib,Selumetinib,,,
L01EE05,Mirdametinib,Mirdametinib,,,
L01EE06,Tunlametinib,Tunlametinib,,,
L01EF,Cyklinberoende kinas (CDK) hämmare,Cyclin-dependent kinase (CDK) inhibitors,,,
L01EF01,Palbociklib,Palbociclib,,,
L01EF02,Ribociklib,Ribociclib,,,
L01EF03,Abemaciklib,Abemaciclib,,,
L01EG,Mammalian target of rapamycin (mTOR) kinashämmare,Mammalian target of rapamycin (mTOR) kinase inhibitors,,,
L01EG01,Temsirolimus,Temsirolimus,,,
L01EG02,Everolimus,Everolimus,,,
L01EG03,Ridaforolimus,Ridaforolimus,,,
L01EG04,Sirolimus,Sirolimus,,,
L01EH,Human epidermal tillväxtfaktorreceptor 2 (HER2) tyrosinkinashämmare,Human epidermal growth factor receptor 2 (HER2) tyrosine kinase inhibitors,,,
L01EH01,Lapatinib,Lapatinib,,,
L01EH02,Neratinib,Neratinib,,,
L01EH03,Tukatinib,Tucatinib,,,
L01EH04,Zongertinib,Zongertinib,,,
L01EH05,Mifanertinib,Mifanertinib,,,
L01EH06,Sevabertinib,Sevabertinib,,,
L01EJ,Janus-associerat kinas (JAK) hämmare,Janus-associated kinase (JAK) inhibitors,,,
L01EJ01,Ruxolitinib,Ruxolitinib,,,
L01EJ02,Fedratinib,Fedratinib,,,
L01EJ03,Pakritinib,Pacritinib,,,
L01EJ04,Momelotinib,Momelotinib,,,
L01EK,Vaskulär endotelial tillväxtfaktorreceptor (VEGFR) tyrosinkinashämmare,Vascular endothelial growth factor receptor (VEGFR) tyrosine kinase inhibitors,,,
L01EK01,Axitinib,Axitinib,,,
L01EK02,Cediranib,Cediranib,,,
L01EK03,Tivozanib,Tivozanib,,,
L01EK04,Frukintinib,Fruquintinib,,,
L01EK05,Rivoceranib,Rivoceranib,,,
L01EL,Bruton's tyrosinkinas (BTK) hämmare,Bruton's tyrosine kinase (BTK) inhibitors,,,
L01EL01,Ibrutinib,Ibrutinib,,,
L01EL02,Akalabrutinib,Acalabrutinib,,,
L01EL03,Zanubrutinib,Zanubrutinib,,,
L01EL04,Orelabrutinib,Orelabrutinib,,,
L01EL05,Pirtobrutinib,Pirtobrutinib,,,
L01EL06,Tirabrutinib,Tirabrutinib,,,
L01EM,Fosfatidylinositol-3-kinas (Pi3K) hämmare,Phosphatidylinositol-3-kinase (Pi3K) inhibitors,,,
L01EM01,Idelalisib,Idelalisib,,,
L01EM02,Kopanlisib,Copanlisib,,,
L01EM03,Alpelisib,Alpelisib,,,
L01EM04,Duvelisib,Duvelisib,,,
L01EM05,Parsaklisib,Parsaclisib,,,
L01EM06,Inavolisib,Inavolisib,,,
L01EN,Fibroblast tillväxtfaktorreceptor (FGFR) tyrosinkinashämmare,Fibroblast growth factor receptor (FGFR) tyrosine kinase inhibitors,,,
L01EN01,Erdafitinib,Erdafitinib,,,
L01EN02,Pemigatinib,Pemigatinib,,,
L01EN03,Infigratinib,Infigratinib,,,
L01EN04,Futibatinib,Futibatinib,,,
L01EP,Cellulär-mesenkym-epitel övergångsfaktor (c-MET) kinashämmare,Cellular-mesenchymal-epithelial transition factor (c-MET) kinase inhibitors¿,,,
L01EP01,Kapmatinib,Capmatinib,,,
L01EP02,Tepotinib,Tepotinib,,,
L01EP03,Savolitinib,Savolitinib,,,
L01EX,Övriga proteinkinashämmare,Other protein kinase inhibitors,,,
L01EX01,Sunitinib,Sunitinib,,,
L01EX02,Sorafenib,Sorafenib,,,
L01EX03,Pazopanib,Pazopanib,,,
L01EX04,Vandetanib,Vandetanib,,,
L01EX05,Regorafenib,Regorafenib,,,
L01EX06,Masitinib,Masitinib,,,
L01EX07,Kabozantinib,Cabozantinib,,,
L01EX08,Lenvatinib,Lenvatinib,,,
L01EX09,Nintedanib,Nintedanib,,,
L01EX10,Midostaurin,Midostaurin,,,
L01EX11,Kizartinib,Quizartinib,,,
L01EX12,Larotrektinib,Larotrectinib,,,
L01EX13,Gilteritinib,Gilteritinib,,,
L01EX14,Entrektinib,Entrectinib,,,
L01EX15,Pexidartinib,Pexidartinib,,,
L01EX16,Erdafitinib,Erdafitinib,,,2021-12-31
L01EX17,Kapmatinib,Capmatinib,,,2025-12-31
L01EX18,Avapritinib,Avapritinib,,,
L01EX19,Ripretinib,Ripretinib,,,
L01EX20,Pemigatinib,Pemigatinib,,,2021-12-31
L01EX21,Tepotinib,Tepotinib,,,2025-12-31
L01EX22,Selperkatinib,Selpercatinib,,,
L01EX23,Pralsetinib,Pralsetinib,,,
L01EX24,Surufatinib,Surufatinib,,,
L01EX25,Umbralisib,Umbralisib,,,
L01EX26,Sitravatinib,Sitravatinib,,,
L01EX27,Kapivasertib,Capivasertib,,,
L01EX28,Repotrektinib,Repotrectinib,,,
L01EX29,Vimseltinib,Vimseltinib,,,
L01F,Monoklonala antikroppar och antikroppsläkemedelskonjugat,Monoclonal antibodies and antibody drug conjugates,,,
L01FA,CD20 (Differentieringskluster 20) hämmare,CD20 (Clusters of Differentiation 20) inhibitors,,,
L01FA01,Rituximab,Rituximab,,,
L01FA02,Ofatumumab,Ofatumumab,,,
L01FA03,Obinutuzumab,Obinutuzumab,,,
L01FB,CD22 (Differentieringskluster 22) hämmare,CD22 (Clusters of Differentiation 22) inhibitors,,,
L01FB01,Inotuzumabozogamicin,Inotuzumab ozogamicin,,,
L01FB02,Moxetumomab pasudotox,Moxetumomab pasudotox,,,
L01FC,CD38 (Differentieringskluster 38) hämmare,CD38 (Clusters of Differentiation 38) inhibitors,,,
L01FC01,Daratumumab,Daratumumab,,,
L01FC02,Isatuximab,Isatuximab,,,
L01FD,HER2 (Human epidermal tillväxtfaktorreceptor 2) hämmare,HER2 (Human Epidermal Growth Factor Receptor 2) inhibitors,,,
L01FD01,Trastuzumab,Trastuzumab,,,
L01FD02,Pertuzumab,Pertuzumab,,,
L01FD03,Trastuzumab emtansin,Trastuzumab emtansine,,,
L01FD04,Trastuzumab deruxtecan,Trastuzumab deruxtecan,,,
L01FD05,Trastuzumab duokarmazin,Trastuzumab duocarmazine,,,
L01FD06,Margetuximab,Margetuximab,,,
L01FD07,Zanidatamab,Zanidatamab,,,
L01FE,EGFR (Epidermal tillväxtfaktorreceptor) hämmare,EGFR (Epidermal Growth Factor Receptor) inhibitors,,,
L01FE01,Cetuximab,Cetuximab,,,
L01FE02,Panitumumab,Panitumumab,,,
L01FE03,Necitumumab,Necitumumab,,,
L01FF,PD-1/PDL-1 (Programmerad celldödsprotein 1/dödsligand 1) hämmare,PD-1/PDL-1 (Programmed cell death protein 1/death ligand 1) inhibitors,,,
L01FF01,Nivolumab,Nivolumab,,,
L01FF02,Pembrolizumab,Pembrolizumab,,,
L01FF03,Durvalumab,Durvalumab,,,
L01FF04,Avelumab,Avelumab,,,
L01FF05,Atezolizumab,Atezolizumab,,,
L01FF06,Cemiplimab,Cemiplimab,,,
L01FF07,Dostarlimab,Dostarlimab,,,
L01FF08,Prolgolimab,Prolgolimab,,,
L01FF09,Tislelizumab,Tislelizumab,,,
L01FF10,Retifanlimab,Retifanlimab,,,
L01FF11,Sugemalimab,Sugemalimab,,,
L01FF12,Serplulimab,Serplulimab,,,
L01FF13,Toripalimab,Toripalimab,,,
L01FF14,Kamrelizumab,Camrelizumab,,,
L01FF15,Envafolimab,Envafolimab,,,
L01FF16,Sasanlimab,Sasanlimab,,,
L01FG,VEGF/VEGFR (Vaskulär endotelial tillväxtfaktor) hämmare,VEGF/VEGFR (Vascular Endothelial Growth Factor) inhibitors,,,
L01FG01,Bevacizumab,Bevacizumab,,,
L01FG02,Ramucirumab,Ramucirumab,,,
L01FX,Övriga monoklonala antikroppar och antikroppsläkemedelskonjugat,Other monoclonal antibodies and antibody drug conjugates,,,
L01FX01,Edrekolomab,Edrecolomab,,,
L01FX02,Gemtuzumabozogamicin,Gemtuzumab ozogamicin,,,
L01FX03,Katumaxomab,Catumaxomab,,,
L01FX04,Ipilimumab,Ipilimumab,,,
L01FX05,Brentuximab vedotin,Brentuximab vedotin,,,
L01FX06,Dinutuximab beta,Dinutuximab beta,,,
L01FX07,Blinatumomab,Blinatumomab,,,
L01FX08,Elotuzumab,Elotuzumab,,,
L01FX09,Mogamulizumab,Mogamulizumab,,,
L01FX10,Olaratumab,Olaratumab,,,
L01FX11,Bermekimab,Bermekimab,,,
L01FX12,Tafasitamab,Tafasitamab,,,
L01FX13,Enfortumab vedotin,Enfortumab vedotin,,,
L01FX14,Polatuzumab vedotin,Polatuzumab vedotin,,,
L01FX15,Belantamab mafodotin,Belantamab mafodotin,,,
L01FX16,Oportuzumab monatox,Oportuzumab monatox,,,
L01FX17,Sacituzumabgovitekan,Sacituzumab govitecan,,,
L01FX18,Amivantamab,Amivantamab,,,
L01FX19,Sabatolimab,Sabatolimab,,,
L01FX20,Tremelimumab,Tremelimumab,,,
L01FX21,Naxitamab,Naxitamab,,,
L01FX22,Lonkastuximabtesirin,Loncastuximab tesirine,,,
L01FX23,Tisotumabvedotin,Tisotumab vedotin,,,
L01FX24,Teklistamab,Teclistamab,,,
L01FX25,Mosunetuzumab,Mosunetuzumab,,,
L01FX26,Mirvetuximabsoravtansin,Mirvetuximab soravtansine,,,
L01FX27,Epkoritamab,Epcoritamab,,,
L01FX28,Glofitamab,Glofitamab,,,
L01FX29,Talkvetamab,Talquetamab,,,
L01FX31,Zolbetuximab,Zolbetuximab,,,
L01FX32,Elranatamab,Elranatamab,,,
L01FX33,Tarlatamab,Tarlatamab,,,
L01FX34,Odronextamab,Odronextamab,,,
L01FX35,Datopotamab deruxtekan,Datopotamab deruxtecan,,,
L01FX36,Patritumab deruxtekan,Patritumab deruxtecan,,,
L01FX37,Linvoseltamab,Linvoseltamab,,,
L01FX38,Ifinatamab-deruxtekan,Ifinatamab deruxtecan,,,
L01FX39,Bemarituzumab,Bemarituzumab,,,
L01FY,Kombinationer av monoklonala antikroppar och antikroppsläkemedelskonjugat,Combinations of monoclonal antibodies and antibody drug conjugates,,,
L01FY01,Pertuzumab och trastuzumab,Pertuzumab and trastuzumab,,,
L01FY02,Nivolumab och relatlimab,Nivolumab and relatlimab,,,
L01FY03,Prolgolimab och nurulimab,Prolgolimab and nurulimab,,,
L01X,Övriga antineoplastiska medel,Other antineoplastic agents,,,
L01XA,Platinaföreningar,Platinum compounds,,,
L01XA01,Cisplatin,Cisplatin,,,
L01XA02,Karboplatin,Carboplatin,,,
L01XA03,Oxaliplatin,Oxaliplatin,,,
L01XA04,Satraplatin,Satraplatin,,,
L01XA05,Polyplatillen,Polyplatillen,,,
L01XB,Metylhydraziner,Methylhydrazines,,,
L01XB01,Prokarbazin,Procarbazine,,,
L01XB02,Dakarbazin,Dacarbazine,,,1993-12-31
L01XC,Monoklonala antikroppar,Monoclonal antibodies,,,2021-12-31
L01XC01,Edrekolomab,Edrecolomab,,,2021-12-31
L01XC02,Rituximab,Rituximab,,,2021-12-31
L01XC03,Trastuzumab,Trastuzumab,,,2021-12-31
L01XC04,Alemtuzumab,Alemtuzumab,,,2014-12-31
L01XC05,Gemtuzumabozogamicin,Gemtuzumab ozogamicin,,,2021-12-31
L01XC06,Cetuximab,Cetuximab,,,2021-12-31
L01XC07,Bevacizumab,Bevacizumab,,,2021-12-31
L01XC08,Panitumumab,Panitumumab,,,2021-12-31
L01XC09,Katumaxomab,Catumaxomab,,,2021-12-31
L01XC10,Ofatumumab,Ofatumumab,,,2021-12-31
L01XC11,Ipilimumab,Ipilimumab,,,2021-12-31
L01XC12,Brentuximab vedotin,Brentuximab vedotin,,,2021-12-31
L01XC13,Pertuzumab,Pertuzumab,,,2021-12-31
L01XC14,Trastuzumabemtansin,Trastuzumab emtansine,,,2021-12-31
L01XC15,Obinutuzumab,Obinutuzumab,,,2021-12-31
L01XC16,Dinutuximab beta,Dinutuximab beta,,,2021-12-31
L01XC17,Nivolumab,Nivolumab,,,2021-12-31
L01XC18,Pembrolizumab,Pembrolizumab,,,2021-12-31
L01XC19,Blinatumomab,Blinatumomab,,,2021-12-31
L01XC21,Ramucirumab,Ramucirumab,,,2021-12-31
L01XC22,Necitumumab,Necitumumab,,,2021-12-31
L01XC23,Elotuzumab,Elotuzumab,,,2021-12-31
L01XC24,Daratumumab,Daratumumab,,,2021-12-31
L01XC25,Mogamulizumab,Mogamulizumab,,,2021-12-31
L01XC26,Inotuzumabozogamicin,Inotuzumab ozogamicin,,,2021-12-31
L01XC27,Olaratumab,Olaratumab,,,2021-12-31
L01XC28,Durvalumab,Durvalumab,,,2021-12-31
L01XC29,Bermekimab,Bermekimab,,,2021-12-31
L01XC31,Avelumab,Avelumab,,,2021-12-31
L01XC32,Atezolizumab,Atezolizumab,,,2021-12-31
L01XC33,Cemiplimab,Cemiplimab,,,2021-12-31
L01XC34,Moxetumomab pasudotox,Moxetumomab pasudotox,,,2021-12-31
L01XC35,Tafasitamab,Tafasitamab,,,2021-12-31
L01XC36,Enfortumab vedotin,Enfortumab vedotin,,,2021-12-31
L01XC37,Polatuzumab vedotin,Polatuzumab vedotin,,,2021-12-31
L01XC38,Isatuximab,Isatuximab,,,2021-12-31
L01XC39,Belantamab mafodotin,Belantamab mafodotin,,,2021-12-31
L01XC40,Dostarlimab,Dostarlimab,,,2021-12-31
L01XC41,Trastuzumab deruxtekan,Trastuzumab deruxtecan,,,2021-12-31
L01XD,Sensibiliserande ämnen för strålning/fotodynamisk behandling,Sensitizers used in photodynamic/radiation therapy,,,
L01XD01,Porfimernatrium,Porfimer sodium,,,
L01XD03,Metylaminolevulinat,Methyl aminolevulinate,,,
L01XD04,Aminolevulinsyra,Aminolevulinic acid,,,
L01XD05,Temoporfin,Temoporfin,,,
L01XD06,Efaproxiral,Efaproxiral,,,
L01XD07,Padeliporfin,Padeliporfin,,,
L01XE,Proteinkinashämmare,Protein kinase inhibitors,,,2020-12-31
L01XE01,Imatinib,Imatinib,,,2020-12-31
L01XE02,Gefitinib,Gefitinib,,,2020-12-31
L01XE03,Erlotinib,Erlotinib,,,2020-12-31
L01XE04,Sunitinib,Sunitinib,,,2020-12-31
L01XE05,Sorafenib,Sorafenib,,,2020-12-31
L01XE06,Dasatinib,Dasatinib,,,2020-12-31
L01XE07,Lapatinib,Lapatinib,,,2020-12-31
L01XE08,Nilotinib,Nilotinib,,,2020-12-31
L01XE09,Temsirolimus,Temsirolimus,,,2020-12-31
L01XE10,Everolimus,Everolimus,,,2020-12-31
L01XE11,Pazopanib,Pazopanib,,,2020-12-31
L01XE12,Vandetanib,Vandetanib,,,2020-12-31
L01XE13,Afatinib,Afatinib,,,2020-12-31
L01XE14,Bosutinib,Bosutinib,,,2020-12-31
L01XE15,Vemurafenib,Vemurafenib,,,2020-12-31
L01XE16,Krizotinib,Crizotinib,,,2020-12-31
L01XE17,Axitinib,Axitinib,,,2020-12-31
L01XE18,Ruxolitinib,Ruxolitinib,,,2020-12-31
L01XE19,Ridaforolimus,Ridaforolimus,,,2020-12-31
L01XE21,Regorafenib,Regorafenib,,,2020-12-31
L01XE22,Masitinib,Masitinib,,,2020-12-31
L01XE23,Dabrafenib,Dabrafenib,,,2020-12-31
L01XE24,Ponatinib,Ponatinib,,,2020-12-31
L01XE25,Trametinib,Trametinib,,,2020-12-31
L01XE26,Kabozantinib,Cabozantinib,,,2020-12-31
L01XE27,Ibrutinib,Ibrutinib,,,2020-12-31
L01XE28,Ceritinib,Ceritinib,,,2020-12-31
L01XE29,Lenvatinib,Lenvatinib,,,2020-12-31
L01XE31,Nintedanib,Nintedanib,,,2020-12-31
L01XE32,Cediranib,Cediranib,,,2020-12-31
L01XE33,Palbociklib,Palbociclib,,,2020-12-31
L01XE34,Tivozanib,Tivozanib,,,2020-12-31
L01XE35,Osimertinib,Osimertinib,,,2020-12-31
L01XE36,Alektinib,Alectinib,,,2020-12-31
L01XE37,Rociletinib,Rociletinib,,,2020-12-31
L01XE38,Kobimetinib,Cobimetinib,,,2020-12-31
L01XE39,Midostaurin,Midostaurin,,,2020-12-31
L01XE40,Olmutinib,Olmutinib,,,2020-12-31
L01XE41,Binimetinib,Binimetinib,,,2020-12-31
L01XE42,Ribociklib,Ribociclib,,,2020-12-31
L01XE43,Brigatinib,Brigatinib,,,2020-12-31
L01XE44,Lorlatinib,Lorlatinib,,,2020-12-31
L01XE45,Neratinib,Neratinib,,,2020-12-31
L01XE46,Enkorafenib,Encorafenib,,,2020-12-31
L01XE47,Dakomitinib,Dacomitinib,,,2020-12-31
L01XE48,Ikotinib,Icotinib,,,2020-12-31
L01XE50,Abemaciklib,Abemaciclib,,,2020-12-31
L01XE51,Akalabrutinib,Acalabrutinib,,,2020-12-31
L01XE52,Kizartinib,Quizartinib,,,2020-12-31
L01XE53,Larotrektinib,Larotrectinib,,,2020-12-31
L01XE54,Gilterinitib,Gilterinitib,,,2020-12-31
L01XE56,Entrektinib,Entrectinib,,,2020-12-31
L01XE57,Fedratinib,Fedratinib,,,2020-12-31
L01XF,Retinoider för cancerbehandling,Retinoids for cancer treatment,,,
L01XF01,Tretinoin,Tretinoin,,,
L01XF02,Alitretinoin,Alitretinoin,,,
L01XF03,Bexaroten,Bexarotene,,,
L01XG,Proteasomhämmare,Proteasome inhibitors,,,
L01XG01,Bortezomib,Bortezomib,,,
L01XG02,Karfilzomib,Carfilzomib,,,
L01XG03,Ixazomib,Ixazomib,,,
L01XH,Histondeacetylas (HDAC) hämmare,Histone deacetylase (HDAC) inhibitors,,,
L01XH01,Vorinostat,Vorinostat,,,
L01XH02,Romidepsin,Romidepsin,,,
L01XH03,Panobinostat,Panobinostat,,,
L01XH04,Belinostat,Belinostat,,,
L01XH05,Entinostat,Entinostat,,,
L01XH06,Tucidinostat,Tucidinostat,,,
L01XH07,Resminostat,Resminostat,,,
L01XJ,Hämmare av Hedgehog-signalvägen,Hedgehog pathway inhibitors,,,
L01XJ01,Vismodegib,Vismodegib,,,
L01XJ02,Sonidegib,Sonidegib,,,
L01XJ03,Glasdegib,Glasdegib,,,
L01XK,Poly (ADP-ribos) polymeras (PARP) hämmare,Poly (ADP-ribose) polymerase (PARP) inhibitors,,,
L01XK01,Olaparib,Olaparib,,,
L01XK02,Niraparib,Niraparib,,,
L01XK03,Rukaparib,Rucaparib,,,
L01XK04,Talazoparib,Talazoparib,,,
L01XK05,Veliparib,Veliparib,,,
L01XK06,Pamiparib,Pamiparib,,,
L01XK07,Senaparib,Senaparib,,,
L01XK52,Niraparib och abirateron,Niraparib and abiraterone,,,
L01XL,Antineoplastisk cell- och genterapi,Antineoplastic cell and gene therapy,,,
L01XL01,Sitimagen-ceradenovek,Sitimagene ceradenovec,,,
L01XL02,Talimogen-laherparepvek,Talimogene laherparepvec,,,
L01XL03,Axikabtagen-ciloleucel,Axicabtagene ciloleucel,,,
L01XL04,Tisagenlekleucel,Tisagenlecleucel,,,
L01XL05,Ciltakabtagen-autoleucel,Ciltacabtagene autoleucel,,,
L01XL06,Brexukabtagen-autoleucel,Brexucabtagene autoleucel,,,
L01XL07,Idekabtagen-vikleucel,Idecabtagene vicleucel,,,
L01XL08,Lisokabtagen-maraleucel,Lisocabtagene maraleucel,,,
L01XL09,Tabelekleucel,Tabelecleucel,,,
L01XL10,Nadofaragen-firadenovek,Nadofaragene firadenovec,,,
L01XL11,Lifileucel,Lifileucel,,,
L01XL12,Obekabtagen-autoleucel,Obecabtagene autoleucel,,,
L01XM,Isocitratdehydrogenas (IDH) hämmare,Isocitrate dehydrogenase (IDH) inhibitors,,,
L01XM01,Enasidenib,Enasidenib,,,
L01XM02,Ivosidenib,Ivosidenib,,,
L01XM03,Olutasidenib,Olutasidenib,,,
L01XM04,Vorasidenib,Vorasidenib,,,
L01XU,Övriga antineoplastiska medel (forts.),Other antineoplastic agents (cont.),,,
L01XX,Övriga antineoplastiska medel,Other antineoplastic agents,,,
L01XX01,Amsakrin,Amsacrine,,,
L01XX02,Asparginas,Asparaginase,,,
L01XX03,Altretamin,Altretamine,,,
L01XX04,Mitoxantron,Mitoxantrone,,,1993-12-31
L01XX05,Hydroxikarbamid,Hydroxycarbamide,,,
L01XX06,BCG-vaccin,BCG vaccine,,,1993-12-31
L01XX07,Lonidamin,Lonidamine,,,
L01XX08,Pentostatin,Pentostatin,,,
L01XX09,Miltefosin,Miltefosine,,,2019-12-31
L01XX10,Masoprokol,Masoprocol,,,
L01XX11,Estramustin,Estramustine,,,
L01XX12,Paklitaxel,Paclitaxel,,,1994-12-31
L01XX14,Tretinoin,Tretinoin,,,2020-12-31
L01XX15,Porfimernatrium,Porfimer sodium,,,2001-12-31
L01XX16,Mitoguazon,Mitoguazone,,,
L01XX17,Topotekan,Topotecan,,,2020-12-31
L01XX18,Tiazofurin,Tiazofurine,,,
L01XX19,Irinotekan,Irinotecan,,,2020-12-31
L01XX20,Kombinationer,Combinations,,,2012-12-13
L01XX22,Alitretinoin,Alitretinoin,,,2020-12-31
L01XX23,Mitotan,Mitotane,,,
L01XX24,Pegaspargas,Pegaspargase,,,
L01XX25,Bexaroten,Bexarotene,,,2020-12-31
L01XX26,Verteporfin,Veteporfin,,,2001-12-31
L01XX27,Arseniktrioxid,Arsenic trioxide,,,
L01XX29,Denileukin diftitox,Denileukin diftitox,,,
L01XX31,Gefitinib,Gefitinib,,,2006-12-31
L01XX32,Bortezomib,Bortezomib,,,2020-12-31
L01XX33,Celecoxib,Celecoxib,,,
L01XX35,Anagrelid,Anagrelide,,,
L01XX36,Oblimersen,Oblimersen,,,
L01XX37,Sitimagen-ceradenovek,Sitimagene ceradenovec,,,2022-12-31
L01XX38,Vorinostat,Vorinostat,,,2020-12-31
L01XX39,Romidepsin,Romidepsin,,,2020-12-31
L01XX40,Omacetaxinmepesuccinat,Omacetaxine mepesuccinate,,,
L01XX41,Eribulin,Eribulin,,,
L01XX42,Panobinostat,Panobinostat,,,2020-12-31
L01XX43,Vismodegib,Vismodegib,,,2020-12-31
L01XX44,Aflibercept,Aflibercept,,,
L01XX45,Karfilzomib,Carfilzomib,,,2020-12-31
L01XX46,Olaparib,Olaparib,,,2020-12-31
L01XX47,Idelalisib,Idelalisib,,,2020-12-31
L01XX48,Sonidegib,Sonidegib,,,2020-12-31
L01XX49,Belinostat,Belinostat,,,2020-12-31
L01XX50,Ixazomib,Ixazomib,,,2020-12-31
L01XX51,Talimogen-laherparepvek,Talimogene laherparepvec,,,2022-12-31
L01XX52,Venetoklax,Venetoclax,,,
L01XX53,Vosaroxin,Vosaroxin,,,
L01XX54,Niraparib,Niraparib,,,2020-12-31
L01XX55,Rukaparib,Rucaparib,,,2020-12-31
L01XX56,Etirinotekan pegol,Etirinotecan pegol,,,2020-12-31
L01XX57,Plitidepsin,Plitidepsin,,,
L01XX58,Epakadostat,Epacadostat,,,
L01XX59,Enasidenib,Enasidenib,,,2024-12-31
L01XX60,Talazoparib,Talazoparib,,,2020-12-31
L01XX61,Kopanlisib,Copanlisib,,,2020-12-31
L01XX62,Ivosidenib,Ivosidenib,,,2024-12-31
L01XX63,Glasdegib,Glasdegib,,,2020-12-31
L01XX64,Entinostat,Entinostat,,,2020-12-31
L01XX65,Alpesilib,Alpesilib,,,2020-12-31
L01XX66,Selinexor,Selinexor,,,
L01XX67,Tagraxofusp,Tagraxofusp,,,
L01XX68,Belotekan,Belotecan,,,2020-12-31
L01XX69,Lurbinektedin,Lurbinectedin,,,
L01XX70,Axikabtagen-ciloleucel,Axicabtagene ciloleucel,,,2022-12-31
L01XX71,Tisagenlekleucel,Tisagenlecleucel,,,2022-12-31
L01XX72,Tazemetostat,Tazemetostat,,,
L01XX73,Sotorasib,Sotorasib,,,
L01XX74,Belzutifan,Belzutifan,,,
L01XX75,Tebentafusp,Tebentafusp,,,
L01XX77,Adagrasib,Adagrasib,,,
L01XX78,Navitoklax,Navitoclax,,,
L01XX79,Eflornitin,Eflornithine,,,
L01XX80,Imetelstat,Imetelstat,,,
L01XX81,Nirogacestat,Nirogacestat,,,
L01XX82,Darinaparsin,Darinaparsin,,,
L01XX83,Para-toluensulfonamid,Para-toluenesulfonamide,,,
L01XX84,Pelabresib,Pelabresib,,,
L01XX85,Idroxiolsyra,Idroxioleic acid,,,
L01XX86,Kalaspargas pegol,Calaspargase pegol,,,
L01XX87,Revumenib,Revumenib,,,
L01XY,Kombinationer av antineoplastiska medel,Combinations of antineoplastic agents,,,
L01XY01,Cytarabin och daunorubicin,Cytarabine and daunorubicin,,,
L01XY02,Pertuzumab och trastuzumab,Pertuzumab and trastuzumab,,,2023-12-31
L01XY03,Nivolumab och relatlimab,Nivolumab and relatlimab,,,2023-12-31
L01XY04,Bifikafusp alfa och onfekafusp alfa,Bifikafusp alfa and onfekafusp alfa,,,
L02,Endokrinterapi,Endocrine therapy,,,
L02A,Hormoner,Hormones and related agents,,,
L02AA,Östrogener,Estrogens,,,
L02AA01,Dietylstilbestrol,Diethylstilbestrol,,,
L02AA02,Polyöstradiolfosfat,Polyestradiol phosphate,,,
L02AA03,Etinylestradiol,Ethinylestradiol,,,
L02AA04,Fosfestrol,Fosfestrol,,,
L02AB,Gestagener,Progestogens,,,
L02AB01,Megestrol,Megestrol,,,
L02AB02,Medroxiprogesteron,Medroxyprogesterone,,,
L02AB03,Gestonoron,Gestonorone,,,
L02AE,Gonadotropinfrisättande hormonanaloger,Gonadotropin releasing hormone analogues,,,
L02AE01,Buserelin,Buserelin,,,
L02AE02,Leuprorelin,Leuprorelin,,,
L02AE03,Goserelin,Goserelin,,,
L02AE04,Triptorelin,Triptorelin,,,
L02AE05,Histrelin,Histrelin,,,
L02AE51,Leuprorelin och bikalutamid,Leuprorelin and bicalutamide,,,
L02AX,Övriga hormoner,Other hormones,,,
L02B,Antihormoner och relaterade medel,Hormone antagonists and related agents,,,
L02BA,Antiöstrogener,Anti-estrogens,,,
L02BA01,Tamoxifen,Tamoxifen,,,
L02BA02,Toremifen,Toremifene,,,
L02BA03,Fulvestrant,Fulvestrant,,,
L02BA04,Elacestrant,Elacestrant,,,
L02BA05,Kamizestrant,Camizestrant,,,
L02BB,Antiandrogener,Anti-androgens,,,
L02BB01,Flutamid,Flutamide,,,
L02BB02,Nilutamid,Nilutamide,,,
L02BB03,Bikalutamid,Bicalutamide,,,
L02BB04,Enzalutamid,Enzalutamide,,,
L02BB05,Apalutamid,Apalutamide,,,
L02BB06,Darolutamid,Darolutamide,,,
L02BG,Aromatashämmare,Aromatase inhibitors,,,
L02BG01,Aminoglutetimid,Aminoglutethimide,,,
L02BG02,Formestan,Formestane,,,
L02BG03,Anastrozol,Anastrozole,,,
L02BG04,Letrozol,Letrozole,,,
L02BG05,Vorozol,Vorozole,,,
L02BG06,Exemestan,Exemestane,,,
L02BX,Övriga antihormoner och relaterade medel,Other hormone antagonists and related agents,,,
L02BX01,Abarelix,Abarelix,,,
L02BX02,Degarelix,Degarelix,,,
L02BX03,Abirateron,Abiraterone,,,
L02BX04,Relugolix,Relugolix,,,
L02BX53,Abirateron och kortikosteroider,Abiraterone and corticosteroids,,,
L03,Immunstimulerande medel,Immunostimulants,,,
L03A,Immunstimulerande medel,Immunostimulants,,,
L03AA,Hematopoetiska tillväxtfaktorer,Colony stimulating factors,,,
L03AA02,Filgrastim,Filgrastim,,,
L03AA03,Molgramostim,Molgramostim,,,
L03AA09,Sargramostim,Sargramostim,,,
L03AA10,Lenograstim,Lenograstim,,,
L03AA12,Ancestim,Ancestim,,,
L03AA13,Pegfilgrastim,Pegfilgrastim,,,
L03AA14,Lipegfilgrastim,Lipegfilgrastim,,,
L03AA15,Balugrastim,Balugrastim,,,
L03AA16,Empegfilgrastim,Empegfilgrastim,,,
L03AA17,Pegteograstim,Pegteograstim,,,
L03AA18,Efbemalenograstim alfa,Efbemalenograstim alfa,,,
L03AA19,Eflapegrastim,Eflapegrastim,,,
L03AB,Interferoner,Interferons,,,
L03AB01,"Interferon alfa, naturlig",Interferon alfa natural,,,
L03AB02,"Interferon beta, naturlig",Interferon beta natural,,,
L03AB03,Interferon gamma,Interferon gamma,,,
L03AB04,Interferon alfa-2a,Interferon alfa-2a,,,
L03AB05,Interferon alfa-2b,Interferon alfa-2b,,,
L03AB06,Interferon alfa-n1,Interferon alfa-n1,,,
L03AB07,Interferon beta-1a,Interferon beta-1a,,,
L03AB08,Interferon beta-1b,Interferon beta-1b,,,
L03AB09,Interferon alfacon-1,Interferon alfacon-1,,,
L03AB10,Peginterferon alfa-2b,Peginterferon alfa-2b,,,
L03AB11,Peginterferon alfa-2a,Peginterferon alfa-2a,,,
L03AB12,Albinterferon alfa-2b,Albinterferon alfa-2b,,,
L03AB13,Peginterferon beta-1a,Peginterferon beta-1a,,,
L03AB14,Cepeginterferon alfa-2b,Cepeginterferon alfa-2b,,,
L03AB15,Ropeginterferon alfa-2b,Ropeginterferon alfa-2b,,,
L03AB16,Peginterferon alfakon-2,Peginterferon alfacon-2,,,
L03AB17,Sampeginterferon beta-1a,Sampeginterferon beta-1a,,,
L03AB60,"Peginterferon alfa-2b, kombinationer","Peginterferon alfa-2b, combinations",,,
L03AB61,"Peginterferon alfa-2a, kombinationer","Peginterferon alfa-2a, combinations",,,
L03AC,Interleukiner,Interleukins,,,
L03AC01,Aldesleukin,Aldesleukin,,,
L03AC02,Oprelvekin,Oprelvekin,,,
L03AC03,Nogapendekin alfa och inbakicept,Nogapendekin alfa and inbakicept,,,
L03AX,Övriga immunstimulerande medel,Other immunostimulants,,,
L03AX01,Lentinan,Lentinan,,,
L03AX02,Rokinimex,Roquinimex,,,
L03AX03,Vaccin mot Bacillus Calmette-Guerin (BCG),BCG vaccine,,,
L03AX04,Pegademas,Pegademase,,,
L03AX05,Pidotimod,Pidotimod,,,
L03AX07,Poly I:C,Poly I:C,,,
L03AX08,Poly ICLC,Poly ICLC,,,
L03AX09,Tymopentin,Thymopentin,,,
L03AX10,Immunocyanin,Immunocyanin,,,
L03AX11,Tasonermin,Tasonermin,,,
L03AX12,Melanomvaccin,Melanoma vaccine,,,
L03AX13,Glatirameracetat,Glatiramer acetate,,,
L03AX14,Histamindihydroklorid,Histamine dihydrochloride,,,
L03AX15,Mifamurtid,Mifamurtide,,,
L03AX16,Plerixafor,Plerixafor,,,
L03AX17,Sipuleucel-T,Sipuleucel-T,,,
L03AX18,Kridanimod,Cridanimod,,,
L03AX19,Dasiprotimut-T,Dasiprotimut-T,,,
L03AX21,Elapegademas,Elapegademase,,,
L03AX22,Leniolisib,Leniolisib,,,
L03AX23,Motixafortid,Motixafortide,,,
L03AX24,Mavorixafor,Mavorixafor,,,
L03AX25,Tymalfasin,Thymalfasin,,,
L04,Immunsuppressiva medel,Immunosuppressants,,,
L04A,Immunsuppressiva medel,Immunosuppressants,,,
L04AA,Selektiva immunsuppressiva medel,Selective immunosuppressants,,,
L04AA01,Ciklosporin,Ciclosporin,,,2007-12-31
L04AA02,Muromonab CD3,Muromonab-CD3,,,2023-12-31
L04AA03,Anti-lymfoocyt-immunoglobulin (häst),Antilymphocyte immunoglobulin (horse),,,
L04AA04,Anti-tymocyt-immunoglobulin (kanin),Antithymocyte immunoglobulin (rabbit),,,
L04AA05,Takrolimus,Tacrolimus,,,2007-12-31
L04AA06,Mykofenolsyra,Mycophenolic acid,,,
L04AA07,Glatiramer acetat,Glatiramer acetate,,,2001-12-31
L04AA10,Sirolimus,Sirolimus,,,2023-12-31
L04AA11,Etanercept,Etanercept,,,2007-12-31
L04AA13,Leflunomid,Leflunomide,,,2023-12-31
L04AA15,Alefacept,Alefacept,,,
L04AA17,Adalimumab,Adalimumab,,,2007-12-31
L04AA18,Everolimus,Everolimus,,,2023-12-31
L04AA19,Gusperimus,Gusperimus,,,
L04AA21,Efalizumab,Efalizumab,,,2023-12-31
L04AA22,Abetimus,Abetimus,,,
L04AA23,Natalizumab,Natalizumab,,,2023-12-31
L04AA24,Abatacept,Abatacept,,,
L04AA25,Ekulizumab,Eculizumab,,,2023-12-31
L04AA26,Belimumab,Belimumab,,,2023-12-31
L04AA27,Fingolimod,Fingolimod,,,2023-12-31
L04AA28,Belatacept,Belatacept,,,
L04AA29,Tofacitinib,Tofacitinib,,,2023-12-31
L04AA31,Teriflunomid,Teriflunomide,,,2023-12-31
L04AA32,Apremilast,Apremilast,,,
L04AA33,Vedolizumab,Vedolizumab,,,2023-12-31
L04AA34,Alemtuzumab,Alemtuzumab,,,2023-12-31
L04AA35,Begelomab,Begelomab,,,2023-12-31
L04AA36,Okrelizumab,Ocrelizumab,,,2023-12-31
L04AA37,Baricitinib,Baricitinib,,,2023-12-31
L04AA38,Ozanimod,Ozanimod,,,2023-12-31
L04AA39,Emapalumab,Emapalumab,,,2023-12-31
L04AA40,Kladribin,Cladribine,,,
L04AA41,Imlifidas,Imlifidase,,,
L04AA42,Siponimod,Siponimod,,,2023-12-31
L04AA43,Ravulizumab,Ravulizumab,,,2023-12-31
L04AA44,Upadacitinib,Upadacitinib,,,2023-12-31
L04AA45,Filgotinib,Filgotinib,,,2023-12-31
L04AA46,Itacitinib,Itacitinib,,,2023-12-31
L04AA47,Inebilizumab,Inebilizumab,,,2023-12-31
L04AA48,Belumosudil,Belumosudil,,,
L04AA49,Peficitinib,Peficitinib,,,2023-12-31
L04AA50,Ponesimod,Ponesimod,,,2023-12-31
L04AA51,Anifrolumab,Anifrolumab,,,2023-12-31
L04AA52,Ofatumumab,Ofatumumab,,,2023-12-31
L04AA53,Teprotumumab,Teprotumumab,,,2023-12-31
L04AA54,Pegcetakoplan,Pegcetacoplan,,,2023-12-31
L04AA55,Sutimlimab,Sutimlimab,,,2023-12-31
L04AA56,Deukravacitinib,Deucravacitinib,,,2023-12-31
L04AA57,Ublituximab,Ublituximab,,,2023-12-31
L04AA58,Efgartigimod alfa,Efgartigimod alfa,,,2025-12-31
L04AA59,Avakopan,Avacopan,,,2023-12-31
L04AA60,Remibrutinib,Remibrutinib,,,
L04AA61,Nerandomilast,Nerandomilast,,,
L04AA62,Tolebrutinib,Tolebrutinib,,,
L04AB,Tumörnekrosfaktor alfa (TNF-) hämmare,Tumor necrosis factor alpha (TNF-) inhibitors,,,
L04AB01,Etanercept,Etanercept,,,
L04AB02,Infliximab,Infliximab,,,
L04AB03,Afelimomab,Afelimomab,,,
L04AB04,Adalimumab,Adalimumab,,,
L04AB05,Certolizumabpegol,Certolizumab pegol,,,
L04AB06,Golimumab,Golimumab,,,
L04AB07,Opinercept,Opinercept,,,
L04AC,Interleukinhämmare,Interleukin inhibitors,,,
L04AC01,Daklizumab,Daclizumab,,,
L04AC02,Basiliximab,Basiliximab,,,
L04AC03,Anakinra,Anakinra,,,
L04AC04,Rilonacept,Rilonacept,,,
L04AC05,Ustekinumab,Ustekinumab,,,
L04AC06,Mepolizumab,Mepolizumab,,,2016-12-31
L04AC07,Tocilizumab,Tocilizumab,,,
L04AC08,Kanakinumab,Canakinumab,,,
L04AC09,Briakinumab,Briakinumab,,,
L04AC10,Sekukinumab,Secukinumab,,,
L04AC11,Siltuximab,Siltuximab,,,
L04AC12,Brodalumab,Brodalumab,,,
L04AC13,Ixekizumab,Ixekizumab,,,
L04AC14,Sarilumab,Sarilumab,,,
L04AC15,Sirukumab,Sirukumab,,,
L04AC16,Guselkumab,Guselkumab,,,
L04AC17,Tildrakizumab,Tildrakizumab,,,
L04AC18,Risankizumab,Risankizumab,,,
L04AC19,Satralizumab,Satralizumab,,,
L04AC20,Netakimab,Netakimab,,,
L04AC21,Bimekizumab,Bimekizumab,,,
L04AC22,Spesolimab,Spesolimab,,,
L04AC23,Olokizumab,Olokizumab,,,
L04AC24,Mirikizumab,Mirikizumab,,,
L04AC25,Levilimab,Levilimab,,,
L04AC26,Goflikicept,Goflikicept,,,
L04AC27,Cendakimab,Cendakimab,,,
L04AD,Kalcineurinhämmare,Calcineurin inhibitors,,,
L04AD01,Ciklosporin,Ciclosporin,,,
L04AD02,Takrolimus,Tacrolimus,,,
L04AD03,Voklosporin,Voclosporin,,,
L04AE,Sfingosin-1-fosfat (S1P) receptormodulatorer,Sphingosine-1-phosphate (S1P) receptor modulators,,,
L04AE01,Fingolimod,Fingolimod,,,
L04AE02,Ozanimod,Ozanimod,,,
L04AE03,Siponimod,Siponimod,,,
L04AE04,Ponesimod,Ponesimod,,,
L04AE05,Etrasimod,Etrasimod,,,
L04AF,Janus-associerat kinas (JAK) hämmare,Janus-associated kinase (JAK) inhibitors,,,
L04AF01,Tofacitinib,Tofacitinib,,,
L04AF02,Baricitinib,Baricitinib,,,
L04AF03,Upadacitinib,Upadacitinib,,,
L04AF04,Filgotinib,Filgotinib,,,
L04AF05,Itacitinib,Itacitinib,,,
L04AF06,Peficitinib,Peficitinib,,,
L04AF07,Deukravacitinib,Deucravacitinib,,,
L04AF08,Ritlecitinib,Ritlecitinib,,,
L04AF09,Deuruxolitinib,Deuruxolitinib,,,
L04AG,Monoklonala antikroppar,Monoclonal antibodies,,,
L04AG01,Muromonab-CD3,Muromonab-CD3,,,
L04AG02,Efalizumab,Efalizumab,,,
L04AG03,Natalizumab,Natalizumab,,,
L04AG04,Belimumab,Belimumab,,,
L04AG05,Vedolizumab,Vedolizumab,,,
L04AG06,Alemtuzumab,Alemtuzumab,,,
L04AG07,Begelomab,Begelomab,,,
L04AG08,Okrelizumab,Ocrelizumab,,,
L04AG09,Emapalumab,Emapalumab,,,
L04AG10,Inebilizumab,Inebilizumab,,,
L04AG11,Anifrolumab,Anifrolumab,,,
L04AG12,Ofatumumab,Ofatumumab,,,
L04AG13,Teprotumumab,Teprotumumab,,,
L04AG14,Ublituximab,Ublituximab,,,
L04AG15,Divozilimab,Divozilimab,,,
L04AG16,Rozanolixizumab,Rozanolixizumab,,,2025-12-31
L04AG17,Seniprutug,Seniprutug,,,
L04AG18,Sibeprenlimab,Sibeprenlimab,,,
L04AG19,Axatilimab,Axatilimab,,,
L04AH,Mammalian target of rapamycin (mTOR) kinashämmare,Mammalian target of rapamycin (mTOR) kinase inhibitors,,,
L04AH01,Sirolimus,Sirolimus,,,
L04AH02,Everolimus,Everolimus,,,
L04AJ,Komplementhämmare,Complement inhibitors,,,
L04AJ01,Ekulizumab,Eculizumab,,,
L04AJ02,Ravulizumab,Ravulizumab,,,
L04AJ03,Pegcetakoplan,Pegcetacoplan,,,
L04AJ04,Sutimlimab,Sutimlimab,,,
L04AJ05,Avakopan,Avacopan,,,
L04AJ06,Zilukoplan,Zilucoplan,,,
L04AJ07,Krovalimab,Crovalimab,,,
L04AJ08,Iptakopan,Iptacopan,,,
L04AJ09,Danikopan,Danicopan,,,
L04AJ10,Vilobelimab,Vilobelimab,,,
L04AJ11,Pozelimab,Pozelimab,,,
L04AK,Dihydroorotatdehydrogenas  (DHODH) hämmare,Dihydroorotate dehydrogenase (DHODH) inhibitors,,,
L04AK01,Leflunomid,Leflunomide,,,
L04AK02,Teriflunomid,Teriflunomide,,,
L04AL,Neonatal Fc-receptor (FcRn) hämmare,Neonatal fragment crystallizable receptor (FcRn) inhibitors,,,
L04AL01,Efgartigimod alfa,Efgartigimod alfa,,,
L04AL02,Rozanolixizumab,Rozanolixizumab,,,
L04AL03,Nipokalimab,Nipocalimab,,,
L04AX,Övriga immunsuppressiva medel,Other immunosuppressants,,,
L04AX01,Azatioprin,Azathioprine,,,
L04AX02,Talidomid,Thalidomide,,,
L04AX03,Metotrexat,Methotrexate,,,
L04AX04,Lenalidomid,Lenalidomide,,,
L04AX05,Pirfenidon,Pirfenidone,,,
L04AX06,Pomalidomid,Pomalidomide,,,
L04AX07,Dimetylfumarat,Dimethyl fumarate,,,
L04AX08,Darvadstrocel,Darvadstrocel,,,
L04AX09,Diroximelfumarat,Diroximel fumarate,,,
L04AX10,Tegomilfumarat,Tegomil fumarate,,,
L04AX11,Monometylfumarat,Monomethyl fumarate,,,
M,Rörelseapparaten,Musculo-skeletal system,,,
M01,Antiinflammatoriska och antireumatiska medel,Antiinflammatory and antirheumatic products,,,
M01A,"Antiinflammatoriska och antireumatiska medel, icke-steroida","Antiinflammatory and antirheumatic products, non-steroids",,,
M01AA,Butylpyrazolidiner,Butylpyrazolidines,,,
M01AA01,Fenylbutazon,Phenylbutazone,,,
M01AA02,Mofebutazon,Mofebutazone,,,
M01AA03,Oxifenbutazon,Oxyphenbutazone,,,
M01AA04,Azapropazon,Azapropazone,,,1992-12-31
M01AA05,Klofezon,Clofezone,,,
M01AA06,Kebuzon,Kebuzone,,,
M01AB,Ättiksyraderivat och närbesläktade substanser,Acetic acid derivatives and related substances,,,
M01AB01,Indometacin,Indometacin,,,
M01AB02,Sulindak,Sulindac,,,
M01AB03,Tolmetin,Tolmetin,,,
M01AB04,Zomepirak,Zomepirac,,,
M01AB05,Diklofenak,Diclofenac,,,
M01AB06,Alklofenak,Alclofenac,,,
M01AB07,Bumadizon,Bumadizone,,,
M01AB08,Etodolak,Etodolac,,,
M01AB09,Lonazolak,Lonazolac,,,
M01AB10,Fentiazak,Fentiazac,,,
M01AB11,Acemetacin,Acemetacin,,,
M01AB12,Difenpiramid,Difenpiramide,,,
M01AB13,Oxametacin,Oxametacin,,,
M01AB14,Proglumetacin,Proglumetacin,,,
M01AB15,Ketorolak,Ketorolac,,,
M01AB16,Aceklofenak,Aceclofenac,,,
M01AB17,Bufexamak,Bufexamac,,,
M01AB51,"Indometacin, kombinationer","Indometacin, combinations",,,
M01AB55,"Diklofenak, kombinationer","Diclofenac, combinations",,,
M01AC,Oxikamer,Oxicams,,,
M01AC01,Piroxikam,Piroxicam,,,
M01AC02,Tenoxikam,Tenoxicam,,,
M01AC04,Droxikam,Droxicam,,,
M01AC05,Lornoxikam,Lornoxicam,,,
M01AC06,Meloxikam,Meloxicam,,,
M01AC56,"Meloxikam, kombinationer","Meloxicam, combinations",,,
M01AE,Propionsyraderivat,Propionic acid derivatives,,,
M01AE01,Ibuprofen,Ibuprofen,,,
M01AE02,Naproxen,Naproxen,,,
M01AE03,Ketoprofen,Ketoprofen,,,
M01AE04,Fenoprofen,Fenoprofen,,,
M01AE05,Fenbufen,Fenbufen,,,
M01AE06,Benoxaprofen,Benoxaprofen,,,
M01AE07,Suprofen,Suprofen,,,
M01AE08,Pirprofen,Pirprofen,,,
M01AE09,Flurbiprofen,Flurbiprofen,,,
M01AE10,Indoprofen,Indoprofen,,,
M01AE11,Tiaprofensyra,Tiaprofenic acid,,,
M01AE12,Oxaprozin,Oxaprozin,,,
M01AE13,Ibuproxam,Ibuproxam,,,
M01AE14,Dexibuprofen,Dexibuprofen,,,
M01AE15,Flunoxaprofen,Flunoxaprofen,,,
M01AE16,Alminoprofen,Alminoprofen,,,
M01AE17,Dexketoprofen,Dexketoprofen,,,
M01AE18,Naproxcinod,Naproxcinod,,,
M01AE19,Loxoprofen,Loxoprofen,,,
M01AE20,Pelubiprofen,Pelubiprofen,,,
M01AE51,"Ibuprofen, kombinationer","Ibuprofen, combinations",,,
M01AE52,Naproxen och esomeprazol,Naproxen and esomeprazole,,,
M01AE53,"Ketoprofen, kombinationer","Ketoprofen, combinations",,,
M01AE56,Naproxen och misoprostol,Naproxen and misoprostol,,,
M01AE57,Naproxen och difenhydramin,Naproxen and diphenhydramine,,,
M01AG,Fenamater,Fenamates,,,
M01AG01,Mefenamsyra,Mefenamic acid,,,
M01AG02,Tolfenamsyra,Tolfenamic acid,,,
M01AG03,Flufenamsyra,Flufenamic acid,,,
M01AG04,Meklofenamsyra,Meclofenamic acid,,,
M01AH,Coxiber,Coxibs,,,
M01AH01,Celecoxib,Celecoxib,,,
M01AH02,Rofecoxib,Rofecoxib,,,
M01AH03,Valdecoxib,Valdecoxib,,,
M01AH04,Parecoxib,Parecoxib,,,
M01AH05,Etoricoxib,Etoricoxib,,,
M01AH06,Lumiracoxib,Lumiracoxib,,,
M01AH07,Polmacoxib,Polmacoxib,,,
M01AX,Övriga icke-steroida antiinflammatoriska och antireumatiska medel,"Other antiinflammatory and antirheumatic agents, non-steroids",,,
M01AX01,Nabumeton,Nabumetone,,,
M01AX02,Nifluminsyra,Niflumic acid,,,
M01AX03,Ketorolak,Ketorolac,,,1994-12-31
M01AX04,Azapropazon,Azapropazone,,,
M01AX05,Glukosamin,Glucosamine,,,
M01AX07,Bensydamin,Benzydamine,,,
M01AX12,Glukosaminoglykanpolysulfat,Glucosaminoglycan polysulfate,,,
M01AX13,Prokvazon,Proquazone,,,
M01AX14,Orgotein,Orgotein,,,
M01AX17,Nimesulid,Nimesulide,,,
M01AX18,Feprazon,Feprazone,,,
M01AX21,Diacerein,Diacerein,,,
M01AX22,Morniflumat,Morniflumate,,,
M01AX23,Tenidap,Tenidap,,,
M01AX24,Oxaceprol,Oxaceprol,,,
M01AX25,Kondroitinsulfat,Chondroitin sulfate,,,
M01AX26,"Avokado- och sojaolja, ej förtvålbara","Avocado and soyabean oil, unsaponifiables",,,
M01AX68,"Feprazon, kombinationer","Feprazone, combinations",,,
M01B,Antiinflammatoriska/antireumatiska medel i kombination,Antiinflammatory/antirheumatic agents in combination,,,
M01BA,Antiinflammatoriska/antireumatiska medel i kombination med kortikosteroider,Antiinflammatory/antirheumatic agents in combination with corticosteroids,,,
M01BA01,Fenylbutazon och kortikosteroider,Phenylbutazone and corticosteroids,,,
M01BA02,Dipyrocetyl och kortikosteroider,Dipyrocetyl and corticosteroids,,,
M01BA03,Acetylsalicylsyra och kortikosteroider,Acetylsalicylic acid and corticosteroids,,,
M01BX,Övriga kombinationer med antiinflammatoriska/antireumatiska medel,Other antiinflammatory/antirheumatic agents in combination with other drugs,,,
M01C,Specifika antireumatiska medel,Specific antirheumatic agents,,,
M01CA,Kinolinderivat,Quinolines,,,
M01CA03,Oxycinkofen,Oxycinchophen,,,
M01CB,Guldpreparat,Gold preparations,,,
M01CB01,Natriumaurotiomalat,Sodium aurothiomalate,,,
M01CB02,Natriumaurotiosulfat,Sodium aurotiosulfate,,,
M01CB03,Auranofin,Auranofin,,,
M01CB04,Aurotioglukos,Aurothioglucose,,,
M01CB05,Aurotioprol,Aurotioprol,,,
M01CC,Penicillamin och liknande medel,Penicillamine and similar agents,,,
M01CC01,Penicillamin,Penicillamine,,,
M01CC02,Bucillamin,Bucillamine,,,
M01CX,Övriga specifika antireumatiska medel,Other specific antirheumatic agents,,,
M02,Utvärtes medel vid led- och muskelsmärtor,Topical products for joint and muscular pain,,,
M02A,Utvärtes medel vid led- och muskelsmärtor,Topical products for joint and muscular pain,,,
M02AA,"Antiinflammatoriska medel, icke-steroider för utvärtes bruk","Antiinflammatory preparations, non-steroids for topical use",,,
M02AA01,Fenylbutazon,Phenylbutazone,,,
M02AA02,Mofebutazon,Mofebutazone,,,
M02AA03,Klofezon,Clofezone,,,
M02AA04,Oxyfenbutazon,Oxyphenbutazone,,,
M02AA05,Bensydamin,Benzydamine,,,
M02AA06,Etofenamat,Etofenamate,,,
M02AA07,Piroxikam,Piroxicam,,,
M02AA08,Felbinak,Felbinac,,,
M02AA09,Bufexamak,Bufexamac,,,
M02AA10,Ketoprofen,Ketoprofen,,,
M02AA11,Bendazak,Bendazac,,,
M02AA12,Naproxen,Naproxen,,,
M02AA13,Ibuprofen,Ibuprofen,,,
M02AA14,Fentiazak,Fentiazac,,,
M02AA15,Diklofenak,Diclofenac,,,
M02AA16,Feprazon,Feprazone,,,
M02AA17,Nifluminsyra,Niflumic acid,,,
M02AA18,Meklofenamsyra,Meclofenamic acid,,,
M02AA19,Flurbiprofen,Flurbiprofen,,,
M02AA21,Tolmetin,Tolmetin,,,
M02AA22,Suxibuzon,Suxibuzone,,,
M02AA23,Indometacin,Indometacin,,,
M02AA24,Nifenazon,Nifenazone,,,
M02AA25,Aceklofenak,Aceclofenac,,,
M02AA26,Nimesulid,Nimesulide,,,
M02AA27,Dexketoprofen,Dexketoprofen,,,
M02AA28,Piketoprofen,Piketoprofen,,,
M02AA29,Esflurbiprofen,Esflurbiprofen,,,
M02AA31,Loxoprofen,Loxoprofen,,,
M02AB,Kapsaicin och liknande medel,Capsaicin and similar agents,,,
M02AB01,Kapsaicin,Capsaicin,,,
M02AB02,Zukapsaicin,Zucapsaicin,,,
M02AC,Salicylsyraderivat,Preparations with salicylic acid derivatives,,,
M02AX,Övriga utvärtes medel för led- och muskelsmärtor,Other topical products for joint and muscular pain,,,
M02AX02,Tolazolin,Tolazoline,,,
M02AX03,Dimetylsulfoxid,Dimethyl sulfoxide,,,
M02AX05,Idrocilamid,Idrocilamide,,,
M02AX06,Tolperison,Tolperisone,,,
M02AX10,Övrigt,Various,,,
M03,Muskelavslappande medel,Muscle relaxants,,,
M03A,"Muskelavslappande medel, perifert verkande","Muscle relaxants, peripherally acting agents",,,
M03AA,Kurarealkaloider,Curare alkaloids,,,
M03AA01,Alkuron,Alcuronium,,,
M03AA02,Tubokurarin,Tubocurarine,,,
M03AA04,Dimetyltubokurarin,Dimethyltubocurarine,,,
M03AB,Kolinderivat,Choline derivatives,,,
M03AB01,Suxametonium,Suxamethonium,,,
M03AB15,Ketorolak,Ketorolac,,,2012-12-13
M03AC,Övriga kvartära ammoniumföreningar,Other quaternary ammonium compounds,,,
M03AC01,Pankuronium,Pancuronium,,,
M03AC02,Gallamin,Gallamine,,,
M03AC03,Vekuronium,Vecuronium,,,
M03AC04,Atrakurium,Atracurium,,,
M03AC05,Hexafluronium,Hexafluronium,,,
M03AC06,Pipekuronbromid,Pipecuronium bromide,,,
M03AC07,Doxakuriumklorid,Doxacurium chloride,,,
M03AC08,Fazadiniumbromid,Fazadinium bromide,,,
M03AC09,Rokuroniumbromid,Rocuronium bromide,,,
M03AC10,Mivakuriumklorid,Mivacurium chloride,,,
M03AC11,Cisatrakurium,Cisatracurium,,,
M03AX,"Övriga muskelavslappande medel, perifert verkande","Other muscle relaxants, peripherally acting agents",,,
M03AX01,Botulinum toxin,Botulinum toxin,,,
M03B,"Muskelavslappande medel, centralt verkande","Muscle relaxants, centrally acting agents",,,
M03BA,Karbaminsyraestrar,Carbamic acid esters,,,
M03BA01,Fenprobamat,Phenprobamate,,,
M03BA02,Karisoprodol,Carisoprodol,,,
M03BA03,Metokarbamol,Methocarbamol,,,
M03BA04,Styramat,Styramate,,,
M03BA05,Febarbamat,Febarbamate,,,
M03BA51,"Fenprobamat, kombinationer exkl. psykoleptika","Phenprobamate, combinations excl. psycholeptics",,,
M03BA52,"Karisoprodol, kombinationer exkl. psykoleptika","Carisoprodol, combinations excl. psycholeptics",,,
M03BA53,"Metokarbamol, kombinationer exkl. psykoleptika","Methocarbamol, combinations excl. psycholeptics",,,
M03BA71,Fenprobamat i kombination med psykoleptika,"Phenprobamate, combinations with psycholeptics",,,
M03BA72,"Karisoprodol, kombinationer med psykoleptika","Carisoprodol, combinations with psycholeptics",,,
M03BA73,Metokarbamol i kombination med psykoleptika,"Methocarbamol, combinations with psycholeptics",,,
M03BB,"Oxazol-, tiazin- och triazinderivat","Oxazol, thiazine, and triazine derivatives",,,
M03BB02,Klormezanon,Chlormezanone,,,
M03BB03,Klorzoxazon,Chlorzoxazone,,,
M03BB52,"Klormezanon, kombinationer exkl. psykoleptika","Chlormezanone, combinations excl. psycholeptics",,,
M03BB53,"Klorzoxazon, kombinationer exkl. psykoleptika","Chlorzoxazone, combinations excl. psycholeptics",,,
M03BB72,Klormezanon i kombination med psykoleptika,"Chlormezanone, combinations with psycholeptics",,,
M03BB73,"Klorzoxazon, kombinationer med psykoleptika","Chlorzoxazone, combinations with psycholeptics",,,
M03BC,"Etrar, kemiskt besläktade med antihistaminer","Ethers, chemically close to antihistamines",,,
M03BC01,Orfenadrin,Orphenadrine (citrate),,,
M03BC51,"Orfenadrin, kombinationer","Orphenadrine, combinations",,,
M03BX,"Övriga muskelavslappande medel, centralt verkande",Other centrally acting agents,,,
M03BX01,Baklofen,Baclofen,,,
M03BX02,Tizanidin,Tizanidine,,,
M03BX03,Pridinol,Pridinol,,,
M03BX04,Tolperison,Tolperisone,,,
M03BX05,Tiokolkikosid,Thiocolchicoside,,,
M03BX06,Mefenesin,Mephenesin,,,
M03BX07,Tetrazepam,Tetrazepam,,,
M03BX08,Cyklobenzaprin,Cyclobenzaprine,,,
M03BX09,Eperison,Eperisone,,,
M03BX30,Feniramidol,Fenyramidol,,,
M03BX53,"Pridinol, kombinationer","Pridinol, combinations",,,
M03BX55,"Tiokolkikosid, kombinationer","Thiocolchicoside, combinations",,,
M03C,"Muskelavslappande medel, direktverkande","Muscle relaxants, directly acting agents",,,
M03CA,Dantrolen och derivat,Dantrolene and derivatives,,,
M03CA01,Dantrolen,Dantrolene,,,
M04,Giktmedel,Antigout preparations,,,
M04A,Giktmedel,Antigout preparations,,,
M04AA,Medel som hämmar produktionen av urinsyra,Preparations inhibiting uric acid production,,,
M04AA01,Allopurinol,Allopurinol,,,
M04AA02,Tisopurin,Tisopurine,,,
M04AA03,Febuxostat,Febuxostat,,,
M04AA51,"Allopurinol, kombinationer","Allopurinol, combinations",,,
M04AB,Medel som ökar utsöndringen av urinsyra,Preparations increasing uric acid excretion,,,
M04AB01,Probenecid,Probenecid,,,
M04AB02,Sulfinpyrazon,Sulfinpyrazone,,,
M04AB03,Bensbromaron,Benzbromarone,,,
M04AB04,Isobromindion,Isobromindione,,,
M04AB05,Lesinurad,Lesinurad,,,
M04AB06,Dotinurad,Dotinurad,,,
M04AC,Medel utan effekt på urinsyrametabolismen,Preparations with no effect on uric acid metabolism,,,
M04AC01,Kolkicin,Colchicine,,,
M04AC02,Cinkofen,Cinchophen,,,
M04AC51,Kolkicin och probenecid,Colchicine and probenecid,,,
M04AX,Övriga giktmedel,Other antigout preparations,,,
M04AX01,Uratoxidas,Urate oxidase,,,
M04AX02,Peglotikas,Pegloticase,,,
M05,Medel för behandling av skelettsjukdomar,Drugs for treatment of bone diseases,,,
M05A,Övriga medel vid sjukdomar i rörelseapparaten,Other drugs for disorders of the musculo-skeletal system,,,2012-12-13
M05AA,Kininderivat,Quinine and derivatives,,,2012-12-13
M05AA02,Hydrokinin,Hydroquinine,,,1992-12-31
M05AA51,"Kinin, kombinationer","Quinine, combinations",,,1992-12-31
M05AB,Enzymer,Enzymes,,,2012-12-13
M05AB01,Chymopapain,Chymopapain,,,1992-12-31
M05AX,Övriga medel mot sjukdomar i rörelseapparaten,Other drugs for disorders of the musculo-skeletal system,,,2012-12-13
M05AX01,Hyaluronsyra,Hyaluronic acid,,,2012-12-13
M05B,Medel som påverkar benvävnad och mineralisering,Drugs affecting bone structure and mineralization,,,
M05BA,Bisfosfonater,Bisphosphonates,,,
M05BA01,Etidronat,Etidronic acid,,,
M05BA02,Klodronsyra,Clodronic acid,,,
M05BA03,Pamidronat,Pamidronic acid,,,
M05BA04,Alendronsyra,Alendronic acid,,,
M05BA05,Tiludronsyra,Tiludronic acid,,,
M05BA06,Ibandronsyra,Ibandronic acid,,,
M05BA07,Risedronsyra,Risedronic acid,,,
M05BA08,Zoledronsyra,Zoledronic acid,,,
M05BB,"Bisfosfonater, kombinationer","Bisphosphonates, combinations",,,
M05BB01,"Etidronsyra och kalcium, sekvenspreparat","Etidronic acid and calcium, sequential",,,
M05BB02,"Risedronsyra och kalcium, sekvenspreparat","Risedronic acid and calcium, sequential",,,
M05BB03,Alendronsyra och kolekalciferol,Alendronic acid and colecalciferol,,,
M05BB04,"Risedronsyra, kalcium och kolekalciferol, sekvenspreparat","Risedronic acid, calcium and colecalciferol, sequential",,,
M05BB05,"Alendronsyra, kalcium och kolekalciferol sekvenspreparat","Alendronic acid, calcium and colecalciferol, sequential",,,
M05BB06,"Alendronsyra och alfakalcidol, sekvenspreparat","Alendronic acid and alfacalcidol, sequential",,,
M05BB07,Risedronsyra och kolekalciferol,Risedronic acid and colecalciferol,,,
M05BB08,"Zoledronsyra, kalcium och kolekalciferol, sekvenspreparat","Zoledronic acid, calcium and colecalciferol, sequential",,,
M05BB09,Ibandronsyra och kolekalciferol,Ibandronic acid and colecalciferol,,,
M05BC,Benmorfogenetiska proteiner,Bone morphogenetic proteins,,,
M05BC01,Dibotermin alfa,Dibotermin alfa,,,
M05BC02,Eptotermin alfa,Eptotermin alfa,,,
M05BX,Övriga medel som påverkar benstruktur och mineralisering,Other drugs affecting bone structure and mineralization,,,
M05BX01,Ipriflavon,Ipriflavone,,,
M05BX02,Aluminiumklorhydrat,Aluminium chlorohydrate,,,
M05BX03,Strontiumranelat,Strontium ranelate,,,
M05BX04,Denosumab,Denosumab,,,
M05BX05,Burosumab,Burosumab,,,
M05BX06,Romosozumab,Romosozumab,,,
M05BX07,Vosoritid,Vosoritide,,,
M05BX08,Menatetrenon,Menatetrenone,,,
M05BX53,Strontiumranelat och kolekalciferol,Strontium ranelate and colecalciferol,,,
M09,Övriga medel för sjukdomar i rörelseapparaten,Other drugs for disorders of the musculo-skeletal system,,,
M09A,Övriga medel för sjukdomar i rörelseapparaten,Other drugs for disorders of the musculo-skeletal system,,,
M09AA,Kinin och derivat,Quinine and derivatives,,,
M09AA01,Hydrokinin,Hydroquinine,,,
M09AA72,Kinin i kombination med neuroleptika,"Quinine, combinations with psycholeptics",,,
M09AB,Enzymer,Enzymes,,,
M09AB01,Kymopapain,Chymopapain,,,
M09AB02,"Kollagenas, Clostridium histolyticum","Collagenase, Clostridium histolyticum",,,
M09AB03,Bromelainer,Bromelains,,,
M09AB52,"Trypsin, kombinationer","Trypsin, combinations",,,
M09AX,Övriga medel för sjukdomar i rörelseapparaten,Other drugs for disorders of the musculo-skeletal system,,,
M09AX01,Hyaluronsyra,Hyaluronic acid,,,
M09AX02,"Kondrocyter, autologa","Chondrocytes, autologous",,,
M09AX03,Ataluren,Ataluren,,,
M09AX04,Drisapersen,Drisapersen,,,
M09AX05,Aceneuraminsyra,Aceneuramic acid,,,
M09AX06,Eteplirsen,Eteplirsen,,,
M09AX07,Nusinersen,Nusinersen,,,
M09AX08,Golodirsen,Golodirsen,,,
M09AX09,Onasemnogen-abeparvovek,Onasemnogene abeparvovec,,,
M09AX10,Risdiplam,Risdiplam,,,
M09AX11,Palovaroten,Palovarotene,,,
M09AX12,Viltolarsen,Viltolarsen,,,
M09AX13,Kasimersen,Casimersen,,,
M09AX14,Givinostat,Givinostat,,,
M09AX15,Delandistrogen-moxeparvovek,Delandistrogene moxeparvovec,,,
M09AX16,Apitegromab,Apitegromab,,,
N,Nervsystemet,Nervous system,,,
N01,Anestetika,Anesthetics,,,
N01A,Allmänanestetika,"Anesthetics, general",,,
N01AA,Etrar,Ethers,,,
N01AA01,Dietyleter,Diethyl ether,,,
N01AA02,Vinyleter,Vinyl ether,,,
N01AB,Halogenerade kolväten,Halogenated hydrocarbons,,,
N01AB01,Halotan,Halothane,,,
N01AB02,Kloroform,Chloroform,,,
N01AB03,Metoxifluran,Methoxyflurane,,,2008-12-31
N01AB04,Enfluran,Enflurane,,,
N01AB05,Trikloretylen,Trichloroethylene,,,
N01AB06,Isofluran,Isoflurane,,,
N01AB07,Desfluran,Desflurane,,,
N01AB08,Sevofluran,Sevoflurane,,,
N01AF,Barbiturater,"Barbiturates, plain",,,
N01AF01,Metohexital,Methohexital,,,
N01AF02,Hexobarbital,Hexobarbital,,,
N01AF03,Tiopental,Thiopental,,,
N01AG,Barbitursyraderivat i kombination med andra medel,Barbiturates in combination with other drugs,,,
N01AG01,Narkobarbital,Narcobarbital,,,
N01AH,Opioidanestetika,Opioid anesthetics,,,
N01AH01,Fentanyl,Fentanyl,,,
N01AH02,Alfentanil,Alfentanil,,,
N01AH03,Sufentanil,Sufentanil,,,
N01AH04,Fenoperidin,Phenoperidine,,,
N01AH05,Anileridin,Anileridine,,,
N01AH06,Remifentanil,Remifentanil,,,
N01AH51,"Fentanyl, kombinationer","Fentanyl, combinations",,,
N01AX,Övriga allmänanestetika,Other general anesthetics,,,
N01AX01,Droperidol,Droperidol,,,
N01AX03,Ketamin,Ketamine,,,
N01AX04,Propanidid,Propanidid,,,
N01AX05,Alfaxalon,Alfaxalone,,,
N01AX07,Etomidat,Etomidate,,,
N01AX10,Propofol,Propofol,,,
N01AX11,Natriumoxibat,Sodium oxybate,,,
N01AX13,Dikväveoxid,Nitrous oxide,,,
N01AX14,Esketamin,Esketamine,,,
N01AX15,Xenon,Xenon,,,
N01AX63,"Dikväveoxid, kombinationer","Nitrous oxide, combinations",,,
N01B,Lokalanestetika,"Anesthetics, local",,,
N01BA,Aminosyrabensoestrar,Esters of aminobenzoic acid,,,
N01BA01,Metabuteamin,Metabutethamine,,,
N01BA02,Prokain,Procaine,,,
N01BA03,Tetrakain,Tetracaine,,,
N01BA04,Kloroprokain,Chloroprocaine,,,
N01BA05,Bensokain,Benzocaine,,,
N01BA52,"Prokain, kombinationer","Procaine, combinations",,,
N01BA53,"Tetrakain, kombinationer","Tetracaine, combinations",,,
N01BB,Amider,Amides,,,
N01BB01,Bupivakain,Bupivacaine,,,
N01BB02,Lidokain,Lidocaine,,,
N01BB03,Mepivakain,Mepivacaine,,,
N01BB04,Prilokain,Prilocaine,,,
N01BB05,Butanilikain,Butanilicaine,,,
N01BB06,Cinkain,Cinchocaine,,,
N01BB07,Etidokain,Etidocaine,,,
N01BB08,Artikain,Articaine,,,
N01BB09,Ropivakain,Ropivacaine,,,
N01BB10,Levobupivakain,Levobupivacaine,,,
N01BB20,Kombinationer,Combinations,,,
N01BB51,"Bupivakain, kombinationer","Bupivacaine, combinations",,,
N01BB52,"Lidokain, kombinationer","Lidocaine, combinations",,,
N01BB53,"Mepivakain, kombinationer","Mepivacaine, combinations",,,
N01BB54,"Prilokain, kombinationer","Prilocaine, combinations",,,
N01BB57,"Etidokain, kombinationer","Etidocaine, combinations",,,
N01BB58,"Artikain, kombinationer","Articaine, combinations",,,
N01BB59,Bupivakain och meloxikam,Bupivacaine and meloxicam,,,
N01BC,Estrar av bensoesyra,Esters of benzoic acid,,,
N01BC01,Kokain,Cocaine,,,
N01BX,Övriga lokalanestetika,Other local anesthetics,,,
N01BX01,Etylklorid,Ethyl chloride,,,
N01BX02,Dyklonin,Dyclonine,,,
N01BX03,Fenol,Phenol,,,
N01BX04,Kapsaicin,Capsaicin,,,
N02,Analgetika,Analgesics,,,
N02A,Opioider,Opioids,,,
N02AA,"Naturliga opiumalkaloider, opiater",Natural opium alkaloids,,,
N02AA01,Morfin,Morphine,,,
N02AA02,Opium,Opium,,,
N02AA03,Hydromorfon,Hydromorphone,,,
N02AA04,Nikomorfin,Nicomorphine,,,
N02AA05,Oxikodon,Oxycodone,,,
N02AA08,Dihydrokodein,Dihydrocodeine,,,
N02AA09,Diacetylmorfin,Diamorphine,,,2012-12-31
N02AA10,Papaveretum,Papaveretum,,,
N02AA11,Oximorfon,Oxymorphone,,,
N02AA51,"Morfin, kombinationer","Morphine, combinations",,,
N02AA53,Hydromorfon och naloxon,Hydromorphone and naloxone,,,
N02AA55,Oxikodon och naloxon,Oxycodone and naloxone,,,
N02AA56,Oxikodon och naltrexon,Oxycodone and naltrexone,,,
N02AA58,"Dihydrokodein, kombinationer","Dihydrocodeine, combinations",,,
N02AA59,"Kodein, kombinationer exkl. neuroleptika","Codeine, combinations excl. psycholeptics",,,
N02AA79,"Kodein, kombinationer med neuroleptika","Codeine, combinations with psycholeptics",,,
N02AB,Fenylpiperidinderivat,Phenylpiperidine derivatives,,,
N02AB01,Ketobemidon,Ketobemidone,,,
N02AB02,Petidin,Pethidine,,,
N02AB03,Fentanyl,Fentanyl,,,
N02AB52,"Petidin, kombinationer exkl. neuroleptika","Pethidine, combinations excl. psycholeptics",,,
N02AB72,"Petidin, kombinationer med neuroleptika","Pethidine, combinations with psycholeptics",,,
N02AC,Difenylpropylaminderivat,Diphenylpropylamine derivatives,,,
N02AC01,Dextromoramid,Dextromoramide,,,
N02AC03,Piritramid,Piritramide,,,
N02AC04,Dextropropoxifen,Dextropropoxyphene,,,
N02AC05,Bezitramid,Bezitramide,,,
N02AC52,"Metadon, kombinationer exkl. neuroleptika","Methadone, combinations excl. psycholeptics",,,
N02AC54,"Dextropropoxifen, kombinationer exkl. neuroleptika","Dextropropoxyphene, combinations excl. psycholeptics",,,
N02AC74,"Dextropropoxifen, kombinationer med neuroleptika","Dextropropoxyphene, combinations with psycholeptics",,,
N02AD,Bensomorfanderivat,Benzomorphan derivatives,,,
N02AD01,Pentazocin,Pentazocine,,,
N02AD02,Fenazocin,Phenazocine,,,
N02AD51,Pentazocin och naloxon,Pentazocine and naloxone,,,
N02AE,Oripavinderivat,Oripavine derivatives,,,
N02AE01,Buprenorfin,Buprenorphine,,,
N02AF,Morfinderivat,Morphinan derivatives,,,
N02AF01,Butorfanol,Butorphanol,,,
N02AF02,Nalbufin,Nalbuphine,,,
N02AG,Opiater och opioider i kombination med spasmolytika,Opioids in combination with antispasmodics,,,
N02AG01,Morfin och spasmolytika,Morphine and antispasmodics,,,
N02AG02,Ketobemidon och spasmolytika,Ketobemidone and antispasmodics,,,
N02AG03,Petidin och spasmolytika,Pethidine and antispasmodics,,,
N02AG04,Hydromorfon och spasmolytika,Hydromorphone and antispasmodics,,,
N02AJ,Opioider i kombination med icke-opioida analgetika,Opioids in combination with non-opioid analgesics,,,
N02AJ01,Dihydrokodein och paracetamol,Dihydrocodeine and paracetamol,,,
N02AJ02,Dihydrokodein och acetylsalicylsyra,Dihydrocodeine and acetylsalicylic acid,,,
N02AJ03,Dihydrokodein och övriga icke-opioida analgetika,Dihydrocodeine and other non-opioid analgesics,,,
N02AJ06,Kodein och paracetamol,Codeine and paracetamol,,,
N02AJ07,Kodein och acetylsalicylsyra,Codeine and acetylsalicylic acid,,,
N02AJ08,Kodein och ibuprofen,Codeine and ibuprofen,,,
N02AJ09,Kodein och övriga icke-opioida analgetika,Codeine and other non-opioid analgesics,,,
N02AJ13,Tramadol och paracetamol,Tramadol and paracetamol,,,
N02AJ14,Tramadol och dexketoprofen,Tramadol and dexketoprofen,,,
N02AJ15,Tramadol och övriga icke-opioida analgetika,Tramadol and other non-opioid analgesics,,,
N02AJ16,Tramadol och celecoxib,Tramadol and celecoxib,,,
N02AJ17,Oxikodon och paracetamol,Oxycodone and paracetamol,,,
N02AJ18,Oxikodon och acetylsalicylsyra,Oxycodone and acetylsalicylic acid,,,
N02AJ19,Oxikodon och ibuprofen,Oxycodone and ibuprofen,,,
N02AJ22,Hydrokodon och paracetamol,Hydrocodone and paracetamol,,,
N02AJ23,Hydrokodon och ibuprofen,Hydrocodone and ibuprofen,,,
N02AX,Övriga opioider,Other opioids,,,
N02AX01,Tilidin,Tilidine,,,
N02AX02,Tramadol,Tramadol,,,
N02AX03,Dezocin,Dezocine,,,
N02AX05,Meptazinol,Meptazinol,,,
N02AX06,Tapentadol,Tapentadol,,,
N02AX07,Oliceridin,Oliceridine,,,
N02AX51,Tilidin och naloxon,Tilidine and naloxone,,,
N02AX52,"Tramadol, kombinationer","Tramadol, combinations",,,2016-12-31
N02B,Övriga analgetika och antipyretika,Other analgesics and antipyretics,,,
N02BA,Salicylsyra och derivat,Salicylic acid and derivatives,,,
N02BA01,Acetylsalicylsyra,Acetylsalicylic acid,,,
N02BA02,Aloxiprin,Aloxiprin,,,
N02BA03,Kolinsalicylat,Choline salicylate,,,
N02BA04,Natriumsalicylat,Sodium salicylate,,,
N02BA05,Salicylamid,Salicylamide,,,
N02BA06,Salsalat,Salsalate,,,
N02BA07,Etenzamid,Ethenzamide,,,
N02BA08,Morfolinsalicylat,Morpholine salicylate,,,
N02BA09,Dipyricetyl,Dipyrocetyl,,,
N02BA10,Benorilat,Benorilate,,,
N02BA11,Diflunisal,Diflunisal,,,
N02BA12,Kaliumsalicylat,Potassium salicylate,,,
N02BA13,Lysinacetylsalicylat,Lysine acetylsalicylate,,,2012-12-13
N02BA14,Guacetisal,Guacetisal,,,
N02BA15,Karbasalatkalcium,Carbasalate calcium,,,
N02BA16,Imidazolsalicylat,Imidazole salicylate,,,
N02BA51,"Acetylsalicylsyra, kombinationer exkl. neuroleptika","Acetylsalicylic acid, combinations excl. psycholeptics",,,
N02BA55,"Salicylamid, kombinationer exkl. neuroleptika","Salicylamide, combinations excl. psycholeptics",,,
N02BA57,"Etenzamid, kombinationer exkl. neuroleptika","Ethenzamide, combinations excl. psycholeptics",,,
N02BA59,"Dipyricetyl, kombinationer exkl neuroleptika","Dipyrocetyl, combinations excl psycholeptics",,,
N02BA65,Karbasalatkalciumkombinationer exkl. neuroleptika,Carbasalate calcium combinations excl. psycholeptics,,,
N02BA67,"Magnesiumsalicylat, kombinationer exkl. psykoleptika","Magnesium salicylate, combinations excl. psycholeptics",,,
N02BA71,"Acetylsalicylsyra, kombinationer med neuroleptika","Acetylsalicylic acid, combinations with psycholeptics",,,
N02BA75,Salicylamid i kombination med neuroleptika,"Salicylamide, combinations with psycholeptics",,,
N02BA77,Etenzamid i kombination med neuroleptika,"Ethenzamide, combinations with psycholeptics",,,
N02BA79,Dipyricetyl i kombination med neuroleptika,"Dipyrocetyl, combinations with psycholeptics",,,
N02BB,Pyrazolonderivat,Pyrazolones,,,
N02BB01,Fenazon,Phenazone,,,
N02BB02,Metamizolnatrium,Metamizole sodium,,,
N02BB03,Aminofenazon,Aminophenazone,,,
N02BB04,Propyfenazon,Propyphenazone,,,
N02BB05,Nifenazon,Nifenazone,,,
N02BB51,"Fenazon, kombinationer exkl. neuroleptika","Phenazone, combinations excl. psycholeptics",,,
N02BB52,"Metamizolnatrium, kombinationer exkl. neuroleptika","Metamizole sodium, combinations excl. psycholeptics",,,
N02BB53,"Aminofenazon, kombinationer exkl neuroleptika","Aminophenazone, combinations excl. psycholeptics",,,
N02BB54,"Propyfenazon, kombinationer exkl. neuroleptika","Propyphenazone, combinations excl. psycholeptics",,,
N02BB71,Fenazon i kombination med neuroleptika,"Phenazone, combinations with psycholeptics",,,
N02BB72,Metamizolnatrium i kombination med neuroleptika,"Metamizole sodium, combinations with psycholeptics",,,
N02BB73,Aminofenazon i kombination med neuroleptika,"Aminophenazone, combinations with psycholeptics",,,
N02BB74,"Propyfenazon, kombinationer med neuroleptika","Propyphenazone, combinations with psycholeptics",,,
N02BE,"Anilider, inkl kombinationer",Anilides,,,
N02BE01,Paracetamol,Paracetamol,,,
N02BE03,Fenacetin,Phenacetin,,,
N02BE04,Bucetin,Bucetin,,,
N02BE05,Propacetamol,Propacetamol,,,
N02BE51,"Paracetamol, kombinationer exkl. neuroleptika","Paracetamol, combinations excl. psycholeptics",,,
N02BE53,"Fenacetin, kombinationer exkl. neuroleptika","Phenacetin, combinations excl. psycholeptics",,,
N02BE54,"Bucetin, kombinationer exkl. neuroleptika","Bucetin, combinations excl. psycholeptics",,,
N02BE71,"Paracetamol, kombinationer med neuroleptika","Paracetamol, combinations with psycholeptics",,,
N02BE73,"Fenacetin, kombinationer med neuroleptika","Phenacetin, combinations with psycholeptics",,,
N02BE74,Bucetin i kombination med neuroleptika,"Bucetin, combinations with psycholeptics",,,
N02BF,Gabapentinoider,Gabapentinoids,,,
N02BF01,Gabapentin,Gabapentin,,,
N02BF02,Pregabalin,Pregabalin,,,
N02BF03,Mirogabalin,Mirogabalin,,,
N02BG,Övriga analgetika och antipyretika,Other analgesics and antipyretics,,,
N02BG02,Rimazolium,Rimazolium,,,
N02BG03,Glafenin,Glafenine,,,
N02BG04,Floktafenin,Floctafenine,,,
N02BG05,Viminol,Viminol,,,
N02BG06,Nefopam,Nefopam,,,
N02BG07,Flupirtin,Flupirtine,,,
N02BG08,Zikonotid,Ziconotide,,,
N02BG09,Metoxyfluran,Methoxyflurane,,,
N02BG10,Kannabinoider,Cannabinoids,,,
N02BG11,Mirogabalin,Mirogabalin,,,2022-12-31
N02BG12,Tanezumab,Tanezumab,,,
N02C,Medel vid migrän,Antimigraine preparations,,,
N02CA,Mjöldrygealkaloider,Ergot alkaloids,,,
N02CA01,Dihydroergotamin,Dihydroergotamine,,,
N02CA02,Ergotamin,Ergotamine,,,
N02CA04,Metysergid,Methysergide,,,
N02CA06,Dihydroergokristin,Dihydroergocristine,,,1992-12-31
N02CA07,Lisurid,Lisuride,,,
N02CA51,"Dihydroergotamin, kombinationer","Dihydroergotamine, combinations",,,
N02CA52,"Ergotamin, kombinationer exkl. neuroleptika","Ergotamine, combinations excl. psycholeptics",,,
N02CA56,"Dihydroergokristin, kombinationer","Dihydroergocristine, combinations",,,1992-12-31
N02CA72,"Ergotamin, kombinationer med neuroleptika","Ergotamine, combinations with psycholeptics",,,
N02CB,Progesteronderivat,Corticosteroid derivatives,,,
N02CB01,Flumedroxon,Flumedroxone,,,
N02CC,Selektiva serotonin(5HT1)agonister,Selective serotonin (5HT1) agonists,,,
N02CC01,Sumatriptan,Sumatriptan,,,
N02CC02,Naratriptan,Naratriptan,,,
N02CC03,Zolmitriptan,Zolmitriptan,,,
N02CC04,Rizatriptan,Rizatriptan,,,
N02CC05,Almotriptan,Almotriptan,,,
N02CC06,Eletriptan,Eletriptan,,,
N02CC07,Frovatriptan,Frovatriptan,,,
N02CC08,Lasmiditan,Lasmiditan,,,
N02CC51,Sumatriptan och naproxen,Sumatriptan and naproxen,,,
N02CD,Kalcitonin gen-relaterade peptid(CGRP)antagonister,Calcitonin gene-related peptide (CGRP) antagonists,,,
N02CD01,Erenumab,Erenumab,,,
N02CD02,Galkanezumab,Galcanezumab,,,
N02CD03,Fremanezumab,Fremanezumab,,,
N02CD04,Ubrogepant,Ubrogepant,,,
N02CD05,Eptinezumab,Eptinezumab,,,
N02CD06,Rimegepant,Rimegepant,,,
N02CD07,Atogepant,Atogepant,,,
N02CD08,Zavegepant,Zavegepant,,,
N02CX,Övriga migränmedel,Other antimigraine preparations,,,
N02CX01,Pizotifen,Pizotifen,,,
N02CX02,Klonidin,Clonidine,,,
N02CX03,Iprazokrom,Iprazochrome,,,
N02CX05,Dimetotiazin,Dimetotiazine,,,
N02CX06,Oxetoron,Oxetorone,,,
N02CX07,Erenumab,Erenumab,,,2019-12-31
N02CX08,Galkanezumab,Galcanezumab,,,2019-12-31
N03,Antiepileptika,Antiepileptics,,,
N03A,Antiepileptika,Antiepileptics,,,
N03AA,Barbitursyraderivat,Barbiturates and derivatives,,,
N03AA01,Metylfenobarbital,Methylphenobarbital,,,
N03AA02,Fenobarbital,Phenobarbital,,,
N03AA03,Primidon,Primidone,,,
N03AA04,Barbexaklon,Barbexaclone,,,
N03AA30,Metarbital,Metharbital,,,
N03AB,Hydantoinderivat,Hydantoin derivatives,,,
N03AB01,Etotoin,Ethotoin,,,
N03AB02,Fenytoin,Phenytoin,,,
N03AB03,Aminovaleriansyra,Amino(diphenylhydantoin) valeric acid,,,
N03AB04,Mefenytoin,Mephenytoin,,,
N03AB05,Fosfenytoin,Fosphenytoin,,,
N03AB52,"Fenytoin, kombinationer","Phenytoin, combinations",,,
N03AB54,"Mefenytoin, kombinationer","Mephenytoin, combinations",,,
N03AC,Oxazolidindionderivat,Oxazolidine derivatives,,,
N03AC01,Parametadion,Paramethadione,,,
N03AC02,Trimetadion,Trimethadione,,,
N03AC03,Etadion,Ethadione,,,
N03AD,Succinimidderivat,Succinimide derivatives,,,
N03AD01,Etosuximid,Ethosuximide,,,
N03AD02,Fensuximid,Phensuximide,,,
N03AD03,Mesuximid,Mesuximide,,,
N03AD51,"Etosuximid, kombinationer","Ethosuximide, combinations",,,
N03AE,Bensodiazepinderivat,Benzodiazepine derivatives,,,
N03AE01,Klonazepam,Clonazepam,,,
N03AF,Karboxamidderivat,Carboxamide derivatives,,,
N03AF01,Karbamazepin,Carbamazepine,,,
N03AF02,Oxkarbazepin,Oxcarbazepine,,,
N03AF03,Rufinamid,Rufinamide,,,
N03AF04,Eslikarbazepin,Eslicarbazepine,,,
N03AG,Fettsyraderivat,Fatty acid derivatives,,,
N03AG01,Valproinsyra,Valproic acid,,,
N03AG02,Valpromid,Valpromide,,,
N03AG03,Aminosmörsyra,Aminobutyric acid,,,
N03AG04,Vigabatrin,Vigabatrin,,,
N03AG05,Progabid,Progabide,,,
N03AG06,Tiagabin,Tiagabine,,,
N03AX,Övriga antiepileptika,Other antiepileptics,,,
N03AX03,Sultiam,Sultiame,,,
N03AX07,Fenacemid,Phenacemide,,,
N03AX09,Lamotrigin,Lamotrigine,,,
N03AX10,Felbamat,Felbamate,,,
N03AX11,Topiramat,Topiramate,,,
N03AX12,Gabapentin,Gabapentin,,,2022-12-31
N03AX13,Feneturid,Pheneturide,,,
N03AX14,Levetiracetam,Levetiracetam,,,
N03AX15,Zonisamid,Zonisamide,,,
N03AX16,Pregabalin,Pregabalin,,,2022-12-31
N03AX17,Stiripentol,Stiripentol,,,
N03AX18,Lakosamid,Lacosamide,,,
N03AX19,Karisbamat,Carisbamate,,,
N03AX21,Retigabin,Retigabine,,,
N03AX22,Perampanel,Perampanel,,,
N03AX23,Brivaracetam,Brivaracetam,,,
N03AX24,Cannabidiol,Cannabidiol,,,
N03AX25,Cenobamat,Cenobamate,,,
N03AX26,Fenfluramin,Fenfluramine,,,
N03AX27,Ganaxolon,Ganaxolone,,,
N03AX30,Beklamid,Beclamide,,,
N04,Medel vid parkinsonism,Anti-Parkinson drugs,,,
N04A,Antikolinergika,ANTICHOLINERGIC AGENTS,,,
N04AA,"Antikolinergika, tertiära aminer",Tertiary amines,,,
N04AA01,Trihexyfenidyl,Trihexyphenidyl,,,
N04AA02,Biperiden,Biperiden,,,
N04AA03,Metixen,Metixene,,,
N04AA04,Procyklidin,Procyclidine,,,
N04AA05,Profenamin,Profenamine,,,
N04AA06,Tolperison,Tolperisone,,,1993-12-31
N04AA08,Dexetimid,Dexetimide,,,
N04AA09,Fenglutarimid,Phenglutarimide,,,
N04AA10,Mazatikol,Mazaticol,,,
N04AA11,Bornaprin,Bornaprine,,,
N04AA12,Tropatepin,Tropatepine,,,
N04AB,"Antikolinergika, kemiskt närstående antihistaminer",Ethers chemically close to antihistamines,,,
N04AB01,Etanautin,Etanautine,,,
N04AB02,Orfenadrin,Orphenadrine (chloride),,,
N04AC,"Antikolinergika, etrar av tropin",Ethers of tropine or tropine derivatives,,,
N04AC01,Bensatropin,Benzatropine,,,
N04AC30,Etybensatropin,Etybenzatropine,,,
N04B,Dopaminerga medel,Dopaminergic agents,,,
N04BA,Dopa och dopaderivat,Dopa and dopa derivatives,,,
N04BA01,Levodopa,Levodopa,,,
N04BA02,Levodopa och dekarboxylashämmare,Levodopa and decarboxylase inhibitor,,,
N04BA03,"Levodopa, dekarboxylashämmare och COMT-hämmare","Levodopa, decarboxylase inhibitor and COMT inhibitor",,,
N04BA04,Melevodopa,Melevodopa,,,
N04BA05,Melevodopa och dekarboxylashämmare,Melevodopa and decarboxylase inhibitor,,,
N04BA06,Etilevodopa och dekarboxylashämmare,Etilevodopa and decarboxylase inhibitor,,,
N04BA07,Foslevodopa och dekarboxylashämmare,Foslevodopa and decarboxylase inhibitor,,,
N04BB,Adamantanderivat,Adamantane derivatives,,,
N04BB01,Amantadin,Amantadine,,,
N04BC,Dopaminagonister,Dopamine agonists,,,
N04BC01,Bromokriptin,Bromocriptine,,,
N04BC02,Pergolid,Pergolide,,,
N04BC03,Dihydroergokryptinmesylat,Dihydroergocryptine mesylate,,,
N04BC04,Ropinirol,Ropinirole,,,
N04BC05,Pramipexol,Pramipexole,,,
N04BC06,Kabergolin,Cabergoline,,,
N04BC07,Apomorfin,Apomorphine,,,
N04BC08,Piribedil,Piribedil,,,
N04BC09,Rotigotin,Rotigotine,,,
N04BD,MAO-B hämmare,Monoamine oxidase B inhibitors,,,
N04BD01,Selegilin,Selegiline,,,
N04BD02,Rasagilin,Rasagiline,,,
N04BD03,Safinamid,Safinamide,,,
N04BX,Övriga dopaminerga medel,Other dopaminergic agents,,,
N04BX01,Tolkapon,Tolcapone,,,
N04BX02,Entakapon,Entacapone,,,
N04BX03,Budipin,Budipine,,,
N04BX04,Opikapon,Opicapone,,,
N04C,Övriga medel vid parkinsonism,Other antiparkinson drugs,,,
N04CX,Övriga medel vid parkinsonism,Other antiparkinson drugs,,,
N04CX01,Istradefyllin,Istradefyllin,,,
N05,"Neuroleptika, lugnande medel och sömnmedel",Psycholeptics,,,
N05A,Neuroleptika,Antipsychotics,,,
N05AA,Fentiazinderivat med alifatisk sidokedja,Phenothiazines with aliphatic side-chain,,,
N05AA01,Klorpromazin,Chlorpromazine,,,
N05AA02,Levomepromazin,Levomepromazine,,,
N05AA03,Promazin,Promazine,,,
N05AA04,Acepromazin,Acepromazine,,,
N05AA05,Triflupromazin,Triflupromazine,,,
N05AA06,Cyamemazin,Cyamemazine,,,
N05AA07,Klorproetazin,Chlorproethazine,,,
N05AB,Fentiazinderivat med piperazinring,Phenothiazines with piperazine structure,,,
N05AB01,Dixyrazin,Dixyrazine,,,
N05AB02,Flufenazin,Fluphenazine,,,
N05AB03,Perfenazin,Perphenazine,,,
N05AB04,Proklorperazin,Prochlorperazine,,,
N05AB05,Tiopropazat,Thiopropazate,,,
N05AB06,Trifluoperazin,Trifluoperazine,,,
N05AB07,Acetofenazin,Acetophenazine,,,
N05AB08,Tioproperazin,Thioproperazine,,,
N05AB09,Butaperazin,Butaperazine,,,
N05AB10,Perazin,Perazine,,,
N05AC,Fentiazinderivat med piperidinring,Phenothiazines with piperidine structure,,,
N05AC01,Periciazin,Periciazine,,,
N05AC02,Tioridazin,Thioridazine,,,
N05AC03,Mesoridazin,Mesoridazine,,,
N05AC04,Pipotiazin,Pipotiazine,,,
N05AD,Butyrofenonderivat,Butyrophenone derivatives,,,
N05AD01,Haloperidol,Haloperidol,,,
N05AD02,Trifluperidol,Trifluperidol,,,
N05AD03,Melperon,Melperone,,,
N05AD04,Moperon,Moperone,,,
N05AD05,Pipamperon,Pipamperone,,,
N05AD06,Bromperidol,Bromperidol,,,
N05AD07,Benperidol,Benperidol,,,
N05AD08,Droperidol,Droperidol,,,
N05AD09,Fluanison,Fluanisone,,,
N05AD10,Lumateperon,Lumateperone,,,
N05AE,Indolderivat,Indole derivatives,,,
N05AE01,Oxipertin,Oxypertine,,,
N05AE02,Molindon,Molindone,,,
N05AE03,Sertindol,Sertindole,,,
N05AE04,Ziprasidon,Ziprasidone,,,
N05AE05,Lurasidon,Lurasidone,,,
N05AF,Tioxantenderivat,Thioxanthene derivatives,,,
N05AF01,Flupentixol,Flupentixol,,,
N05AF02,Klopentixol,Clopenthixol,,,
N05AF03,Klorprotixen,Chlorprothixene,,,
N05AF04,Tiotixen,Tiotixene,,,
N05AF05,Zuklopentixol,Zuclopenthixol,,,
N05AG,Difenylbutylpiperidinderivat,Diphenylbutylpiperidine derivatives,,,
N05AG01,Fluspirilen,Fluspirilene,,,
N05AG02,Pimozid,Pimozide,,,
N05AG03,Penfluridol,Penfluridol,,,
N05AH,"Diazepiner, oxazepiner, tiazepiner och oxepiner","Diazepines, oxazepines, thiazepines and oxepines",,,
N05AH01,Loxapin,Loxapine,,,
N05AH02,Klozapin,Clozapine,,,
N05AH03,Olanzapin,Olanzapine,,,
N05AH04,Kvetiapin,Quetiapine,,,
N05AH05,Asenapin,Asenapine,,,
N05AH06,Klotiapin,Clotiapine,,,
N05AH53,Olanzapin och samidorfan,Olanzapine and samidorphan,,,
N05AK,Neuroleptika vid tardiva dyskinesier,"Neuroleptics, in tardive dyskinesia",,,2012-12-13
N05AL,Bensamider,Benzamides,,,
N05AL01,Sulpirid,Sulpiride,,,
N05AL02,Sultoprid,Sultopride,,,
N05AL03,Tiaprid,Tiapride,,,
N05AL04,Remoxiprid,Remoxipride,,,
N05AL05,Amisulprid,Amisulpride,,,
N05AL06,Veraliprid,Veralipride,,,
N05AL07,Levosulpirid,Levosulpiride,,,
N05AN,Litium,Lithium,,,
N05AN01,Litium,Lithium,,,
N05AX,Övriga neuroleptika,Other antipsychotics,,,
N05AX07,Protipendyl,Prothipendyl,,,
N05AX08,Risperidon,Risperidone,,,
N05AX10,Mosapramin,Mosapramine,,,
N05AX11,Zotepin,Zotepine,,,
N05AX12,Aripiprazol,Aripiprazole,,,
N05AX13,Paliperidon,Paliperidone,,,
N05AX14,Iloperidon,Iloperidone,,,
N05AX15,Kariprazin,Cariprazine,,,
N05AX16,Brexpiprazol,Brexpiprazole,,,
N05AX17,Pimavanserin,Pimavanserin,,,
N05AX50,Xanomelin och trospium,Xanomeline and trospium,,,
N05B,"Lugnande medel, ataraktika",Anxiolytics,,,
N05BA,Bensodiazepinderivat,Benzodiazepine derivatives,,,
N05BA01,Diazepam,Diazepam,,,
N05BA02,Klordiazepoxid,Chlordiazepoxide,,,
N05BA03,Medazepam,Medazepam,,,
N05BA04,Oxazepam,Oxazepam,,,
N05BA05,Dikaliumklorazepat,Potassium clorazepate,,,
N05BA06,Lorazepam,Lorazepam,,,
N05BA07,Adinazolam,Adinazolam,,,
N05BA08,Bromazepam,Bromazepam,,,
N05BA09,Klobazam,Clobazam,,,
N05BA10,Ketazolam,Ketazolam,,,
N05BA11,Prazepam,Prazepam,,,
N05BA12,Alprazolam,Alprazolam,,,
N05BA13,Halazepam,Halazepam,,,
N05BA14,Pinazepam,Pinazepam,,,
N05BA15,Kamazepam,Camazepam,,,
N05BA16,Nordazepam,Nordazepam,,,
N05BA17,Fludiazepam,Fludiazepam,,,
N05BA18,Etylloflazepat,Ethyl loflazepate,,,
N05BA19,Etizolam,Etizolam,,,
N05BA21,Klotiazepam,Clotiazepam,,,
N05BA22,Kloxazolam,Cloxazolam,,,
N05BA23,Tofisopam,Tofisopam,,,
N05BA24,Bentazepam,Bentazepam,,,
N05BA25,Mexazolam,Mexazolam,,,
N05BA56,"Lorazepam, kombinationer","Lorazepam, combinations",,,
N05BB,Difenylmetylpiperazinderivat,Diphenylmethane derivatives,,,
N05BB01,Hydroxizin,Hydroxyzine,,,
N05BB02,Kaptodiam,Captodiame,,,
N05BB51,"Hydroxizin, kombinationer","Hydroxyzine, combinations",,,
N05BC,Propandiolderivat,Carbamates,,,
N05BC01,Meprobamat,Meprobamate,,,
N05BC03,Emylkamat,Emylcamate,,,
N05BC04,Mebutamat,Mebutamate,,,
N05BC51,"Meprobamat, kombinationer","Meprobamate, combinations",,,
N05BD,Dibenso-bicyklo-oktadienderivat,Dibenzo-bicyclo-octadiene derivatives,,,
N05BD01,Bensoktamin,Benzoctamine,,,
N05BE,Azaspironderivat,Azaspirodecanedione derivatives,,,
N05BE01,Buspiron,Buspirone,,,
N05BX,Övriga lugnande medel,Other anxiolytics,,,
N05BX01,Mefenoxalon,Mephenoxalone,,,
N05BX02,Gedocarnil,Gedocarnil,,,
N05BX03,Etifoxin,Etifoxine,,,
N05BX04,Fabomotizol,Fabomotizole,,,
N05BX05,Lavendelolja,Lavandulae aetheroleum,,,
N05C,Sömnmedel och lugnande medel,Hypnotics and sedatives,,,
N05CA,Barbiturater,"Barbiturates, plain",,,
N05CA01,Pentobarbital,Pentobarbital,,,
N05CA02,Amobarbital,Amobarbital,,,
N05CA03,Butobarbital,Butobarbital,,,
N05CA04,Barbital,Barbital,,,
N05CA05,Allpropymal,Aprobarbital,,,
N05CA06,Secobarbital,Secobarbital,,,
N05CA07,Talbumal,Talbutal,,,
N05CA08,Vinylbital,Vinylbital,,,
N05CA09,Vinbarbital,Vinbarbital,,,
N05CA10,Cyklobarbital,Cyclobarbital,,,
N05CA11,Heptabarbital,Heptabarbital,,,
N05CA12,Reposal,Reposal,,,
N05CA15,Metohexital,Methohexital,,,
N05CA16,Hexobarbital,Hexobarbital,,,
N05CA19,Tiopental,Thiopental,,,
N05CA20,Etallobarbital,Etallobarbital,,,
N05CA21,Allobarbital,Allobarbital,,,
N05CA22,Proxibarbal,Proxibarbal,,,
N05CB,"Barbitursyraderivat, kombinationer","Barbiturates, combinations",,,
N05CB01,Kombinationer av barbitursyraderivat,Combinations of barbiturates,,,
N05CB02,Barbitursyraderivat i kombination med andra medel,Barbiturates in combination with other drugs,,,
N05CC,"Aldehyder, inkl derivat",Aldehydes and derivatives,,,
N05CC01,Kloralhydrat,Chloral hydrate,,,
N05CC02,Kloralodol,Chloralodol,,,
N05CC03,Acetylglycinamidkloralhydrat,Acetylglycinamide chloral hydrate,,,
N05CC04,Dikloralfenazon,Dichloralphenazone,,,
N05CC05,Paraldehyd,Paraldehyde,,,
N05CD,Bensodiazepinderivat,Benzodiazepine derivatives,,,
N05CD01,Flurazepam,Flurazepam,,,
N05CD02,Nitrazepam,Nitrazepam,,,
N05CD03,Flunitrazepam,Flunitrazepam,,,
N05CD04,Estazolam,Estazolam,,,
N05CD05,Triazolam,Triazolam,,,
N05CD06,Lormetazepam,Lormetazepam,,,
N05CD07,Temazepam,Temazepam,,,
N05CD08,Midazolam,Midazolam,,,
N05CD09,Brotizolam,Brotizolam,,,
N05CD10,Kvazepam,Quazepam,,,
N05CD11,Loprazolam,Loprazolam,,,
N05CD12,Doxefazepam,Doxefazepam,,,
N05CD13,Cinolazepam,Cinolazepam,,,
N05CD14,Remimazolam,Remimazolam,,,
N05CD15,Nimetazepam,Nimetazepam,,,
N05CD16,Dimdazenil,Dimdazenil,,,
N05CE,Piperidindionderivat,Piperidinedione derivatives,,,
N05CE01,Glutetimid,Glutethimide,,,
N05CE02,Metyprylon,Methyprylon,,,
N05CE03,Pyrityldion,Pyrithyldione,,,
N05CF,Bensodiazepinbesläktade medel,Benzodiazepine related drugs,,,
N05CF01,Zopiklon,Zopiclone,,,
N05CF02,Zolpidem,Zolpidem,,,
N05CF03,Zaleplon,Zaleplon,,,
N05CF04,Eszopiklon,Eszopiclone,,,
N05CH,Melatoninreceptor agonister,Melatonin receptor agonists,,,
N05CH01,Melatonin,Melatonin,,,
N05CH02,Ramelteon,Ramelteon,,,
N05CH03,Tasimelteon,Tasimelteon,,,
N05CJ,Orexinreceptorantagonister,Orexin receptor antagonists,,,
N05CJ01,Suvorexant,Suvorexant,,,
N05CJ02,Lemborexant,Lemborexant,,,
N05CJ03,Daridorexant,Daridorexant,,,
N05CM,Övriga sömnmedel och lugnande medel,Other hypnotics and sedatives,,,
N05CM01,Metakvalon,Methaqualone,,,
N05CM02,Klometiazol,Clomethiazole,,,
N05CM03,Bromisoval,Bromisoval,,,
N05CM04,Karbromal,Carbromal,,,
N05CM05,Skopolamin,Scopolamine,,,
N05CM06,Propiomazin,Propiomazine,,,
N05CM07,Triklofos,Triclofos,,,
N05CM08,Klorvinylpentinol,Ethchlorvynol,,,
N05CM09,"Vänderot, rot",Valerianae radix,,,
N05CM10,Hexapropymat,Hexapropymate,,,
N05CM11,Bromider,Bromides,,,
N05CM12,Apronal,Apronal,,,
N05CM13,Valnoktamid,Valnoctamide,,,
N05CM15,Metylpentynol,Methylpentynol,,,
N05CM16,Niaprazin,Niaprazine,,,
N05CM18,Dexmedetomidin,Dexmedetomidine,,,
N05CM19,Suvorexant,Suvorexant,,,2023-12-31
N05CM21,Lemborexant,Lemborexant,,,2023-12-31
N05CX,"Kombinationer, exkl. barbitursyraderivat","Hypnotics and sedatives in combination, excl. barbiturates",,,
N05CX01,"Meprobamat, kombinationer","Meprobamate, combinations",,,
N05CX02,"Metkvalon, kombinationer","Methaqualone, combinations",,,
N05CX03,"Metylpentynol, kombinationer","Methylpentynol, combinations",,,
N05CX04,"Klometiazol, kombinationer","Clomethiazole, combinations",,,
N05CX05,"Emepron, kombinationer","Emepronium, combinations",,,
N05CX06,"Dipiperonylaminoetanol, kombinationer","Dipiperonylaminoethanol, combinations",,,
N06,Psykoanaleptika,Psychoanaleptics,,,
N06A,Antidepressiva medel,Antidepressants,,,
N06AA,Icke-selektiva monoaminåterupptagshämmare,Non-selective monoamine reuptake inhibitors,,,
N06AA01,Desipramin,Desipramine,,,
N06AA02,Imipramin,Imipramine,,,
N06AA03,Imipraminoxid,Imipramine oxide,,,
N06AA04,Klomipramin,Clomipramine,,,
N06AA05,Opipramol,Opipramol,,,
N06AA06,Trimipramin,Trimipramine,,,
N06AA07,Lofepramin,Lofepramine,,,
N06AA08,Dibensepin,Dibenzepin,,,
N06AA09,Amitriptylin,Amitriptyline,,,
N06AA10,Nortriptylin,Nortriptyline,,,
N06AA11,Protriptylin,Protriptyline,,,
N06AA12,Doxepin,Doxepin,,,
N06AA13,Iprindol,Iprindole,,,
N06AA14,Melitracen,Melitracen,,,
N06AA15,Butriptylin,Butriptyline,,,
N06AA16,Dosulepin,Dosulepin,,,
N06AA17,Amoxapin,Amoxapine,,,
N06AA18,Dimetakrin,Dimetacrine,,,
N06AA19,Amineptin,Amineptine,,,
N06AA21,Maprotilin,Maprotiline,,,
N06AA23,Kinupramin,Quinupramine,,,
N06AB,Selektiva serotoninåterupptagshämmare,Selective serotonin reuptake inhibitors,,,
N06AB01,Viloxazin,Viloxazine,,,1994-12-31
N06AB02,Zimelidin,Zimeldine,,,
N06AB03,Fluoxetin,Fluoxetine,,,
N06AB04,Citalopram,Citalopram,,,
N06AB05,Paroxetin,Paroxetine,,,
N06AB06,Sertralin,Sertraline,,,
N06AB07,Alaproklat,Alaproclate,,,
N06AB08,Fluvoxamin,Fluvoxamine,,,
N06AB09,Etoperidon,Etoperidone,,,
N06AB10,Escitalopram,Escitalopram,,,
N06AC,Tetracykliska antidepressiva,Tetracyclic derivatives,,,2012-12-13
N06AC01,Maprotilin,Maprotiline,,,1994-12-31
N06AC02,Mianserin,Mianserin,,,1994-12-31
N06AC03,Mirtazapin,Mirtazapine,,,1984-12-31
N06AD,Modifierade cykliska antidepressiva,Modified cyclic derivatives,,,2012-12-13
N06AD01,Nomifensin,Nomifensine,,,1994-12-31
N06AD02,Trazodon,Trazodone,,,1994-12-31
N06AE,Monocykliska antidepressiva,Monocyclic derivatives,,,2012-12-13
N06AE01,Alaproklat,Alaproclate,,,1994-12-31
N06AE02,Fluvoxamin,Fluvoxamine,,,1994-12-31
N06AE03,Minaprin,Minaprine,,,1994-12-31
N06AE04,Bifemelan,Bifemelane,,,1994-12-31
N06AE06,Venlafaxin,Venlafaxine,,,1994-12-31
N06AE07,Nefazodon,Nefazodone,,,1994-12-31
N06AE08,Oxaflozan,Oxaflozane,,,2012-12-13
N06AF,"MAO-hämmare, ickeselektiva","Monoamine oxidase inhibitors, non-selective",,,
N06AF01,Isokarboxazid,Isocarboxazid,,,
N06AF02,Nialamid,Nialamide,,,
N06AF03,Fenelzin,Phenelzine,,,
N06AF04,Tranylcypromin,Tranylcypromine,,,
N06AF05,Iproniazid,Iproniazide,,,
N06AF06,Iproklozid,Iproclozide,,,
N06AG,"MAO-hämmare, selektiva typ A hämmare",Monoamine oxidase A inhibitors,,,
N06AG02,Moklobemid,Moclobemide,,,
N06AG03,Toloxaton,Toloxatone,,,
N06AX,Övriga antidepressiva medel,Other antidepressants,,,
N06AX01,Oxitriptan,Oxitriptan,,,
N06AX02,Tryptofan,Tryptophan,,,
N06AX03,Mianserin,Mianserin,,,
N06AX04,Nomifensin,Nomifensine,,,
N06AX05,Trazodon,Trazodone,,,
N06AX06,Nefazodon,Nefazodone,,,
N06AX07,Minaprin,Minaprine,,,
N06AX08,Bifemelan,Bifemelane,,,
N06AX09,Viloxazin,Viloxazine,,,
N06AX10,Oxaflozan,Oxaflozane,,,
N06AX11,Mirtazapin,Mirtazapine,,,
N06AX12,Bupropion,Bupropion,,,
N06AX13,Medifoxamin,Medifoxamine,,,
N06AX14,Tianeptin,Tianeptine,,,
N06AX15,Pivagabin,Pivagabine,,,
N06AX16,Venlafaxin,Venlafaxine,,,
N06AX17,Milnacipran,Milnacipran,,,
N06AX18,Reboxetin,Reboxetine,,,
N06AX19,Gepiron,Gepirone,,,
N06AX21,Duloxetin,Duloxetine,,,
N06AX22,Agomelatin,Agomelatine,,,
N06AX23,Desvenlafaxin,Desvenlafaxine,,,
N06AX24,Vilazodon,Vilazodone,,,
N06AX25,"Johannesört, ört",Hyperici herba,,,
N06AX26,Vortioxetin,Vortioxetine,,,
N06AX27,Esketamin,Esketamine,,,
N06AX28,Levomilnacipran,Levomilnacipran,,,
N06AX29,Brexanolon,Brexanolone,,,
N06AX31,Zuranolon,Zuranolone,,,
N06AX62,Bupropion och dextrometorfan,Bupropion and dextromethorphan,,,
N06B,"Psykostimulantia, medel vid ADHD och nootropika","Psychostimulants, agents used for ADHD and nootropics",,,
N06BA,Centralt verkande sympatomimetika,Centrally acting sympathomimetics,,,
N06BA01,Amfetamin,Amfetamine,,,
N06BA02,Dexamfetamin,Dexamfetamine,,,
N06BA03,Metamfetamin,Metamfetamine,,,
N06BA04,Metylfenidat,Methylphenidate,,,
N06BA05,Pemolin,Pemoline,,,
N06BA06,Fenkamfamin,Fencamfamin,,,
N06BA07,Modafinil,Modafinil,,,
N06BA08,Fenozolon,Fenozolone,,,
N06BA09,Atomoxetin,Atomoxetine,,,
N06BA10,Fenetyllin,Fenetylline,,,
N06BA11,Dexmetylfenidat,Dexmethylphenidate,,,
N06BA12,Lisdexamfetamin,Lisdexamfetamine,,,
N06BA13,Armodafinil,Armodafinil,,,
N06BA14,Solriamfetol,Solriamfetol,,,
N06BA15,Dexmetylfenidat och serdexmetylfenidat,Dexmethylphenidate and serdexmethylphenidate,,,
N06BB,Bicykliska föreningar,Bicyclic compounds,,,2012-12-13
N06BC,Xantinderivat,Xanthine derivatives,,,
N06BC01,Koffein,Caffeine,,,
N06BC02,Propentofyllin,Propentofylline,,,
N06BD,Tricykliska föreningar,Tricyclic compounds,,,2012-12-13
N06BX,Övriga psykostimulantia och nootropika,Other psychostimulants and nootropics,,,
N06BX01,Meklofenoxat,Meclofenoxate,,,
N06BX02,Pyritinol,Pyritinol,,,
N06BX03,Piracetam,Piracetam,,,
N06BX04,Deanol,Deanol,,,
N06BX05,Fipexid,Fipexide,,,
N06BX06,Citikolin,Citicoline,,,
N06BX07,Oxiracetam,Oxiracetam,,,
N06BX08,Pirisudanol,Pirisudanol,,,
N06BX09,Linopirdin,Linopirdine,,,
N06BX10,Nizofenon,Nizofenone,,,
N06BX11,Aniracetam,Aniracetam,,,
N06BX12,Acetylcarnitin,Acetylcarnitine,,,
N06BX13,Idebenon,Idebenone,,,
N06BX14,Prolintan,Prolintane,,,
N06BX15,Pipradol,Pipradrol,,,
N06BX16,Pramiracetam,Pramiracetam,,,
N06BX17,Adrafinil,Adrafinil,,,
N06BX18,Vinpocetin,Vinpocetine,,,
N06BX21,Temgikoluril,Temgicoluril,,,
N06BX22,Fenibut,Phenibut,,,
N06BX53,Piracetam och cinnarizin,Piracetam and cinnarizine,,,
N06C,"Psykoleptika-psykoanaleptika, kombinationer",Psycholeptics and psychoanaleptics in combination,,,
N06CA,Antidepressiva i kombination med psykoleptika,Antidepressants in combination with psycholeptics,,,
N06CA01,Amitriptylin och neuroleptika,Amitriptyline and psycholeptics,,,
N06CA02,Melitracen och psykoleptika,Melitracen and psycholeptics,,,
N06CA03,Fluoxetin och psykoleptika,Fluoxetine and psycholeptics,,,
N06CB,Psykostimulantia i kombination med neuroleptika,Psychostimulants in combination with psycholeptics,,,
N06D,Medel vid demenssjukdomar,Anti-dementia drugs,,,
N06DA,Kolinesterashämmare,Anticholinesterases,,,
N06DA01,Takrin,Tacrine,,,
N06DA02,Donepezil,Donepezil,,,
N06DA03,Rivastigmin,Rivastigmine,,,
N06DA04,Galantamin,Galantamine,,,
N06DA05,Ipidakrin,Ipidacrine,,,
N06DA06,Benzgalantamin,Benzgalantamine,,,
N06DA52,Donepezil och memantin,Donepezil and memantine,,,
N06DA53,"Donepezil, memantin och Ginkgo, blad","Donepezil, memantine and Ginkgo folium",,,
N06DX,Övriga medel vid demenssjukdomar,Other anti-dementia drugs,,,
N06DX01,Memantin,Memantine,,,
N06DX02,"Ginkgo, blad",Ginkgo folium,,,
N06DX03,Adukanumab,Aducanumab,,,
N06DX04,Lekanemab,Lecanemab,,,
N06DX05,Donanemab,Donanemab,,,
N06DX06,Blarkamesin,Blarcamesine,,,
N06DX07,Hydrometyltionin,Hydromethylthionine,,,
N06DX30,Kombinationer,Combinations,,,
N07,Övriga medel med verkan på nervsystemet,Other nervous system drugs,,,
N07A,Parasympatomimetika,Parasympathomimetics,,,
N07AA,Kolinesterashämmare,Anticholinesterases,,,
N07AA01,Neostigmin,Neostigmine,,,
N07AA02,Pyridostigmin,Pyridostigmine,,,
N07AA03,Distigmin,Distigmine,,,
N07AA30,Ambenonium,Ambenonium,,,
N07AA51,"Neostigmin, kombinationer","Neostigmine, combinations",,,
N07AB,Kolinestrar,Choline esters,,,
N07AB01,Karbakol,Carbachol,,,
N07AB02,Betanekol,Bethanechol,,,
N07AX,Övriga parasympatomimetika,Other parasympathomimetics,,,
N07AX01,Pilokarpin,Pilocarpine,,,
N07AX02,Kolinalfoscerat,Choline alfoscerate,,,
N07AX03,Cevimelin,Cevimeline,,,
N07B,Medel vid behandling av beroendetillstånd,Drugs used in addictive disorders,,,
N07BA,Medel vid nikotinberoende,Drugs used in nicotine dependence,,,
N07BA01,Nikotin,Nicotine,,,
N07BA02,Bupropion,Bupropion,,,2008-12-31
N07BA03,Vareniklin,Varenicline,,,
N07BA04,Cytisiniklin,Cytisinicline,,,
N07BB,Medel vid alkoholberoende,Drugs used in alcohol dependence,,,
N07BB01,Disulfiram,Disulfiram,,,
N07BB02,Kalciumkarbimid,Calcium carbimide,,,
N07BB03,Akamprosat,Acamprosate,,,
N07BB04,Naltrexon,Naltrexone,,,
N07BB05,Nalmefen,Nalmefene,,,
N07BB06,Ondelopran,Ondelopran,,,
N07BC,Medel vid opioidberoende,Drugs used in opioid dependence,,,
N07BC01,Buprenorfin,Buprenorphine,,,
N07BC02,Metadon,Methadone,,,
N07BC03,Levacetylmetadol,Levacetylmethadol,,,
N07BC04,Lofexidin,Lofexidine,,,
N07BC05,Levometadon,Levomethadone,,,
N07BC06,Diamorfin,Diamorphine,,,
N07BC51,"Buprenorfin, kombinationer","Buprenorphine, combinations",,,
N07C,Medel mot yrsel,Antivertigo preparations,,,
N07CA,Medel mot yrsel,Antivertigo preparations,,,
N07CA01,Betahistin,Betahistine,,,
N07CA02,Cinnarizin,Cinnarizine,,,
N07CA03,Flunarizin,Flunarizine,,,
N07CA04,Acetylleucin,Acetylleucine,,,
N07CA52,Cinnarizin kombinationer,"Cinnarizine, combinations",,,
N07X,Övriga läkemedel med verkan på nervsystemet,Other nervous system drugs,,,
N07XA,Gangliosider och gangliosidderivat,Gangliosides and ganglioside derivatives,,,
N07XX,Övriga medel med verkan på nervsystemet,Other nervous system drugs,,,
N07XX01,Tirilazad,Tirilazad,,,
N07XX02,Riluzol,Riluzole,,,
N07XX03,Xaliproden,Xaliproden,,,
N07XX04,Natriumoxibat,Sodium oxybate,,,
N07XX05,Amifampridin,Amifampridine,,,
N07XX06,Tetrabenazin,Tetrabenazine,,,
N07XX07,Fampridin,Fampridine,,,
N07XX08,Tafamidis,Tafamidis,,,
N07XX09,Dimetylfumarat,Dimethyl fumarate,,,2018-12-31
N07XX10,Lakinimod,Laquinimod,,,
N07XX11,Pitolisant,Pitolisant,,,
N07XX12,Patisiran,Patisiran,,,
N07XX13,Valbenazin,Valbenazine,,,
N07XX14,Edaravon,Edaravone,,,
N07XX15,Inotersen,Inotersen,,,
N07XX16,Deutetrabenazin,Deutetrabenazine,,,
N07XX17,Arimoklomol,Arimoclomol,,,
N07XX18,Vutrisiran,Vutrisiran,,,
N07XX19,Natriumfenylbutyrat och ursodoxikoltaurin,Sodium phenylbutyrate and ursodoxicoltaurine,,,
N07XX21,Eplontersen,Eplontersen,,,
N07XX22,Tofersen,Tofersen,,,
N07XX23,Troriluzol,Troriluzole,,,
N07XX24,Trofinetid,Trofinetide,,,
N07XX25,Omaveloxolon,Omaveloxolone,,,
N07XX26,Pridopidin,Pridopidine,,,
N07XX27,Levacetylleucin,Levacetylleucine,,,
N07XX59,"Dextrometorfan, kombinationer","Dextromethorphan, combinations",,,
P,"Antiparasitära, insektsdödande och repellerande medel","Antiparasitic products, insecticides and repellents",,,
P01,Medel mot protozoer,Antiprotozoals,,,
P01A,Medel mot protozoer,Agents against amoebiasis and other protozoal diseases,,,
P01AA,Hydroxikinolinderivat,Hydroxyquinoline derivatives,,,
P01AA01,Broxikinolin,Broxyquinoline,,,
P01AA02,Kliokinol,Clioquinol,,,
P01AA04,Klorkinaldol,Chlorquinaldol,,,
P01AA05,Tilbrokinol,Tilbroquinol,,,
P01AA30,Tilbrokinol och tilikinol,Tilbroquinol and tiliquinol,,,
P01AA52,"Kliokinol, kombinationer","Clioquinol, combinations",,,
P01AB,Nitroimidazolderivat,Nitroimidazole derivatives,,,
P01AB01,Metronidazol,Metronidazole,,,
P01AB02,Tinidazol,Tinidazole,,,
P01AB03,Ornidazol,Ornidazole,,,
P01AB04,Azanidazol,Azanidazole,,,
P01AB05,Propenidazol,Propenidazole,,,
P01AB06,Nimorazol,Nimorazole,,,
P01AB07,Seknidazol,Secnidazole,,,
P01AB08,Satranidazol,Satranidazole,,,
P01AB51,Metronidazol och furazolidon,Metronidazole and furazolidone,,,
P01AB52,Metronidazol och diloxanid,Metronidazole and diloxanide,,,
P01AB53,Tinidazol och diloxanid,Tinidazole and diloxanide,,,
P01AC,Dikloracetamid derivat,Dichloroacetamide derivatives,,,
P01AC01,Diloxanid,Diloxanide,,,
P01AC02,Klefamid,Clefamide,,,
P01AC03,Etofamid,Etofamide,,,
P01AC04,Teklozan,Teclozan,,,
P01AR,Arsenikföreningar,Arsenic compounds,,,
P01AR01,Arstinol,Arsthinol,,,
P01AR02,Difetarson,Difetarsone,,,
P01AR03,Glykobiarsol,Glycobiarsol,,,
P01AR53,"Glykobiarsol, kombinationer","Glycobiarsol, combinations",,,
P01AX,Övriga medel mot protozoer,Other agents against amoebiasis and other protozoal diseases,,,
P01AX01,Kiniofon,Chiniofon,,,
P01AX02,Emetin,Emetine,,,
P01AX03,Diloxanid,Diloxanide,,,1992-12-31
P01AX04,Fankinon,Phanquinone,,,
P01AX05,Mepakrin,Mepacrine,,,
P01AX06,Atovakvon,Atovaquone,,,
P01AX07,Trimetrexat,Trimetrexate,,,
P01AX08,Tenonitrozol,Tenonitrozole,,,
P01AX09,Dihydroemetin,Dihydroemetine,,,
P01AX10,Fumagillin,Fumagillin,,,
P01AX11,Nitazoxanid,Nitazoxanide,,,
P01AX52,"Emetin, kombinationer","Emetine, combinations",,,
P01B,Malariamedel,Antimalarials,,,
P01BA,Aminokinoliner,Aminoquinolines,,,
P01BA01,Klorokin,Chloroquine,,,
P01BA02,Hydroxiklorokin,Hydroxychloroquine,,,
P01BA03,Primakin,Primaquine,,,
P01BA04,Mepakrin,Mepacrine,,,1992-12-31
P01BA06,Amodiakin,Amodiaquine,,,
P01BA07,Tafenokin,Tafenoquine,,,
P01BB,Biguanider,Biguanides,,,
P01BB01,Proguanil,Proguanil,,,
P01BB02,Cykloguanilembonat,Cycloguanil embonate,,,
P01BB51,Proguanil och atovakvon,Proguanil and atovaquone,,,
P01BB52,Klorokin och proguanil,Chloroquine and proguanil,,,
P01BC,Metanolkinoliner,Methanolquinolines,,,
P01BC01,Kinin,Quinine,,,
P01BC02,Meflokin,Mefloquine,,,
P01BD,Diaminopyrimidiner,Diaminopyrimidines,,,
P01BD01,Pyrimetamin,Pyrimethamine,,,
P01BD51,"Pyrimetamin, kombinationer","Pyrimethamine, combinations",,,
P01BE,Artemisinin och derivat,"Artemisinin and derivatives, plain",,,
P01BE01,Artemisinin,Artemisinin,,,
P01BE02,Artemeter,Artemether,,,
P01BE03,Artesunat,Artesunate,,,
P01BE04,Artemotil,Artemotil,,,
P01BE05,Artenimol,Artenimol,,,
P01BE52,"Artemeter, kombinationer","Artemether, combinations",,,2010-12-31
P01BF,"Artemisinin och derivat, kombinationer","Artemisinin and derivatives, combinations",,,
P01BF01,Artemeter och lumefantrin,Artemether and lumefantrine,,,
P01BF02,Artesunat och meflokin,Artesunate and mefloquine,,,
P01BF03,Artesunat och amodiakin,Artesunate and amodiaquine,,,
P01BF04,"Artesunat, sulfalene och pyrimetamin","Artesunate, sulfalene and pyrimethamine",,,
P01BF05,Artenimol och piperakin,Artenimol and piperaquine,,,
P01BF06,Artesunat och pyronaridin,Artesunate and pyronaridine,,,
P01BF07,Artemisinin och piperakin,Artemisinin and piperaquine,,,
P01BF08,Artemisinin och naftokin,Artemisinin and naphthoquine,,,
P01BF09,"Artesunat, sulfadoxin och pyrimetamin","Artesunate, sulfadoxine and pyrimethamine",,,
P01BX,Övriga malariamedel,Other antimalarials,,,
P01BX01,Halofantrin,Halofantrine,,,
P01BX02,Arterolan och piperakin,Arterolane and piperaquine,,,
P01C,Medel mot leishmanios och trypanosomios,Agents against leishmaniasis and trypanosomiasis,,,
P01CA,Nitroimidazolderivat,Nitroimidazole derivatives,,,
P01CA01,Nimorazol,Nimorazole,,,1992-12-31
P01CA02,Bensnidazol,Benznidazole,,,
P01CA03,Fexinidazol,Fexinidazole,,,
P01CB,Antimonföreningar,Antimony compounds,,,
P01CB01,Meglumin,Meglumine antimonate,,,
P01CB02,Natrium stiboglukonat,Sodium stibogluconate,,,
P01CC,Nitrofuranderivat,Nitrofuran derivatives,,,
P01CC01,Nifurtimox,Nifurtimox,,,
P01CC02,Nitrofural,Nitrofural,,,
P01CD,Arsenikföreningar,Arsenic compounds,,,
P01CD01,Melarsoprol,Melarsoprol,,,
P01CD02,Acetarsol,Acetarsol,,,
P01CX,Övriga medel mot leishmanios och trypanosomios,Other agents against leishmaniasis and trypanosomiasis,,,
P01CX01,Pentamidin,Pentamidine isethionate,,,
P01CX02,Suraminnatrium,Suramin sodium,,,
P01CX03,Eflornitin,Eflornithine,,,
P01CX04,Miltefosin,Miltefosine,,,
P02,Medel vid maskinfektion,Anthelmintics,,,
P02B,Medel mot trematoder,Antitrematodals,,,
P02BA,Kinolinderivat och närbesläktade substanser,Quinoline derivatives and related substances,,,
P02BA01,Prazikvantel,Praziquantel,,,
P02BA02,Oxamnikin,Oxamniquine,,,
P02BA03,Arprazikvantel,Arpraziquantel,,,
P02BB,Organiska fosforföreningar,Organophosphorous compounds,,,
P02BB01,Metrifonat,Metrifonate,,,
P02BX,Övriga medel mot trematoder,Other antitrematodal agents,,,
P02BX01,Bitionol,Bithionol,,,
P02BX02,Niridazol,Niridazole,,,
P02BX03,Stibofen,Stibophen,,,
P02BX04,Triklabendazol,Triclabendazole,,,
P02C,Medel mot nematoder,Antinematodal agents,,,
P02CA,Bensimidazolderivat,Benzimidazole derivatives,,,
P02CA01,Mebendazol,Mebendazole,,,
P02CA02,Tiabendazol,Tiabendazole,,,
P02CA03,Albendazol,Albendazole,,,
P02CA04,Ciclobendazol,Ciclobendazole,,,
P02CA05,Flubendazol,Flubendazole,,,
P02CA06,Fenbendazol,Fenbendazole,,,
P02CA51,"Mebendazol, kombinationer","Mebendazole, combinations",,,
P02CA53,Albendazol och ivermektin,Albendazole and ivermectin,,,
P02CB,Piperazin och derivat,Piperazine and derivatives,,,
P02CB01,Piperazin,Piperazine,,,
P02CB02,Dietylkarbamazin,Diethylcarbamazine,,,
P02CC,Tetrahydropyrimidinderivat,Tetrahydropyrimidine derivatives,,,
P02CC01,Pyrantel,Pyrantel,,,
P02CC02,Oxantel,Oxantel,,,
P02CE,Imidazotiazolderivat,Imidazothiazole derivatives,,,
P02CE01,Levamisol,Levamisole,,,
P02CF,Avermektiner,Avermectines,,,
P02CF01,Ivermektin,Ivermectin,,,
P02CX,Övriga medel mot nematoder,Other antinematodals,,,
P02CX01,Pyrvinium,Pyrvinium,,,
P02CX02,Befen,Bephenium,,,
P02CX03,Moxidektin,Moxidectin,,,
P02D,Medel mot cestoder,Anticestodals,,,
P02DA,Salicylsyraderivat,Salicylic acid derivatives,,,
P02DA01,Niklosamid,Niclosamide,,,
P02DX,Övriga medel mot cestoder,Other anticestodals,,,
P02DX01,Desaspidin,Desaspidin,,,
P02DX02,Diklorofen,Dichlorophen,,,
P03,"Medel mot ektoparasiter, inkl. skabb-, insektsdödande och repellerande medel","Ectoparasiticides, incl. scabicides, insecticides and repellents",,,
P03A,"Medel mot ektoparasiter, inkl. skabbmedel","Ectoparasiticides, incl. scabicides",,,
P03AA,Svavelhaltiga preparat,Sulfur containing products,,,
P03AA01,Dixantogen,Dixanthogen,,,
P03AA02,Kaliumpolysulfid,Potassium polysulfide,,,
P03AA03,Mesulfen,Mesulfen,,,
P03AA04,Disulfiram,Disulfiram,,,
P03AA05,Tiram,Thiram,,,
P03AA54,"Disulfiram, kombinationer","Disulfiram, combinations",,,
P03AB,Klorhaltiga preparat,Chlorine containing products,,,
P03AB01,Klofenotan,Clofenotane,,,
P03AB02,Lindan,Lindane,,,
P03AB51,"Klofenotan, kombinationer","Clofenotane, combinations",,,
P03AC,"Pyretriner, inkl. syntetiska föreningar","Pyrethrines, incl. synthetic compounds",,,
P03AC01,Pyretrum,Pyrethrum,,,
P03AC02,Bioalletrin,Bioallethrin,,,
P03AC03,Fenotrin,Phenothrin,,,
P03AC04,Permetrin,Permethrin,,,
P03AC51,"Pyretrum, kombinationer","Pyrethrum, combinations",,,
P03AC52,"Bioalletrin, kombinationer","Bioallethrin, combinations",,,
P03AC53,"Fenotrin, kombinationer","Phenothrin, combinations",,,
P03AC54,"Permetrin, kombinationer","Permethrin, combinations",,,
P03AX,"Övriga medel mot ektoparasiter, inkl. skabbmedel","Other ectoparasiticides, incl. scabicides",,,
P03AX01,Bensylbensoat,Benzyl benzoate,,,
P03AX02,Kopparoleinat,Copper oleinate,,,
P03AX03,Malation,Malathion,,,
P03AX04,Kvassia,Quassia,,,
P03AX05,Dimetikon,Dimeticone,,,
P03AX06,Bensylalkohol,Benzyl alcohol,,,
P03AX07,Abametapir,Abametapir,,,
P03B,Insektsdödande och repellerande medel,Insecticides and repellents,,,
P03BA,Pyretriner,Pyrethrines,,,
P03BA01,Cyflutrin,Cyfluthrin,,,
P03BA02,Cypermetrin,Cypermethrin,,,
P03BA03,Dekametrin,Decamethrin,,,
P03BA04,Tetrametrin,Tetramethrin,,,
P03BX,Övriga insektsdödande och repellerande medel,Other insecticides and repellents,,,
P03BX01,Dietyltoluamid,Diethyltoluamide,,,
P03BX02,Dimetylftalat,Dimethylphthalate,,,
P03BX03,Dibutylftalat,Dibutylphthalate,,,
P03BX04,Dibutylsuccinat,Dibutylsuccinate,,,
P03BX05,Dimetylkarbat,Dimethylcarbate,,,
P03BX06,Etohexadiol,Etohexadiol,,,
Q,Veterinära preparat,Veterinary products,,,
QA,Matsmältningsorgan och ämnesomsättning,Alimentary tract and metabolism,,,
QA01,Medel vid mun- och tandsjukdomar,Stomatological preparations,,,
QA01A,Medel vid mun- och tandsjukdomar,Stomatological preparations,,,
QA01AA,Medel mot karies,Caries prophylactic agents,,,
QA01AA01,Natriumfluorid,Sodium fluoride,,,
QA01AA02,Natriummonofluorofosfat,Sodium monofluorophosphate,,,
QA01AA03,Olaflur,Olaflur,,,
QA01AA04,Tennfluorid,Stannous fluoride,,,
QA01AA30,"Medel mot karies, kombinationer",Combinations,,,
QA01AA51,"Natriumfluorid, kombinationer","Sodium fluoride, combinations",,,
QA01AB,Antiinfektiva och antiseptiska medel för lokal behandling i munhålan,Antiinfectives and antiseptics for local oral treatment,,,
QA01AB02,Väteperoxid,Hydrogen peroxide,,,
QA01AB03,Klorhexidin,Chlorhexidine,,,
QA01AB04,Amfotericin B,Amphotericin B,,,
QA01AB05,Polynoxylin,Polynoxylin,,,
QA01AB06,Domifen,Domiphen,,,
QA01AB07,Hydroxikinolin,Oxyquinoline,,,
QA01AB08,Neomycin,Neomycin,,,
QA01AB09,Mikonazol,Miconazole,,,
QA01AB10,Natamycin,Natamycin,,,
QA01AB11,Övrigt,Various,,,
QA01AB12,Hexetidin,Hexetidine,,,
QA01AB13,Tetracyklin,Tetracycline,,,
QA01AB14,Bensoxoniumklorid,Benzoxonium chloride,,,
QA01AB15,Tibezoniumjodid,Tibezonium iodide,,,
QA01AB16,Mepartricin,Mepartricin,,,
QA01AB17,Metronidazol,Metronidazole,,,
QA01AB18,Klotrimazol,Clotrimazole,,,
QA01AB19,Natriumperborat,Sodium perborate,,,
QA01AB20,"Antiinfektiva medel för lokal behandling i munhålan, kombinationer","Antiinfectives for local oral treatment, combinations",,,
QA01AB21,Klortetracyklin,Chlortetracycline,,,
QA01AB22,Doxycyklin,Doxycycline,,,
QA01AB23,Minocyklin,Minocycline,,,
QA01AB24,Oktenidin,Octenidine,,,
QA01AB25,Oxitetracyklin,Oxytetracyline,,,
QA01AB53,Klorhexidin och cetylpyridinium,Chlorhexidine and cetylpyridinium,,,
QA01AC,Kortikosteroider för lokal behandling i munhålan,Corticosteroids for local oral treatment,,,
QA01AC01,Triamcinolon,Triamcinolone,,,
QA01AC02,Dexametason,Dexamethasone,,,
QA01AC03,Hydrokortison,Hydrocortisone,,,
QA01AC04,Prednisolon,Prednisolone,,,
QA01AC54,"Prednisolon, kombinationer","Prednisolone, combinations",,,
QA01AD,Övriga medel för lokal behandling i munhålan,Other agents for local oral treatment,,,
QA01AD01,Adrenalin,Adrenaline,,,
QA01AD02,Bensydamin,Benzydamine,,,
QA01AD05,Acetylsalicylsyra,Acetylsalicylic acid,,,
QA01AD06,Adrenon,Adrenalone,,,
QA01AD07,Amlexanox,Amlexanox,,,
QA01AD08,Bekaplermin,Becaplermin,,,
QA01AD11,Övrigt,Various,,,
QA02,Medel vid syrarelaterade symtom,Drugs for acid related disorders,,,
QA02A,Antacida,Antacids,,,
QA02AA,Magnesiumföreningar,Magnesium compounds,,,
QA02AA01,Magnesiumkarbonat,Magnesium carbonate,,,
QA02AA02,Magnesiumoxid,Magnesium oxide,,,
QA02AA03,Magnesiumperoxid,Magnesium peroxide,,,
QA02AA04,Magnesiumhydroxid,Magnesium hydroxide,,,
QA02AA05,Magnesiumsilikat,Magnesium silicate,,,
QA02AA10,Kombinationer,Combinations,,,
QA02AB,Aluminiumföreningar,Aluminium compounds,,,
QA02AB01,Aluminiumhydroxid,Aluminium hydroxide,,,
QA02AB02,Algeldrat,Algeldrate,,,
QA02AB03,Aluminiumfosfat,Aluminium phosphate,,,
QA02AB04,Dihydroxialuminiumnatriumkarbonat,Dihydroxialumini sodium carbonate,,,
QA02AB05,Aluminiumacetoacetat,Aluminium acetoacetate,,,
QA02AB06,Aloglutamol,Aloglutamol,,,
QA02AB07,Aluminium glycinat,Aluminium glycinate,,,
QA02AB10,Kombinationer,Combinations,,,
QA02AC,Kalciumföreningar,Calcium compounds,,,
QA02AC01,Kalciumkarbonat,Calcium carbonate,,,
QA02AC02,Kalciumsilikat,Calcium silicate,,,
QA02AC10,Kombinationer,Combinations,,,
QA02AD,"Kombinationer och komplex av aluminium-, kalcium- och magnesiumföreningar","Combinations and complexes of aluminium, calcium and magnesium compounds",,,
QA02AD01,"Aluminium-, kalcium- och magnesiumsalter",Ordinary salt combinations,,,
QA02AD02,Magaldrat,Magaldrate,,,
QA02AD03,Almagat,Almagate,,,
QA02AD04,Hydrotalcit,Hydrotalcite,,,
QA02AD05,Almasilat,ALMASILATE,,,
QA02AF,Antacida och medel mot meteorism,Antacids with antiflatulents,,,
QA02AF01,Magaldrat och medel mot meteorism,Magaldrate and antiflatulents,,,
QA02AF02,"Aluminium-, kalcium- och magnesiumsalter samt medel mot meteorism",Ordinary salt combinations and antiflatulents,,,
QA02AG,Antacida och spasmolytika,Antacids with antispasmodics,,,
QA02AH,Antacida med natriumvätekarbonat,Antacids with sodium bicarbonate,,,
QA02AX,"Antacida, övriga kombinationer","Antacids, other combinations",,,
QA02B,Medel vid magsår och gastroesofageal refluxsjukdom,Drugs for peptic ulcer and gastro-oesophageal reflux disease (GORD),,,
QA02BA,Histamin-2-receptorantagonister,H2-receptor antagonists,,,
QA02BA01,Cimetidin,Cimetidine,,,
QA02BA02,Ranitidin,Ranitidine,,,
QA02BA03,Famotidin,Famotidine,,,
QA02BA04,Nizatidin,Nizatidine,,,
QA02BA05,Niperotidin,Niperotidine,,,
QA02BA06,Roxatidin,Roxatidine,,,
QA02BA07,Ranitidinvismutcitrat,Ranitidine bismuth citrate,,,
QA02BA08,Lafutidin,Lafutidine,,,
QA02BA51,"Cimetidin, kombinationer","Cimetidine, combinations",,,
QA02BA53,"Famotidin, kombinationer","Famotidine, combinations",,,
QA02BB,Prostaglandiner,Prostaglandins,,,
QA02BB01,Misoprostol,Misoprostol,,,
QA02BB02,Enprostil,Enprostil,,,
QA02BC,Protonpumpshämmare,Proton pump inhibitors,,,
QA02BC01,Omeprazol,Omeprazole,,,
QA02BC02,Pantoprazol,Pantoprazole,,,
QA02BC03,Lansoprazol,Lansoprazole,,,
QA02BC04,Rabeprazol,Rabeprazole,,,
QA02BC05,Esomeprazol,Esomeprazole,,,
QA02BC06,Dexlansoprazol,Dexlansoprazole,,,
QA02BC07,Dexrabeprazol,Dexrabeprazole,,,
QA02BC08,Vonoprazan,Vonoprazan,,,
QA02BC09,Tegoprazan,Tegoprazan,,,
QA02BC10,Fexuprazan,Fexuprazan,,,
QA02BC11,Ilaprazol,Ilaprazole,,,
QA02BC12,Zastaprazan,Zastaprazan,,,
QA02BC51,"Omeprazol, kombinationer","Omeprazole, combinations",,,
QA02BC53,"Lansoprazol, kombinationer","Lansoprazole, combinations",,,
QA02BC54,"Rabeprazol, kombinationer","Rabeprazole, combinations",,,
QA02BD,Kombinationer med antibiotika för eradikering av Helicobacter pylori,Combinations for eradication of Helicobacter pylori,,,
QA02BD01,"Omeprazol, amoxicillin och metronidazol","Omeprazole, amoxicillin and metronidazole",,,
QA02BD02,"Lansoprazol, tetracyklin och metronidazol","Lansoprazole, tetracycline and metronidazole",,,
QA02BD03,"Lansoprazol, amoxicillin och metronidazol","Lansoprazole, amoxicillin and metronidazole",,,
QA02BD04,"Pantoprazol, amoxicillin och klaritromycin","Pantoprazole, amoxicillin and clarithromycin",,,
QA02BD05,"Omeprazol, amoxicillin och klaritromycin","Omeprazole, amoxicillin and clarithromycin",,,
QA02BD06,"Esomeprazol, amoxicillin och klaritromycin","Esomeprazole, amoxicillin and clarithromycin",,,
QA02BD07,"Lansoprazol, amoxicillin och klaritromycin","Lansoprazole, amoxicillin and clarithromycin",,,
QA02BD08,"Vismutsubcitrat, tetracyklin och metronidazol","Bismuth subcitrate, tetracycline and metronidazole",,,
QA02BD09,"Lansoprazol, klaritromycin och tinidazol","Lansoprazole, clarithromycin and tinidazole",,,
QA02BD10,"Lansoprazol, amoxicillin och levofloxacin","Lansoprazole, amoxicillin and levofloxacin",,,
QA02BD11,"Pantoprazol, amoxicillin, klaritromycin och metronidazol","Pantoprazole, amoxicillin, clarithromycin and metronidazole",,,
QA02BD12,"Rabeprazol, amoxicillin och klaritromycin","Rabeprazole, amoxicillin and clarithromycin",,,
QA02BD13,"Rabeprazol, amoxicillin och metronidazol","Rabeprazole, amoxicillin and metronidazol",,,
QA02BD14,"Vonoprazan, amoxicillin och klaritromycin","Vonoprazan, amoxicillin and clarithromycin",,,
QA02BD15,"Vonoprazan, amoxicillin och metronidazol","Vonoprazan, amoxicillin and metronidazole",,,
QA02BD16,"Omeprazol, amoxicillin och rifabutin","Omeprazole, amoxicillin and rifabutin",,,
QA02BD17,Vonoprazan och amoxicillin,Vonoprazan and amoxicillin,,,
QA02BX,Övriga medel vid magsår och gastroesofageal refluxsjukdom,Other drugs for peptic ulcer and gastro-oesophageal reflux disease (GORD),,,
QA02BX01,Karbenoxolon,Carbenoxolone,,,
QA02BX02,Sukralfat,Sucralfate,,,
QA02BX03,Pirenzepin,Pirenzepine,,,
QA02BX04,Metiosulfonklorid,Methiosulfonium chloride,,,
QA02BX05,Vismutsubcitrat,Bismuth subcitrate,,,
QA02BX06,Proglumid,Proglumide,,,
QA02BX07,Gefarnat,Gefarnate,,,
QA02BX08,Sulglikotid,Sulglicotide,,,
QA02BX09,Acetoxolon,Acetoxolone,,,
QA02BX10,Zolimidin,Zolimidine,,,
QA02BX11,Troxipid,Troxipide,,,
QA02BX12,Vismutsubnitrat,Bismuth subnitrate,,,
QA02BX13,Alginsyra,Alginic acid,,,
QA02BX14,Rebamipid,Rebamipide,,,
QA02BX15,Teprenon,Teprenone,,,
QA02BX16,Irsogladin,Irsogladine,,,
QA02BX51,"Karbenoxolon, kombinationer exkl. psykoleptika","Carbenoxolone, combinations excl. psycholeptics",,,
QA02BX71,"Karbenoxolon, kombination med psykoleptika","Carbenoxolone, combinations with psycholeptics",,,
QA02BX77,"Gefarnat, kombination med lugnande medel","Gefarnate, combinations with psycholeptics",,,
QA02D,Medel mot meteorism,Antiflatulents,,,2014-01-21
QA02DA,Medel mot meteorism (trumsjuka),Antiflatulents,,,2014-01-21
QA02DA01,Silikoner,Silicones,,,2014-01-21
QA02DA90,Macrogol ricinoleat,Macrogol ricinoleat,,,2014-01-21
QA02X,Övriga medel vid syrarelaterade sjukdomar,Other drugs for acid related disorders,,,
QA03,Medel vid funktionella mag-tarmsymtom,Drugs for functional gastrointestinal disorders,,,
QA03A,Medel vid funktionella mag-tarmsymtom,Drugs for functional gastrointestinal disorders,,,
QA03AA,"Syntetiska antikolinergika, estrar med tertiär aminogrupp","Synthetic anticholinergics, esters with tertiary amino group",,,
QA03AA01,Oxifencyklimin,Oxyphencyclimine,,,
QA03AA03,Kamylofin,Camylofin,,,
QA03AA04,Mebeverin,Mebeverine,,,
QA03AA05,Trimebutin,Trimebutine,,,
QA03AA06,Rociverin,Rociverine,,,
QA03AA07,Dicycloverin,Dicycloverine,,,
QA03AA08,Dihexiverin,Dihexyverine,,,
QA03AA09,Difemerin,Difemerine,,,
QA03AA30,Piperidolat,Piperidolate,,,
QA03AB,"Syntetiska antikolinergika, kvartära ammoniumföreningar","Synthetic anticholinergics, quaternary ammonium compounds",,,
QA03AB01,Bensilon,Benzilone,,,
QA03AB02,Glykopyrronium,Glycopyrronium,,,
QA03AB03,Oxyfenon,Oxyphenonium,,,
QA03AB04,Pentienat,Penthienate,,,
QA03AB05,Propantelin,Propantheline,,,
QA03AB06,Otiloniumbromid,otilonium bromide,,,
QA03AB07,Metantelin,Methantheline,,,
QA03AB08,Tridihexetyl,Tridihexethyl,,,
QA03AB09,Isopropon,Isopropamide,,,
QA03AB10,Hexocyklium,Hexocyclium,,,
QA03AB11,Poldin,Poldine,,,
QA03AB12,Mepensolat,Mepenzolate,,,
QA03AB13,Bevonium,Bevonium,,,
QA03AB14,Pipenzolat,Pipenzolate,,,
QA03AB15,Difemanil,Diphemanil,,,
QA03AB16,(2-Benshydryloxietyl) dietylmetylammoniumjodid,(2-benzhydryloxyethyl)diethyl-methylammonium iodide,,,
QA03AB17,Tiemoniumjodid,Tiemonium iodide,,,
QA03AB18,Prifiniumbromid,Prifinium bromide,,,
QA03AB19,Timepidiumbromid,Timepidium bromide,,,
QA03AB21,Fenpiverinium,Fenpiverinium,,,
QA03AB53,"Oxifenon, kombinationer","Oxyphenonium, combinations",,,
QA03AB90,Bensetimid,Benzetimide,,,
QA03AB92,Karbakol,Carbachol,,,
QA03AB93,Neostigmin,Neostigmin,,,
QA03AC,"Syntetiska spasmolytika, amider med tertiär aminogrupp","Synthetic antispasmodics, amides with tertiary amines",,,
QA03AC02,Dimetylaminopropionylfenotiazin,Dimethylaminopropionylphenothiazine,,,
QA03AC04,Nikofetamid,Nicofetamide,,,
QA03AC05,Tiropramid,Tiropramide,,,
QA03AD,Paraverin och derivat,Papaverine and derivatives,,,
QA03AD01,Papaverin,Papaverine,,,
QA03AD02,Drotaverin,Drotaverine,,,
QA03AD30,Moxaverin,Moxaverine,,,
QA03AE,Serotoninreceptorantagonister,Serotonin receptor antagonists,,,
QA03AE01,Alosetron,Alosetron,,,
QA03AE03,Cilansetron,Cilansetron,,,
QA03AX,Övriga medel vid funktionella mag-tarmsymtom,Other drugs for functional gastrointestinal disorders,,,
QA03AX01,Fenpipran,Fenpiprane,,,
QA03AX02,Diisopromin,Diisopromine,,,
QA03AX03,Klorbensoxamin,Chlorbenzoxamine,,,
QA03AX04,Pinaverin,Pinaverium,,,
QA03AX05,Fenoverin,Fenoverine,,,
QA03AX06,Idanpramin,Idanpramine,,,
QA03AX07,Proxazol,Proxazole,,,
QA03AX08,Alverin,Alverine,,,
QA03AX09,Trepibuton,Trepibutone,,,
QA03AX10,Isomethepten,Isometheptene,,,
QA03AX11,Karoverin,Caroverine,,,
QA03AX12,Floroglucinol,Phloroglucinol,,,
QA03AX13,Silikoner,Silicones,,,
QA03AX14,Valetamat,Valethamate,,,
QA03AX15,Pepparmyntolja,Menthae piperitae aetheroleum,,,
QA03AX30,Trimetyldifenylpropylamin,Trimethyldiphenylpropylamine,,,
QA03AX58,"Alverin, kombinationer","Alverine, combinations",,,
QA03AX63,"Silikoner, kombinationer","Silicones, combinations",,,
QA03AX90,Fysostigmin,Physiostigmin,,,
QA03AX91,Makrogol ricinoleat (NFN),Macrogol ricinoleat (NFN),,,
QA03B,Belladonnaalkaloider och derivat,"Belladonna and derivatives, plain",,,
QA03BA,Belladonnaalkaloider med tertiär aminogrupp,"Belladonna alkaloids, tertiary amines",,,
QA03BA01,Atropin,Atropine,,,
QA03BA03,Hyoscyamin,Hyoscyamine,,,
QA03BA04,Belladonnaalkaloider,Belladonna total alkaloids,,,
QA03BB,"Semisyntetiska belladonnalkaloider, kvartära ammoniumföreningar","Belladonna alkaloids, semisynthetic, quaternary ammonium compounds",,,
QA03BB01,Butylskopolamin,Butylscopolamine,,,
QA03BB02,Metylatropin,Methylatropine,,,
QA03BB03,Metylskopolamin,Methylscopolamine,,,
QA03BB04,Fentonin,FENTONIUM,,,
QA03BB05,Cimetropiumbromid,Cimetropium bromide,,,
QA03BB06,Homatropinmetylbromid,Homatropine methylbromide,,,
QA03C,Spasmolytika i kombination med lugnande medel,Antispasmodics in combination with psycholeptics,,,
QA03CA,Syntetiska antikolinergika i kombination med lugnande medel,Synthetic anticholinergic agents in combination with psycholeptics,,,
QA03CA01,Isopropon och lugnande medel,Isopropamide and psycholeptics,,,
QA03CA02,Klidinium och lugnande medel,Clidinium and psycholeptics,,,
QA03CA03,Oxifencyklimin och lugnande medel,Oxyphencyclimine and psycholeptics,,,
QA03CA04,Otiloniumbromid och lugnande medel,Otilonium bromide and psycholeptics,,,
QA03CA05,Glykopyrronium och lugnande medel,Glycopyrronium and psycholeptics,,,
QA03CA06,Bevonium och lugnande medel,Bevonium and psycholeptics,,,
QA03CA07,Ambutonium och lugnande medel,Ambutonium and psycholeptics,,,
QA03CA08,Difemanil och lugnande medel,Diphemanil and psycholeptics,,,
QA03CA09,Pipenzolat och lugnande medel,Pipenzolate and psycholeptics,,,
QA03CA30,Emepronium och lugnande medel,Emepronium and psycholeptics,,,
QA03CA34,Propantelin och lugnande medel,Propantheline and psycholeptics,,,
QA03CB,Belladonnaalkaloider och derivat i kombination med lugnande medel,Belladonna and derivatives in combination with psycholeptics,,,
QA03CB01,Metylskopolamin och lugnande medel,Methylscopolamine and psycholeptics,,,
QA03CB02,Belladonnaalkaloider och lugnande medel,Belladonna total alkaloids and psycholeptics,,,
QA03CB03,Atropin och lugnande medel,Atropine and psycholeptics,,,
QA03CB04,Homatropinmetylbromid och lugnande medel,Homatropine methylbromide and psycholeptics,,,
QA03CB31,Hyoscyamin och lugnande medel,Hyoscyamine and psycholeptics,,,
QA03CC,Övriga kombinationer med lugnande medel,Other antispasmodics in combination with psycholeptics,,,
QA03D,Spasmolytika i kombination med analgetika,Antispasmodics in combination with analgesics,,,
QA03DA,Syntetiska antikolinergika i kombination med analgetika,Synthetic anticholinergic agents in combination with analgesics,,,
QA03DA01,Tropenzilon och analgetika,Tropenzilone and analgesics,,,
QA03DA02,Pitofenon och analgetika,Pitofenone and analgesics,,,
QA03DA03,Bevonium och analgetika,Bevonium and analgesics,,,
QA03DA04,Ciklonium och analgetika,Ciclonium and analgesics,,,
QA03DA05,Kamylofin och analgetika,Camylofin and analgesics,,,
QA03DA06,Trospium och analgetika,Trospium and analgesics,,,
QA03DA07,Tiemoniumjodid och analgetika,Tiemonium iodide and analgesics,,,
QA03DB,Belladonnaalkaloider och derivat i kombination med analgetika,Belladonna and derivatives in combination with analgesics,,,
QA03DB04,Butylskopolamin och analgetika,Butylscopolamine and analgesics,,,
QA03DC,Övriga kombinationer med analgetika,Other antispasmodics in combination with analgesics,,,
QA03E,Övriga kombinationer,Antispasmodics and anticholinergics in combination with other drugs,,,
QA03EA,"Spasmolytika, lugnande medel och analgetika i kombination","Antispasmodics, psycholeptics and analgesics in combination",,,
QA03ED,Spasmolytika i kombination med andra medel,Antispasmodics in combination with other drugs,,,
QA03F,Motilitetsstimulerande medel,Propulsives,,,
QA03FA,Motilitetsstimulerande medel,Propulsives,,,
QA03FA01,Metoklopramid,Metoclopramide,,,
QA03FA02,Cisaprid,Cisapride,,,
QA03FA03,Domperidon,Domperidone,,,
QA03FA04,Bromoprid,Bromopride,,,
QA03FA05,Alizaprid,Alizapride,,,
QA03FA06,Kleboprid,Clebopride,,,
QA03FA07,Itroprid,Itropride,,,
QA03FA08,Cinitaprid,Cinitapride,,,
QA03FA09,Mosaprid,Mosapride,,,
QA03FA10,Akotiamid,Acotiamide,,,
QA03FA90,Fysostigmin,Physiostigmine,,,
QA04,Antiemetika,Antiemetics and antinauseants,,,
QA04A,Antiemetika,Antiemetics and antinauseants,,,
QA04AA,Serotonin (5HT3) receptorantagonister,Serotonin (5HT3) antagonists,,,
QA04AA01,Ondansetron,Ondansetron,,,
QA04AA02,Granisetron,Granisetron,,,
QA04AA03,Tropisetron,Tropisetron,,,
QA04AA04,Dolasetron,Dolasetron,,,
QA04AA05,Palonosetron,Palonosetron,,,
QA04AA55,"Palonosetron, kombinationer","Palonosetron, combinations",,,
QA04AD,Övriga antiemetika,Other antiemetics,,,
QA04AD01,Skopolamin,Scopolamine,,,
QA04AD02,Ceriumoxalat,Cerium oxalate,,,
QA04AD04,Klorbutanol,Chlorobutanol,,,
QA04AD05,Metopimazin,Metopimazine,,,
QA04AD10,Dronabinol,Dronabinol,,,
QA04AD11,Nabilon,Nabilone,,,
QA04AD12,Aprepitant,Aprepitant,,,
QA04AD13,Kasopitant,Casopitant,,,
QA04AD14,Rolapitant,Rolapitant,,,
QA04AD51,"Skopolamin, kombinationer","Scopolamine, combinations",,,
QA04AD54,"Klorbutanol, kombinationer","Chlorobutanol, combinations",,,
QA04AD90,Maropitant,Maropitant,,,
QA05,Gall- och leverterapi,Bile and liver therapy,,,
QA05A,Gallsyror och koleretika,Bile therapy,,,
QA05AA,Gallsyror och derivat,Bile acids and derivatives,,,
QA05AA01,Kenodeoxicholsyra,Chenodeoxycholic acid,,,
QA05AA02,Ursodeoxicholsyra,Ursodeoxycholic acid,,,
QA05AA03,Cholsyra,Cholic acid,,,
QA05AA04,Obeticholsyra,Obeticholic acid,,,
QA05AA05,Ursodoxikoltaurin,Ursodoxicoltaurine,,,
QA05AA06,Norucholsyra,Norucholic acid,,,
QA05AB,Medel för behandling av sjukdomar i gallvägarna,Preparations for biliary tract therapy,,,
QA05AB01,Nikotinylmetylamid,Nicotinyl methylamide,,,
QA05AX,Övriga medel vid gallterapi,Other drugs for bile therapy,,,
QA05AX01,Piprozolin,Piprozolin,,,
QA05AX02,Hymekromon,Hymecromone,,,
QA05AX03,Cyklobutyrol,Cyclobutyrol,,,
QA05AX04,Maralixibatklorid,Maralixibat chloride,,,
QA05AX05,Odevixibat,Odevixibat,,,
QA05AX06,Elafibranor,Elafibranor,,,
QA05AX07,Seladelpar,Seladelpar,,,
QA05AX08,Linerixibat,Linerixibat,,,
QA05AX90,Menbuton,Menbutone,,,
QA05B,"Leverterapi, lipotroper","Liver therapy, lipotropics",,,
QA05BA,Leverterapi,Liver therapy,,,
QA05BA01,Argininglutamat,Arginine glutamate,,,
QA05BA03,Silymarin,Silymarin,,,
QA05BA04,Citiolon,Citiolone,,,
QA05BA05,Epomediol,Epomediol,,,
QA05BA06,Ornitinoxoglurat,Ornithine oxoglurate,,,
QA05BA07,Tidiacikarginin,Tidiacic arginine,,,
QA05BA08,Glycyrrhizinsyra,Glycyrrhizic acid,,,
QA05BA09,Metadoxin,Metadoxine,,,
QA05BA10,Fosfolipider,Phospholipids,,,
QA05BA11,Resmetirom,Resmetirom,,,
QA05BA90,Metionin,Methionine,,,
QA05C,"Medel för gallterapi och lipotropa medel, kombinationer",Drugs for bile therapy and lipotropics in combination,,,
QA06,Medel vid förstoppning,Drugs for constipation,,,
QA06A,Medel vid förstoppning,Drugs for constipation,,,
QA06AA,Mjukgörande medel,"Softeners, emollients",,,
QA06AA01,Flytande paraffin,Liquid paraffin,,,
QA06AA02,Dokusatnatrium,Docusate sodium,,,
QA06AA51,"Flytande paraffin, kombinationer","Liquid paraffin, combinations",,,
QA06AB,Tarmirriterande medel,Contact laxatives,,,
QA06AB01,Oxifenisatin,Oxyphenisatine,,,
QA06AB02,Bisakodyl,Bisacodyl,,,
QA06AB03,Dantron,Dantron,,,
QA06AB04,Fenolftalein,Phenolphthalein,,,
QA06AB05,Ricinolja,Castor oil,,,
QA06AB06,Sennaglykosider,Senna glycosides,,,
QA06AB07,"Sagrada, bark",Cascara,,,
QA06AB08,Natriumpikosulfat,Sodium picosulfate,,,
QA06AB09,Bisoxatin,Bisoxatin,,,
QA06AB20,Kombinationer av tarmirriterande medel,Contact laxatives in combination,,,
QA06AB30,Tarmirriterande medel i kombination med belladonnaalkaloider,Contact laxatives in combination with belladonna alkaloids,,,
QA06AB52,"Bisakodyl, kombinationer","Bisacodyl, combinations",,,
QA06AB53,"Dantron, kombinationer","Dantron, combinations",,,
QA06AB56,"Sennaglykosider, kombinationer","Senna glycosides, combinations",,,
QA06AB57,"Sagrada, bark med kombinationer","Cascara, combinations",,,
QA06AB58,"Natriumpikosulfat, kombinationer","Sodium picosulfate, combinations",,,
QA06AC,Bulkbildande laxermedel,Bulk-forming laxatives,,,
QA06AC01,Loppfrö och vitt loppfrö,Ispaghula (psylla seeds),,,
QA06AC02,Etulos,Ethulose,,,
QA06AC03,Sterkuliagummi,Sterculia,,,
QA06AC05,Linfrö,Linseed,,,
QA06AC06,Metylcellulosa,Methylcellulose,,,
QA06AC07,Kostfiber av vetefröskal,Triticum (wheat fibre),,,
QA06AC08,Polykarbofilkalcium,Polycarbophil calcium,,,
QA06AC51,"Loppfrö och vitt loppfrö, kombinationer","Ispaghula, combinations",,,
QA06AC53,"Sterkuliagummi, kombinationer","Sterculia, combinations",,,
QA06AC55,"Linfrö, kombinationer","Linseed, combinations",,,
QA06AD,Osmotiskt aktiva laxermedel,Osmotically acting laxatives,,,
QA06AD01,Magnesiumkarbonat,Magnesium carbonate,,,
QA06AD02,Magnesiumoxid,Magnesium oxide,,,
QA06AD03,Magnesiumperoxid,Magnesium peroxide,,,
QA06AD04,Magnesiumsulfat,Magnesium sulfate,,,
QA06AD10,Mineralsalter i kombination,Mineral salts in combination,,,
QA06AD11,Laktulos,Lactulose,,,
QA06AD12,Laktitol,Lactitol,,,
QA06AD13,Natriumsulfat,Sodium sulfate,,,
QA06AD14,Pentaeritrityl,Pentaerithrityl,,,
QA06AD15,Makrogol,Macrogol,,,
QA06AD16,Mannitol,Mannitol,,,
QA06AD17,Natriumfosfat,Sodium phosphate,,,
QA06AD18,Sorbitol,Sorbitol,,,
QA06AD19,Magnesiumcitrat,Magnesium citrate,,,
QA06AD21,Natriumtartrat,Sodium tartrate,,,
QA06AD61,"Laktulos, kombinationer","Lactulose, combinations",,,
QA06AD65,"Makrogol, kombinationer","Macrogol, combinations",,,
QA06AG,Klysma,Enemas,,,
QA06AG01,Natriumfosfat,Sodium phosphate,,,
QA06AG02,Bisakodyl,Bisacodyl,,,
QA06AG03,"Dantron, inkl. kombinationer","Dantron, incl. combinations",,,
QA06AG04,Glycerol,Glycerol,,,
QA06AG06,Olja,Oil,,,
QA06AG07,Sorbitol,Sorbitol,,,
QA06AG10,"Dokusatnatrium, inkl. kombinationer","Docusate sodium, incl. combinations",,,
QA06AG11,"Natriumlaurylsulfoacetat, inkl. kombinationer","Sodium lauryl sulfoacetate, incl. combinations",,,
QA06AG20,Kombinationer,Combinations,,,
QA06AH,Perifera opioidreceptorantagonister,Peripheral opioid receptor antagonists,,,
QA06AH01,Metylnaltrexonbromid,Methylnaltrexone bromide,,,
QA06AH02,Alvimopan,Alvimopan,,,
QA06AH03,Naloxegol,Naloxegol,,,
QA06AH04,Naloxon,Naloxone,,,
QA06AH05,Naldemedin,Naldemedine,,,
QA06AX,Övriga medel vid förstoppning,Other drugs for constipation,,,
QA06AX01,Glycerol,Glycerol,,,
QA06AX02,Koldioxidutvecklande medel,Carbon dioxide producing drugs,,,
QA06AX03,Lubiproston,Lubiprostone,,,
QA06AX04,Linaklotid,Linaclotide,,,
QA06AX05,Prukaloprid,Prucalopride,,,
QA06AX06,Tegaserod,Tegaserod,,,
QA06AX07,Plekanatid,Plecanatide,,,
QA06AX08,Tenapanor,Tenapanor,,,
QA06AX09,Elobixibat,Elobixibat,,,
QA07,"Antidiarroika, intestinala antiinflammatoriska och antiinfektiva medel","Antidiarrheals, intestinal anti-inflammatory/anti-infective agents",,,
QA07A,Medel vid tarminfektioner,Intestinal antiinfectives,,,
QA07AA,Antibiotika,Antibiotics,,,
QA07AA01,Neomycin,Neomycin,,,
QA07AA02,Nystatin,Nystatin,,,
QA07AA03,Natamycin,Natamycin,,,
QA07AA04,Streptomycin,Streptomycin,,,
QA07AA05,Polymyxin B,Polymyxin B,,,
QA07AA06,Paromomycin,Paromomycin,,,
QA07AA07,Amfotericin B,Amphotericin B,,,
QA07AA08,Kanamycin,Kanamycin,,,
QA07AA09,Vankomycin,Vancomycin,,,
QA07AA10,Kolistin,Colistin,,,
QA07AA11,Rifaximin,Rifaximin,,,
QA07AA12,Fidaxomicin,Fidaxomicin,,,
QA07AA13,Rifamycin,Rifamycin,,,
QA07AA51,"Neomycin, kombinationer","Neomycin, combinations",,,
QA07AA54,"Streptomycin, kombinationer","Streptomycin, combinations",,,
QA07AA90,Dihydrostreptomycin,Dihydrostreptomycin,,,
QA07AA91,Gentamicin,Gentamicin,,,
QA07AA92,Apramycin,Apramycin,,,
QA07AA93,Bacitracin,Bacitracin,,,
QA07AA94,Enramycin,Enramycin,,,
QA07AA95,Avilamycin,Avilamycin,,,
QA07AA96,Bambermycin,Bambermycin,,,
QA07AA98,"Kolistin, kombinationer med andra antibakteriella medel","Colistin, combinations with other antibacterials",,,
QA07AA99,"Antibiotika, kombinationer","Antibiotics, combinations",,,
QA07AB,Sulfonamider,Sulfonamides,,,
QA07AB02,Ftalylsulfatiazol,Phthalylsulfathiazole,,,
QA07AB03,Sulfaguanidin,Sulfaguanidine,,,
QA07AB04,Succinylsulfatiazol,Succinylsulfathiazole,,,
QA07AB20,"Sulfonamider, kombinationer","Sulfonamides, combinations",,,
QA07AB90,Formosulfatiazol,Formosulfathiazole,,,
QA07AB92,"Ftalylsulfatiazol, kombinationer","Phthalylsulfathiazole, combinations",,,
QA07AB99,Kombinationer,Combinations,,,
QA07AC,Imidazolderivat,Imidazole derivatives,,,
QA07AC01,Mikonazol,Miconazole,,,
QA07AX,Övriga medel vid intestinala infektioner,Other intestinal antiinfectives,,,
QA07AX01,Broxykinoliner,Broxyquinoline,,,
QA07AX02,Acetarsol,Acetarsol,,,
QA07AX03,Nifuroxazid,Nifuroxazide,,,
QA07AX04,Nifurzid,Nifurzide,,,
QA07AX90,"Poly(2-propenal, 2-propensyra)","Poly(2-propenal, 2-propenoic acid)",,,
QA07AX91,Halkinol,Halquinol,,,
QA07B,Antidiarroika,Intestinal adsorbents,,,
QA07BA,Adsorberande medel,Charcoal preparations,,,
QA07BA01,Medicinskt kol,Medicinal charcoal,,,
QA07BA51,"Medicinskt kol, kombinationer","Medicinal charcoal, combinations",,,
QA07BA99,"Kol, kombinationer","Charcoal preparations, combinations",,,2014-01-21
QA07BB,Vismutpreparat,Bismuth preparations,,,
QA07BC,Övriga antidiarroika,Other intestinal adsorbents,,,
QA07BC01,Pektin,Pectin,,,
QA07BC02,Kaolin,Kaolin,,,
QA07BC03,Krospovidon,Crospovidone,,,
QA07BC04,Attapulgit,Attapulgite,,,
QA07BC05,Diosmektit,Diosmectite,,,
QA07BC30,Kombinationer,Combinations,,,
QA07BC54,"Attapulgit, kombinationer","Attapulgite, combinations",,,
QA07BC90,Attapulgit ban,Attapulgit ban,,,2014-01-21
QA07C,Elektrolyter med kolhydrater,Electrolytes with carbohydrates,,,
QA07CA,Peroral rehydrering salt formuleringar,Oral rehydration salt formulations,,,2014-01-21
QA07CQ,Orala rehydreringsmedel för veterinär användning,Oral rehydration formulations for veterinary use,,,
QA07CQ01,Orala elektrolyter,Oral electrolytes,,,
QA07CQ02,Orala elektrolyter och kolhydrater,Oral electrolytes and carbohydrates,,,
QA07D,Propulsionsdämpande medel,Antipropulsives,,,
QA07DA,Propulsionsdämpande medel,Antipropulsives,,,
QA07DA01,Difenoxylat,Diphenoxylate,,,
QA07DA02,Opium,Opium,,,
QA07DA03,Loperamid,Loperamide,,,
QA07DA04,Difenoxin,Difenoxin,,,
QA07DA05,Loperamidoxid,Loperamide oxide,,,
QA07DA06,Eluxadolin,Eluxadoline,,,
QA07DA52,"Morfin, kombinationer","Morphine, combinations",,,
QA07DA53,"Loperamid, kombinationer","Loperamide, combinations",,,
QA07E,Medel vid intestinala inflammationer,Intestinal antiinflammatory agents,,,
QA07EA,Kortikosteroider för lokal behandling,Corticosteroids acting locally,,,
QA07EA01,Prednisolon,Prednisolone,,,
QA07EA02,Hydrokortison,Hydrocortisone,,,
QA07EA03,Prednison,Prednisone,,,
QA07EA04,Betametason,Betamethasone,,,
QA07EA05,Tixokortol,Tixocortol,,,
QA07EA06,Budesonid,Budesonide,,,
QA07EA07,Beklometason,Beclometasone,,,
QA07EB,"Antiallergika, exkl. kortikosteroider","Antiallergic agents, excl. corticosteroids",,,
QA07EB01,Natriumkromoglikat,Cromoglicic acid,,,
QA07EC,Aminosalicylsyra och liknande medel,Aminosalicylic acid and similar agents,,,
QA07EC01,Sulfasalazin,Sulfasalazine,,,
QA07EC02,Mesalazin,Mesalazine,,,
QA07EC03,Olsalazin,Olsalazine,,,
QA07EC04,Balsalazid,Balsalazide,,,
QA07F,"Antidiarroika, mikroorganismer",Antidiarrheal microorganisms,,,
QA07FA,"Antidiarroika, mikroorganismer",Antidiarrheal microorganisms,,,
QA07FA01,Mjölksyreproducerande organismer,Lactic acid producing organisms,,,
QA07FA02,Saccharomyces boulardii,Saccharomyces boulardii,,,
QA07FA03,Escherichia coli,Escherichia coli,,,
QA07FA51,"Mjölksyreproducerande organismer, kombinationer","Lactic acid producing organisms, combinations",,,
QA07FA90,Probiotika,Probiotics,,,
QA07X,Övriga medel mot diarre,Other antidiarrheals,,,
QA07XA,Övriga medel mot diarre,Other antidiarrheals,,,
QA07XA01,Albumintannat,Albumin tannate,,,
QA07XA02,Ceratonia,Ceratonia,,,
QA07XA03,Kalciumföreningar,Calcium compounds,,,
QA07XA04,Racekadotril,Racecadotril,,,
QA07XA06,Krofelemer,Crofelemer,,,
QA07XA51,"Albumin tannat, kombinationer","Albumin tannate, combinations",,,
QA07XA90,"Aluminiumsalicylater, basiska","Aluminium salicylates, basic",,,
QA07XA91,Zinkoxid,Zinc oxide,,,
QA07XA92,Zinkdinatriumedetat,Zinc disodium edetate,,,
QA07XA99,"Övriga antidiarroika, kombinationer","Other antidiarrheals, combinations",,,
QA08,"Antiobesitasmedel, exkl. dietprodukter","Antiobesity preparations, excl. diet products",,,
QA08A,"Antiobesitasmedel, exkl. dietprodukter","Antiobesity preparations, excl. diet products",,,
QA08AA,"Antiobesitasmedel, centralt verkande",Centrally acting antiobesity products,,,
QA08AA01,Fentermin,Phentermine,,,
QA08AA02,Fenfluramin,Fenfluramine,,,
QA08AA03,Amfepramon,Amfepramone,,,
QA08AA04,Dexfenfluramin,Dexfenfluramine,,,
QA08AA05,Mazindol,Mazindol,,,
QA08AA06,Etilamfetamin,Etilamfetamine,,,
QA08AA07,Katin,Cathine,,,
QA08AA08,Klobenzorex,Clobenzorex,,,
QA08AA09,Mefenorex,Mefenorex,,,
QA08AA10,Sibutramin,Sibutramine,,,
QA08AA11,Lorkaserin,Lorcaserin,,,
QA08AA12,Setmelanotid,Setmelanotide,,,
QA08AA51,Fentermin och topiramat,Phentermine and topiramate,,,
QA08AA56,"Efedrin, kombinationer","Ephedrine, combinations",,,
QA08AA62,Bupropion och naltrexon,Bupropion and naltrexone,,,
QA08AB,"Antiobesitasmedel, perifert verkande",Peripherally acting antiobesity products,,,
QA08AB01,Orlistat,Orlistat,,,
QA08AB90,Mitratapid,Mitratapide,,,
QA08AB91,Dirlotapid,Dirlotapide,,,
QA08AX,Övriga antiobesitasmedel,Other antiobesity drugs,,,
QA08AX01,Rimonabant,Rimonabant,,,
QA09,"Digestionsmedel, inkl. enzymer","Digestives, incl. enzymes",,,
QA09A,"Digestionsmedel, inkl. enzymer","Digestives, incl. enzymes",,,
QA09AA,Digestionsenzymer,Enzyme preparations,,,
QA09AA01,Diastas,Diastase,,,
QA09AA02,"Multienzymer (lipas, proteas m.fl.)","Multienzymes (lipase, protease etc.)",,,
QA09AA03,Pepsin,Pepsin,,,
QA09AA04,Tilaktas,Tilactase,,,
QA09AB,Saltsyraersättningsmedel,Acid preparations,,,
QA09AB01,Aciglumin,Glutamic acid hydrochloride,,,
QA09AB02,Betainhydroklorid,Betaine hydrochloride,,,
QA09AB03,Saltsyra,Hydrochloric acid,,,
QA09AB04,Citronsyra,Citric acid,,,
QA09AC,"Enzym och syra, kombinationer","Enzyme and acid preparations, combinations",,,
QA09AC01,Pepsin och syra,Pepsin and acid preparations,,,
QA09AC02,Multienzymer och syra,Multienzymes and acid preparations,,,
QA10,Diabetesmedel,Drugs used in diabetes,,,
QA10A,Insuliner och analoger,Insulins and analogues,,,
QA10AA,Insulin och analoger,Insulins and analogues,,,2014-01-21
QA10AA02,"Insulin, medellångverkande","Insulins, intermediate-acting",,,2014-01-21
QA10AB,"Insuliner och analoger för injektion, snabbverkande","Insulins and analogues for injection, fast-acting",,,
QA10AB01,Insulin (humant),Insulin (human),,,
QA10AB02,Insulin (bovint),Insulin (beef),,,
QA10AB03,Insulin (svin),Insulin (pork),,,
QA10AB04,"Insulin, lispro",Insulin lispro,,,
QA10AB05,"Insulin, aspart",Insulin aspart,,,
QA10AB06,"Insulin, glulisin",Insulin glulisine,,,
QA10AB30,Kombinationer,Combinations,,,
QA10AC,"Insuliner och analoger för injektion, medellångverkande","Insulins and analogues for injection, intermediate-acting",,,
QA10AC01,Insulin (humant),Insulin (human),,,
QA10AC02,Insulin (bovint),Insulin (beef),,,
QA10AC03,Insulin (svin),Insulin (pork),,,
QA10AC04,"Insulin, lispro",Insulin lispro,,,
QA10AC30,Kombinationer,Combinations,,,
QA10AD,"Insuliner och analoger för injektion, medellång- eller långverkande i kombination med snabbverkande","Insulins and analogues for injection, intermediate- or long-acting combined with fast-acting",,,
QA10AD01,Insulin (humant),Insulin (human),,,
QA10AD02,Insulin (bovint),Insulin (beef),,,
QA10AD03,Insulin (svin),Insulin (pork),,,
QA10AD04,"Insulin, lispro",Insulin lispro,,,
QA10AD05,"Insulin, aspart",Insulin aspart,,,
QA10AD06,"Insulin, degludek och insulin, aspart",Insulin degludec and insulin aspart,,,
QA10AD30,Kombinationer,Combinations,,,
QA10AE,"Insuliner och analoger för injektion, långverkande","Insulins and analogues for injection, long-acting",,,
QA10AE01,Insulin (humant),Insulin (human),,,
QA10AE02,Insulin (bovint),Insulin (beef),,,
QA10AE03,Insulin (svin),Insulin (pork),,,
QA10AE04,"Insulin, glargin",Insulin glargine,,,
QA10AE05,"Insulin, detemir",Insulin detemir,,,
QA10AE06,"Insulin, degludek",Insulin degludec,,,
QA10AE07,"Insulin, ikodek",Insulin icodec,,,
QA10AE30,Kombinationer,Combinations,,,
QA10AE54,"Insulin, glargin och lixisenatid",Insulin glargine and lixisenatide,,,
QA10AE56,"Insulin, degludek och liraglutid",Insulin degludec and liraglutide,,,
QA10AE57,"Insulin, ikodek och semaglutid",Insulin icodec and semaglutide,,,
QA10AF,Insuliner och analoger för inhalation,Insulins and analogues for inhalation,,,
QA10AF01,Insulin (humant),Insulin (human),,,
QA10B,"Blodglukossänkande medel, exkl. insuliner","Blood glucose lowering drugs, excl. insulins",,,
QA10BA,Biguanidderivat,Biguanides,,,
QA10BA01,Fenformin,Phenformin,,,
QA10BA02,Metformin,Metformin,,,
QA10BA03,Buformin,Buformin,,,
QA10BB,Sulfonylureaföreningar,Sulfonylureas,,,
QA10BB01,Glibenklamid,Glibenclamide,,,
QA10BB02,Klorpropamid,Chlorpropamide,,,
QA10BB03,Tolbutamid,Tolbutamide,,,
QA10BB04,Glibornurid,Glibornuride,,,
QA10BB05,Tolazamid,Tolazamide,,,
QA10BB06,Karbutamid,Carbutamide,,,
QA10BB07,Glipizid,Glipizide,,,
QA10BB08,Glikidon,Gliquidone,,,
QA10BB09,Gliklazid,Gliclazide,,,
QA10BB10,Metahexamid,Metahexamide,,,
QA10BB11,Glisoxepid,Glisoxepide,,,
QA10BB12,Glimepirid,Glimepiride,,,
QA10BB31,Acetohexamid,Acetohexamide,,,
QA10BC,Bensensulfonamidderivat,Sulfonamides (heterocyclic),,,
QA10BC01,Glymidin,Glymidine,,,
QA10BD,"Perorala blodglukossänkande medel, kombinationer",Combinations of oral blood glucose lowering drugs,,,
QA10BD01,Fenformin och sulfonylureaföreningar,Phenformin and sulfonylureas,,,
QA10BD02,Metformin och sulfonylureaföreningar,Metformin and sulfonylureas,,,
QA10BD03,Metformin och rosiglitazon,Metformin and rosiglitazone,,,
QA10BD04,Glimepirid och rosiglitazon,Glimepiride and rosiglitazone,,,
QA10BD05,Metformin och pioglitazon,Metformin and pioglitazone,,,
QA10BD06,Glimepirid och pioglitazon,Glimepiride and pioglitazone,,,
QA10BD07,Metformin och sitagliptin,Metformin and sitagliptin,,,
QA10BD08,Metformin och vildagliptin,Metformin and vildagliptin,,,
QA10BD09,Pioglitazon och alogliptin,Pioglitazone and alogliptin,,,
QA10BD10,Metformin och saxagliptin,Metformin and saxagliptin,,,
QA10BD11,Metformin och linagliptin,Metformin and linagliptin,,,
QA10BD12,Pioglitazon och sitagliptin,Pioglitazone and sitagliptin,,,
QA10BD13,Metformin och alogliptin,Metformin and alogliptin,,,
QA10BD14,Metformin och repaglinid,Metformin and repaglinide,,,
QA10BD15,Metformin och dapagliflozin,Metformin and dapagliflozin,,,
QA10BD16,Metformin och kanagliflozin,Metformin and canagliflozin,,,
QA10BD17,Metformin och akarbos,Metformin and acarbose,,,
QA10BD18,Metformin och gemigliptin,Metformin and gemigliptin,,,
QA10BD19,Linagliptin och empagliflozin,Linagliptin and empagliflozin,,,
QA10BD20,Metformin och empagliflozin,Metformin and empagliflozin,,,
QA10BD21,Saxagliptin och dapagliflozin,Saxagliptin and dapagliflozin,,,
QA10BD22,Metformin och evogliptin,Metformin and evogliptin,,,
QA10BD23,Metformin och ertugliflozin,Metformin and ertugliflozin,,,
QA10BD24,Sitagliptin och ertugliflozin,Sitagliptin and ertugliflozin,,,
QA10BD25,"Metformin, saxagliptin och dapagliflozin","Metformin, saxagliptin and dapagliflozin",,,
QA10BD26,Metformin och lobeglitazon,Metformin and lobeglitazone,,,
QA10BD27,"Metformin, linagliptin och empagliflozin","Metformin, linagliptin and empagliflozin",,,
QA10BD28,Metformin och teneligliptin,Metformin and teneligliptin,,,
QA10BD29,Sitagliptin och dapagliflozin,Sitagliptin and dapagliflozin,,,
QA10BD30,Gemigliptin och dapagliflozin,Gemigliptin and dapagliflozin,,,
QA10BD31,"Metformin, sitagliptin och dapagliflozin","Metformin, sitagliptin and dapagliflozin",,,
QA10BD32,Glimepirid och dapagliflozin,Glimepiride and dapagliflozin,,,
QA10BD33,Pioglitazon och dapagliflozin,Pioglitazone and dapagliflozin,,,
QA10BD34,Metformin och enavogliflozin,Metformin and enavogliflozin,,,
QA10BF,Alfa-glukosidashämmare,Alpha glucosidase inhibitors,,,
QA10BF01,Akarbos,Acarbose,,,
QA10BF02,Miglitol,Miglitol,,,
QA10BF03,Voglibos,Voglibose,,,
QA10BG,Tiazolidindioner,Thiazolidinediones,,,
QA10BG01,Troglitazon,Troglitazone,,,
QA10BG02,Rosiglitazon,Rosiglitazone,,,
QA10BG03,Pioglitazon,Pioglitazone,,,
QA10BG04,Lobeglitazon,Lobeglitazone,,,
QA10BH,Dipeptidylpeptidas 4 (DPP-4) hämmare,Dipeptidyl peptidase 4 (DPP-4) inhibitors,,,
QA10BH01,Sitagliptin,Sitagliptin,,,
QA10BH02,Vildagliptin,Vildagliptin,,,
QA10BH03,Saxagliptin,Saxagliptin,,,
QA10BH04,Alogliptin,Alogliptin,,,
QA10BH05,Linagliptin,Linagliptin,,,
QA10BH06,Gemigliptin,Gemigliptin,,,
QA10BH07,Evogliptin,Evogliptin,,,
QA10BH08,Teneligliptin,Teneligliptin,,,
QA10BH51,Sitagliptin och simvastatin,Sitagliptin and simvastatin,,,
QA10BH52,Gemigliptin och rosuvastatin,Gemigliptin and rosuvastatin,,,
QA10BJ,Glukagonlikpeptid-1-receptor(Glp-1)analoger,Glucagon-Like Peptide-1 Receptor (Glp-1) Analogues,,,
QA10BJ01,Exenatid,Exenatide,,,
QA10BJ02,Liraglutid,Liraglutide,,,
QA10BJ03,Lixisenatid,Lixisenatide,,,
QA10BJ04,Albiglutid,Albiglutide,,,
QA10BJ05,Dulaglutid,Dulaglutide,,,
QA10BJ06,Semaglutid,Semaglutide,,,
QA10BJ07,Beinaglutid,Beinaglutide,,,
QA10BK,Natriumglukossamtransportör 2(Sglt2)hämmare,Sodium-Glucose Co-Transporter 2 (Sglt2) Inhibitors,,,
QA10BK01,Dapagliflozin,Dapagliflozin,,,
QA10BK02,Kanagliflozin,Canagliflozin,,,
QA10BK03,Empagliflozin,Empagliflozin,,,
QA10BK04,Ertugliflozin,Ertugliflozin,,,
QA10BK05,Ipragliflozin,Ipragliflozin,,,
QA10BK06,Sotagliflozin,Sotagliflozin,,,
QA10BK07,Luseogliflozin,Luseogliflozin,,,
QA10BK08,Bexagliflozin,Bexagliflozin,,,
QA10BK09,Enavogliflozin,Enavogliflozin,,,
QA10BK90,Velagliflozin,Velagliflozin,,,
QA10BX,"Övriga blodglukossänkande medel, exkl insuliner","Other blood glucose lowering drugs, excl. insulins",,,
QA10BX01,Guargummi,Guar gum,,,
QA10BX02,Repaglinid,Repaglinide,,,
QA10BX03,Nateglinid,Nateglinide,,,
QA10BX04,Exenatid,Exenatide,,,2016-12-31
QA10BX05,Pramlintid,Pramlintide,,,
QA10BX06,Benfluorex,Benfluorex,,,
QA10BX07,Liraglutid,Liraglutide,,,2016-12-31
QA10BX08,Mitiglinid,Mitiglinide,,,
QA10BX09,Dapagliflozin,Dapagliflozin,,,2016-12-31
QA10BX10,Lixisenatid,Lixisenatide,,,2016-12-31
QA10BX11,Kanagliflozin,Canagliflozin,,,2016-12-31
QA10BX12,Empagliflozin,Empagliflozin,,,2016-12-31
QA10BX13,Albiglutid,Albiglutide,,,2016-12-31
QA10BX14,Dulaglutid,Dulaglutide,,,2016-12-31
QA10BX15,Imeglimin,Imeglimin,,,
QA10BX16,Tirzepatid,Tirzepatide,,,
QA10BX17,Karfloglitazar,Carfloglitazar,,,
QA10BX18,Dorzagliatin,Dorzagliatin,,,
QA10X,Övriga diabetesmedel,Other drugs used in diabetes,,,
QA10XA,Aldos reduktashämmare,Aldose reductase inhibitors,,,
QA10XA01,Tolrestat,Tolrestat,,,
QA10XX,Övriga diabetesmedel,Other drugs used in diabetes,,,
QA10XX01,Teplizumab,Teplizumab,,,
QA10XX02,Donislecel,Donislecel,,,
QA11,Vitaminer,Vitamins,,,
QA11A,"Multivitaminer, kombinationer","Multivitamins, combinations",,,
QA11AA,Multivitaminer och mineralämnen,Multivitamins with minerals,,,
QA11AA01,Multivitaminer och järn,Multivitamins and iron,,,
QA11AA02,Multivitaminer och kalcium,Multivitamins and calcium,,,
QA11AA03,Multivitaminer och andra mineralämnen inkl. kombinationer,"Multivitamins and other minerals, incl. combinations",,,
QA11AA04,Multivitaminer och spårelement,Multivitamins and trace elements,,,
QA11AB,"Multivitaminer, övriga kombinationer","Multivitamins, other combinations",,,
QA11B,Multivitaminer,"Multivitamins, plain",,,
QA11BA,Multivitaminer,"Multivitamins, plain",,,
QA11C,"Vitamin A och D, inkl. kombinationer av de två","Vitamin A and D, incl. combinations of the two",,,
QA11CA,Retinol (vitamin A),"Vitamin A, plain",,,
QA11CA01,Retinol (vitamin A),Retinol (vit A),,,
QA11CA02,Betakaroten,Betacarotene,,,
QA11CB,Vitamin A och D i kombination,Vitamin A and D in combination,,,
QA11CC,Vitamin D och analoger,Vitamin D and analogues,,,
QA11CC01,Ergokalciferol,Ergocalciferol,,,
QA11CC02,Dihydrotakysterol,Dihydrotachysterol,,,
QA11CC03,Alfakalcidol,Alfacalcidol,,,
QA11CC04,Kalcitriol,Calcitriol,,,
QA11CC05,Kolekalciferol,Colecalciferol,,,
QA11CC06,Kalcifediol,Calcifediol,,,
QA11CC20,Kombinationer,Combinations,,,
QA11CC55,"Kolekalciferol, kombinationer","Colecalciferol, combinations",,,
QA11D,"Vitamin B1, inkl. kombinationer med vitamin B6 och B12","Vitamin B1, plain and in combination with vitamin B6 and B12",,,
QA11DA,Tiamin (vitamin B1),"Vitamin B1, plain",,,
QA11DA01,Tiamin (vitamin B1),Thiamine (vit B1),,,
QA11DA02,Sulbutiamin,Sulbutiamine,,,
QA11DA03,Benfotiamin,Benfotiamine,,,
QA11DB,Vitamin B1 i kombination med vitamin B6 och/eller vitamin B12,Vitamin B1 in combination with vitamin B6 and/or vitamin B12,,,
QA11E,"Vitamin B-komplex, inkl. kombinationer","Vitamin B-complex, incl. combinations",,,
QA11EA,Vitamin B-komplex,"Vitamin B-complex, plain",,,
QA11EB,Vitamin B-komplex med vitamin C,"Vitamin B-complex, with vitamin C",,,
QA11EC,Vitamin B-komplex med mineraler,"Vitamin B-complex, with minerals",,,
QA11ED,Vitamin B-komplex med anabola steroider,"Vitamin B-complex, with anabolic steroids",,,
QA11EX,"Vitamin B-komplex, övriga kombinationer","Vitamin B-complex, other combinations",,,
QA11G,Askorbinsyra (vitamin C) inkl. kombinationer,"Ascorbic acid (vitamin C), incl. combinations",,,
QA11GA,Askorbinsyra (vitamin C),"Ascorbic acid (vitamin C), plain",,,
QA11GA01,Askorbinsyra (vitamin C),Ascorbic acid (vit C),,,
QA11GB,"Askorbinsyra, kombinationer","Ascorbic acid (vitamin C), combinations",,,
QA11GB01,Askorbinsyra (vitamin C) och kalcium,Ascorbic acid (vit C) and calcium,,,
QA11H,Övriga vitaminberedningar,Other plain vitamin preparations,,,
QA11HA,Övriga vitaminberedningar,Other plain vitamin preparations,,,
QA11HA01,Nikotinamid,Nicotinamide,,,
QA11HA02,Pyridoxin (vitamin B6),Pyridoxine (vit B6),,,
QA11HA03,Tokoferol (vitamin E),Tocopherol (vit E),,,
QA11HA04,Riboflavin (vitamin B2),Riboflavin (vit B2),,,
QA11HA05,Biotin,Biotin,,,
QA11HA06,Pyridoxalfosfat,Pyridoxal phosphate,,,
QA11HA07,Inositol,Inositol,,,
QA11HA08,Tokofersolan,Tocofersolan,,,
QA11HA30,Dexapantenol,Dexpanthenol,,,
QA11HA31,Kalciumpantotenat,Calcium pantothenate,,,
QA11HA32,Pantetin,Pantethine,,,
QA11J,Övriga kombinationer med vitaminer,"Other vitamin products, combinations",,,
QA11JA,"Vitaminer, kombinationer",Combinations of vitamins,,,
QA11JB,Vitaminer med mineralämnen,Vitamins with minerals,,,
QA11JC,"Vitaminer, övriga kombinationer","Vitamins, other combinations",,,
QA12,Mineralämnen,Mineral supplements,,,
QA12A,Kalcium,Calcium,,,
QA12AA,Kalcium,Calcium,,,
QA12AA01,Kalciumfosfat,Calcium phosphate,,,
QA12AA02,Kalciumglubionat,Calcium glubionate,,,
QA12AA03,Kalciumglukonat,Calcium gluconate,,,
QA12AA04,Kalciumkarbonat,Calcium carbonate,,,
QA12AA05,Kalciumlaktat,Calcium lactate,,,
QA12AA06,Kalciumlaktoglukonat,Calcium lactate gluconate,,,
QA12AA07,Kalciumklorid,Calcium chloride,,,
QA12AA08,Kalciumglycerylfosfat,Calcium glycerophosphate,,,
QA12AA09,Kalciumcitratlysinkomplex,Calcium citrate lysine complex,,,
QA12AA10,Kalciumglukoheptonat,Calcium glucoheptonate,,,
QA12AA11,Kalcium pangamat,Calcium pangamate,,,
QA12AA12,Kalciumacetat,Calcium acetate anhydrous,,,2015-12-31
QA12AA13,Kalciumcitrat,Calcium citrate,,,
QA12AA20,Kalcium (olika salter i kombination),Calcium (different salts in combination),,,
QA12AA30,Kalciumlevulinat,Calcium laevulate,,,
QA12AX,"Kalcium, kombinationer med vitamin D och/eller övriga läkemedel","Calcium, combinations with vitamin D and/or other drugs",,,
QA12B,Kalium,Potassium,,,
QA12BA,Kalium,Potassium,,,
QA12BA01,Kaliumklorid,Potassium chloride,,,
QA12BA02,Kaliumcitrat,Potassium citrate,,,
QA12BA03,Kaliumvätetartrat,Potassium hydrogentartrate,,,
QA12BA04,Kaliumvätekarbonat,Potassium hydrogencarbonate,,,
QA12BA05,Kaliumglukonat,Potassium gluconate,,,
QA12BA30,Kalium (olika salter i kombination),Potassium (different salts in combination),,,
QA12BA51,"Kalium, kombinationer","Potassium, combinations",,,
QA12C,Övriga mineralämnen,Other mineral supplements,,,
QA12CA,Natrium,Sodium,,,
QA12CA01,Natriumklorid,Sodium chloride,,,
QA12CA02,Natriumsulfat,Sodium sulfate,,,
QA12CB,Zink,Zinc,,,
QA12CB01,Zinksulfat,Zinc sulfate,,,
QA12CB02,Zinkglukonat,Zinc gluconate,,,
QA12CB03,Zinkproteinkomplex,Zinc protein complex,,,
QA12CB04,Zinkorotat,Zinc orotate,,,
QA12CC,Magnesium,Magnesium,,,
QA12CC01,Magnesiumklorid,Magnesium chloride,,,
QA12CC02,Magnesiumsulfat,Magnesium sulfate,,,
QA12CC03,Magnesiumglukonat,Magnesium gluconate,,,
QA12CC04,Magnesiumcitrat,Magnesium citrate,,,
QA12CC05,Magnesiumaspartat,Magnesium aspartate,,,
QA12CC06,Magnesiumlaktat,Magnesium lactate,,,
QA12CC07,Magnesiumlevulinat,Magnesium levulinate,,,
QA12CC08,Magnesiumpidolat,Magnesium pidolate,,,
QA12CC09,Magnesiumorotat,magnesium orotate,,,
QA12CC10,Magnesiumoxid,Magnesium oxide,,,
QA12CC30,Magnesium (olika salter i kombination),Magnesium (different salts in combination),,,
QA12CD,Fluor,Fluoride,,,
QA12CD01,Natriumfluorid,Sodium fluoride,,,
QA12CD02,Natriummonofluorofosfat,Sodium monofluorophosphate,,,
QA12CD51,Fluor kombinationer,"Fluoride, combinations",,,
QA12CE,Selen,Selenium,,,
QA12CE01,Natriumselenat,Sodium selenate,,,
QA12CE02,Natriumselenit,Sodium selenite,,,
QA12CE99,"Selen, kombinationer","Selenium, combinations",,,
QA12CX,Övriga mineralämnen,Other mineral products,,,
QA12CX90,Toldimfos,Toldimfos,,,
QA12CX91,Butafosfan,Butafosfan,,,
QA12CX99,"Övriga mineralprodukter, kombinationer","Other mineral products, combinations",,,
QA13,Tonika,Tonics,,,
QA13A,Tonika,Tonics,,,
QA14,Anabola steroider för systemiskt bruk,Anabolic agents for systemic use,,,
QA14A,Anabola steroider,Anabolic steroids,,,
QA14AA,Androstanderivat,Androstan derivatives,,,
QA14AA01,Androstanolon,Androstanolone,,,
QA14AA02,Stanozolol,Stanozolol,,,
QA14AA03,Metandienon,Metandienone,,,
QA14AA04,Metenolon,Metenolone,,,
QA14AA05,Oximetolon,Oxymetholone,,,
QA14AA06,Kinbolon,Quinbolone,,,
QA14AA07,Prasteron,Prasterone,,,
QA14AA08,Oxandrolon,Oxandrolone,,,
QA14AA09,Noretandrolon,Norethandrolone,,,
QA14AB,Östrenderivat,Estren derivatives,,,
QA14AB01,Nandrolon,Nandrolone,,,
QA14AB02,Etylöstrenol,Ethylestrenol,,,
QA14AB03,Oxaboloncipionat,Oxabolone cipionate,,,
QA14B,Övriga anabola steroider,Other anabolic agents,,,
QA15,Aptitstimulerande medel,Appetite stimulants,,,
QA16,Övriga medel för matsmältning och ämnesomsättning,Other alimentary tract and metabolism products,,,
QA16A,Övriga medel för matsmältning och ämnesomsättning,Other alimentary tract and metabolism products,,,
QA16AA,Aminosyror och derivat,Amino acids and derivatives,,,
QA16AA01,Levokarnitin,Levocarnitine,,,
QA16AA02,Ademetionin,Ademetionine,,,
QA16AA03,Glutamin,Glutamine,,,
QA16AA04,Merkaptamin,Mercaptamine,,,
QA16AA05,Kargluminsyra,Carglumic acid,,,
QA16AA06,Betain,Betaine,,,
QA16AA07,Metreleptin,Metreleptin,,,
QA16AA51,Levokarnitin,"Levocarnitine, combinations",,,
QA16AB,Enzymer,Enzymes,,,
QA16AB01,Algluceras,Alglucerase,,,
QA16AB02,Imiglukeras,Imiglucerase,,,
QA16AB03,Agalsidas alfa,Agalsidase alfa,,,
QA16AB04,Agalsidas beta,Agalsidase beta,,,
QA16AB05,Laronidas,Laronidase,,,
QA16AB06,Sakrosidas,Sacrosidase,,,
QA16AB07,Alglukosidas alfa,Alglucosidase alfa,,,
QA16AB08,Galsulfas,Galsulfase,,,
QA16AB09,Idursulfas,Idursulfase,,,
QA16AB10,Velagluceras alfa,Velaglucerase alfa,,,
QA16AB11,Taligluceras alfa,Taliglucerase alfa,,,
QA16AB12,Elosulfas alfa,Elosulfase alfa,,,
QA16AB13,Asfotas alfa,Asfotase alfa,,,
QA16AB14,Sebelipas alfa,Sebelipase alfa,,,
QA16AB15,Velmanas alfa,Velmanase alfa,,,
QA16AB16,Idursulfas beta,Idursulfase beta,,,
QA16AB17,Cerliponas alfa,Cerliponase alfa,,,
QA16AB18,Vestronidas alfa,Vestronidase alfa,,,
QA16AB19,Pegvalias,Pegvaliase,,,
QA16AB20,Pegunigalsidas alfa,Pegunigalsidase alfa,,,
QA16AB21,Atidarsagen-autotemcel,Atidarsagene autotemcel,,,
QA16AB22,Avalglukosidas alfa,Avalglucosidase alfa,,,
QA16AB23,Cipaglukosidas alfa,Cipaglucosidase alfa,,,
QA16AB24,Pegzilarginas,Pegzilarginase,,,
QA16AB25,Olipudas alfa,Olipudase alfa,,,
QA16AB26,Eladokagen-exuparvovek,Eladocagene exuparvovec,,,
QA16AB27,Pabinafusp alfa,Pabinafusp alfa,,,
QA16AB28,Verenafusp alfa,Verenafusp alfa,,,
QA16AB29,Rebisufligen-etisparvovek,Rebisufligene etisparvovec,,,
QA16AX,Övriga medel för matsmältning och ämnesomsättning,Various alimentary tract and metabolism products,,,
QA16AX01,Tioktinsyra,Thioctic acid,,,
QA16AX02,Anetoltrition,Anethole trithione,,,
QA16AX03,Natriumfenylbutyrat,Sodium phenylbutyrate,,,
QA16AX04,Nitisinon,Nitisinone,,,
QA16AX05,Zinkacetat,Zinc acetate,,,
QA16AX06,Miglustat,Miglustat,,,
QA16AX07,Sapropterin,Sapropterin,,,
QA16AX08,Teduglutid,Teduglutide,,,
QA16AX09,Glycerofenylbutyrat,Glycerol phenylbutyrate,,,
QA16AX10,Eliglustat,Eliglustat,,,
QA16AX11,Natriumbensoat,Sodium benzoate,,,
QA16AX12,Trientin,Trientine,,,
QA16AX13,Uridintriacetat,Uridine triacetate,,,
QA16AX14,Migalastat,Migalastat,,,
QA16AX15,Telotristat,Telotristat,,,
QA16AX16,Givosiran,Givosiran,,,
QA16AX17,Triheptanoin,Triheptanoin,,,
QA16AX18,Lumasiran,Lumasiran,,,
QA16AX19,Fosdenopterin,Fosdenopterin,,,
QA16AX20,Lonafarnib,Lonafarnib,,,
QA16AX21,Elivaldogen-autotemcel,Elivaldogene autotemcel,,,
QA16AX22,Tiomolibdinsyra,Tiomolibdic acid,,,
QA16AX23,Leriglitazon,Leriglitazone,,,
QA16AX24,Govorestat,Govorestat,,,
QA16AX25,Nedosiran,Nedosiran,,,
QA16AX26,Glepaglutid,Glepaglutide,,,
QA16AX27,Apraglutid,Apraglutide,,,
QA16AX28,Sepiapterin,Sepiapterin,,,
QA16AX29,Doxecitin och doxribtimin,Doxecitine and doxribtimine,,,
QA16AX30,Natriumbensoat och natriumfenylacetat,Sodium benzoate and sodium phenylacetate,,,
QA16Q,Övriga medel för matsmältning och ämnesomsättning för veterinärt bruk,Other alimentary tract and metabolism products for veterinary use,,,
QA16QA,Medel vid acetonemi,Drugs for prevention and/or treatment of acetonemia,,,
QA16QA01,Propylenglykol,Propylene glycol,,,
QA16QA02,Natriumpropionat,Sodium propionate,,,
QA16QA03,Glycerol,Glycerol,,,
QA16QA04,Ammoniumlaktat,Ammonium lactate,,,
QA16QA05,Klanobutin,Clanobutin,,,
QA16QA06,Monensin,Monensin,,,
QA16QA52,"Natriumpropionat, kombinationer","Sodium propionate, combinations",,,
QB,Blod och blodbildande organ,Blood and blood forming organs,,,
QB01,Antikoagulantia,Antithrombotic agents,,,
QB01A,Antikoagulantia,Antithrombotic agents,,,
QB01AA,Vitamin K-antagonister,Vitamin K antagonists,,,
QB01AA01,Dikumarol,Dicoumarol,,,
QB01AA02,Fenindion,Phenindione,,,
QB01AA03,Warfarin,Warfarin,,,
QB01AA04,Fenprokumon,Phenprocoumon,,,
QB01AA07,Acenokumarol,Acenocoumarol,,,
QB01AA08,Etylbiskumacetat,Ethyl biscoumacetate,,,
QB01AA09,Klorindion,Clorindione,,,
QB01AA10,Difenadion,Diphenadione,,,
QB01AA11,Tioklomarol,Tioclomarol,,,
QB01AA12,Fluindion,Fluindione,,,
QB01AB,Heparingruppen,Heparin group,,,
QB01AB01,Heparin,Heparin,,,
QB01AB02,Antitrombin III,Antithrombin III,,,
QB01AB04,Dalteparin,Dalteparin,,,
QB01AB05,Enoxaparin,Enoxaparin,,,
QB01AB06,Nadroparin,Nadroparin,,,
QB01AB07,Parnaparin,Parnaparin,,,
QB01AB08,Reviparin,Reviparin,,,
QB01AB09,Danaparoid,Danaparoid,,,
QB01AB10,Tinzaparin,Tinzaparin,,,
QB01AB11,Sulodexid,Sulodexide,,,
QB01AB12,Bemiparin,Bemiparin,,,
QB01AB51,"Heparin, kombinationer","Heparin, combinations",,,
QB01AC,"Trombocytaggregationshämmande medel, exkl. heparin","Platelet aggregation inhibitors, excl. heparin",,,
QB01AC01,Ditazol,Ditazole,,,
QB01AC02,Klorikromen,Cloricromen,,,
QB01AC03,Picotamid,Picotamide,,,
QB01AC04,Klopidogrel,Clopidogrel,,,
QB01AC05,Tiklopidin,Ticlopidine,,,
QB01AC06,Acetylsalicylsyra,Acetylsalicylic acid,,,
QB01AC07,Dipyridamol,Dipyridamole,,,
QB01AC08,Karbasalatkalcium,Carbasalate calcium,,,
QB01AC09,Epoprostenol,Epoprostenol,,,
QB01AC10,Indobufen,Indobufen,,,
QB01AC11,Iloprost,Iloprost,,,
QB01AC13,Abciximab,Abciximab,,,
QB01AC15,Aloxiprin,Aloxiprin,,,
QB01AC16,Eptifibatid,Eptifibatide,,,
QB01AC17,Tirofiban,Tirofiban,,,
QB01AC18,Triflusal,Triflusal,,,
QB01AC19,Beraprost,Beraprost,,,
QB01AC21,Treprostinil,Treprostinil,,,
QB01AC22,Prasugrel,Prasugrel,,,
QB01AC23,Cilostazol,Cilostazol,,,
QB01AC24,Tikagrelor,Ticagrelor,,,
QB01AC25,Kangrelor,Cangrelor,,,
QB01AC26,Vorapaxar,Vorapaxar,,,
QB01AC27,Selexipag,Selexipag,,,
QB01AC28,Limaprost,Limaprost,,,
QB01AC30,Kombinationer,Combinations,,,
QB01AC56,"Acetylsalicylsyra, kombinationer med protonpumpshämmare","Acetylsalicylic acid, combinations with proton pump inhibitors",,,
QB01AD,Enzymer,Enzymes,,,
QB01AD01,Streptokinas,Streptokinase,,,
QB01AD02,Alteplas,Alteplase,,,
QB01AD03,Anistreplas,Anistreplase,,,
QB01AD04,Urokinas,Urokinase,,,
QB01AD05,Fibrinolysin,Fibrinolysin,,,
QB01AD06,Brinas,Brinase,,,
QB01AD07,Reteplas,Reteplase,,,
QB01AD08,Saruplas,Saruplase,,,
QB01AD09,Ankrod,Ancrod,,,
QB01AD10,Drotrekogin alfa (aktiverat),Drotrecogin alfa (activated),,,
QB01AD11,Tenekteplas,Tenecteplase,,,
QB01AD12,Protein C,Protein C,,,
QB01AD13,Apadamtas alfa och cinaxadamtas alfa,Apadamtase alfa and cinaxadamtase alfa,,,
QB01AE,Direkt trombinhämmande medel,Direct thrombin inhibitors,,,
QB01AE01,Desirudin,Desirudin,,,
QB01AE02,Lepirudin,Lepirudin,,,
QB01AE03,Argatroban,Argatroban,,,
QB01AE04,Melagatran,Melagatran,,,
QB01AE05,Ximelagatran,Ximelagatran,,,
QB01AE06,Bivalirudin,Bivalirudin,,,
QB01AE07,Dabigatranetexilat,Dabigatran etexilate,,,
QB01AF,Direktverkande faktor Xa-hämmare,Direct factor Xa inhibitors,,,
QB01AF01,Rivaroxaban,Rivaroxaban,,,
QB01AF02,Apixaban,Apixaban,,,
QB01AF03,Edoxaban,Edoxaban,,,
QB01AF04,Betrixaban,Betrixaban,,,
QB01AF51,Rivaroxaban och acetylsalicylsyra,Rivaroxaban and acetylsalicylic acid,,,
QB01AX,Övriga antitrombotiska medel,Other antithrombotic agents,,,
QB01AX01,Defibrotid,Defibrotide,,,
QB01AX04,Dermatansulfat,Dermatan sulfate,,,
QB01AX05,Fondaparinux,Fondaparinux,,,
QB01AX07,Kaplacizumab,Caplacizumab,,,
QB02,Hemostatika,Antihemorrhagics,,,
QB02A,Fibrinolyshämmande medel,Antifibrinolytics,,,
QB02AA,Aminosyror,Amino Acids,,,
QB02AA01,Aminokapronsyra,Aminocaproic acid,,,
QB02AA02,Tranexamsyra,Tranexamic Acid,,,
QB02AA03,Aminometylbensoesyra,Aminomethylbenzoic acid,,,
QB02AB,Proteinashämmande medel,Proteinase inhibitors,,,
QB02AB01,Aprotinin,Aprotinin,,,
QB02AB02,Alfa-1-antitrypsin,Alfa-1 antitrypsin,,,
QB02AB04,Kamostat,Camostat,,,
QB02AB05,Ulinastatin,Ulinastatin,,,
QB02B,Vitamin K och andra koagulationsfaktorer,Vitamin K and other hemostatics,,,
QB02BA,Vitamin K,Vitamin K,,,
QB02BA01,Fytomenadion,Phytomenadione,,,
QB02BA02,Menadion,Menadione,,,
QB02BB,Fibrinogen,Fibrinogen,,,
QB02BB01,"Fibrinogen, humant","Fibrinogen, human",,,
QB02BC,Lokala hemostatika,Local hemostatics,,,
QB02BC01,"Gelatin, härdat",Absorbable gelatin sponge,,,
QB02BC02,"Cellulosa, oxiderat",Oxidized cellulose,,,
QB02BC03,Tetragalakturonsyra hydroximetylester,Tetragalacturonic acid hydroxymethylester,,,
QB02BC05,Adrenalon,Adrenalone,,,
QB02BC06,Trombin,Thrombin,,,
QB02BC07,Kollagen,Collagen,,,
QB02BC08,Kalciumalginat,Calcium alginate,,,
QB02BC09,Adrenalin,Adrenaline,,,
QB02BC10,"Fibrinogen, humant","Fibrinogen, human",,,2013-12-31
QB02BC30,Kombinationer,Combinations,,,
QB02BD,Koagulationsfaktorer,Blood coagulation factors,,,
QB02BD01,"Koagulationsfaktor IX, II, VII och X i kombination","Coagulation factor IX, II, VII and X in combination",,,
QB02BD02,Koagulationsfaktor VIII,Coagulation factor VIII,,,
QB02BD03,Aktiverat protrombinkomplex mot faktor VIII-antikroppar,Factor VIII inhibitor bypassing activity,,,
QB02BD04,Koagulationsfaktor IX,Coagulation factor IX,,,
QB02BD05,Koagulationsfaktor VII,Coagulation factor VII,,,
QB02BD06,von Willebrandfaktor och koagulationsfaktor VIII i kombination,Von Willebrand factor and coagulation factor VIII in combination,,,
QB02BD07,Koagulationsfaktor XIII,Coagulation factor XIII,,,
QB02BD08,Koagulationsfaktor VIIa,Coagulation factor VIIa,,,
QB02BD09,Nonakog alfa,Nonacog alfa,,,2016-12-31
QB02BD10,von Willebrandfaktor,von Willebrand factor,,,
QB02BD11,Katridekacog,Catridecacog,,,
QB02BD12,Trenonakog alfa,Trenonacog alfa,,,2016-12-31
QB02BD13,Koagulationsfaktor X,Coagulation factor X,,,
QB02BD14,Susoktokog alfa,Susoctocog alfa,,,
QB02BD15,Valoktokogen-roxaparvovek,Valoctocogene roxaparvovec,,,
QB02BD16,Etranakogen-dezaparvovek,Etranacogene dezaparvovec,,,
QB02BD17,Fidanakogen-elaparvovek,Fidanacogene elaparvovec,,,
QB02BD18,Arvenakogen-sanparvovek,Arvenacogene sanparvovec,,,
QB02BD30,Trombin,Thrombin,,,
QB02BX,Övriga hemostatika för systemiskt bruk,Other systemic hemostatics,,,
QB02BX01,Etamsylat,Etamsylate,,,
QB02BX02,Karbazokrom,Carbazochrome,,,
QB02BX03,Batroxobin,Batroxobin,,,
QB02BX04,Romiplostim,Romiplostim,,,
QB02BX05,Eltrombopag,Eltrombopag,,,
QB02BX06,Emicizumab,Emicizumab,,,
QB02BX07,Lusutrombopag,Lusutrombopag,,,
QB02BX08,Avatrombopag,Avatrombopag,,,
QB02BX09,Fostamatinib,Fostamatinib,,,
QB02BX10,Koncizumab,Concizumab,,,
QB02BX11,Marstacimab,Marstacimab,,,
QB02BX12,Fitusiran,Fitusiran,,,
QB03,Medel vid anemier,Antianemic preparations,,,
QB03A,Medel vid järnbristanemier,Iron preparations,,,
QB03AA,"Tvåvärt järn, perorala preparat","Iron bivalent, oral preparations",,,
QB03AA01,Järn(II)glycinsulfat,Ferrous glycine sulfate,,,
QB03AA02,Järn(II)fumarat,Ferrous fumarate,,,
QB03AA03,Järn(II)glukonat,Ferrous gluconate,,,
QB03AA04,Järn(II)karbonat,Ferrous carbonate,,,
QB03AA05,Järn(II)klorid,Ferrous chloride,,,
QB03AA06,Järn(II)succinat,Ferrous succinate,,,
QB03AA07,Järn(II)sulfat,Ferrous sulfate,,,
QB03AA08,Järn(II)tartrat,Ferrous tartrate,,,
QB03AA09,Järn(II)aspartat,Ferrous aspartate,,,
QB03AA10,Järn(II)askorbat,Ferrous ascorbate,,,
QB03AA11,Järn(II)jodid,Ferrous iodine,,,
QB03AA12,Järn(II)natriumcitrat,Ferrous sodium citrate,,,
QB03AB,"Trevärt järn, perorala preparat","Iron trivalent, oral preparations",,,
QB03AB01,Järn(III)natriumcitrat,Ferric sodium citrate,,,
QB03AB02,Järnsackaros,Saccharated iron oxide,,,
QB03AB03,Natriumferedetat,Sodium feredetate,,,
QB03AB04,Järn(III)hydroxid,Ferric hydroxide,,,
QB03AB05,Järnoxid polymaltoskomplexer,Ferric oxide polymaltose complexes,,,
QB03AB06,Järn(III)citrat,Ferric citrate,,,2015-12-31
QB03AB07,Kondroitinsulfat-järnkomplex,Chondroitin sulfate-iron complex,,,
QB03AB08,Järn(III)acetyltransferrin,Ferric acetyl transferrin,,,
QB03AB09,Järn proteinsuccinylat,Ferric proteinsuccinylate,,,
QB03AB10,Järn(III)maltol,Ferric maltol,,,
QB03AB90,Järndextrankomplexer,Iron dextran complexes,,,
QB03AC,"Järn, parenterala preparat","Iron, parenteral preparations",,,
QB03AC01,Järnoxid polymaltoskomplexer,Ferric oxide polymaltose complexes,,,2013-12-31
QB03AC02,Järnsackaros,Saccharated iron oxide,,,2013-12-31
QB03AC03,Järnsorbitol,Iron-sorbitol-citric acid complex,,,2013-12-31
QB03AC05,Ferrisorbitolglukuronsyrakomplex,Ferric sorbitol gluconic acid complex,,,2013-12-31
QB03AC06,Järnoxid dextrankomplexer,Ferric oxide dextran complexes,,,2013-12-31
QB03AC07,Ferrinatriumglukonatkomplex,Ferric sodium gluconate complex,,,2013-12-31
QB03AC90,Järndextran,Iron dextran,,,2014-01-21
QB03AC91,Gleptoferron,Gleptoferron,,,2013-12-31
QB03AC92,järnsackaros,iron sucrose,,,2013-12-31
QB03AD,Järn i kombination med folsyra,Iron in combination with folic acid,,,
QB03AD01,Järn(II)aminosyrakomplex och folsyra,Ferrous amino acid complex and folic acid,,,
QB03AD02,Järn(II)fumarat och folsyra,Ferrous fumarate and folic acid,,,
QB03AD03,Järn(II)sulfat och folsyra,Ferrous sulfate and folic acid,,,
QB03AD04,Järnoxid polymaltoskomplexer och folsyra,Ferric oxide polymaltose complexes and folic acid,,,
QB03AD05,Järn(II)glukonat och folsyra,Ferrous gluconate and folic acid,,,
QB03AE,"Järn, övriga kombinationer",Iron in other combinations,,,
QB03AE01,"Järn, vitamin B12 och folsyra","Iron, vitamin B12 and folic acid",,,
QB03AE02,"Järn, multivitaminer och folsyra","Iron, multivitamins and folic acid",,,
QB03AE03,Järn och multivitaminer,Iron and multivitamins,,,
QB03AE04,"Järn, multivitaminer och mineraler","Iron, multivitamins and minerals",,,
QB03AE10,Övriga kombinationer,Various combinations,,,
QB03B,Vitamin B12 och folsyra,Vitamin B12 and folic acid,,,
QB03BA,Vitamin B12 (cyanokobalamin och analoger),Vitamin B12 (cyanocobalamin and analogues),,,
QB03BA01,Cyanokobalamin,Cyanocobalamin,,,
QB03BA02,Cyanokobalamin-tanninkomplex,Cyanocobalamin tannin complex,,,
QB03BA03,Hydroxokobalamin,Hydroxocobalamin,,,
QB03BA04,Kobamamid,Cobamamide,,,
QB03BA05,Mekobalamin,Mecobalamin,,,
QB03BA51,"Cyanokobalamin, kombinationer","Cyanocobalamin, combinations",,,
QB03BA53,"Hydroxokobalamin, kombinationer","Hydroxocobalamin, combinations",,,
QB03BB,Folsyra och derivat,Folic acid and derivatives,,,
QB03BB01,Folsyra,Folic acid,,,
QB03BB51,"Folsyra, kombinationer","Folic acid, combinations",,,
QB03X,Övriga medel vid anemier,Other antianemic preparations,,,
QB03XA,Övriga medel vid anemier,Other antianemic preparations,,,
QB03XA01,Erytropoietin,Erythropoietin,,,
QB03XA02,Darbepoetin alfa,Darbepoetin alfa,,,
QB03XA03,Metoxi-polyetylenglykol-epoetin beta,Methoxy polyethylene glycol-epoetin beta,,,
QB03XA04,Peginesatid,Peginesatide,,,
QB03XA05,Roxadustat,Roxadustat,,,
QB03XA06,Luspatercept,Luspatercept,,,
QB03XA07,Daprodustat,Daprodustat,,,
QB03XA08,Vadadustat,Vadadustat,,,
QB03XA09,Molidustat,Molidustat,,,
QB03XA10,Efepoetin alfa,Efepoetin alfa,,,
QB04,Serumlipidsänkande medel,Serumlipidreducing agents,,,2014-01-21
QB05,Blodersättning och infusionsvätskor,Blood substitutes and perfusion solutions,,,
QB05A,Blod och relaterade produkter,Blood and related products,,,
QB05AA,Blodersättning och plasmaproteiner,Blood substitutes and plasma protein fractions,,,
QB05AA01,Albumin,Albumin,,,
QB05AA02,Övriga plasmaproteiner,Other plasma protein fractions,,,
QB05AA03,Fluorkarbonblodersättning,Fluorocarbon blood substitutes,,,
QB05AA05,Dextran,Dextran,,,
QB05AA06,Gelatinpreparat,Gelatin agents,,,
QB05AA07,Polyhydroxietylstärkelse,Hydroxyethylstarch,,,
QB05AA08,Hemoglobin crosfumaril,Hemoglobin crosfumaril,,,
QB05AA09,Hemoglobin raffimer,Hemoglobin raffimer,,,
QB05AA10,Hemoglobinglutamer (bovin),Hemoglobin glutamer (bovine),,,
QB05AA90,Hemoglobin glutamer,Hemoglobin glutamer,,,2014-01-21
QB05AA91,Hemoglobin betafumaril (bovin),Hemoglobin betafumaril (bovine),,,
QB05AX,Övriga blodprodukter,Other blood products,,,
QB05AX01,Erytrocyter,Erythrocytes,,,
QB05AX02,Trombocyter,Thrombocytes,,,
QB05AX03,Blodplasma,Blood plasma,,,
QB05AX04,Stamceller från navelsträngsblod,Stem cells from umbilical cord blood,,,
QB05B,Infusionsvätskor,I.V. solutions,,,
QB05BA,Lösningar för parenteral nutrition,Solutions for parenteral nutrition,,,
QB05BA01,Aminosyror,Amino acids,,,
QB05BA02,Fettemulsioner,Fat emulsions,,,
QB05BA03,Kolhydrater,Carbohydrates,,,
QB05BA04,Proteinhydrolysat,Protein hydrolysates,,,
QB05BA10,Kombinationer,Combinations,,,
QB05BB,Lösningar som påverkar elektrolytbalansen,Solutions affecting the electrolyte balance,,,
QB05BB01,Elektrolyter,Electrolytes,,,
QB05BB02,Elektrolyter och kolhydrater,Electrolytes with carbohydrates,,,
QB05BB03,Trometamol,Trometamol,,,
QB05BB04,Elektrolyter i kombination med andra medel,Electrolytes in combination with other drugs,,,
QB05BC,Lösningar som framkallar osmotisk diures,Solutions producing osmotic diuresis,,,
QB05BC01,Mannitol,Mannitol,,,
QB05BC02,Karbamid,Carbamide,,,
QB05C,Spolvätskor,Irrigating solutions,,,
QB05CA,Antiinfektiva medel,Antiinfectives,,,
QB05CA01,Cetylpyridinium,Cetylpyridinium,,,
QB05CA02,Klorhexidin,Chlorhexidine,,,
QB05CA03,Nitrofural,Nitrofural,,,
QB05CA04,Sulfametizol,Sulfamethizole,,,
QB05CA05,Taurolidin,Taurolidine,,,
QB05CA06,Mandelinsyra,Mandelic acid,,,
QB05CA07,Noxytiolin,Noxytiolin,,,
QB05CA08,Etakridinlaktat,Ethacridine lactate,,,
QB05CA09,Neomycin,Neomycin,,,
QB05CA10,Kombinationer,Combinations,,,
QB05CB,Saltlösningar,Salt solutions,,,
QB05CB01,Natriumklorid,Sodium chloride,,,
QB05CB02,Natriumcitrat,Sodium citrate,,,
QB05CB03,Magnesiumcitrat,Magnesium citrate,,,
QB05CB04,Natriumbikarbonat,Sodium bicarbonate,,,
QB05CB10,Kombinationer,Combinations,,,
QB05CX,Övriga spolvätskor,Other irrigating solutions,,,
QB05CX01,Glukos,Glucose,,,
QB05CX02,Sorbitol,Sorbitol,,,
QB05CX03,Glycin,Glycine,,,
QB05CX04,Mannitol,Mannitol,,,
QB05CX10,Kombinationer,Combinations,,,
QB05D,Peritonealdialysvätskor,Peritoneal dialytics,,,
QB05DA,Isotona lösningar,Isotonic solutions,,,
QB05DB,Hypertona lösningar,Hypertonic solutions,,,
QB05X,Infusionskoncentrat,I.V. solution additives,,,
QB05XA,Elektrolytlösningar,Electrolyte solutions,,,
QB05XA01,Kaliumklorid,Potassium chloride,,,
QB05XA02,Natriumbikarbonat,Sodium bicarbonate,,,
QB05XA03,Natriumklorid,Sodium chloride,,,
QB05XA04,Ammoniumklorid,Ammonium chloride,,,
QB05XA05,Magnesiumsulfat,Magnesium sulfate,,,
QB05XA06,"Kaliumfosfat, inkl. kombinationer med andra kaliumsalt","Potassium phosphate, incl. combinations with other potassium salts",,,
QB05XA07,Kalciumklorid,Calcium chloride,,,
QB05XA08,Natriumacetat,Sodium acetate,,,
QB05XA09,Natriumfosfat,Sodium phosphate,,,
QB05XA10,Magnesiumfosfat,Magnesium phosphate,,,
QB05XA11,Magnesiumklorid,Magnesium chloride,,,
QB05XA12,Zinkklorid,Zinc chloride,,,
QB05XA13,Saltsyra,Hydrochloric acid,,,
QB05XA14,Natriumglycerofosfat,Sodium glycerophosphate,,,
QB05XA15,Kaliumlaktat,Potassium lactate,,,
QB05XA16,Kardioplegilösningar,Cardioplegia solutions,,,
QB05XA17,Kaliumacetat,Potassium acetate,,,
QB05XA18,Zinksulfat,Zinc sulfate,,,
QB05XA19,Kalciumglukonat,Calcium gluconate,,,
QB05XA20,Natriumselenit,Sodium selenite,,,
QB05XA30,Kombinationer av elektrolyter,Combinations of electrolytes,,,
QB05XA31,Elektrolyter i kombination med andra medel,Electrolytes in combination With other drugs,,,
QB05XB,Aminosyror,Amino acids,,,
QB05XB01,Argininhydroklorid,Arginine hydrochloride,,,
QB05XB02,Alanylglutamin,Alanyl glutamine,,,
QB05XB03,Lysin,Lysine,,,
QB05XC,Vitaminer,Vitamins,,,
QB05XX,Övriga infusionskoncentrat,Other I.V. solution additives,,,
QB05XX02,Trometamol,Trometamol,,,
QB05Z,Hemodialysvätskor och hemofiltrationsvätskor,Hemodialytics and hemofiltrates,,,
QB05ZA,Hypertona elektrolytlösningar,"Hemodialytics, concentrates",,,
QB05ZB,Hemofiltrationsvätskor,Hemofiltrates,,,
QB06,Övriga hematologiska medel,Other hematological agents,,,
QB06A,Övriga hematologiska medel,Other hematological agents,,,
QB06AA,Enzymer,Enzymes,,,
QB06AA02,Fibrinolysin och deoxiribonukleas,Fibrinolysin and desoxyribonuclease,,,
QB06AA03,Hyaluronidas,Hyaluronidase,,,
QB06AA04,Kymotrypsin,Chymotrypsin,,,
QB06AA07,Trypsin,Trypsin,,,
QB06AA10,Deoxiribonukleas,Desoxyribonuclease,,,
QB06AA11,Bromelain,Bromelains,,,2013-12-31
QB06AA55,"Streptokinas, kombinationer","Streptokinase, combinations",,,
QB06AB,Hematologiska medel,Heme products,,,
QB06AB01,Hemin,Hemin,,,
QB06AC,Medel använda vid ärftligt angioödem,Drugs used in hereditary angioedema,,,
QB06AC01,"c1-hämmare, plasmaderiverad","c1-inhibitor, plasma derived",,,
QB06AC02,Ikatibant,Icatibant,,,
QB06AC03,Ekallantid,Ecallantide,,,
QB06AC04,Konestat alfa,Conestat alfa,,,
QB06AC05,Lanadelumab,Lanadelumab,,,
QB06AC06,Berotralstat,Berotralstat,,,
QB06AC07,Garadacimab,Garadacimab,,,
QB06AC08,Sebetralstat,Sebetralstat,,,
QB06AC09,Donidalorsen,Donidalorsen,,,
QB06AX,Hematologiska medel,Heme products,,,
QB06AX01,Krizanlizumab,Crizanlizumab,,,
QB06AX02,Betibeglogen-autotemcel,Betibeglogene autotemcel,,,
QB06AX03,Voxelotor,Voxelotor,,,
QB06AX04,Mitapivat,Mitapivat,,,
QB06AX05,Exagamglogen-autotemcel,Exagamglogene autotemcel,,,
QB06AX06,Lovotibeglogen-autotemcel,Lovotibeglogene autotemcel,,,
QB06AX07,Mozafankogen-autotemcel,Mozafancogene autotemcel,,,
QC,Hjärta och kretslopp,Cardiovascular system,,,
QC01,Medel vid hjärtsjukdomar,Cardiac therapy,,,
QC01A,Hjärtglykosider,Cardiac glycosides,,,
QC01AA,Digitalisglykosider,Digitalis glycosides,,,
QC01AA01,Acetyldigitoxin,Acetyldigitoxin,,,
QC01AA02,Acetyldigoxin,Acetyldigoxin,,,
QC01AA03,Digitalisblad,Digitalis leaves,,,
QC01AA04,Digitoxin,Digitoxin,,,
QC01AA05,Digoxin,Digoxin,,,
QC01AA06,Lanatosid C,Lanatoside C,,,
QC01AA07,Deslanosid,Deslanoside,,,
QC01AA08,Metyldigoxin,Metildigoxin,,,
QC01AA09,Gitoformat,Gitoformate,,,
QC01AA52,"Acetyldigoxin, kombinationer","Acetyldigoxin, combinations",,,
QC01AB,Sjölöksglykosider,Scilla glycosides,,,
QC01AB01,Proscillaridin,Proscillaridin,,,
QC01AB51,"Proscillaridin, kombinationer","Proscillaridin, combinations",,,
QC01AC,Strofantusglykosider,Strophantus glycosides,,,
QC01AC01,G-Strofantin,G-strophanthin,,,
QC01AC03,Cymarin,Cymarin,,,
QC01AX,Övriga hjärtglykosider,Other cardiac glycosides,,,
QC01AX02,Peruvosid,Peruvoside,,,
QC01B,"Antiarytmika, klass I och III","Antiarrhythmics, class I and III",,,
QC01BA,Antiarytmika klass IA,"Antiarrhythmics, class Ia",,,
QC01BA01,Kinidin,Quinidine,,,
QC01BA02,Prokainamid,Procainamide,,,
QC01BA03,Disopyramid,Disopyramide,,,
QC01BA04,Spartein,Sparteine,,,
QC01BA05,Ajmalin,Ajmaline,,,
QC01BA08,Prajmalin,Prajmaline,,,
QC01BA12,Lorajmin,Lorajmine,,,
QC01BA13,Hydrokinidin,Hydroquinidine,,,
QC01BA51,"Kinidin, kombinationer exkl neuroleptika","Quinidine, combinations excl. psycholeptics",,,
QC01BA71,"Kinidin, kombinationer med neuroleptika","Quinidine, combinations with psycholeptics",,,
QC01BB,Antiarytmika klass IB,"Antiarrhythmics, class IB",,,
QC01BB01,Lidokain,Lidocaine,,,
QC01BB02,Mexiletin,Mexiletine,,,
QC01BB03,Tokainid,Tocainide,,,
QC01BB04,Aprindin,Aprindine,,,
QC01BC,Antiarytmika klass IC,"Antiarrhythmics, class IC",,,
QC01BC03,Propafenon,Propafenone,,,
QC01BC04,Flekainid,Flecainide,,,
QC01BC07,Lorkainid,Lorcainide,,,
QC01BC08,Enkainid,Encainide,,,
QC01BC09,Etacizin,Ethacizine,,,
QC01BD,Antiarytmika klass III,"Antiarrhythmics, class III",,,
QC01BD01,Amiodaron,Amiodarone,,,
QC01BD02,Bretyltosilat,Bretylium tosilate,,,
QC01BD03,Bunaftin,Bunaftine,,,
QC01BD04,Dofetilid,Dofetilide,,,
QC01BD05,Ibutilid,Ibutilide,,,
QC01BD07,Dronedaron,Dronedarone,,,
QC01BG,"Övriga antiarytmika, klass I och III","Other antiarrhythmics, class I and III",,,
QC01BG01,Moracizin,Moracizine,,,
QC01BG07,Cibenzolin,Cibenzoline,,,
QC01BG11,Vernakalant,Vernakalant,,,
QC01C,Hjärtstimulerande medel exkl. hjärtglykosider,Cardiac stimulants excl. cardiac glycosides,,,
QC01CA,Adrenerga och dopaminerga medel,Adrenergic and dopaminergic agents,,,
QC01CA01,Etilefrin,Etilefrine,,,
QC01CA02,Isoprenalin,Isoprenaline,,,
QC01CA03,Noradrenalin,Noradrenaline,,,
QC01CA04,Dopamin,Dopamine,,,
QC01CA05,Norfenefrin,Norfenefrine,,,
QC01CA06,Fenylefrin,Phenylephrine,,,
QC01CA07,Dobutamin,Dobutamine,,,
QC01CA08,Oxedrin,Oxedrine,,,
QC01CA09,Metaraminol,Metaraminol,,,
QC01CA10,Metoxamin,Methoxamine,,,
QC01CA11,Mefentermin,Mephentermine,,,
QC01CA12,Dimetofrin,Dimetofrine,,,
QC01CA13,Prenalterol,Prenalterol,,,
QC01CA14,Dopexamin,Dopexamine,,,
QC01CA15,Gepefrin,Gepefrine,,,
QC01CA16,Ibopamin,Ibopamine,,,
QC01CA17,Midodrin,Midodrine,,,
QC01CA18,Oktopamin,Octopamine,,,
QC01CA19,Fenoldopam,Fenoldopam,,,
QC01CA21,Kafedrin,Cafedrine,,,
QC01CA22,Arbutamin,Arbutamine,,,
QC01CA23,Teodrenalin,Theodrenaline,,,
QC01CA24,Adrenalin,Adrenaline,,,
QC01CA25,Amezinium metylsulfat,Amezinium metilsulfate,,,
QC01CA26,Efedrin,Ephedrine,,,
QC01CA27,Droxidopa,Droxidopa,,,
QC01CA28,Centakvin,Centhaquine,,,
QC01CA30,Kombinationer,Combinations,,,
QC01CA51,"Etilefrin, kombinationer","Etilefrine, combinations",,,
QC01CC,Andningsstimulerande medel,Breathing stimulative agents,,,2014-01-21
QC01CC01,Doxapram,Doxapram,,,2014-01-21
QC01CC99,"Andningsstimulerande medel, kombinationer","Breathing stimulative agents, combinations",,,2014-01-21
QC01CE,Fosfodiesterashämmare,Phosphodiesterase inhibitors,,,
QC01CE01,Amrinon,Amrinone,,,
QC01CE02,Milrinon,Milrinone,,,
QC01CE03,Enoximon,Enoximone,,,
QC01CE04,Bukladesin,Bucladesine,,,
QC01CE90,Pimobendan,Pimobendane,,,
QC01CX,Övriga hjärtstimulerande medel,Other cardiac stimulants,,,
QC01CX06,Angiotensinamid,Angiotensinamide,,,
QC01CX07,Xamoterol,Xamoterol,,,
QC01CX08,Levosimendan,Levosimendan,,,
QC01CX09,Angiotensin II,Angiotensin II,,,
QC01CX10,Omekamtivmekarbil,Omecamtiv mecarbil,,,
QC01D,Kärlvidgande medel vid hjärtsjukdomar,Vasodilators used in cardiac diseases,,,
QC01DA,Organiska nitrater,Organic nitrates,,,
QC01DA02,Glyceryltrinitrat,Glyceryl trinitrate,,,
QC01DA04,Metylpropylpropandioldinitrat,Methylpropylpropanediol dinitrate,,,
QC01DA05,Pentaeritrityltetranitrat,Pentaerithrityl tetranitrate,,,
QC01DA07,Propatylnitrat,Propatylnitrate,,,
QC01DA08,Isosorbiddinitrat,Isosorbide dinitrate,,,
QC01DA09,Trolnitrat,Trolnitrate,,,
QC01DA13,Eritrityltetranitrat,Eritrityl tetranitrate,,,
QC01DA14,Isosorbidmononitrat,Isosorbide mononitrate,,,
QC01DA20,"Organiska nitrater, kombinationer",Organic nitrates in combination,,,
QC01DA38,Tenitramin,Tenitramine,,,
QC01DA52,"Glyceryltrinitrat, kombinationer","Glyceryl trinitrate, combinations",,,
QC01DA54,"Metylpropylpropandioldinitrat, kombinationer","Methylpropylpropanediol dinitrate, combinations",,,
QC01DA55,"Pentaeritrityltetranitrat, kombinationer","Pentaerithrityl tetranitrate, combinations",,,
QC01DA57,"Propatylnitrat, kombinationer","Propatylnitrate, combinations",,,
QC01DA58,"Isosorbiddinitrat, kombinationer","Isosorbide dinitrate, combinations",,,
QC01DA59,"Trolnitrat, kombinationer","Trolnitrate, combinations",,,
QC01DA63,"Eritrityltetranitrat, kombinationer","Eritrityl tetranitrate, combinations",,,
QC01DA70,Organiska nitrater i kombination med neuroleptika,Organic nitrates in combination with psycholeptics,,,
QC01DB,Kärlvidgande kinoloner,Quinolone vasodilators,,,
QC01DB01,Flosekinan,Flosequinan,,,
QC01DB06,Tedisamil,Tedisamil,,,
QC01DX,Övriga kärlvidgande medel vid hjärtsjukdomar,Other vasodilators used in cardiac diseases,,,
QC01DX01,Itramintosilat,Itramin tosilate,,,
QC01DX02,Prenylamin,Prenylamine,,,
QC01DX03,Oxyfedrin,Oxyfedrine,,,
QC01DX04,Bensiodaron,Benziodarone,,,
QC01DX05,Karbokromen,Carbocromen,,,
QC01DX06,Hexobendin,Hexobendine,,,
QC01DX07,Etafenon,Etafenone,,,
QC01DX08,Heptaminol,Heptaminol,,,
QC01DX09,Imolamin,Imolamine,,,
QC01DX10,Dilazep,Dilazep,,,
QC01DX11,Trapidil,Trapidil,,,
QC01DX12,Molsidomin,Molsidomine,,,
QC01DX13,Efloxat,Efloxate,,,
QC01DX14,Cinepazet,Cinepazet,,,
QC01DX15,Kloridarol,Cloridarol,,,
QC01DX16,Nikorandil,Nicorandil,,,
QC01DX18,Linsidomin,Linsidomine,,,
QC01DX19,Nesiritid,Nesiritide,,,
QC01DX21,Serelaxin,Serelaxin,,,
QC01DX22,Vericiguat,Vericiguat,,,
QC01DX51,"Itramintosilat, kombinationer","Itramin tosilate, combinations",,,
QC01DX52,"Prenylamin, kombinationer","Prenylamine, combinations",,,
QC01DX53,"Oxyfedrin, kombinationer","oxyfedrine, combinations",,,
QC01DX54,"Bensiodaron, kombinationer","benziodarone, combinations",,,
QC01E,Övriga medel vid hjärtsjukdomar,Other cardiac preparations,,,
QC01EA,Prostaglandiner,Prostaglandins,,,
QC01EA01,Alprostadil,Alprostadil,,,
QC01EB,Övriga medel vid hjärtsjukdomar,Other cardiac preparations,,,
QC01EB02,Kamfer,Camphora,,,
QC01EB03,Indometacin,Indometacin,,,
QC01EB04,Crataegusglykosider,Crataegus glycosides,,,
QC01EB05,Kreatinolfosfat,Creatinolfosfate,,,
QC01EB06,Fosfokreatin,Fosfocreatine,,,
QC01EB07,"Fruktos 1,6-difosfat","Fructose 1,6-diphosphate",,,
QC01EB09,Ubidekarenon,Ubidecarenone,,,
QC01EB10,Adenosin,Adenosine,,,
QC01EB11,Tiracizin,Tiracizine,,,
QC01EB13,Akadesin,Acadesine,,,
QC01EB15,Trimetazidin,Trimetazidine,,,
QC01EB16,Ibuprofen,Ibuprofen,,,
QC01EB17,Ivabradin,Ivabradine,,,
QC01EB18,Ranolazin,Ranolazine,,,
QC01EB21,Regadenoson,Regadenoson,,,
QC01EB22,Meldonium,Meldonium,,,
QC01EB23,Tiazotinsyra,Tiazotic acid,,,
QC01EB24,Mavakamten,Mavacamten,,,
QC01EB25,Akoramidis,Acoramidis,,,
QC01EB90,Sirolimus,Sirolimus,,,
QC01EX,Övriga kombinationspreparat vid hjärtsjukdomar,Other cardiac combination products,,,
QC02,Antihypertensiva medel,Antihypertensives,,,
QC02A,Antiadrenerga preparat med central verkan,"Antiadrenergic agents, centrally acting",,,
QC02AA,Rauwolfiaalkaloider,Rauwolfia alkaloids,,,
QC02AA01,Rescinnamin,Rescinnamine,,,
QC02AA02,Reserpin,Reserpine,,,
QC02AA03,Kombinationer av rauwolfiaalkaloider,Combinations of rauwolfia alkaloids,,,
QC02AA04,"Rauwolfiaalkaloider, hela roten","Rauwolfia alkaloids, whole root",,,
QC02AA05,Deserpidin,Deserpidine,,,
QC02AA06,Metoserpidin,Methoserpidine,,,
QC02AA07,Bietaserpin,Bietaserpine,,,
QC02AA52,"Reserpin, kombinationer","Reserpine, combinations",,,
QC02AA53,"Kombinationer av rauwolfiaalkaloider, kombinationer","Combinations of rauwolfia alkaloids, combinations",,,
QC02AA57,"Bietaserpin, kombinationer","Bietaserpine, combinations",,,
QC02AB,Metyldopa,Methyldopa,,,
QC02AB01,Metyldopa (L-form),Methyldopa (levorotatory),,,
QC02AB02,Metyldopa (racemat),Methyldopa (racemic),,,
QC02AC,Imidazolinreceptoragonister,Imidazoline receptor agonists,,,
QC02AC01,Klonidin,Clonidine,,,
QC02AC02,Guanfacin,Guanfacine,,,
QC02AC04,Tolonidin,Tolonidine,,,
QC02AC05,Moxonidin,Moxonidine,,,
QC02AC06,Rilmenidin,Rilmenidine,,,
QC02B,"Antiadrenerga preparat, ganglieblockerande","Antiadrenergic agents, ganglion-blocking",,,
QC02BA,Sulfoniumderivat,Sulfonium derivatives,,,
QC02BA01,Trimetafan,Trimetaphan,,,
QC02BB,Sekundära och tertiära aminer,Secondary and tertiary amines,,,
QC02BB01,Mekamylamin,Mecamylamine,,,
QC02BC,Biskvartära ammoniumföreningar,Bisquaternary ammonium compounds,,,
QC02C,Antiadrenerga preparat med perifer verkan,"Antiadrenergic agents, peripherally acting",,,
QC02CA,Alfa-adrenoreceptorantagonister,Alpha-adrenoreceptor antagonists,,,
QC02CA01,Prazosin,Prazosin,,,
QC02CA02,Indoramin,Indoramin,,,
QC02CA03,Trimazosin,Trimazosin,,,
QC02CA04,Doxazosin,Doxazosin,,,
QC02CA06,Urapidil,Urapidil,,,
QC02CC,Guanidinderivat,Guanidine derivatives,,,
QC02CC01,Betanidin,Betanidine,,,
QC02CC02,Guanetidin,Guanethidine,,,
QC02CC03,Guanoxan,Guanoxan,,,
QC02CC04,Debrisokin,Debrisoquine,,,
QC02CC05,Guanoklor,Guanoclor,,,
QC02CC06,Guanazodin,Guanazodine,,,
QC02CC07,Guanoxabens,Guanoxabenz,,,
QC02D,Medel som påverkar glatt muskulatur i perifera kärl,"Arteriolar smooth muscle, agents acting on",,,
QC02DA,Tiazidderivat,Thiazide derivatives,,,
QC02DA01,Diazoxid,Diazoxide,,,
QC02DB,Hydrazinoftalazinderivat,Hydrazinophtalazine derivatives,,,
QC02DB01,Dihydralazin,Dihydralazine,,,
QC02DB02,Hydralazin,Hydralazine,,,
QC02DB03,Endralazin,Endralazine,,,
QC02DB04,Kadralazin,Cadralazine,,,
QC02DC,Pyrimidinderivat,Pyrimidine derivatives,,,
QC02DC01,Minoxidil,Minoxidil,,,
QC02DD,Nitroferricyanidderivat,Nitroferricyanide derivatives,,,
QC02DD01,Nitroprussid,Nitroprusside,,,
QC02DG,Guanidinderivat,Guanidine derivatives,,,
QC02DG01,Pinacidil,Pinacidil,,,
QC02K,Övriga antihypertensiva medel,Other antihypertensives,,,
QC02KA,"Alkaloider, exkl rauwolfia","Alcaloids, excl. rauwolfia",,,
QC02KA01,Veratrum,Veratrum,,,
QC02KB,Tyrosinhydroxilashämmare,Tyrosine hydroxylase inhibitors,,,
QC02KB01,Metirosin,Metirosine,,,
QC02KC,MAO-hämmare,MAO inhibitors,,,
QC02KC01,Pargylin,Pargyline,,,
QC02KD,Serotoninantagonister,Serotonin antagonists,,,
QC02KD01,Ketanserin,Ketanserin,,,
QC02KN,Övriga antihypertensiva medel,Other antihypertensives,,,
QC02KN01,Aprocitentan,Aprocitentan,,,
QC02KN02,Baxdrostat,Baxdrostat,,,
QC02KX,Antihypertensiva medel för pulmonell arteriell hypertension,Antihypertensives for pulmonary arterial hypertension,,,
QC02KX01,Bosentan,Bosentan,,,
QC02KX02,Ambrisentan,Ambrisentan,,,
QC02KX03,Sitaxentan,Sitaxentan,,,
QC02KX04,Macitentan,Macitentan,,,
QC02KX05,Riociguat,Riociguat,,,
QC02KX06,Sotatercept,Sotatercept,,,
QC02KX52,Ambrisentan och tadalafil,Ambrisentan and tadalafil,,,
QC02KX54,Macitentan och tadalafil,Macitentan and tadalafil,,,
QC02L,Antihypertensiva medel i kombination med diuretika,Antihypertensives and diuretics in combination,,,
QC02LA,Rauwolfiaalkaloider i kombination med diuretika,Rauwolfia alkaloids and diuretics in combination,,,
QC02LA01,Reserpin och diuretika,Reserpine and diuretics,,,
QC02LA02,Rescinnamin och diuretika,Rescinnamine and diuretics,,,
QC02LA03,Deserpidin och diuretika,Deserpidine and diuretics,,,
QC02LA04,Metoserpidin och diuretika,Methoserpidine and diuretics,,,
QC02LA07,Bietaserpin och diuretika,Bietaserpine and diuretics,,,
QC02LA08,"Rauwolfiaalkaloider, hela roten och diuretika","Rauwolfia alkaloids, whole root and diuretics",,,
QC02LA09,Syrosingopin och diuretika,Syrosingopine and diuretics,,,
QC02LA50,Kombination av rauwolfiaalkaloider och diuretika inkl. övriga kombinationer,Combination of rauwolfia alkaloids and diuretics incl. other combinations,,,
QC02LA51,"Reserpin och diuretika, kombinationer med andra medel","Reserpine and diuretics, combinations with other drugs",,,
QC02LA52,"Rescinnamin och diuretika, kombinationer med andra medel","Rescinnamine and diuretics, combinations with other drugs",,,
QC02LA71,"Reserpin och diuretika, kombinationer med neuroleptika","Reserpine and diuretics, combinations with psycholeptics",,,
QC02LB,Metyldopa i kombination med diuretika,Methyldopa and diuretics in combination,,,
QC02LB01,Metyldopa (L-form) och diuretika,Methyldopa (levorotatory) and diuretics,,,
QC02LC,Imidazolinreceptoragonister i kombination med diuretika,Imidazoline receptor agonists in combination with diuretics,,,
QC02LC01,Klonidin och diuretika,Clonidine and diuretics,,,
QC02LC05,Moxonidin och diuretika,Moxonidine and diuretics,,,
QC02LC51,"Klonidin och diuretika, kombinationer med andra medel","Clonidine and diuretics, combinations with other drugs",,,
QC02LE,Alfa-adrenoreceptorantagonister och diuretika,Alpha-adrenoreceptor antagonists and diuretics,,,
QC02LE01,Prazosin och diuretika,Prazosin and diuretics,,,
QC02LF,Guanidinderivat och diuretika,Guanidine derivatives and diuretics,,,
QC02LF01,Guanetidin och diuretika,Guanethidine and diuretics,,,
QC02LG,Hydrazinoftalazinderivat och diuretika,Hydrazinophthalazine derivatives and diuretics,,,
QC02LG01,Dihydralazin och diuretika,Dihydralazine and diuretics,,,
QC02LG02,Hydralazin och diuretika,Hydralazine and diuretics,,,
QC02LG03,Pikodralazin och diuretika,Picodralazine and diuretics,,,
QC02LG51,"Dihydralazin och diuretika, kombinationer med andra medel","Dihydralazine and diuretics, combinations with other drugs",,,
QC02LG73,"Pikodralazin och diuretika, kombinationer med neuroleptika","Picodralazine and diuretics, combinations with psycholeptics",,,
QC02LK,"Alkaloider, exkl rauwolfia, i kombination med diuretika","Alkaloids, excl. rauwolfia, in combination with diuretics",,,
QC02LK01,Veratrum och diuretika,Veratrum and diuretics,,,
QC02LL,MAO-hämmare och diuretika,MAO inhibitors and diuretics,,,
QC02LL01,Pargylin och diuretika,Pargyline and diuretics,,,
QC02LN,Serotoninantagonister och diuretika,Serotonin antagonists and diuretics,,,
QC02LX,Övriga antihypertensiva medel och diuretika,Other antihypertensives and diuretics,,,
QC02LX01,Pinacidil och diuretika,Pinacidil and diuretics,,,
QC02N,Kombination av antihypertensiva medel i ATCvet-grupp C02,Combinations of antihypertensives in ATCvet gr. C02,,,
QC03,Diuretika,Diuretics,,,
QC03A,Tiazider,"Low-ceiling diuretics, thiazides",,,
QC03AA,Tiazider,"Thiazides, plain",,,
QC03AA01,Bendroflumetiazid,Bendroflumethiazide,,,
QC03AA02,Hydroflumetiazid,Hydroflumethiazide,,,
QC03AA03,Hydroklortiazid,Hydrochlorothiazide,,,
QC03AA04,Klortiazid,Chlorothiazide,,,
QC03AA05,Polytiazid,Polythiazide,,,
QC03AA06,Triklormetiazid,Trichlormethiazide,,,
QC03AA07,Cyklopentiazid,Cyclopenthiazide,,,
QC03AA08,Metyklotiazid,Methyclothiazide,,,
QC03AA09,Cyklotiazid,Cyclothiazide,,,
QC03AA13,Mebutizid,Mebutizide,,,
QC03AA56,"Triklormetiazid, kombinationer","Trichlormethiazide, combinations",,,
QC03AB,Tiazider i kombination med kalium,Thiazides and potassium in combination,,,
QC03AB01,Bendroflumetiazid och kalium,Bendroflumethiazide and potassium,,,
QC03AB02,Hydroflumetiazid och kalium,Hydroflumethiazide and potassium,,,
QC03AB03,Hydroklortiazid och kalium,Hydrochlorothiazide and potassium,,,
QC03AB04,Klortiazid och kalium,Chlorothiazide and potassium,,,
QC03AB05,Polytiazid och kalium,Polythiazide and potassium,,,
QC03AB06,Triklormetiazid och kalium,Trichlormethiazide and potassium,,,
QC03AB07,Cyklopentiazid och kalium,Cyclopenthiazide and potassium,,,
QC03AB08,Metylklotiazid och kalium,Methyclothiazide and potassium,,,
QC03AB09,Cyklotiazid och kalium,Cyclothiazide and potassium,,,
QC03AH,Tiazider i komb med neuroleptika och/eller analgetika,"Thiazides, combinations with psycholeptics and/or analgesics",,,
QC03AH01,"Klortiazid, kombinationer","Chlorothiazide, combinations",,,
QC03AH02,"Hydroflumetiazid, kombinationer","Hydroflumethiazide, combinations",,,
QC03AX,Tiazider i kombination med andra medel,"Thiazides, combinations with other drugs",,,
QC03AX01,"Hydroklortiazid, kombinationer","Hydrochlorothiazide, combinations",,,
QC03B,Tiazidbesläktade diuretika,"Low-ceiling diuretics, excl. thiazides",,,
QC03BA,Sulfonamidderivat,"Sulfonamides, plain",,,
QC03BA02,Kinetazon,Quinethazone,,,
QC03BA03,Klopamid,Clopamide,,,
QC03BA04,Klortalidon,Chlortalidone,,,
QC03BA05,Mefrusid,Mefruside,,,
QC03BA07,Klofenamid,Clofenamide,,,
QC03BA08,Metolazon,Metolazone,,,
QC03BA09,Metikran,Meticrane,,,
QC03BA10,Xipamid,Xipamide,,,
QC03BA11,Indapamid,Indapamide,,,
QC03BA12,Klorexolon,Clorexolone,,,
QC03BA13,Fenkizon,Fenquizone,,,
QC03BA82,"Klorexolon, kombinationer med neuroleptika","Clorexolone, combinations with psycholeptics",,,
QC03BB,Sulfonamider i kombination med kalium,Sulfonamides and potassium in combination,,,
QC03BB02,Kinetazon och kalium,Quinethazone and potassium,,,
QC03BB03,Klopamid och kalium,Clopamide and potassium,,,
QC03BB04,Klortalidon och kalium,Chlortalidone and potassium,,,
QC03BB05,Mefrusid och kalium,Mefruside and potassium,,,
QC03BB07,Klofenamid och kalium,Clofenamide and potassium,,,
QC03BC,Kvicksilverdiuretika,Mercurial diuretics,,,
QC03BC01,Mersalyl,Mersalyl,,,
QC03BD,Xantinderivat,Xanthine derivatives,,,
QC03BD01,Teobromin,Theobromine,,,
QC03BK,Sulfonamider i kombination med andra medel,"Sulfonamides, combinations with other drugs",,,
QC03BX,Övriga tiazidbesläktade diuretika,Other low-ceiling diuretics,,,
QC03BX03,Cikletanin,Cicletanine,,,
QC03C,Loop-diuretika,High-ceiling diuretics,,,
QC03CA,Sulfonamider,"Sulfonamides, plain",,,
QC03CA01,Furosemid,Furosemide,,,
QC03CA02,Bumetanid,Bumetanide,,,
QC03CA03,Piretanid,Piretanide,,,
QC03CA04,Torasemid,Torasemide,,,
QC03CB,Sulfonamider i kombination med kalium,Sulfonamides and potassium in combination,,,
QC03CB01,Furosemid och kalium,Furosemide and potassium,,,
QC03CB02,Bumetanid och kalium,Bumetanide and potassium,,,
QC03CC,Fenoxiättiksyraderivat,Aryloxyacetic acid derivatives,,,
QC03CC01,Etakrynsyra,Etacrynic acid,,,
QC03CC02,Tienilsyra,Tienilic acid,,,
QC03CD,Pyrazolonderivat,Pyrazolone derivatives,,,
QC03CD01,Muzolimin,Muzolimine,,,
QC03CX,Övriga loop-diuretika,Other high-ceiling diuretics,,,
QC03CX01,Etozolin,Etozolin,,,
QC03D,Kaliumsparande diuretika,Potassium-sparing agents,,,
QC03DA,Aldosteronantagonister,Aldosterone antagonists,,,
QC03DA01,Spironolakton,Spironolactone,,,
QC03DA02,Kaliumkanrenoat,Potassium canrenoate,,,
QC03DA03,Kanrenon,Canrenone,,,
QC03DA04,Eplerenon,Eplerenone,,,
QC03DA05,Finerenon,Finerenone,,,
QC03DA54,Eplerenon och dapagliflozin,Eplerenone and dapagliflozin,,,
QC03DB,Övriga kaliumsparande medel,Other potassium-sparing agents,,,
QC03DB01,Amilorid,Amiloride,,,
QC03DB02,Triamteren,Triamterene,,,
QC03E,Diuretika i kombination med kaliumsparande medel,Diuretics and potassium-sparing agents in combination,,,
QC03EA,Tiazidbesläktad diuretika och kaliumsparande medel,Low-ceiling diuretics and potassium-sparing agents,,,
QC03EA01,Hydroklortiazid och kaliumsparande medel,Hydrochlorothiazide and potassium-sparing agents,,,
QC03EA02,Triklormetiazid och kaliumsparande medel,Trichlormethiazide and potassium-sparing agents,,,
QC03EA03,Epitizid och kaliumsparande medel,Epitizide and potassium-sparing agents,,,
QC03EA04,Altizid och kaliumsparande medel,Altizide and potassium-sparing agents,,,
QC03EA05,Mebutizid och kaliumsparande medel,Mebutizide and potassium-sparing agents,,,
QC03EA06,Klortalidon och kaliumsparande medel,Chlortalidone and potassium-sparing agents,,,
QC03EA07,Cyklopentiazid och kaliumsparande medel,Cyclopenthiazide and potassium-sparing agents,,,
QC03EA12,Metolazon och kaliumsparande medel,Metolazone and potassium-sparing agents,,,
QC03EA13,Bendroflumetiazid och kaliumsparande medel,Bendroflumethiazide and potassium-sparing agents,,,
QC03EA14,Butizid och kaliumsparande medel,Butizide and potassium-sparing agents,,,
QC03EB,Loop-diuretika och kaliumsparande medel,High-ceiling diuretics and potassium-sparing agents,,,
QC03EB01,Furosemid och kaliumsparande diuretika,Furosemide and potassium-sparing agents,,,
QC03EB02,Bumetanid och kaliumsparande medel,Bumetanide and potassium-sparing agents,,,
QC03EB03,Torasemid och kaliumsparande medel,Torasemide and potassium-sparing agents,,,
QC03X,Övriga diuretika,Other diuretics,,,
QC03XA,Vasopressinantagonister,Vasopressin antagonists,,,
QC03XA01,Tolvaptan,Tolvaptan,,,
QC03XA02,Konivaptan,Conivaptan,,,
QC04,Perifera vasodilatorer,Peripheral vasodilators,,,
QC04A,Perifera vasodilatorer,Peripheral vasodilators,,,
QC04AA,2-amino-1-fenyletanolderivat,2-amino-1-phenylethanol derivatives,,,
QC04AA01,Isoxsuprin,Isoxsuprine,,,
QC04AA02,Bufenin,Buphenine,,,
QC04AA31,Bametan,Bamethan,,,
QC04AB,Imidazolinderivat,Imidazoline derivatives,,,
QC04AB01,Fentolamin,Phentolamine,,,
QC04AB02,Tolazolin,Tolazoline,,,
QC04AC,Nikotinsyra och derivat,Nicotinic acid and derivatives,,,
QC04AC01,Nikotinsyra,Nicotinic acid,,,
QC04AC02,Nikotinylalkohol,Nicotinyl alcohol (pyridylcarbinol),,,
QC04AC03,Inositolnikotinat,Inositol nicotinate,,,
QC04AC07,Ciklonikat,Ciclonicate,,,
QC04AD,Purinderivat,Purine derivatives,,,
QC04AD01,Pentifyllin,Pentifylline,,,
QC04AD02,Xantinolnikotinat,Xantinol nicotinate,,,
QC04AD03,Pentoxifyllin,Pentoxifylline,,,
QC04AD04,Etofyllinnikotinat,Etofylline nicotinate,,,
QC04AD90,Propentofyllin,Propentofylline,,,
QC04AE,Mjöldrygealkaloider,Ergot alkaloids,,,
QC04AE01,Ergoloidmesylat,Ergoloid mesylates,,,
QC04AE02,Nicergolin,Nicergoline,,,
QC04AE04,Dihydroergokristin,Dihydroergocristine,,,
QC04AE51,"Ergoloidmesylat, kombinationer","Ergoloid mesylates, combinations",,,
QC04AE54,"Dihydroergokristin, kombinationer","Dihydroergocristine, combinations",,,
QC04AF,Enzymer,Enzymes,,,
QC04AF01,Kallidinogenas,Kallidinogenase,,,
QC04AX,Övriga perifera vasodilatorer,Other peripheral vasodilators,,,
QC04AX01,Cyklandelat,Cyclandelate,,,
QC04AX02,Fenoxybensamin,Phenoxybenzamine,,,
QC04AX07,Vinkamin,Vincamine,,,
QC04AX10,Moxisylyt,Moxisylyte,,,
QC04AX11,Bencyklan,Bencyclane,,,
QC04AX17,Vinburnin,Vinburnine,,,
QC04AX19,Suloktidil,Suloctidil,,,
QC04AX20,Buflomedil,Buflomedil,,,
QC04AX21,Naftidrofuryl,Naftidrofuryl,,,
QC04AX23,Butalmin,Butalamine,,,
QC04AX24,Visnadin,Visnadine,,,
QC04AX26,Cetiedil,Cetiedil,,,
QC04AX27,Cinepazid,Cinepazide,,,
QC04AX28,Ifenprodil,Ifenprodil,,,
QC04AX30,Azapetin,Azapetine,,,
QC04AX32,Fasudil,Fasudil,,,
QC04AX33,Klazosentan,Clazosentan,,,
QC05,Kärlskyddande medel,Vasoprotectives,,,
QC05A,Utvärtes medel vid hemorrojder och analfissurer,Agents for treatment of hemorrhoids and anal fissures for topical use,,,
QC05AA,Kortikosteroider,Corticosteroids,,,
QC05AA01,Hydrokortison,Hydrocortisone,,,
QC05AA04,Prednisolon,Prednisolone,,,
QC05AA05,Betametason,Betamethasone,,,
QC05AA06,Fluorometolon,Fluorometholone,,,
QC05AA08,Fluokortolon,Fluocortolone,,,
QC05AA09,Dexametason,Dexamethasone,,,
QC05AA10,Fluocinolonacetonid,Fluocinolone acetonide,,,
QC05AA11,Fluocinonid,Fluocinonide,,,
QC05AA12,Triamcinolon,Triamcinolone,,,
QC05AB,Antibiotika,Antibiotics,,,
QC05AD,Lokalanestetika,Local anesthetics,,,
QC05AD01,Lidokain,Lidocaine,,,
QC05AD02,Tetrakain,Tetracaine,,,
QC05AD03,Bensokain,Benzocaine,,,
QC05AD04,Cinkokain,Cinchocaine,,,
QC05AD05,Prokain,Procaine,,,
QC05AD06,Oxetakain,Oxetacaine,,,
QC05AD07,Pramokain,Pramocaine,,,
QC05AE,Muskelavslappande medel,Muscle relaxants,,,
QC05AE01,Glyceryltrinitrat,Glyceryl trinitrate,,,
QC05AE02,Isosorbiddinitrat,Isosorbide dinitrate,,,
QC05AE03,Diltiazem,Diltiazem,,,
QC05AX,Övriga utvärtes medel vid hemorrojder och analfissurer,Other agents for treatment of hemorrhoids and anal fissures for topical use,,,
QC05AX01,Aluminiumpreparat,Aluminium preparations,,,
QC05AX02,"Vismutpreparat, kombinationer","Bismuth preparations, combinations",,,
QC05AX03,"Övriga medel, kombinationer","Other preparations, combinations",,,
QC05AX04,Zinkpreparat,Zinc preparations,,,
QC05AX05,Tribenosid,Tribenoside,,,
QC05AX06,Fenylefrin,Phenylephrine,,,
QC05B,Medel för varixbehandling,Antivaricose therapy,,,
QC05BA,Heparin eller heparinoida substanser för utvärtes bruk,Heparins or heparinoids for topical use,,,
QC05BA01,Organiska heparinföreningar,Organo-heparinoid,,,
QC05BA02,Natriumapolat,Sodium apolate,,,
QC05BA03,Heparin,Heparin,,,
QC05BA04,Pentosanpolysulfatnatrium,Pentosan polysulfate sodium,,,
QC05BA51,"Heparinoid, kombinationer","Heparinoid, combinations",,,
QC05BA53,"Heparin, kombinationer","Heparin, combinations",,,
QC05BB,Medel för sklerosering för lokal injektion,Sclerosing agents for local injection,,,
QC05BB01,Monoetanolaminoleat,Monoethanolamine oleate,,,
QC05BB02,Polidokanol,Polidocanol,,,
QC05BB03,Inverterat socker,Invert sugar,,,
QC05BB04,Natriumtetradecylsulfat,Sodium tetradecyl sulfate,,,
QC05BB05,Fenol,Phenol,,,
QC05BB56,"Glukos, kombinationer","Glucose, combinations",,,
QC05BX,Övriga medel för sklerosering,Other sclerosing agents,,,
QC05BX01,Kalciumdobesilat,Calcium dobesilate,,,
QC05BX51,"Kalciumdobesilat, kombinationer","Calcium dobesilate, combinations",,,
QC05C,Kapillärstabiliserande medel,Capillary stabilizing agents,,,
QC05CA,Bioflavonoider,Bioflavonoids,,,
QC05CA01,Rutosid,Rutoside,,,
QC05CA02,Monoxerutin,Monoxerutin,,,
QC05CA03,Diosmin,Diosmin,,,
QC05CA04,Troxerutin,Troxerutin,,,
QC05CA05,Hidrosmin,Hidrosmin,,,
QC05CA51,"Rutosid, kombinationer","Rutoside, combinations",,,
QC05CA53,"Diosmin, kombinationer","Diosmin, combinations",,,
QC05CA54,"Troxerutin, kombinationer","Troxerutin, combinations",,,
QC05CX,Övriga kapillärstabiliserande medel,Other capillary stabilizing agents,,,
QC05CX01,Tribenosid,Tribenoside,,,
QC05CX02,Naftazon,Naftazone,,,
QC05CX03,Hippocastani semen,Hippocastani semen,,,
QC05X,Övriga kärlskyddande medel,OTHER VASOPROTECTIVES,,,
QC05XX,Övriga kärlskyddande medel,Other vasoprotectives,,,
QC05XX01,Beperminogen-perplasmid,Beperminogene perplasmid,,,
QC05XX90,Beraprost,Beraprost,,,
QC07,Beta-receptorblockerande medel,Beta blocking agents,,,
QC07A,Beta-receptorblockerande medel,Beta blocking agents,,,
QC07AA,"Beta-receptorblockerande medel, icke-selektiva","Beta blocking agents, non-selective",,,
QC07AA01,Alprenolol,Alprenolol,,,
QC07AA02,Oxprenolol,Oxprenolol,,,
QC07AA03,Pindolol,Pindolol,,,
QC07AA05,Propranolol,Propranolol,,,
QC07AA06,Timolol,Timolol,,,
QC07AA07,Sotalol,Sotalol,,,
QC07AA12,Nadolol,Nadolol,,,
QC07AA14,Mepindolol,Mepindolol,,,
QC07AA15,Karteolol,Carteolol,,,
QC07AA16,Tertatolol,Tertatolol,,,
QC07AA17,Bopindolol,Bopindolol,,,
QC07AA19,Bupranolol,Bupranolol,,,
QC07AA23,Penbutolol,Penbutolol,,,
QC07AA27,Kloranolol,Cloranolol,,,
QC07AA57,"Sotalol, kombinationer","Sotalol, combinations",,,2016-12-31
QC07AA90,Karazolol,Carazolol,,,
QC07AB,Selektiva beta-receptorblockerande medel,"Beta blocking agents, selective",,,
QC07AB01,Praktolol,Practolol,,,
QC07AB02,Metoprolol,Metoprolol,,,
QC07AB03,Atenolol,Atenolol,,,
QC07AB04,Acebutolol,Acebutolol,,,
QC07AB05,Betaxolol,Betaxolol,,,
QC07AB06,Bevantolol,Bevantolol,,,
QC07AB07,Bisoprolol,Bisoprolol,,,
QC07AB08,Celiprolol,Celiprolol,,,
QC07AB09,Esmolol,Esmolol,,,
QC07AB10,Epanolol,Epanolol,,,
QC07AB11,S-atenolol,S-atenolol,,,
QC07AB12,Nebivolol,Nebivolol,,,
QC07AB13,Talinolol,Talinolol,,,
QC07AB14,Landiolol,Landiolol,,,
QC07AB52,"Metoprolol, kombinationer","Metoprolol, combinations",,,2016-12-31
QC07AB57,"Bisoprolol, kombinationer","Bisoprolol, combinations",,,2016-12-31
QC07AG,Alfa- och beta-receptorblockerande medel,Alpha and beta blocking agents,,,
QC07AG01,Labetalol,Labetalol,,,
QC07AG02,Karvedilol,Carvedilol,,,
QC07B,Beta-receptorblockerande medel och tiazider,Beta blocking agents and thiazides,,,
QC07BA,Icke-selektiva beta-receptorblockerare och tiazider,"Beta blocking agents, non-selective and thiazides",,,
QC07BA02,Oxprenolol och tiazider,Oxprenolol and thiazides,,,
QC07BA05,Propranolol och tiazider,Propranolol and thiazides,,,
QC07BA06,Timolol och tiazider,Timolol and thiazides,,,
QC07BA07,Sotalol och tiazider,Sotalol and thiazides,,,
QC07BA12,Nadolol och tiazider,Nadolol and thiazides,,,
QC07BA68,"Metipranolol och tiazider, kombinationer","Metipranolol and thiazides, combinations",,,
QC07BB,Selektiva beta-receptorblockerare och tiazider,"Beta blocking agents, selective, and thiazides",,,
QC07BB02,Metoprolol och tiazider,Metoprolol and thiazides,,,
QC07BB03,Atenolol och tiazider,Atenolol and thiazides,,,
QC07BB04,Acebutolol och tiazider,Acebutolol and thiazides,,,
QC07BB06,Bevantolol och tiazider,Bevantolol and thiazides,,,
QC07BB07,Bisoprolol och tiazider,Bisoprolol and thiazides,,,
QC07BB12,Nebivolol och tiazider,Nebivolol and thiazides,,,
QC07BB52,"Metoprolol och tiazider, kombinationer","Metoprolol and thiazides, combinations",,,
QC07BG,Alfa- och beta-receptorblockerande medel och tiazider,Alpha and beta blocking agents and thiazides,,,
QC07BG01,Labetalol och tiazider,Labetalol and thiazides,,,
QC07C,Beta-receptorblockerande medel och övriga diuretika,Beta blocking agents and other diuretics,,,
QC07CA,Icke-selektiva beta-receptorblockerare och övriga diuretika,"Beta blocking agents, non-selective and other diuretics",,,
QC07CA02,Oxprenolol och övriga diuretika,Oxprenolol and other diuretics,,,
QC07CA03,Pindolol och övriga diuretika,Pindolol and other diuretics,,,
QC07CA17,Bopindolol och övriga diuretika,Bopindolol and other diuretics,,,
QC07CA23,Penbutolol och övriga diuretika,Penbutolol and other diuretics,,,
QC07CB,Selektiva beta-receptorblockerare och övriga diuretika,"Beta blocking agents, selective, and other diuretics",,,
QC07CB02,Metoprolol och övriga diuretika,Metoprolol and other diuretics,,,
QC07CB03,Atenolol och övriga diuretika,Atenolol and other diuretics,,,
QC07CB53,"Atenolol och övriga diuretika, kombinationer","Atenolol and other diuretics, combinations",,,
QC07CG,Alfa- och beta-receptorblockerande medel och övriga diuretika,Alpha and beta blocking agents and other diuretics,,,
QC07CG01,Labetalol och övriga diuretika,Labetalol and other diuretics,,,
QC07D,"Beta-receptorblockerande medel, tiazider och övriga diuretika","Beta blocking agents, thiazides and other diuretics",,,
QC07DA,"Icke-selektiva beta-receptorblockerare, tiazider och övriga diuretika","Beta blocking agents, non-selective, thiazides and other diuretics",,,
QC07DA06,"Timolol, tiazider och övriga diuretika","Timolol, thiazides and other diuretics",,,
QC07DB,"Selektiva beta-receptorblockerare, tiazider och övriga diuretika","Beta blocking agents, selective, thiazides and other diuretics",,,
QC07DB01,"Atenolol, tiazider och övriga diuretika","Atenolol, thiazides and other diuretics",,,
QC07E,Beta-receptorblockerande medel och kärlvidgande medel,Beta blocking agents and vasodilatators,,,
QC07EA,Icke-selektiva beta-receptorblockerare och kärlvidgande medel,"Beta blocking agents, non-selective, and vasodilatators",,,
QC07EB,Selektiva beta-receptorblockerare och kärlvidgande medel,"Beta blocking agents, selective, and vasodilatators",,,
QC07F,"Beta-receptorblockerande medel, övriga kombinationer","Beta blocking agents, other combinations",,,
QC07FA,Icke-selektiva beta-receptorblockerare och andra antihypertensiva medel,"Beta blocking agents, non-selective, and other antihypertensives",,,2016-12-31
QC07FA05,Propranolol och andra antihypertensiva medel,Propranolol and other antihypertensives,,,2016-12-31
QC07FB,Beta-receptorblockerande medel och kalciumantagonister,Beta blocking agents and calcium channel blockers,,,
QC07FB02,Metoprolol och felodipin,Metoprolol and felodipine,,,
QC07FB03,Atenolol och nifedipin,Atenolol and nifedipine,,,
QC07FB07,Bisoprolol och amlodipin,Bisoprolol and amlodipine,,,
QC07FB12,Nevibolol och amlodipin,Nevibolol and amlodipine,,,
QC07FB13,Metoprolol och amlodipin,Metoprolol and amlodipine,,,
QC07FX,"Beta-receptorblockerande medel, övriga kombinationer","Beta blocking agents, other combinations",,,
QC07FX01,Propranolol och övriga kombinationer,Propranolol and other combinations,,,
QC07FX02,Sotalol och acetylsalicylsyra,Sotalol and acetylsalicylic acid,,,
QC07FX03,Metoprolol och acetylsalicylsyra,Metoprolol and acetylsalicylic acid,,,
QC07FX04,Bisoprolol och acetylsalicylsyra,Bisoprolol and acetylsalicylic acid,,,
QC07FX05,Metoprolol och ivabradin,Metoprolol and ivabradine,,,
QC07FX06,Karvedilol och ivabradin,Carvedilol and ivabradine,,,
QC08,Kalciumantagonister,Calcium channel blockers,,,
QC08C,Kalciumantagonister med övervägande kärlselektiv effekt,Selective calcium channel blockers with mainly vascular effects,,,
QC08CA,Dihydropyridinderivat,Dihydropyridine derivatives,,,
QC08CA01,Amlodipin,Amlodipine,,,
QC08CA02,Felodipin,Felodipine,,,
QC08CA03,Isradipin,Isradipine,,,
QC08CA04,Nikardipin,Nicardipine,,,
QC08CA05,Nifedipin,Nifedipine,,,
QC08CA06,Nimodipin,Nimodipine,,,
QC08CA07,Nisoldipin,Nisoldipine,,,
QC08CA08,Nitrendipin,Nitrendipine,,,
QC08CA09,Lacidipin,Lacidipine,,,
QC08CA10,Nilvadipin,Nilvadipine,,,
QC08CA11,Manidipin,Manidipine,,,
QC08CA12,Barnidipin,Barnidipine,,,
QC08CA13,Lerkanidipin,Lercanidipine,,,
QC08CA14,Cilnidipin,Cilnidipine,,,
QC08CA15,Benidipin,Benidipine,,,
QC08CA16,Klevidipin,Clevidipine,,,
QC08CA17,Levamlodipin,Levamlodipine,,,
QC08CA51,Amlodipin och celecoxib,Amlodipine and celecoxib,,,
QC08CA55,"Nifedipin, kombinationer","Nifedipine, combinations",,,
QC08CX,Övriga selektiva kalciumantagonister med främst vaskulär effekt,Other selective calcium channel blockers with mainly vascular effects,,,
QC08CX01,Mibefradil,Mibefradil,,,
QC08D,Kalciumantagonister med direkt hjärtselektiv effekt,Selective calcium channel blockers with direct cardiac effects,,,
QC08DA,Fenylalkylaminderivat,Phenylalkylamine derivatives,,,
QC08DA01,Verapamil,Verapamil,,,
QC08DA02,Gallopamil,Gallopamil,,,
QC08DA03,Etripamil,Etripamil,,,
QC08DA51,"Verapamil, kombinationer","Verapamil, combinations",,,
QC08DB,Bensotiazepinderivat,Benzothiazepine derivatives,,,
QC08DB01,Diltiazem,Diltiazem,,,
QC08E,Icke-selektiva kalciumantagonister,Non-selective calcium channel blockers,,,
QC08EA,Fenylalkylaminderivat,Phenylalkylamine derivatives,,,
QC08EA01,Fendilin,Fendiline,,,
QC08EA02,Bepridil,Bepridil,,,
QC08EX,Övriga icke-selektiva kalciumantagonister,Other non-selective calcium channel blockers,,,
QC08EX01,Lidoflazin,Lidoflazine,,,
QC08EX02,Perhexilin,Perhexiline,,,
QC08G,Kalciumantagonister och diuretika,Calcium channel blockers and diuretics,,,
QC08GA,Kalciumantagonister och diuretika,Calcium channel blockers and diuretics,,,
QC08GA01,Nifedipin och diuretika,Nifedipine and diuretics,,,
QC08GA02,Amlodipin och diuretika,Amlodipine and diuretics,,,
QC09,Medel som påverkar renin-angiotensinsystemet,Agents acting on the renin-angiotensin system,,,
QC09A,ACE-hämmare,"ACE inhibitors, plain",,,
QC09AA,ACE-hämmare,"ACE inhibitors, plain",,,
QC09AA01,Kaptopril,Captopril,,,
QC09AA02,Enalapril,Enalapril,,,
QC09AA03,Lisinopril,Lisinopril,,,
QC09AA04,Perindopril,Perindopril,,,
QC09AA05,Ramipril,Ramipril,,,
QC09AA06,Kinapril,Quinapril,,,
QC09AA07,Benazepril,Benazepril,,,
QC09AA08,Cilazapril,Cilazapril,,,
QC09AA09,Fosinopril,Fosinopril,,,
QC09AA10,Trandolapril,Trandolapril,,,
QC09AA11,Spirapril,Spirapril,,,
QC09AA12,Delapril,Delapril,,,
QC09AA13,Moexipril,Moexipril,,,
QC09AA14,Temokapril,Temocapril,,,
QC09AA15,Zofenopril,Zofenopril,,,
QC09AA16,Imidapril,Imidapril,,,
QC09B,"ACE-hämmare, kombinationer","ACE inhibitors, combinations",,,
QC09BA,ACE-hämmare och diuretika,ACE inhibitors and diuretics,,,
QC09BA01,Kaptopril och diuretika,Captopril and diuretics,,,
QC09BA02,Enalapril och diuretika,Enalapril and diuretics,,,
QC09BA03,Lisinopril och diuretika,Lisinopril and diuretics,,,
QC09BA04,Perindopril och diuretika,Perindopril and diuretics,,,
QC09BA05,Ramipril och diuretika,Ramipril and diuretics,,,
QC09BA06,Kinapril och diuretika,Quinapril and diuretics,,,
QC09BA07,Benazepril och diuretika,Benazepril and diuretics,,,
QC09BA08,Cilazapril och diuretika,Cilazapril and diuretics,,,
QC09BA09,Fosinopril och diuretika,Fosinopril and diuretics,,,
QC09BA12,Delapril och diuretika,Delapril and diuretics,,,
QC09BA13,Moexipril och diuretika,Moexipril and diuretics,,,
QC09BA15,Zofenopril och diuretika,Zofenopril and diuretics,,,
QC09BB,ACE-hämmare och kalciumantagonister,ACE inhibitors and calcium channel blockers,,,
QC09BB02,Enalapril och lerkanidipin,Enalapril and lercanidipine,,,
QC09BB03,Lisinopril och amlodipin,Lisinopril and amlodipine,,,
QC09BB04,Perindopril och amlodipin,Perindopril and amlodipine,,,
QC09BB05,Ramipril och felodipin,Ramipril and felodipine,,,
QC09BB06,Enalapril och nitrendipin,Enalapril and nitrendipine,,,
QC09BB07,Ramipril och amlodipin,Ramipril and amlodipine,,,
QC09BB10,Trandolapril och verapamil,Trandolapril and verapamil,,,
QC09BB12,Delapril och manidipin,Delapril and manidipine,,,
QC09BB13,Benazepril och amlodipin,Benazepril and amlodipine,,,
QC09BB14,Zofenopril och amlodipin,Zofenopril and amlodipine,,,
QC09BX,"ACE-hämmare, övriga kombinationer","ACE inhibitors, other combinations",,,
QC09BX01,"Perindopril, amlodipin och indapamid","Perindopril, amlodipine and indapamide",,,
QC09BX02,Perindopril och bisoprolol,Perindopril and bisoprolol,,,
QC09BX03,"Ramipril, amlodipin och hydroklortiazid","Ramipril, amlodipine and hydrochlorothiazide",,,
QC09BX04,"Perindopril, bisoprolol och amlodipin","Perindopril, bisoprolol and amlodipine",,,
QC09BX05,Ramipril och bisoprolol,Ramipril and bisoprolol,,,
QC09BX06,"Perindopril, bisoprolol, amlodipin och indapamid","Perindopril, bisoprolol, amlodipine and indapamide",,,
QC09BX07,Zofenopril och nebivolol,Zofenopril and nebivolol,,,
QC09BX90,Benazepril och pimobendan,Benazepril and pimobendan,,,
QC09C,Angiotensin II receptorblockerare (ARBs),"Angiotensin II receptor blockers (ARBs), plain",,,
QC09CA,Angiotensin II receptorblockerare (ARBs),"Angiotensin II receptor blockers (ARBs), plain",,,
QC09CA01,Losartan,Losartan,,,
QC09CA02,Eprosartan,Eprosartan,,,
QC09CA03,Valsartan,Valsartan,,,
QC09CA04,Irbesartan,Irbesartan,,,
QC09CA05,Tasosartan,Tasosartan,,,
QC09CA06,Kandesartan,Candesartan,,,
QC09CA07,Telmisartan,Telmisartan,,,
QC09CA08,Olmesartanmedoxomil,Olmesartan medoxomil,,,
QC09CA09,Azilsartanmedoxomil,Azilsartan medoxomil,,,
QC09CA10,Fimasartan,Fimasartan,,,
QC09D,"Angiotensin II receptorblockerare (ARBs), kombinationer","Angiotensin II receptor blockers (ARBs), combinations",,,
QC09DA,Angiotensin II receptorblockerare (ARBs) och diuretika,Angiotensin II receptor blockers (ARBs) and diuretics,,,
QC09DA01,Losartan och diuretika,Losartan and diuretics,,,
QC09DA02,Eprosartan och diuretika,Eprosartan and diuretics,,,
QC09DA03,Valsartan och diuretika,Valsartan and diuretics,,,
QC09DA04,Irbesartan och diuretika,Irbesartan and diuretics,,,
QC09DA06,Kandesartan och diuretika,Candesartan and diuretics,,,
QC09DA07,Telmisartan och diuretika,Telmisartan and diuretics,,,
QC09DA08,Olmesartanmedoxomil och diuretika,Olmesartan medoxomil and diuretics,,,
QC09DA09,Azilsartanmedoxomil och diuretika,Azilsartan medoxomil and diuretics,,,
QC09DA10,Fimasartan och diuretika,Fimasartan and diuretics,,,
QC09DB,Angiotensin II receptorblockerare (ARBs) och kalciumantagonister,Angiotensin II receptor blockers (ARBs) and calcium channel blockers,,,
QC09DB01,Valsartan och amlodipin,Valsartan and amlodipine,,,
QC09DB02,Olmesartanmedoxomil och amlodipin,Olmesartan medoxomil and amlodipine,,,
QC09DB04,Telmisartan och amlodipin,Telmisartan and amlodipine,,,
QC09DB05,Irbesartan och amlodipin,Irbesartan and amlodipine,,,
QC09DB06,Losartan och amlodipin,Losartan and amlodipine,,,
QC09DB07,Kandesartan och amlodipin,Candesartan and amlodipine,,,
QC09DB08,Valsartan och lerkanidipin,Valsartan and lercanidipine,,,
QC09DB09,Fimasartan och amlodipin,Fimasartan and amlodipine,,,
QC09DX,"Angiotensin II receptorblockerare (ARBs), övriga kombinationer","Angiotensin II receptor blockers (ARBs), other combinations",,,
QC09DX01,"Valsartan, amlodipin och hydroklortiazid","Valsartan, amlodipine and hydrochlorothiazide",,,
QC09DX02,Valsartan och aliskiren,Valsartan and aliskiren,,,
QC09DX03,"Olmesartanmedoxomil, amlodipin och hydroklortiazid","Olmesartan medoxomil, amlodipine and hydrochlorothiazide",,,
QC09DX04,Valsartan och sakubitril,Valsartan and sacubitril,,,
QC09DX05,Valsartan och nebivolol,Valsartan and nebivolol,,,
QC09DX06,"Kandesartan, amlodipin och hydroklortiazid","Candesartan, amlodipine and hydrochlorothiazide",,,
QC09DX07,"Irbesartan, amlodipin och hydroklortiazid","Irbesartan, amlodipine and hydrochlorothiazide",,,
QC09DX08,"Telmisartan, amlodipin och hydroklortiazid","Telmisartan, amlodipine and hydrochlorothiazide",,,
QC09DX09,"Kandesartan, amlodipin och indapamid","Candesartan, amlodipine and indapamide",,,
QC09X,Övriga medel som påverkar renin-angiotensinsystemet,Other agents acting on the renin-angiotensin system,,,
QC09XA,Renin-hämmare,Renin-inhibitors,,,
QC09XA01,Remikiren,Remikiren,,,
QC09XA02,Aliskiren,Aliskiren,,,
QC09XA52,Aliskiren och hydroklortiazid,Aliskiren and hydrochlorothiazide,,,
QC09XA53,Aliskiren och amlodipin,Aliskiren and amlodipine,,,
QC09XA54,"Aliskiren, amlodipin och hydroklortiazid","Aliskiren, amlodipine and hydrochlorothiazide",,,
QC09XX,Övriga medel som påverkar renin-angiotensinsystemet,Other agents acting on the renin-angiotensin system,,,
QC09XX01,Sparsentan,Sparsentan,,,
QC10,Medel som påverkar serumlipidnivåerna,Lipid modifying agents,,,
QC10A,Medel som påverkar serumlipidnivåerna,"Lipid modifying agents, plain",,,
QC10AA,HMG CoA reduktas-hämmare,HMG CoA reductase inhibitors,,,
QC10AA01,Simvastatin,Simvastatin,,,
QC10AA02,Lovastatin,Lovastatin,,,
QC10AA03,Pravastatin,Pravastatin,,,
QC10AA04,Fluvastatin,Fluvastatin,,,
QC10AA05,Atorvastatin,Atorvastatin,,,
QC10AA06,Cerivastatin,Cerivastatin,,,
QC10AA07,Rosuvastatin,Rosuvastatin,,,
QC10AA08,Pitavastatin,Pitavastatin,,,
QC10AB,Fibrater,Fibrates,,,
QC10AB01,Klofibrat,Clofibrate,,,
QC10AB02,Bezafibrat,Bezafibrate,,,
QC10AB03,Aluminiumklofibrat,Aluminium clofibrate,,,
QC10AB04,Gemfibrozil,Gemfibrozil,,,
QC10AB05,Fenofibrat,Fenofibrate,,,
QC10AB06,Simfibrat,Simfibrate,,,
QC10AB07,Ronifibrat,Ronifibrate,,,
QC10AB08,Ciprofibrat,Ciprofibrate,,,
QC10AB09,Etofibrat,Etofibrate,,,
QC10AB10,Klofibrid,Clofibride,,,
QC10AB11,Kolinfenofibrat,choline fenofibrate,,,
QC10AB12,Pemafibrat,Pemafibrate,,,
QC10AC,Resiner,Bile acid sequestrants,,,
QC10AC01,Kolestyramin,Colestyramine,,,
QC10AC02,Kolestipol,Colestipol,,,
QC10AC03,Kolextran,Colextran,,,
QC10AC04,Kolesevelam,Colesevelam,,,
QC10AD,Nikotinsyra och derivat,Nicotinic acid and derivatives,,,
QC10AD01,Niceritrol,Niceritrol,,,
QC10AD02,Nikotinsyra,Nicotinic acid,,,
QC10AD03,Nikofuranos,Nicofuranose,,,
QC10AD04,Aluminiumnikotinat,Aluminium nicotinate,,,
QC10AD05,Nikotinylalkohol (pyridylkarbinol),Nicotinyl alcohol (pyridylcarbinol),,,
QC10AD06,Acipimox,Acipimox,,,
QC10AD52,"Nikotinsyra, kombinationer","Nicotinic acid, combinations",,,
QC10AX,Övriga medel som påverkar serumlipidnivåerna,Other lipid modifying agents,,,
QC10AX01,Dextrotyroxin,Dextrothyroxine,,,
QC10AX02,Probukol,Probucol,,,
QC10AX03,Tiadenol,Tiadenol,,,
QC10AX05,Meglutol,Meglutol,,,
QC10AX06,Omega-3-triglycerider inkl. övriga estrar och syror,Omega-3-triglycerides incl. other esters and acids,,,
QC10AX07,Magnesium pyridoxal 5-fosfat glutamat,Magnesium pyridoxal 5-phosphate glutamate,,,
QC10AX08,Polikosanol,Policosanol,,,
QC10AX09,Ezetimib,Ezetimibe,,,
QC10AX10,Alipogen-tiparvovek,Alipogene tiparvovec,,,
QC10AX11,Mipomersen,Mipomersen,,,
QC10AX12,Lomitapid,Lomitapide,,,
QC10AX13,Evolokumab,Evolocumab,,,
QC10AX14,Alirokumab,Alirocumab,,,
QC10AX15,bempedinsyra,Bempedoic acid,,,
QC10AX16,Inklisiran,Inclisiran,,,
QC10AX17,Evinakumab,Evinacumab,,,
QC10AX18,Volanesorsen,Volanesorsen,,,
QC10AX19,Lerodalcibep,Lerodalcibep,,,
QC10B,"Medel som påverkar serumlipidnivåerna, kombinationer","Lipid modifying agents, combinations",,,
QC10BA,Kombinationer av olika medel som påverkar serumlipidnivåerna,Combinations of various lipid modifying agents,,,
QC10BA01,Lovastatin och nikotinsyra,Lovastatin and nicotinic acid,,,
QC10BA02,Simvastatin och ezetimib,Simvastatin and ezetimibe,,,
QC10BA03,Pravastatin och fenofibrat,Pravastatin and fenofibrate,,,
QC10BA04,Simvastatin och fenofibrat,Simvastatin and fenofibrate,,,
QC10BA05,Atorvastatin och ezetimib,Atorvastatin and ezetimibe,,,
QC10BA06,Rosuvastatin och ezetimib,Rosuvastatin and ezetimibe,,,
QC10BA07,Rosuvastatin och omega-3-fettsyror,Rosuvastatin and omega-3 fatty acids,,,
QC10BA08,Atorvastatin och omega-3-fettsyror,Atorvastatin and omega-3 fatty acids,,,
QC10BA09,Rosuvastatin och fenofibrat,Rosuvastatin and fenofibrate,,,
QC10BA10,Bempedinsyra och ezetimib,Bempedoic acid and ezetimibe,,,
QC10BA11,Pravastatin och ezetimib,Pravastatin and ezetimibe,,,
QC10BA12,"Pravastatin, ezetimib och fenofibrat","Pravastatin, ezetimibe and fenofibrate",,,
QC10BA13,Pitavastatin och ezetimib,Pitavastatin and ezetimibe,,,
QC10BA14,Pitavastatin och fenofibrat,Pitavastatin and fenofibrate,,,
QC10BA15,"Rosuvastatin, ezetimib och fenofibrat","Rosuvastatin, ezetimibe and fenofibrate",,,
QC10BA16,Atorvastatin och fenofibrat,Atorvastatin and fenofibrate,,,
QC10BX,Medel som påverkar serumlipidnivåerna i kombination med övriga medel,Lipid modifying agents in combination with other drugs,,,
QC10BX01,Simvastatin och acetylsalicylsyra,Simvastatin and acetylsalicylic acid,,,
QC10BX02,Pravastatin och acetylsalicylsyra,Pravastatin and acetylsalicylic acid,,,
QC10BX03,Atorvastatin och amlodipin,Atorvastatin and amlodipine,,,
QC10BX04,"Simvastatin, acetylsalicylsyra och ramipril","Simvastatin, acetylsalicylic acid and ramipril",,,
QC10BX05,Rosuvastatin och acetylsalisylsyra,Rosuvastatin and acetylsalisylic acid,,,
QC10BX06,"Atorvastatin, acetylsalicylsyra och ramipril","Atorvastatin, acetylsalicylic acid and ramipril",,,
QC10BX07,"Rosuvastatin, amlodipin och lisinopril","Rosuvastatin, amlodipine and lisinopril",,,
QC10BX08,Atorvastatin och acetylsalicylsyra,Atorvastatin and acetylsalicylic acid,,,
QC10BX09,Rosuvastatin och amlodipin,Rosuvastatin and amlodipine,,,
QC10BX10,Rosuvastatin och valsartan,Rosuvastatin and valsartan,,,
QC10BX11,"Atorvastatin, amlodipin och perindopril","Atorvastatin, amlodipine and perindopril",,,
QC10BX12,"Atorvastatin, acetylsalicylsyra och perindopril","Atorvastatin, acetylsalicylic acid and perindopril",,,
QC10BX13,"Rosuvastatin, perindopril och indapamid","Rosuvastatin, perindopril and indapamide",,,
QC10BX14,"Rosuvastatin, amlodipin och perindopril","Rosuvastatin, amlodipine and perindopril",,,
QC10BX15,Atorvastatin och perindopril,Atorvastatin and perindopril,,,
QC10BX16,Rosuvastatin och fimasartan,Rosuvastatin and fimasartan,,,
QC10BX17,Rosuvastatin och ramipril,Rosuvastatin and ramipril,,,
QC10BX18,"Atorvastatin, amlodipin och ramipril","Atorvastatin, amlodipine and ramipril",,,
QC10BX19,"Atorvastatin, amlodipin och kandesartan","Atorvastatin, amlodipine and candesartan",,,
QC10BX20,Rosuvastatin och telmisartan,Rosuvastatin and telmisartan,,,
QC10BX21,Rosuvastatin och perindopril,Rosuvastatin and perindopril,,,
QC10BX22,Rosuvastatin och nebivolol,Rosuvastatin and nebivolol,,,
QC10BX23,"Rosuvastatin, amlodipin och ramipril","Rosuvastatin, amlodipine and ramipril",,,
QC10BX24,"Rosuvastatin, amlodipin och telmisartan","Rosuvastatin, amlodipine and telmisartan",,,
QD,Hudpreparat,Dermatologicals,,,
QD01,Svampmedel för utvärtes bruk,Antifungals for dermatological use,,,
QD01A,Svampmedel för utvärtes bruk,Antifungals for topical use,,,
QD01AA,Antibiotika,Antibiotics,,,
QD01AA01,Nystatin,Nystatin,,,
QD01AA02,Natamycin,Natamycin,,,
QD01AA03,Hakimycin,Hachimycin,,,
QD01AA04,Pecilocin,Pecilocin,,,
QD01AA06,Mepartricin,Mepartricin,,,
QD01AA07,Pyrrolnitrin,Pyrrolnitrin,,,
QD01AA08,Griseofulvin,Griseofulvin,,,
QD01AA20,Antibiotika i kombination med kortikosteroider,Antibiotics in combination with corticosteroids,,,
QD01AC,Imidazol- och triazolderivat,Imidazole and triazole derivatives,,,
QD01AC01,Klotrimazol,Clotrimazole,,,
QD01AC02,Mikonazol,Miconazole,,,
QD01AC03,Ekonazol,Econazole,,,
QD01AC04,Klormidazol,Chlormidazole,,,
QD01AC05,Isokonazol,Isoconazole,,,
QD01AC06,Tiabendazol,Tiabendazole,,,
QD01AC07,Tiokonazol,Tioconazole,,,
QD01AC08,Ketokonazol,Ketoconazole,,,
QD01AC09,Sulkonazol,Sulconazole,,,
QD01AC10,Bifonazol,Bifonazole,,,
QD01AC11,Oxikonazol,Oxiconazole,,,
QD01AC12,Fentikonazol,Fenticonazole,,,
QD01AC13,Omokonazol,Omoconazole,,,
QD01AC14,Sertakonazol,Sertaconazole,,,
QD01AC15,Flukonazol,Fluconazole,,,
QD01AC16,Flutrimazol,Flutrimazole,,,
QD01AC17,Eberkonazol,Eberconazole,,,
QD01AC18,Lulikonazol,Luliconazole,,,
QD01AC19,Efinakonazol,Efinaconazole,,,
QD01AC20,Imidazoler/triazoler i kombination med kortikosteroider,Imidazoles/triazoles in combination with corticosteroids,,,
QD01AC21,Netikonazol,Neticonazole,,,
QD01AC22,Lanokonazol,Lanoconazole,,,
QD01AC52,"Mikonazol, kombinationer","Miconazole, combinations",,,
QD01AC60,"Bifonazol, kombinationer","Bifonazole, combinations",,,
QD01AC90,Enilkonazol,Enilconazole,,,
QD01AE,Övriga utvärtes medel vid hudmykoser,Other antifungals for topical use,,,
QD01AE01,Bromsalicylkloranilid,Bromochlorosalicylanilide,,,
QD01AE02,Metylrosanilin,Methylrosaniline,,,
QD01AE03,Tribromometakresol,Tribromometacresol,,,
QD01AE04,Undecylensyra,Undecylenic acid,,,
QD01AE05,Polynoxylin,Polynoxylin,,,
QD01AE06,Klorfenoxietanol,2-(4-chlorphenoxy)-ethanol,,,
QD01AE07,Klorfenesin,Chlorphenesin,,,
QD01AE08,Tiklaton,Ticlatone,,,
QD01AE09,Sulbentin,Sulbentine,,,
QD01AE10,Etylhydroxibensoat,Ethyl hydroxybenzoate,,,
QD01AE11,Haloprogin,Haloprogin,,,
QD01AE12,Salicylsyra,Salicylic acid,,,
QD01AE13,Selensulfid,Selenium sulfide,,,
QD01AE14,Ciklopirox,Ciclopirox,,,
QD01AE15,Terbinafin,Terbinafine,,,
QD01AE16,Amorolfin,Amorolfine,,,
QD01AE17,Dimazol,Dimazole,,,
QD01AE18,Tolnaftat,Tolnaftate,,,
QD01AE19,Tolciklat,Tolciclate,,,
QD01AE20,Kombinationer,Combinations,,,
QD01AE21,Flucytosin,Flucytosine,,,
QD01AE22,Naftifin,Naftifine,,,
QD01AE23,Butenafin,Butenafine,,,
QD01AE24,Tavaborol,Tavaborole,,,
QD01AE25,Liranaftat,Liranaftate,,,
QD01AE54,"Undecylensyra, kombinationer","Undecylenic acid, combinations",,,
QD01AE91,Bronopol,Bronopol,,,
QD01AE92,Bensuldazinsyra,Bensuldazic acid,,,
QD01B,Svampmedel för systemiskt bruk,Antifungals for systemic use,,,
QD01BA,Svampmedel för systemiskt bruk,Antifungals for systemic use,,,
QD01BA01,Griseofulvin,Griseofulvin,,,
QD01BA02,Terbinafin,Terbinafine,,,
QD01BA03,Fosravukonazol,Fosravuconazole,,,
QD02,Hudskyddande och uppmjukande medel,Emollients and protectives,,,
QD02A,Hudskyddande och uppmjukande medel,Emollients and protectives,,,
QD02AA,Silikonpreparat,Silicone products,,,
QD02AB,Zinkpreparat,Zinc products,,,
QD02AC,Mjukt paraffin och fettprodukter,Soft paraffin and fat products,,,
QD02AD,Flytande plåster,Liquid plasters,,,
QD02AE,Karbamidpreparat,Carbamide products,,,
QD02AE01,Karbamid,Carbamide,,,
QD02AE51,"Karbamid, kombinationer","Carbamide, combinations",,,
QD02AF,Salicylsyrapreparat,Salicylic acid preparations,,,
QD02AX,Övriga hudskyddande och uppmjukande medel,Other emollients and protectives,,,
QD02B,Medel som skyddar mot UV-strålning,Protectives against UV-radiation,,,
QD02BA,"Medel som skyddar mot UV-strålning, utvärtes",Protectives against UV-radiation for topical use,,,
QD02BA01,Aminobensoesyra,Aminobenzoic acid,,,
QD02BA02,Oktinoxat,Octinoxate,,,
QD02BB,"Medel som skyddar mot UV-strålning, systemiska",Protectives against UV-radiation for systemic use,,,
QD02BB01,Betakaroten,Betacarotene,,,
QD02BB02,Afamelanotid,Afamelanotide,,,
QD03,Medel vid sår- och brännskador,Preparations for treatment of wounds and ulcers,,,
QD03A,Medel vid sår- och brännskador,Cicatrizants,,,
QD03AA,"Torskleverolja, salva",Cod-liver oil ointments,,,
QD03AX,Övriga medel vid sår-och brännskador,Other cicatrizants,,,
QD03AX01,Kadexomerjod,Cadexomer iodine,,,
QD03AX02,Dextranomer,Dextranomer,,,
QD03AX03,Dexapantenol,Dexpanthenol,,,
QD03AX04,Kalciumpantotenat,Calcium pantothenate,,,
QD03AX05,Hyaluronsyra,Hyaluronic acid,,,
QD03AX06,Bekaplermin,Becaplermin,,,
QD03AX09,Krilanomer,Crilanomer,,,
QD03AX10,Enoxolon,Enoxolone,,,
QD03AX11,Natriumklorit,Sodium chlorite,,,
QD03AX12,Trolamin,Trolamine,,,
QD03AX13,"Björk, bark",Betulae cortex,,,
QD03AX14,"Sallatsspikblad, ört inkl. kombinationer","Centella asiatica herba, incl. combinations",,,
QD03AX15,Trafermin,Trafermin,,,
QD03AX16,Beremagen-geperpavek,Beremagene geperpavec,,,
QD03AX17,Diperoxoklorsyra,Diperoxochloric acid,,,
QD03AX90,Ketanserin,Ketanserin,,,
QD03B,Enzymer,Enzymes,,,
QD03BA,Proteolytiska enzymer,Proteolytic enzymes,,,
QD03BA01,Trypsin,Trypsin,,,
QD03BA02,Kollagenas,Collagenase,,,
QD03BA03,Bromelainer,Bromelains,,,
QD03BA52,"Kollagenas, kombinationer","Collagenase, combinations",,,
QD04,"Klådstillande medel, inkl. antihistaminer, anestetika etc.","Antipruritics, incl. antihistamines, anesthetics, etc.",,,
QD04A,"Klådstillande medel, inkl. antihistaminer, anestetika etc.","Antipruritics, incl. antihistamines, anesthetics, etc.",,,
QD04AA,Antihistaminer för utvärtes bruk,Antihistamines for topical use,,,
QD04AA01,Tonzylamin,Thonzylamine,,,
QD04AA02,Mepyramin,Mepyramine,,,
QD04AA03,Tenalidin,Thenalidine,,,
QD04AA04,Tripelenamin,Tripelennamine,,,
QD04AA09,Kloropyramin,Chloropyramine,,,
QD04AA10,Prometazin,Promethazine,,,
QD04AA12,Tolpropamin,Tolpropamine,,,
QD04AA13,Dimetinden,Dimetindene,,,
QD04AA14,Klemastin,Clemastine,,,
QD04AA15,Bamipin,Bamipine,,,
QD04AA16,Feniramin,Pheniramine,,,
QD04AA22,Isotipendyl,Isothipendyl,,,
QD04AA32,Difenhydramin,Diphenhydramine,,,
QD04AA33,Difenhydraminmetylbromid,Diphenhydramine methylbromide,,,
QD04AA34,Klorfenoxamin,Chlorphenoxamine,,,
QD04AB,Lokalanestetika för utvärtes bruk,Anesthetics for topical use,,,
QD04AB01,Lidokain,Lidocaine,,,
QD04AB02,Cinkain,Cinchocaine,,,
QD04AB03,Oxibuprokain,Oxybuprocaine,,,
QD04AB04,Bensokain,Benzocaine,,,
QD04AB05,Kinisokain,Quinisocaine,,,
QD04AB06,Tetrakain,Tetracaine,,,
QD04AB07,Pramokain,Pramocaine,,,
QD04AB51,"Lidokain, kombinationer","Lidocaine, combinations",,,
QD04AX,Övriga klådstillande medel,Other antipruritics,,,
QD04AX01,Doxepin,Doxepin,,,
QD05,Medel vid seborré (ATC human: Medel vid psoriasis),Drugs for keratoseborrheic disorders (ATC Human: Antipsoriatics),,,
QD05A,"Medel vid seborré, utvärtes användning (ATC human Medel vid psoriasis för utvärtes bruk)","Drugs for keratoseborrheic disorders, topical use (ATC human: Antipsoriatics for topical use)",,,
QD05AA,Tjäror,Tars,,,
QD05AC,Antracenderivat,Antracen derivatives,,,
QD05AC01,Ditranol,Dithranol,,,
QD05AC51,"Ditranol, kombinationer","Dithranol, combinations",,,
QD05AD,Psoralener för utvärtes bruk,Psoralens for topical use,,,
QD05AD01,Trioxisalen,Trioxysalen,,,
QD05AD02,Metoxsalen,Methoxsalen,,,
QD05AX,"Övriga medel vid seborré, utvärtes användning (ATC human Övriga medel vid psoriasis för utvärtes bruk)",Other drugs for keratoseborrheic disorders for topical use (ATC human: Antipsoriatics for topical use),,,
QD05AX01,Fumarsyra,Fumaric acid,,,
QD05AX02,Kalcipotriol,Calcipotriol,,,
QD05AX03,Kalcitriol,Calcitriol,,,
QD05AX04,Takalcitol,Tacalcitol,,,
QD05AX05,Tazaroten,Tazarotene,,,
QD05AX06,Roflumilast,Roflumilast,,,
QD05AX07,Tapinarof,Tapinarof,,,
QD05AX52,"Kalcipotriol, kombinationer","Calcipotriol, combinations",,,
QD05AX55,Tazaroten och ulobetasol,Tazarotene and ulobetasol,,,
QD05B,"Medel vid seborré, systemiskt bruk (ATC human: Medel vid psoriasis för systemiskt bruk)","Drugs for keratoseborrheic disorders, systemic use (ATC human: Antipsoriatics for systemic use)",,,
QD05BA,Psoralener för systemiskt bruk,Psoralens for systemic use,,,
QD05BA01,Trioxisalen,Trioxysalen,,,
QD05BA02,Metoxsalen,Methoxsalen,,,
QD05BA03,Bergapten,Bergapten,,,
QD05BB,Retinoider för systemiskt bruk,Retinoids for for systemic use,,,
QD05BB01,Etretinat,Etretinate,,,
QD05BB02,Acitretin,Acitretin,,,
QD05BX,"Övriga medel vid seborré, systemiskt bruk (ATC human Övriga medel vid psoriasis för systemiskt bruk)",Other drugs for keratoseborrheic disorders for systemic use (ATC human: Antipsoriatics for topical use),,,
QD05BX51,"Derivat av fumarsyra, kombinationer","Fumaric acid derivatives, combinations",,,
QD06,Medel vid bakteriella och virala infektioner,Antibiotics and chemotherapeutics for dermatological use,,,
QD06A,Antibiotika för topikal användning,Antibiotics for topical use,,,
QD06AA,Tetracyklin och derivat,Tetracycline and derivatives,,,
QD06AA01,Demeklocyklin,Demeclocycline,,,
QD06AA02,Klortetracyklin,Chlortetracycline,,,
QD06AA03,Oxitetracyklin,Oxytetracycline,,,
QD06AA04,Tetracyklin,Tetracycline,,,
QD06AA52,"Klortetracyklin, kombinationer","Chlortetracycline, combinations",,,
QD06AA53,"Oxytetracyklin, kombinationer","Oxytetracycline, combinations",,,
QD06AA54,"Tetracyklin, kombinationer","Tetracycline, combinations",,,
QD06AA99,"Tetracykliner och derivat, kombinationer","Tetracycline and derivatives, combinations",,,2014-01-21
QD06AX,Övriga antibiotika för topikal användning,Other antibiotics for topical use,,,
QD06AX01,Fusidinsyra,Fusidic acid,,,
QD06AX02,Kloramfenikol,Chloramphenicol,,,
QD06AX04,Neomycin,Neomycin,,,
QD06AX05,Bacitracin,Bacitracin,,,
QD06AX07,Gentamicin,Gentamicin,,,
QD06AX08,Tyrotricin,Tyrothricin,,,
QD06AX09,Mupirocin,Mupirocin,,,
QD06AX10,Virginiamycin,Virginiamycin,,,
QD06AX11,Rifaximin,Rifaximin,,,
QD06AX12,Amikacin,Amikacin,,,
QD06AX13,Retapamulin,Retapamulin,,,
QD06AX14,Ozenoxacin,Ozenoxacin,,,
QD06AX15,Rifamycin,Rifamycin,,,
QD06AX99,"Övriga antibiotika för topikal användning, kombinationer","Other antibiotics for topical use, combinations",,,
QD06B,Kemoterapeutika för topikal användning,Chemotherapeutics for topical use,,,
QD06BA,Sulfonamider,Sulfonamides,,,
QD06BA01,Silversulfadiazin,Silver sulfadiazine,,,
QD06BA02,Sulfatiazol,Sulfathiazole,,,
QD06BA03,Mafenid,Mafenide,,,
QD06BA04,Sulfametizol,Sulfamethizole,,,
QD06BA05,Sulfanilamid,Sulfanilamide,,,
QD06BA06,Sulfamerazin,Sulfamerazine,,,
QD06BA30,Kombinationer av kemoterapeutika för topikal användning,Combinations of chemotherapeutics for topical use,,,
QD06BA51,"Silversulfadiazin, kombinationer","Silver sulfadiazine, combinations",,,
QD06BA53,"Mafenid, kombinationer","Mafenide, combinations",,,
QD06BA90,Formosulfatiazol,Formosulfathiazole,,,
QD06BA99,"Sulfonamider, kombinationer","Sulfonamides, combinations",,,
QD06BB,Antivirala medel,Antivirals,,,
QD06BB01,Idoxuridin,Idoxuridine,,,
QD06BB02,Tromantadin,Tromantadine,,,
QD06BB03,Aciklovir,Aciclovir,,,
QD06BB04,Podofyllotoxin,Podophyllotoxin,,,
QD06BB05,Inosin,Inosine,,,
QD06BB06,Penciklovir,Penciclovir,,,
QD06BB07,Lysozym,Lysozyme,,,
QD06BB08,Ibacitabin,Ibacitabine,,,
QD06BB09,Edoxudin,Edoxudine,,,
QD06BB10,Imikvimod,Imiquimod,,,
QD06BB11,Docosanol,Docosanol,,,
QD06BB12,Sinekatekiner,Sinecatechins,,,
QD06BB13,Berdazimernatrium,Berdazimer sodium,,,
QD06BB53,"Aciklovir, kombinationer","Aciclovir, combinations",,,
QD06BX,Övriga kemoterapeutika,Other chemotherapeutics,,,
QD06BX01,Metronidazol,Metronidazole,,,
QD06BX02,Ingenolmebutat,Ingenol mebutate,,,
QD06BX03,Tirbanibulin,Tirbanibulin,,,
QD06C,Antibiotika och kemoterapeutika i kombination,"Antibiotics and chemotherapeutics, combinations",,,
QD07,Kortikosteroider för utvärtes bruk,"Corticosteroids, dermatological preparations",,,
QD07A,Kortikosteroider,"Corticosteroids, plain",,,
QD07AA,"Kortikosteroider, milt verkande (grupp I)","Corticosteroids, weak (group I)",,,
QD07AA01,Metylprednisolon,Methylprednisolone,,,
QD07AA02,Hydrokortison,Hydrocortisone,,,
QD07AA03,Prednisolon,Prednisolone,,,
QD07AB,"Kortikosteroider, medelstarkt verkande (grupp II)","Corticosteroids, moderately potent (group II)",,,
QD07AB01,Klobetason,Clobetasone,,,
QD07AB02,Hydrokortisonbutyrat,Hydrocortisone butyrate,,,
QD07AB03,Flumetason,Flumetasone,,,
QD07AB04,Fluokortin,Fluocortin,,,
QD07AB05,Fluperolon,Fluperolone,,,
QD07AB06,Fluorometolon,Fluorometholone,,,
QD07AB07,Flupredniden,Fluprednidene,,,
QD07AB08,Desonid,Desonide,,,
QD07AB09,Triamcinolon,Triamcinolone,,,
QD07AB10,Alklometason,Alclometasone,,,
QD07AB11,Hydrokortisonbuteprat,Hydrocortisone buteprate,,,
QD07AB19,Dexametason,Dexamethasone,,,
QD07AB21,Klokortolone,Clocortolone,,,
QD07AB30,Kombinationer av kortikosteroider,Combinations of corticosteroids,,,
QD07AC,"Kortikosteroider, starkt verkande (grupp III)","Corticosteroids, potent (group III)",,,
QD07AC01,Betametason,Betamethasone,,,
QD07AC02,Fluklorolon,Fluclorolone,,,
QD07AC03,Desoximetason,Desoximetasone,,,
QD07AC04,Fluocinolonacetonid,Fluocinolone acetonide,,,
QD07AC05,Fluokortolon,Fluocortolone,,,
QD07AC06,Diflukortolon,Diflucortolone,,,
QD07AC07,Fludroxikortid,Fludroxycortide,,,
QD07AC08,Fluocinonid,Fluocinonide,,,
QD07AC09,Budesonid,Budesonide,,,
QD07AC10,Diflorason,Diflorasone,,,
QD07AC11,Amcinonid,Amcinonide,,,
QD07AC12,Halometason,Halometasone,,,
QD07AC13,Mometason,Mometasone,,,
QD07AC14,Metylprednisolonaceponat,Methylprednisolone aceponate,,,
QD07AC15,Beklometason,Beclometasone,,,
QD07AC16,Hydrokortisonaceponat,Hydrocortisone aceponate,,,
QD07AC17,Flutikason,Fluticasone,,,
QD07AC18,Prednikarbat,Prednicarbate,,,
QD07AC19,Difluprednat,Difluprednate,,,
QD07AC21,Ulobetasol,Ulobetasol,,,
QD07AC90,Resokortolbutyrat,Resocortol butyrate,,,
QD07AD,"Kortikosteroider, extra starkt verkande (grupp IV)","Corticosteroids, very potent (group IV)",,,
QD07AD01,Klobetasol,Clobetasol,,,
QD07AD02,Halcinonid,Halcinonide,,,
QD07B,Kortikosteroider i kombination med antiseptika,"Corticosteroids, combinations with antiseptics",,,
QD07BA,"Kortikosteroider, milda, i kombination med antiseptika","Corticosteroids, weak, combinations with antiseptics",,,
QD07BA01,Prednisolon och antiseptika,Prednisolone and antiseptics,,,
QD07BA04,Hydrokortison och antiseptika,Hydrocortisone and antiseptics,,,
QD07BB,"Kortikosteroider, medelstarka, i kombination med antiseptika","Corticosteroids, moderately potent, combinations with antiseptics",,,
QD07BB01,Flumetason och antiseptika,Flumetasone and antiseptics,,,
QD07BB02,Desonid och antiseptika,Desonide and antiseptics,,,
QD07BB03,Triamcinolon och antiseptika,Triamcinolone and antiseptics,,,
QD07BB04,Hydrokortisonbutyrat och antiseptika,Hydrocortisone butyrate and antiseptics,,,
QD07BC,"Kortikosteroider, starka, i kombination med antiseptika","Corticosteroids, potent, combinations with antiseptics",,,
QD07BC01,Betametason och antiseptika,Betamethasone and antiseptics,,,
QD07BC02,Fluocinolonacetonid och antiseptika,Fluocinolone acetonide and antiseptics,,,
QD07BC03,Fluokortolon och antiseptika,Fluocortolone and antiseptics,,,
QD07BC04,Diflukortolon och antiseptika,Diflucortolone and antiseptics,,,
QD07BD,"Kortikosteroider, mycket potenta i kombination med antiseptika","Corticosteroids, very potent, combinations with antiseptics",,,
QD07C,Kortikosteroider i kombination med antibiotika,"Corticosteroids, combinations with antibiotics",,,
QD07CA,"Kortikosteroider, milda, i kombination med antibiotika","Corticosteroids, weak, combinations with antibiotics",,,
QD07CA01,Hydrokortison och antibiotika,Hydrocortisone and antibiotics,,,
QD07CA02,Metylprednisolon och antibiotika,Methylprednisolone and antibiotics,,,
QD07CA03,Prednisolon och antibiotika,Prednisolone and antibiotics,,,
QD07CB,"Kortikosteroider, medelstarka, i kombination med antibiotika","Corticosteroids, moderately potent, combinations with antibiotics",,,
QD07CB01,Triamcinolon och antibiotika,Triamcinolone and antibiotics,,,
QD07CB02,Flupredniden och antibiotika,Fluprednidene and antibiotics,,,
QD07CB03,Fluorometolon och antibiotika,Fluorometholone and antibiotics,,,
QD07CB04,Dexametason och antibiotika,Dexamethasone and antibiotics,,,
QD07CB05,Flumetason och antibiotika,Flumetasone and antibiotics,,,
QD07CC,"Kortikosteroider, starka, i kombination med antibiotika","Corticosteroids, potent, combinations with antibiotics",,,
QD07CC01,Betametason och antibiotika,Betamethasone and antibiotics,,,
QD07CC02,Fluocinolonacetonid och antibiotika,Fluocinolone acetonide and antibiotics,,,
QD07CC03,Fludroxikortid och antibiotika,Fludroxycortide and antibiotics,,,
QD07CC04,Beklometason och antibiotika,Beclometasone and antibiotics,,,
QD07CC05,Fluocinonid och antibiotika,Fluocinonide and antibiotics,,,
QD07CC06,Fluokortolon och antibiotika,Fluocortolone and antibiotics,,,
QD07CD,"Kortikosteroider, mycket potenta i kombination med antibiotika","Corticosteroids, very potent, combinations with antibiotics",,,
QD07CD01,Klobetasol och antibiotika,Clobetasol and antibiotics,,,
QD07X,"Kortikosteroider, övriga kombinationer","Corticosteroids, other combinations",,,
QD07XA,"Milda kortikosteroider, övriga kombinationer","Corticosteroids, weak, other combinations",,,
QD07XA01,Hydrokortison,Hydrocortisone,,,
QD07XA02,Prednisolon,Prednisolone,,,
QD07XB,"Medelstarka kortikosteroider, övriga kombinationer","Corticosteroids, moderately potent, other combinations",,,
QD07XB01,Flumetason,Flumetasone,,,
QD07XB02,Triamcinolon,Triamcinolone,,,
QD07XB03,Flupredniden,Fluprednidene,,,
QD07XB04,Fluorometolon,Fluorometholone,,,
QD07XB05,Dexametason,Dexamethasone,,,
QD07XB30,Kombinationer av kortikosteroider,Combinations of corticosteroids,,,
QD07XC,"Starka kortikosteroider, övriga kombinationer","Corticosteroids, potent, other combinations",,,
QD07XC01,Betametason,Betamethasone,,,
QD07XC02,Desoximetason,Desoximetasone,,,
QD07XC03,Mometason,Mometasone,,,
QD07XC04,Diflukortolon,Diflucortolone,,,
QD07XC05,Fluokortolon,Fluocortolone,,,
QD07XD,"Mycket potenta kortikosteroider, övriga kombinationer","Corticosteroids, very potent, other combinations",,,
QD08,Antiseptika och sårmedel,Antiseptics and disinfectants,,,
QD08A,Antiseptika och sårmedel,Antiseptics and disinfectants,,,
QD08AA,Akridinderivat,Acridine derivatives,,,
QD08AA01,Etakridinlaktat,Ethacridine lactate,,,
QD08AA02,Aminoakridin,Aminoacridine,,,
QD08AA03,Euflavin,Euflavine,,,
QD08AA99,"Akridinderivat, kombinationer","Acridine derivatives, combinations",,,
QD08AB,Aluminiumföreningar,Aluminium agents,,,
QD08AC,Biguanider och amidiner,Biguanides and amidines,,,
QD08AC01,Dibrompropamidin,Dibrompropamidine,,,
QD08AC02,Klorhexidin,Chlorhexidine,,,
QD08AC03,Propamidin,Propamidine,,,
QD08AC04,Hexamidin,Hexamidine,,,
QD08AC05,Polihexanid,Polihexanide,,,
QD08AC52,"Klorhexidin, kombinationer","Chlorhexidine, combinations",,,
QD08AC54,"Hexamidin, kombinationer","Hexamidine, combinations",,,
QD08AD,Borsyrapreparat,Boric acid products,,,
QD08AE,Fenol och fenolderivat,Phenol and derivatives,,,
QD08AE01,Hexaklorofen,Hexachlorophene,,,
QD08AE02,Polikresulen,Policresulen,,,
QD08AE03,Fenol,Phenol,,,
QD08AE04,Triklosan,Triclosan,,,
QD08AE05,Kloroxylenol,Chloroxylenol,,,
QD08AE06,Bifenylol,Biphenylol,,,
QD08AE99,"Fenol och derivat, kombinationer","Phenol and derivatives, combinations",,,
QD08AF,Nitrofuranderivat,Nitrofuran derivatives,,,
QD08AF01,Nitrofural,Nitrofural,,,
QD08AG,Jodpreparat,Iodine products,,,
QD08AG01,Jod/oktylfenoxipolyglykoleter,Iodine/octylphenoxypolyglycolether,,,
QD08AG02,Povidon-jod,Povidone-iodine,,,
QD08AG03,Jod,Iodine,,,
QD08AG04,Dijodhydroxipropan,Diiodohydroxypropane,,,
QD08AG53,"Jod, kombinationer","Iodine, combinations",,,
QD08AH,Kinolinderivat,Quinoline derivatives,,,
QD08AH01,Dekvalinium,Dequalinium,,,
QD08AH02,Klorkinaldol,Chlorquinaldol,,,
QD08AH03,Hydroxikinolin,Oxyquinoline,,,
QD08AH30,Kliokinol,Clioquinol,,,
QD08AJ,Kvartära ammoniumföreningar,Quaternary ammonium compounds,,,
QD08AJ01,Bensalkonium,Benzalkonium,,,
QD08AJ02,Cetrimonium,Cetrimonium,,,
QD08AJ03,Cetylpyridinium,Cetylpyridinium,,,
QD08AJ04,Cetrimid,Cetrimide,,,
QD08AJ05,Bensoxoniumklorid,Benzoxonium chloride,,,
QD08AJ06,Didecyldimetylammoniumklorid,Didecyldimethylammonium chloride,,,
QD08AJ08,Bensetoniumklorid,Benzethonium chloride,,,
QD08AJ10,Dekametoxin,Decamethoxine,,,
QD08AJ57,"Oktenidin, kombinationer","Octenidine, combinations",,,
QD08AJ58,"Bensetoniumklorid, kombinationer","Benzethonium chloride, combinations",,,
QD08AJ59,"Dodekloniumbromid, kombinationer","Dodeclonium bromide, combinations",,,
QD08AK,Kvicksilverföreningar,Mercurial products,,,
QD08AK01,Kvicksilveramidoklorid,Mercuric amidochloride,,,
QD08AK02,Fenylkvicksilverborat,Phenylmercuric borate,,,
QD08AK03,Kvicksilverdiklorid,Mercuric chloride,,,
QD08AK04,Merbromin,Merbromin,,,
QD08AK05,"Kvicksilver, metallisk","Mercury, metallic",,,
QD08AK06,Tiomersal,Thiomersal,,,
QD08AK30,Kvicksilverdijodid,Mercuric iodide,,,
QD08AK52,"Fenylkvicksilverborat, kombinationer","Phenylmercuric borate, combinations",,,
QD08AL,Silverpreparat,Silver compounds,,,
QD08AL01,Silvernitrat,Silver nitrate,,,
QD08AL30,Silver,Silver,,,
QD08AX,Övriga antiseptika och sårmedel,Other antiseptics and disinfectants,,,
QD08AX01,Väteperoxid,Hydrogen peroxide,,,
QD08AX02,Eosin,Eosin,,,
QD08AX03,Propanol,Propanol,,,
QD08AX04,Tosylkloramidnatrium,Tosylchloramide sodium,,,
QD08AX05,Isopropanol,Isopropanol,,,
QD08AX06,Kaliumpermanganat,Potassium permanganate,,,
QD08AX07,Natriumhypoklorit,Sodium hypochlorite,,,
QD08AX08,Etanol,Ethanol,,,
QD08AX53,"Propanol, kombinationer","Propanol, combinations",,,
QD09,Medicinska förband,Medicated dressings,,,
QD09A,Medicinska förband,Medicated dressings,,,
QD09AA,Medicinska förband med antiinfektiva medel,Medicated dressings with antiinfectives,,,
QD09AA01,Framycetin,Framycetin,,,
QD09AA02,Fusidinsyra,Fusidic acid,,,
QD09AA03,Nitrofural,Nitrofural,,,
QD09AA04,Fenylmerkurinitrat,Phenylmercuric nitrate,,,
QD09AA05,Bensododecinium,Benzododecinium,,,
QD09AA06,Triklosan,Triclosan,,,
QD09AA07,Cetylpyridinium,Cetylpyridinium,,,
QD09AA08,Aluminiumklorhydrat,Aluminium chlorohydrate,,,
QD09AA09,Povidon-jod,Povidone-iodine,,,
QD09AA10,Kliokinol,Clioquinol,,,
QD09AA11,Bensalkonium,Benzalkonium,,,
QD09AA12,Klorhexidin,Chlorhexidine,,,
QD09AA13,Jodoform,Iodoform,,,
QD09AB,Zinkbandage,Zinc bandages,,,
QD09AB01,Zinklim,Zinc bandage without supplements,,,
QD09AB02,Zinkbandage med tillägg,Zinc bandage with supplements,,,
QD09AX,Mjuka paraffinkompresser,Soft paraffin dressings,,,
QD10,Medel mot akne,Anti-acne preparations,,,
QD10A,Medel mot akne för utvärtes bruk,Anti-acne preparations for topical use,,,
QD10AA,"Kortikosteroider, kombinationer för behandling av akne","Corticosteroides, combinations for treatment of acne",,,
QD10AA01,Fluorometolon,Fluorometholone,,,
QD10AA02,Metylprednisolon,Methylprednisolone,,,
QD10AA03,Dexametason,Dexamethasone,,,
QD10AB,Medel innehållande svavel,Preparations containing sulfur,,,
QD10AB01,Bitionol,Bithionol,,,
QD10AB02,Svavel,Sulfur,,,
QD10AB03,Tioxolon,Tioxolone,,,
QD10AB05,Mesulfen,Mesulfen,,,
QD10AD,Retinoider för utvärtes behandling mot akne,Retinoids for topical use in acne,,,
QD10AD01,Tretinoin,Tretinoin,,,
QD10AD02,Retinol,Retinol,,,
QD10AD03,Adapalen,Adapalene,,,
QD10AD04,Isotretinoin,Isotretinoin,,,
QD10AD05,Motretinid,Motretinide,,,
QD10AD06,Trifaroten,Trifarotene,,,
QD10AD51,"Tretinoin, kombinationer","Tretinoin, combinations",,,
QD10AD53,"Adapalen, kombinationer","Adapalene, combinations",,,
QD10AD54,"Isotretinoin, kombinationer","Isotretinoin, combinations",,,
QD10AE,Peroxider,Peroxides,,,
QD10AE01,Bensoylperoxid,Benzoyl peroxide,,,
QD10AE51,"Bensoylperoxid, kombinationer","Benzoyl peroxide, combinations",,,
QD10AF,Antiinfektiva medel mot akne,Antiinfectives for treatment of acne,,,
QD10AF01,Klindamycin,Clindamycin,,,
QD10AF02,Erytromycin,Erythromycin,,,
QD10AF03,Kloramfenikol,Chloramphenicol,,,
QD10AF04,Meklocyklin,Meclocycline,,,
QD10AF05,Nadifloxacin,Nadifloxacin,,,
QD10AF06,Sulfacetamid,Sulfacetamide,,,
QD10AF07,Minocyklin,Minocycline,,,
QD10AF51,"Klindamycin, kombinationer","Clindamycin, combinations",,,
QD10AF52,"Erytromycin, kombinationer","Erythromycin, combinations",,,
QD10AX,Övriga medel mot akne för utvärtes bruk,Other anti-acne preparations for topical use,,,
QD10AX01,Aluminiumklorid,Aluminium chloride,,,
QD10AX02,Resorcinol,Resorcinol,,,
QD10AX03,Azelainsyra,Azelaic acid,,,
QD10AX04,Aluminiumoxid,Aluminium oxide,,,
QD10AX05,Dapson,Dapsone,,,
QD10AX06,Klaskoteron,Clascoterone,,,
QD10AX30,Övriga kombinationer,Various combinations,,,
QD10B,Medel mot akne för systemiskt bruk,Anti-acne preparations for systemic use,,,
QD10BA,Retinoider mot akne,Retinoids for treatment of acne,,,
QD10BA01,Isotretinoin,Isotretinoin,,,
QD10BX,Övriga medel mot akne för systemiskt bruk,Other anti-acne preparations for systemic use,,,
QD10BX01,Ichtasol,Ichtasol,,,
QD11,Övriga dermatologiska medel,Other dermatological preparations,,,
QD11A,Övriga dermatologiska medel,Other dermatological preparations,,,
QD11AA,Antitranspirationsmedel,Antihidrotics,,,
QD11AA01,Glykopyrronium,Glycopyrronium,,,
QD11AA02,Sofpironiumbromid,Sofpironium bromide,,,
QD11AC,Medicinska schampon,Medicated shampoos,,,
QD11AC01,Cetrimid,Cetrimide,,,
QD11AC02,Kadmiumföreningar,Cadmium compounds,,,
QD11AC03,Selensulfid,Selenium compounds,,,
QD11AC06,Povidon-jod,Povidone-iodine,,,
QD11AC08,Svavelkombinationer,Sulfur compounds,,,
QD11AC09,Xenysalat,Xenysalate,,,
QD11AC30,Övrigt,Others,,,
QD11AE,Anabola steroider,Androgens for topical use,,,
QD11AE01,Metandienon,Metandienone,,,
QD11AF,Vårtmedel,Wart and anti-corn preparations,,,
QD11AH,"Medel vid dermatit, exkl. kortikosteroider","Agents for dermatitis, excluding corticosteroids",,,
QD11AH01,Takrolimus,Tacrolimus,,,
QD11AH02,Pimekrolimus,Pimecrolimus,,,
QD11AH03,Natriumkromoglikat,Cromoglicic acid,,,
QD11AH04,Alitretinoin,Alitretinoin,,,
QD11AH05,Dupilumab,Dupilumab,,,
QD11AH06,Krisaborol,Crisaborole,,,
QD11AH07,Tralokinumab,Tralokinumab,,,
QD11AH08,Abrocitinib,Abrocitinib,,,
QD11AH09,Ruxolitinib,Ruxolitinib,,,
QD11AH10,Lebrikizumab,Lebrikizumab,,,
QD11AH11,Delgocitinib,Delgocitinib,,,
QD11AH12,Nemolizumab,Nemolizumab,,,
QD11AH90,Oklatinib,Oclacitinib,,,
QD11AH91,Lokivetmab,Lokivetmab,,,
QD11AH92,Ilunocitinib,Ilunocitinib,,,
QD11AH93,Atinvicitinib,Atinvicitinib,,,
QD11AX,Övriga dermatologiska medel,Other dermatologicals,,,
QD11AX01,"Minoxidil, topikal","Minoxidil, topical",,,
QD11AX02,Gamolensyra,Gamolenic acid,,,
QD11AX03,Kalciumglukonat,Calcium gluconate,,,
QD11AX04,Litiumsuccinat,Lithium succinate,,,
QD11AX05,Magnesiumsulfat,Magnesium sulfate,,,
QD11AX06,Mekinol,Mequinol,,,
QD11AX08,Tiratrikol,Tiratricol,,,
QD11AX09,Oxaceprol,Oxaceprol,,,
QD11AX10,Finasterid,Finasteride,,,
QD11AX11,Hydrokinon,Hydroquinone,,,
QD11AX12,Pyrithion zink,Pyrithione zinc,,,
QD11AX13,Monobenzon,Monobenzone,,,
QD11AX16,Eflornitin,Eflornithine,,,
QD11AX18,Diklofenak,Diclofenac,,,
QD11AX21,Brimonidin,Brimonidine,,,
QD11AX22,Ivermektin,Ivermectin,,,
QD11AX23,Aminobensoatkalium,Aminobenzoate potassium,,,
QD11AX24,Deoxicholsyra,Deoxycholic acid,,,
QD11AX25,Väteperoxid,Hydrogen peroxide,,,
QD11AX26,Koffein,Caffeine,,,
QD11AX27,Oxymetazolin,Oxymetazoline,,,
QD11AX52,"Gamolensyra, kombinationer","Gamolenic acid, combinations",,,
QD11AX57,"Kollagen, kombinationer","Collagen, combinations",,,
QD11AX90,Bensoylperoxid,Benzoylperoxide,,,
QD51,Produkter för behandling av klor och hovar,Products for the treatment of claws and hoofs,,,
QG,Urin- och könsorgan samt könshormoner,Genito urinary system and sex hormones,,,
QG01,Antiinfektiva och antiseptiska medel för gynekologiskt bruk,Gynecological antiinfectives and antiseptics,,,
QG01A,"Antiinfektiva och antiseptiska medel, exkl. kombinationer med kortikosteroider","Antiinfectives and antiseptics, excl. combinations with corticosteroids",,,
QG01AA,Antibiotika,Antibiotics,,,
QG01AA01,Nystatin,Nystatin,,,
QG01AA02,Natamycin,Natamycin,,,
QG01AA03,Amfotericin B,Amphotericin B,,,
QG01AA04,Kandicidin,Candicidin,,,
QG01AA05,Kloramfenikol,Chloramphenicol,,,
QG01AA06,Hakimycin,Hachimycin,,,
QG01AA07,Oxitetracyklin,Oxytetracycline,,,
QG01AA08,Karfecillin,Carfecillin,,,
QG01AA09,Mepartricin,Mepartricin,,,
QG01AA10,Klindamycin,Clindamycin,,,
QG01AA11,Pentamycin,Pentamycin,,,
QG01AA51,"Nystatin, kombinationer","Nystatin, combinations",,,
QG01AA55,"Kloramfenikol, kombinationer","Choramphenicol, combinations",,,
QG01AA90,Tetracyklin,Tetracycline,,,
QG01AA91,Gentamicin,Gentamicin,,,
QG01AA99,"Antibiotika, kombinationer","Antibiotics, combinations",,,
QG01AB,Arsenikföreningar,Arsenic compounds,,,
QG01AB01,Acetarsol,Acetarsol,,,
QG01AC,Kinolinderivat,Quinoline derivatives,,,
QG01AC01,Dijodhydroxikinolin,Diiodohydroxyquinoline,,,
QG01AC02,Kliokinol,Clioquinol,,,
QG01AC03,Klorkinaldol,Chlorquinaldol,,,
QG01AC05,Dekvalinium,Dequalinium,,,
QG01AC06,Broxikinolin,Broxyquinoline,,,
QG01AC30,Hydroxikinolin,Oxyquinoline,,,
QG01AC90,Akriflaviniumklorid,Acriflavinium chloride,,,
QG01AC99,Kombinationer,Combinations,,,
QG01AD,Organiska syror,Organic acids,,,
QG01AD01,Mjölksyra,Lactic acid,,,
QG01AD02,Ättiksyra,Acetic acid,,,
QG01AD03,Askorbinsyra,Ascorbic acid,,,
QG01AE,Sulfonamider,Sulfonamides,,,
QG01AE01,Sulfatolamid,Sulfatolamide,,,
QG01AE10,Kombinationer av sulfonamider,Combinations of sulfonamides,,,
QG01AE99,"Sulfonamider, kombinationer","Sulfonamides, combinations",,,2014-01-21
QG01AF,Imidazolderivat,Imidazole derivatives,,,
QG01AF01,Metronidazol,Metronidazole,,,
QG01AF02,Klotrimazol,Clotrimazole,,,
QG01AF04,Mikonazol,Miconazole,,,
QG01AF05,Ekonazol,Econazole,,,
QG01AF06,Ornidazol,Ornidazole,,,
QG01AF07,Isokonazol,Isoconazole,,,
QG01AF08,Tiokonazol,Tioconazole,,,
QG01AF11,Ketokonazol,Ketoconazole,,,
QG01AF12,Fentikonazol,Fenticonazole,,,
QG01AF13,Azanidazol,Azanidazole,,,
QG01AF14,Propenidazol,Propenidazole,,,
QG01AF15,Butokonazol,Butoconazole,,,
QG01AF16,Omokonazol,Omoconazole,,,
QG01AF17,Oxikonazol,Oxiconazole,,,
QG01AF18,Flutrimazol,Flutrimazole,,,
QG01AF19,Sertakonazol,Sertaconazole,,,
QG01AF20,Kombinationer av imidazolderivat,Combinations of imidazole derivatives,,,
QG01AF21,Tinidazol,Tinidazole,,,
QG01AF55,"Ekonazol, kombinationer","Econazole, combinations",,,
QG01AG,Triazolderivat,Triazole derivatives,,,
QG01AG02,Terkonazol,Terconazole,,,
QG01AX,Övriga antiinfektiva och antiseptiska medel,Other antiinfectives and antiseptics,,,
QG01AX01,Klodantoin,Clodantoin,,,
QG01AX02,Inosin,Inosine,,,
QG01AX03,Polikresulen,Policresulen,,,
QG01AX05,Nifuratel,Nifuratel,,,
QG01AX06,Furazolidon,Furazolidone,,,
QG01AX09,Metylrosanilin,Methylrosaniline,,,
QG01AX11,Povidon-jod,Povidone-iodine,,,
QG01AX12,Ciklopirox,Ciclopirox,,,
QG01AX13,Protiofat,Protiofate,,,
QG01AX14,Lactobacillus,Lactobacillus,,,
QG01AX15,Kopparusnat,Copper usnate,,,
QG01AX16,Hexetidin,Hexetidine,,,
QG01AX17,Dapivirin,Dapivirine,,,
QG01AX66,"Oktenidin, kombinationer","Octenidine, combinations",,,
QG01AX90,Nitrofural,Nitrofural,,,
QG01AX99,"Övriga antiinfektiva och antiseptiska medel, kombinationer","Various antiinfectives and antiseptics, combinations",,,
QG01B,Antiinfektiva och antiseptiska medel i kombination med kortikosteroider,Antiinfectives/antiseptics in combination with corticosteroids,,,
QG01BA,Antibiotika och kortikosteroider,Antibiotics and corticosteroids,,,
QG01BC,Kinolinderivat och kortikosteroider,Quinoline derivatives and corticosteroids,,,
QG01BD,Antiseptika och kortikosteroider,Antiseptics and corticosteroids,,,
QG01BE,Sulfonamider och kortikosteroider,Sulfonamides and corticosteroids,,,
QG01BF,Imidazolderivat och kortikosteroider,Imidazole derivatives and corticosteroids,,,
QG02,Övriga medel för gynekologiskt bruk,Other gynecologicals,,,
QG02A,Uteruskontraherande medel,Uterotonics,,,
QG02AB,Mjöldrygealkaloider,Ergot alkaloids,,,
QG02AB01,Metylergometrin,Methylergometrine,,,
QG02AB02,Mjöldrygealkaloider,Ergot alkaloids,,,
QG02AB03,Ergometrin,Ergometrine,,,
QG02AB53,"Ergometrin, kombinationer","Ergometrine, combinations",,,
QG02AC,"Mjöldrygealkaloider och oxytocin, inkl analoger, i kombination","Ergot alkaloids and oxytocin incl. analogues, in combination",,,
QG02AC01,Metylergometrin och oxytocin,Methylergometrine and oxytocin,,,
QG02AC90,Ergometrin och oxytocin,Ergometrine and oxytocin,,,
QG02AD,Prostaglandiner,Prostaglandins,,,
QG02AD01,Dinoprost,Dinoprost,,,
QG02AD02,Dinoproston,Dinoprostone,,,
QG02AD03,Gemeprost,Gemeprost,,,
QG02AD04,Karboprost,Carboprost,,,
QG02AD05,Sulproston,Sulprostone,,,
QG02AD06,Misoprostol,Misoprostol,,,
QG02AD90,Kloprostenol,Cloprostenol,,,
QG02AD91,Luprostiol,Luprostiol,,,
QG02AD92,Fenprostalen,Fenprostalene,,,
QG02AD93,Tiaprost,Tiaprost,,,
QG02AD94,Alfaprostol,Alfaprostol,,,
QG02AD95,Etiproston,Etiproston,,,
QG02AX,Övriga uteruskontraherande medel,Other uterotonics,,,
QG02B,Antikonceptionella medel för lokal användning,Contraceptives for topical use,,,
QG02BA,Intrauterina preventivmedel,Intrauterine contraceptives,,,
QG02BA01,Plastiskt intrauterint preventivmedel,Plastic IUD,,,
QG02BA02,Plastiskt intrauterint preventivmedel med koppar,Plastic IUD with copper,,,
QG02BA03,Plastiskt intrauterint preventivmedel med gestagen,Plastic IUD with progestogen,,,
QG02BB,Intravaginala preventivmedel,Intravaginal contraceptives,,,
QG02BB01,Vaginalring med progestogen och östrogen,Vaginal ring with progestogen and estrogen,,,
QG02BB02,Vaginalring med progestogen,Vaginal ring with progestogen,,,
QG02C,Övriga medel för gynekologiskt bruk,Other gynecologicals,,,
QG02CA,Sympatomimetika för undertryckande av värkarbete,"Sympathomimetics, labour repressants",,,
QG02CA01,Ritodrin,Ritodrine,,,
QG02CA02,Bufenin,Buphenine,,,
QG02CA03,Fenoterol,Fenoterol,,,
QG02CA90,Vetrabutin,Vetrabutin,,,
QG02CA91,Klenbuterol,Clenbuterol,,,
QG02CB,Prolaktinhämmare,Prolactine inhibitors,,,
QG02CB01,Bromokriptin,Bromocriptine,,,
QG02CB02,Lisurid,Lisuride,,,
QG02CB03,Kabergolin,Cabergoline,,,
QG02CB04,Kinagolid,Quinagolide,,,
QG02CB05,Metergolin,Metergoline,,,
QG02CB06,Tergurid,Terguride,,,
QG02CC,Antiinflammatoriska medel för vaginal administrering,Antiinflammatory products for vaginal administration,,,
QG02CC01,Ibuprofen,Ibuprofen,,,
QG02CC02,Naproxen,Naproxen,,,
QG02CC03,Bensydamin,Benzydamine,,,
QG02CC04,Flunoxaprofen,Flunoxaprofen,,,
QG02CX,Övriga medel för gynekologiskt bruk,Other gynecologicals,,,
QG02CX01,Atosiban,Atosiban,,,
QG02CX02,Flibanserin,Flibanserin,,,
QG02CX03,"Munkpeppar, frukt",Agni casti fructus,,,
QG02CX04,"Läkesilverax, jordstam",Cimicifugae rhizoma,,,
QG02CX05,Bremelanotid,Bremelanotide,,,
QG02CX06,Fezolinetant,Fezolinetant,,,
QG02CX07,Elinzanetant,Elinzanetant,,,
QG02CX90,Denaverin,Denaverine,,,
QG02CX91,Lotrifen,Lotrifen,,,
QG03,Könshormoner,Sex hormones and modulators of the genital system,,,
QG03A,Antikonceptionella medel,Hormonal contraceptives for systemic use,,,
QG03AA,Gestagener och östrogener i fasta kombinationer,"Progestogens and estrogens, fixed combinations",,,
QG03AA01,Etynodiol och etinylestradiol,Etynodiol and ethinylestradiol,,,
QG03AA02,Kingestanol och etinylestradiol,Quingestanol and ethinylestradiol,,,
QG03AA03,Lynestrenol och etinylestradiol,Lynestrenol and ethinylestradiol,,,
QG03AA04,Megestrol och etinylestradiol,Megestrol and ethinylestradiol,,,
QG03AA05,Noretisteron och etinylestradiol,Norethisterone and ethinylestradiol,,,
QG03AA06,Norgestrel och etinylestradiol,Norgestrel and ethinylestradiol,,,
QG03AA07,Levonorgestrel och etinylestradiol,Levonorgestrel and ethinylestradiol,,,
QG03AA08,Medroxiprogesteron och etinylestradiol,Medroxyprogesterone and ethinylestradiol,,,
QG03AA09,Desogestrel och östrogen,Desogestrel and ethinylestradiol,,,
QG03AA10,Gestoden och etinylestradiol,Gestodene and ethinylestradiol,,,
QG03AA11,Norgestimat och etinylestradiol,Norgestimate and ethinylestradiol,,,
QG03AA12,Drospirenon och etinylestradiol,Drospirenone and ethinylestradiol,,,
QG03AA13,Norelgestromin och etinylestradiol,Norelgestromin and ethinylestradiol,,,
QG03AA14,Nomegestrol och estradiol,Nomegestrol and estradiol,,,
QG03AA15,Klormadinon och etinylestradiol,Chlormadinone and ethinylestradiol,,,
QG03AA16,Dienogest och etinylestradiol,Dienogest and ethinylestradiol,,,
QG03AA17,Medroxyprogesteron och estradiol,Medroxyprogesterone and estradiol,,,
QG03AA18,Drospirenon och estetrol,Drospirenone and estetrol,,,
QG03AB,"Gestagener och östrogener, sekvenspreparat","Progestogens and estrogens, sequential products",,,
QG03AB01,Megestrol och östrogen,Megestrol and estrogen,,,
QG03AB02,Lynestrenol och östrogen,Lynestrenol and estrogen,,,
QG03AB03,Levonorgestrel och östrogen,Levonorgestrel and estrogen,,,
QG03AB04,Noretisteron och östrogen,Norethisterone and estrogen,,,
QG03AB05,Desogestrel och östrogen,Desogestrel and estrogen,,,
QG03AB06,Gestoden och östrogen,Gestodene and estrogen,,,
QG03AB07,Klormadinon och östrogen,Chlormadinone and estrogen,,,
QG03AB08,Dienogest och estradiol,Dienogest and estradiol,,,
QG03AB09,Norgestimat och etinylestradiol,Norgestimate and ethinylestradiol,,,
QG03AC,Gestagener,Progestogens,,,
QG03AC01,Noretisteron,Norethisterone,,,
QG03AC02,Lynestrenol,Lynestrenol,,,
QG03AC03,Levonorgestrel,Levonorgestrel,,,
QG03AC04,Kvingestanol,Quingestanol,,,
QG03AC05,Megestrol,Megestrol,,,
QG03AC06,Medroxiprogesteron,Medroxyprogesterone,,,
QG03AC07,Norgestrienon,Norgestrienone,,,
QG03AC08,Etonogestrel,Etonogestrel,,,
QG03AC09,Desogestrel,Desogestrel,,,
QG03AC10,Drospirenon,Drospirenone,,,
QG03AD,Akut preventivmedel,Emergency contraceptives,,,
QG03AD01,Levonorgestrel,Levonorgestrel,,,
QG03AD02,Ulipristal,Ulipristal,,,
QG03B,Androgener,Androgens,,,
QG03BA,3-Oxandrostenderivat,3-oxoandrosten (4) derivatives,,,
QG03BA01,Fluoximesteron,Fluoxymesterone,,,
QG03BA02,Metyltestosteron,Methyltestosterone,,,
QG03BA03,Testosteron,Testosterone,,,
QG03BB,5-Androstanonderivat,5-androstanon (3) derivatives,,,
QG03BB01,Mesterolon,Mesterolone,,,
QG03BB02,Androstanolon,Androstanolone,,,
QG03C,Östrogener,Estrogens,,,
QG03CA,Naturliga och halvsyntetiska östrogener,"Natural and semisynthetic estrogens, plain",,,
QG03CA01,Etinylestradiol,Ethinylestradiol,,,
QG03CA03,Estradiol,Estradiol,,,
QG03CA04,Östriol,Estriol,,,
QG03CA06,Klortrianisen,Chlorotrianisene,,,
QG03CA07,Östron,Estrone,,,
QG03CA09,Promestrien,Promestriene,,,
QG03CA10,Estetrol,Estetrol,,,
QG03CA53,"Estradiol, kombinationer","Estradiol, combinations",,,
QG03CA57,"Östrogena substanser, konjugerade",Conjugated estrogens,,,
QG03CB,Syntetiska östrogener,"Synthetic estrogens, plain",,,
QG03CB01,Dienestrol,Dienestrol,,,
QG03CB02,Dietylstilbestrol,Diethylstilbestrol,,,
QG03CB03,Metallenestril,Methallenestril,,,
QG03CB04,Moxestrol,Moxestrol,,,
QG03CC,Östrogener i kombination med andra medel,"Estrogens, combinations with other drugs",,,
QG03CC02,Dienestrol,Dienestrol,,,
QG03CC03,Metallenestril,Methallenestril,,,
QG03CC04,Östron,Estrone,,,
QG03CC05,Dietylstilbestrol,Diethylstilbestrol,,,
QG03CC06,Östriol,Estriol,,,
QG03CC07,Konjugerade östrogener och bazedoxifen,Conjugated estrogens and bazedoxifene,,,
QG03CX,Övriga östrogener,Other estrogens,,,
QG03CX01,Tibolon,Tibolone,,,
QG03D,Gestagener,Progestogens,,,
QG03DA,Pregnenderivat,Pregnen (4) derivatives,,,
QG03DA01,Gestonoron,Gestonorone,,,
QG03DA02,Medroxiprogesteron,Medroxyprogesterone,,,
QG03DA03,Hydroxiprogesteron,Hydroxyprogesterone,,,
QG03DA04,Progesteron,Progesterone,,,
QG03DA90,Proligeston,Proligeston,,,
QG03DB,Pregnadienderivat,Pregnadien derivatives,,,
QG03DB01,Dydrogesteron,Dydrogesterone,,,
QG03DB02,Megestrol,Megestrol,,,
QG03DB03,Medrogeston,Medrogestone,,,
QG03DB04,Nomegestrol,Nomegestrol,,,
QG03DB05,Demegeston,Demegestone,,,
QG03DB06,Klormadinon,Chlormadinone,,,
QG03DB07,Promegeston,Promegestone,,,
QG03DB08,Dienogest,Dienogest,,,
QG03DB90,Proligeston,Proligeston,,,2014-01-21
QG03DB91,Melengestrol,Melengestrol,,,
QG03DC,Östrenderivat,Estren derivatives,,,
QG03DC01,Allylestrenol,Allylestrenol,,,
QG03DC02,Noretisteron,Norethisterone,,,
QG03DC03,Lynestrenol,Lynestrenol,,,
QG03DC04,Etisteron,Ethisterone,,,
QG03DC06,Etynodiol,Etynodiol,,,
QG03DC31,Metylestrenolon,Methylestrenolone,,,
QG03DX,Övriga gestagener,Other progestogens,,,
QG03DX90,Altrenogest,Altrenogest,,,
QG03DX91,Delmadinon,Delmadinone,,,
QG03E,"Androgener och kvinnliga könshormoner, kombinationer",Androgens and female sex hormones in combination,,,
QG03EA,Androgener och östrogener,Androgens and estrogens,,,
QG03EA01,Metyltestosteron och östrogen,Methyltestosterone and estrogen,,,
QG03EA02,Testosteron och östrogen,Testosterone and estrogen,,,
QG03EA03,Prasteron och östrogen,Prasterone and estrogen,,,
QG03EB,"Androgener, gestagener och östrogener, kombinationer","Androgen, progestogen and estrogen in combination",,,
QG03EK,Androgener och kvinnliga könshormoner i kombination med andra medel,Androgens and female sex hormones in combination with other drugs,,,
QG03EK01,Metyltestosteron,Methyltestosterone,,,
QG03F,Gestagener i kombination med östrogener,Progestogens and estrogens in combination,,,
QG03FA,Gestagener i kombination med östrogener,"Progestogens and estrogens, combinations",,,
QG03FA01,Noretisteron och östrogen,Norethisterone and estrogen,,,
QG03FA02,Hydroxiprogesteron och östrogen,Hydroxyprogesterone and estrogen,,,
QG03FA03,Etisteron och östrogen,Ethisterone and estrogen,,,
QG03FA04,Progesteron och östrogen,Progesterone and estrogen,,,
QG03FA05,Metylnortestosteron och östrogen,Methylnortestosterone and estrogen,,,
QG03FA06,Etynodiol och östrogen,Etynodiol and estrogen,,,
QG03FA07,Lynestrenol och östrogen,Lynestrenol and estrogen,,,
QG03FA08,Megestrol och östrogen,Megestrol and estrogen,,,
QG03FA09,Noretisteron och östrogen,Noretynodrel and estrogen,,,
QG03FA10,Norgestrel och östrogen,Norgestrel and estrogen,,,
QG03FA11,Levonorgestrel och östrogen,Levonorgestrel and estrogen,,,
QG03FA12,Medroxiprogesteron och östrogen,Medroxyprogesterone and estrogen,,,
QG03FA13,Norgestimat och östrogen,Norgestimate and estrogen,,,
QG03FA14,Dydrogesteron och östrogen,Dydrogesterone and estrogen,,,
QG03FA15,Dienogest och östrogen,Dienogest and estrogen,,,
QG03FA16,Trimegeston och östrogen,Trimegestone and estrogen,,,
QG03FA17,Drospirenon och östrogen,Drospirenone and estrogen,,,
QG03FB,"Gestagener och östrogener, sekvenspreparat","Progestogens and estrogens, sequential preparations",,,
QG03FB01,Norgestrel och östrogen,Norgestrel and estrogen,,,
QG03FB02,Lynestrenol och östrogen,Lynestrenol and estrogen,,,
QG03FB03,Klormadinon och östrogen,Chlormadinone and estrogen,,,
QG03FB04,Megestrol och östrogen,Megestrol and estrogen,,,
QG03FB05,Noretisteron och östrogen,Norethisterone and estrogen,,,
QG03FB06,Medroxiprogesteron och östrogen,Medroxyprogesterone and estrogen,,,
QG03FB07,Medrogeston och östrogen,Medrogestone and estrogen,,,
QG03FB08,Dydrogesteron och östrogen,Dydrogesterone and estrogen,,,
QG03FB09,Levonorgestrel och östrogen,Levonorgestrel and estrogen,,,
QG03FB10,Desogestrel och östrogen,Desogestrel and estrogen,,,
QG03FB11,Trimegeston och östrogen,Trimegestone and estrogen,,,
QG03FB12,Nomegestrol och östrogen,Nomegestrol and estrogen,,,
QG03G,Gonadotropiner och andra ovulationsstimulerande medel,Gonadotropins and other ovulation stimulants,,,
QG03GA,Gonadotropiner,Gonadotropins,,,
QG03GA01,Koriongonadotropin,Chorionic gonadotrophin,,,
QG03GA02,Menopausgonadotropin,Human menopausal gonadotrophin,,,
QG03GA03,Serumgonadotropin,Serum gonadotrophin,,,
QG03GA04,Urofollitropin,Urofollitropin,,,
QG03GA05,Follitropin alfa,Follitropin alfa,,,
QG03GA06,Follitropin beta,Follitropin beta,,,
QG03GA07,Lutropin alfa,Lutropin alfa,,,
QG03GA08,Koriongonadotropin alfa,Choriogonadotropin alfa,,,
QG03GA09,Korifollitropin alfa,Corifollitropin alfa,,,
QG03GA10,Follitropin delta,Follitropin delta,,,
QG03GA30,Kombinationer,Combinations,,,
QG03GA90,"Follikelstimulerande hormon, hypofys",Follicle stimulating hormone-pituitary,,,
QG03GA99,"Gonadotropiner, kombinationer","Gonadotrophins, combinations",,,
QG03GB,Syntetiska ovulationsstimulerande medel,"Ovulation stimulants, synthetic",,,
QG03GB01,Cyklofenil,Cyclofenil,,,
QG03GB02,Klomifen,Clomifene,,,
QG03GB03,Epimestrol,Epimestrol,,,
QG03H,Antiandrogener,Antiandrogens,,,
QG03HA,Antiandrogener,"Antiandrogens, plain",,,
QG03HA01,Cyproteron,Cyproterone,,,
QG03HB,Antiandrogener och östrogener,Antiandrogens and estrogens,,,
QG03HB01,Cyproteron och östrogen,Cyproterone and estrogen,,,
QG03X,Övriga könshormoner,Other sex hormones and modulators of the genital system,,,
QG03XA,Gonadotropinhämmare och liknande medel,Antigonadotropins and similar agents,,,
QG03XA01,Danazol,Danazol,,,
QG03XA02,Gestrinon,Gestrinone,,,
QG03XA90,"Anti-gonadotropin, hästserum","Anti-gonadothrophin, equine serum",,,
QG03XA91,"Gonadotropinfrisättande faktoranalog, konjugerad","Gonadotropin releasing factor analogue, conjugated",,,
QG03XB,Progesteronreceptormodulatorer,Progesterone receptor modulators,,,
QG03XB01,Mifepriston,Mifepristone,,,
QG03XB02,Ulipristal,Ulipristal,,,
QG03XB51,"Mifepriston, kombinationer","Mifepristone, combinations",,,
QG03XB90,Aglepriston,Aglepristone,,,
QG03XC,Selektiva östrogenreceptormodulatorer,Selective estrogen receptor modulators,,,
QG03XC01,Raloxifen,Raloxifene,,,
QG03XC02,Bazedoxifen,Bazedoxifene,,,
QG03XC03,Lasofoxifen,Lasofoxifene,,,
QG03XC04,Ormeloxifen,Ormeloxifene,,,
QG03XC05,Ospemifen,Ospemifene,,,
QG03XX,Övriga könshormoner och modulatorer av könsorgan,Other sex hormones and modulators of the genital system,,,
QG03XX01,Prasteron,Prasterone,,,
QG03XX90,Finrozol,Finrozole,,,
QG04,Urologiska medel,Urologicals,,,
QG04B,Övriga urologiska medel,Other urologicals,,,
QG04BA,Surgörande medel,Acidifiers,,,
QG04BA01,Ammoniumklorid,Ammonium chloride,,,
QG04BA03,Kalciumklorid,Calcium chloride,,,
QG04BA90,Metionin,Methionine,,,
QG04BC,Medel för upplösning av urinsyrakonkrement,Urinary concrement solvents,,,
QG04BC90,Tiopronin,Tiopronin,,,2016-12-31
QG04BD,Medel mot inkontinens och för kontroll av miktionsfrekvens,Drugs for urinary frequency and incontinence,,,
QG04BD01,Emepron,Emepronium,,,
QG04BD02,Flavoxat,Flavoxate,,,
QG04BD03,Meladrazin,Meladrazine,,,
QG04BD04,Oxybutynin,Oxybutynin,,,
QG04BD05,Terodilin,Terodiline,,,
QG04BD06,Propiverin,Propiverine,,,
QG04BD07,Tolterodin,Tolterodine,,,
QG04BD08,Solifenacin,Solifenacin,,,
QG04BD09,Trospium,Trospium,,,
QG04BD10,Darifenacin,Darifenacin,,,
QG04BD11,Fesoterodin,Fesoterodine,,,
QG04BD12,Mirabegron,Mirabegron,,,
QG04BD13,Desfesoterodin,Desfesoterodine,,,
QG04BD14,Imidafenacin,Imidafenacin,,,
QG04BD15,Vibegron,Vibegron,,,
QG04BE,Medel vid erektil dysfunktion,Drugs used in erectile dysfunction,,,
QG04BE01,Alprostadil,Alprostadil,,,
QG04BE02,Papaverin,Papaverine,,,
QG04BE03,Sildenafil,Sildenafil,,,
QG04BE04,Yohimbin,Yohimbin,,,
QG04BE06,Moxisylyt,Moxisylyte,,,
QG04BE07,Apomorfin,Apomorphine,,,
QG04BE08,Tadalafil,Tadalafil,,,
QG04BE09,Vardenafil,Vardenafil,,,
QG04BE10,Avanafil,Avanafil,,,
QG04BE11,Udenafil,Udenafil,,,
QG04BE30,Kombinationer,Combinations,,,
QG04BE52,"Papaverin, kombinationer","Papaverine, combinations",,,
QG04BQ,Medel för alkalinisering av urin,Urinary alkalizers,,,
QG04BQ01,Natriumbikarbonat,Sodium bicarbonate,,,
QG04BX,Övriga urologiska medel,Other urologicals,,,
QG04BX01,Magnesiumhydroxid,Magnesium hydroxide,,,
QG04BX03,Acetohydroxamsyra,Acetohydroxamic acid,,,
QG04BX06,Fenazopyridin,Phenazopyridine,,,
QG04BX10,Succinimid,Succinimide,,,
QG04BX11,Kollagen,Collagen,,,
QG04BX12,Fenylsalicylat,Phenyl salicylate,,,
QG04BX13,Dimetylsulfoxid,Dimethyl sulfoxide,,,
QG04BX14,Dapoxetin,Dapoxetine,,,
QG04BX15,Pentosanpolysulfatnatrium,Pentosan polysulfate sodium,,,
QG04BX16,Tiopronin,Tiopronin,,,
QG04BX17,Natriumsalicylat och metenamin,Sodium salicylate and methenamine,,,
QG04BX56,"Fenazopyridin, kombinationer","Phenazopyridine, combinations",,,
QG04BX90,Efedrin,Ephedrine,,,
QG04BX91,Fenylpropanolamin,Phenylpropanolamine,,,
QG04C,Medel vid benign prostatahyperplasi,Drugs used in benign prostatic hypertrophy,,,
QG04CA,Alfa-adrenoreceptorantagonister,Alpha-adrenoreceptor antagonists,,,
QG04CA01,Alfuzosin,Alfuzosin,,,
QG04CA02,Tamsulosin,Tamsulosin,,,
QG04CA03,Terazosin,Terazosin,,,
QG04CA04,Silodosin,Silodosin,,,
QG04CA51,Alfuzosin och finasterid,Alfuzosin and finasteride,,,
QG04CA52,Tamsulosin och dutasterid,Tamsulosin and dutasteride,,,
QG04CA53,Tamsulosin och solifenacin,Tamsulosin and solifenacin,,,
QG04CA54,Tamsulosin och tadalafil,Tamsulosin and tadalafil,,,
QG04CA55,Doxazosin och finasterid,Doxazosin and finasteride,,,
QG04CB,Testosteron-5-alfa-reduktashämmare,Testosterone-5-alpha reductase inhibitors,,,
QG04CB01,Finasterid,Finasteride,,,
QG04CB02,Dutasterid,Dutasteride,,,
QG04CB51,Finasterid och tadalafil,Finasteride and tadalafil,,,
QG04CX,Övriga medel vid benign prostatahyperplasi,Other drugs used in benign prostatic hypertrophy,,,
QG04CX01,"Pygeum africanum, bark",Prunus africanae cortex,,,
QG04CX02,"Sågpalmetto, frukt",Sabalis serrulatae fructus,,,
QG04CX03,Mepartricin,Mepartricin,,,
QG04CX04,Fexapotid,Fexapotide,,,
QG04CX90,Osateron,Osaterone,,,
QG51,Antiinfektiva och antiseptiska medel för intrauterin användning,Antiinfectives and antiseptics for intrauterine use,,,
QG51A,Antiinfektiva och antiseptiska medel för intrauterin användning,Antiinfectives and antiseptics for intrauterine use,,,
QG51AA,Antibakteriella medel,Antibacterials,,,
QG51AA01,Oxytetracyklin,Oxytetracycline,,,
QG51AA02,Tetracyklin,Tetracycline,,,
QG51AA03,Amoxicillin,Amoxicillin,,,
QG51AA04,Gentamicin,Gentamicin,,,
QG51AA05,Cefapirin,Cefapirin,,,
QG51AA06,Rifaximin,Rifaximin,,,
QG51AA07,Cefkinom,Cefquinome,,,
QG51AA08,Klortetracyklin,Chlortetracycline,,,
QG51AA09,Formosulfatiazol,Formosulfathiazole,,,
QG51AD,Antiseptiska medel,Antiseptics,,,
QG51AD01,"Povidon, joderad","Povidone, iodinated",,,
QG51AD02,Polikresulen,Policresulen,,,
QG51AD03,Peroxiättiksyra,Peroxy-acetic acid,,,
QG51AD30,Kombinationer av antiseptika,Combinations of antiseptics,,,
QG51AG,Antiinfektiva och/eller antiseptiska medel i kombination för intrauterin användning,"Antiinfectives and/or antiseptics, combinations for intrauterine use",,,
QG51AG01,"Prokainbensylpenicillin, dihydrostreptomycin och sulfadimidin","Procaine benzylpenicillin, dihydrostreptomycin, and sulfadimidine",,,
QG51AG02,"Bensylpenicillin, dihydrostreptomycin och sulfadimidin","Benzylpenicillin, dihydrostreptomycin, and sulfadimidine",,,
QG51AG03,"Tetracyklin, neomycin och sulfadimidin","Tetracycline, neomycin and sulfadimidine",,,
QG51AG04,Ampicillin och oxacillin,Ampicillin and oxacillin,,,
QG51AG05,Ampicillin och kloxacillin,Ampicillin and cloxacillin,,,
QG51AG06,Oxytetracyklin och neomycin,Oxytetracycline and neomycin,,,
QG51AG07,Ampicillin och kolistin,Ampicillin and colistin,,,
QG51AX,Övriga antiinfektiva och antiseptiska medel för intrauterin användning,Other antiinfectives and antiseptics for intrauterine use,,,
QG52,Produkter för spenar och juver,Products for teats and udder,,,
QG52A,Desinfektionsmedel,Disinfectants,,,
QG52B,Hjälpmedel för spenkanalen,Teat canal devices,,,
QG52C,Uppmjukande medel,Emollients,,,
QG52X,Övriga produkter för spenar och juver,Various products for teats and udder,,,
QH,"Systemiska hormonpreparat, exkl. könshormoner och insuliner","Systemic hormonal preparations, excl. sex hormones and insulins",,,
QH01,Hypofys- och hypotalamushormoner samt analoger,Pituitary and hypothalamic hormones and analogues,,,
QH01A,Hypofysframlobens hormoner samt analoger,Anterior pituitary lobe hormones and analogues,,,
QH01AA,ACTH,ACTH,,,
QH01AA01,Kortikotropin,Corticotropin,,,
QH01AA02,Tetrakosaktid,Tetracosactide,,,
QH01AB,Tyrotropin,Thyrotrophin,,,
QH01AB01,Tyrotropin alfa,Thyrotropin alfa,,,
QH01AC,"Somatropin, samt somatropinagonister",Somatropin and somatropin agonists,,,
QH01AC01,Somatropin,Somatropin,,,
QH01AC02,Somatrem,Somatrem,,,
QH01AC03,Mekasermin,Mecasermin,,,
QH01AC04,Sermorelin,Sermorelin,,,
QH01AC05,Mekaserminrinfabat,Mecasermin rinfabate,,,
QH01AC06,Tesamorelin,Tesamorelin,,,
QH01AC07,Somapacitan,Somapacitan,,,
QH01AC08,Somatrogon,Somatrogon,,,
QH01AC09,Lonapegsomatropin,Lonapegsomatropin,,,
QH01AX,Övriga hypofysframlobens hormoner samt analoger,Other anterior pituitary lobe hormones and analogues,,,
QH01AX01,Pegvisomant,Pegvisomant,,,
QH01AX90,Kapromorelin,Capromorelin,,,
QH01B,Hypofysbaklobens hormoner,Posterior pituitary lobe hormones,,,
QH01BA,Vasopressin och analoger,Vasopressin and analogues,,,
QH01BA01,Vasopressin (argipressin),Vasopressin (argipressin),,,
QH01BA02,Desmopressin,Desmopressin,,,
QH01BA03,Lypressin,Lypressin,,,
QH01BA04,Terlipressin,Terlipressin,,,
QH01BA05,Ornipressin,Ornipressin,,,
QH01BA06,Argipressin,Argipressin,,,2017-12-31
QH01BB,Oxytocin och analoger,Oxytocin and analogues,,,
QH01BB01,Demoxytocin,Demoxytocin,,,
QH01BB02,Oxytocin,Oxytocin,,,
QH01BB03,Karbetocin,Carbetocin,,,
QH01BB90,Karbetocin,Carbetocin,,,2014-01-21
QH01C,Hypotalamushormoner,Hypothalamic hormones,,,
QH01CA,Gonadotropinfrisättande hormoner,Gonadotropin-releasing hormones,,,
QH01CA01,Gonadorelin,Gonadorelin,,,
QH01CA02,Nafarelin,Nafarelin,,,
QH01CA90,Buserelin,Buserelin,,,
QH01CA91,Fertirelin,Fertirelin,,,
QH01CA92,Lecirelin,Lecirelin,,,
QH01CA93,Deslorelin,Deslorelin,,,
QH01CA94,Azagly-nafarelin,Azagly-nafarelin,,,
QH01CA95,Peforelin,Peforelin,,,
QH01CA96,"Gonadotropinfrisättande hormonanalog, från lax",Salmon gonadotropin releasing hormone analogue,,,
QH01CA97,Triptorelin,Triptorelin,,,
QH01CA98,Alarelin,Alarelin,,,
QH01CB,Somatostatin och analoger,Somatostatin and analogues,,,
QH01CB01,Somatostatin,Somatostatin,,,
QH01CB02,Oktreotid,Octreotide,,,
QH01CB03,Lanreotid,Lanreotide,,,
QH01CB04,Vapreotid,Vapreotide,,,
QH01CB05,Pasireotid,Pasireotide,,,
QH01CB06,Paltusotin,Paltusotine,,,
QH01CC,Gonadotropinantagonister,Anti-gonadrotropin-releasing hormones,,,
QH01CC01,Ganirelix,Ganirelix,,,
QH01CC02,Cetrorelix,Cetrorelix,,,
QH01CC03,Elagolix,Elagolix,,,
QH01CC04,Linzagolix,Linzagolix,,,
QH01CC53,"Elagolix, estradiol och noretisteron","Elagolix, estradiol and norethisterone",,,
QH01CC54,"Relugolix, estradiol och noretisteron","Relugolix, estradiol and norethisterone",,,
QH02,Kortikosteroider för systemiskt bruk,Corticosteroids for systemic use,,,
QH02A,Kortikosteroider för systemiskt bruk,"Corticosteroids for systemic use, plain",,,
QH02AA,Mineralkortikoider,Mineralocorticoids,,,
QH02AA01,Aldosteron,Aldosterone,,,
QH02AA02,Fludrokortison,Fludrocortisone,,,
QH02AA03,Desoxikorton,Desoxycortone,,,
QH02AB,Glukokortikoider,Glucocorticoids,,,
QH02AB01,Betametason,Betamethasone,,,
QH02AB02,Dexametason,Dexamethasone,,,
QH02AB03,Fluokortolon,Fluocortolone,,,
QH02AB04,Metylprednisolon,Methylprednisolone,,,
QH02AB05,Parametason,Paramethasone,,,
QH02AB06,Prednisolon,Prednisolone,,,
QH02AB07,Prednison,Prednisone,,,
QH02AB08,Triamcinolon,Triamcinolone,,,
QH02AB09,Hydrokortison,Hydrocortisone,,,
QH02AB10,Kortison,Cortisone,,,
QH02AB11,Prednyliden,Prednylidene,,,
QH02AB12,Rimexolon,Rimexolone,,,
QH02AB13,Deflazakort,Deflazacort,,,
QH02AB14,Kloprednol,Cloprednol,,,
QH02AB15,Meprednison,Meprednisone,,,
QH02AB17,Kortivazol,Cortivazol,,,
QH02AB18,Vamorolon,Vamorolone,,,
QH02AB30,Kombination av glukokortikoider,Combinations of glucocorticoids,,,
QH02AB56,"Prednisolon, kombinationer","Prednisolone, combinations",,,
QH02AB57,"Prednison, kombinationer","Prednisone, combinations",,,
QH02AB90,Flumetason,Flumetasone,,,
QH02B,"Kortikosteroider för systemiskt bruk, kombinationer","Corticosteroids for systemic use, combinations",,,
QH02BX,"Kortikosteroider för systemiskt bruk, kombinationer","Corticosteroids for systemic use, combinations",,,
QH02BX01,"Metylprednisolon, kombinationer","Methylprednisolone, combinations",,,
QH02BX90,"Dexametason, kombinationer","Dexamethasone, combinations",,,
QH02BX91,"Alilmemazin, kombinationer","Alilmemazine, combinations",,,2014-01-21
QH02BX92,"Tripelennamin, kombinationer","Tripelennamine, combinations",,,2014-01-21
QH02C,Antiadrenerga preparat,Antiadrenal preparations,,,
QH02CA,Antikortikosteroider,Anticorticosteroids,,,
QH02CA01,Trilostan,Trilostane,,,
QH02CA02,Osilodrostat,Osilodrostat,,,
QH02CA03,Ketokonazol,Ketoconazole,,,
QH02CA04,Levoketokonazol,Levoketoconazole,,,
QH03,Tyreoideabehandling,Thyroid therapy,,,
QH03A,Tyreoideapreparat,Thyroid preparations,,,
QH03AA,Tyreoideahormoner,Thyroid hormones,,,
QH03AA01,Levotyroxinnatrium,Levothyroxine sodium,,,
QH03AA02,"Liotyronin, T3",Liothyronine sodium,,,
QH03AA03,Kombinationer av levotyroxin och liotyronin,Combinations of levothyroxine and liothyronine,,,
QH03AA04,Tiratrikol,Tiratricol,,,
QH03AA05,Sköldkörtelpreparat,Thyroid gland preparations,,,
QH03AA51,Levotyroxinnatrium och jodföreningar,Levothyroxine sodium and iodine compounds,,,
QH03B,"Antityreoida substanser, tyreostatika",Antithyroid preparations,,,
QH03BA,Tiouraciler,Thiouracils,,,
QH03BA01,Metyltiouracil,Methylthiouracil,,,
QH03BA02,Propyltiouracil,Propylthiouracil,,,
QH03BA03,Bensyltiouracil,Benzylthiouracil,,,
QH03BB,Svavelhaltiga imidazolderivat,Sulfur-containing imidazole derivatives,,,
QH03BB01,Karbimazol,Carbimazole,,,
QH03BB02,Tiamazol,Thiamazole,,,
QH03BB52,"Tiamazol, kombinationer","Thiamazole, combinations",,,
QH03BC,Perklorater,Perchlorates,,,
QH03BC01,Kaliumperklorat,Potassium perchlorate,,,
QH03BX,Övriga antityreoida substanser,Other antithyroid preparations,,,
QH03BX01,Dijodtyrosin,Diiodotyrosine,,,
QH03BX02,Dibromotyrosin,Dibromotyrosine,,,
QH03C,Jodterapi,Iodine therapy,,,
QH03CA,Jodterapi,Iodine therapy,,,
QH04,Pankreashormoner,Pancreatic hormones,,,
QH04A,Glukogenolytiskt hormon,Glycogenolytic hormones,,,
QH04AA,Glukogenolytiskt hormon,Glycogenolytic hormones,,,
QH04AA01,Glukagon,Glucagon,,,
QH04AA02,Dasiglukagon,Dasiglucagon,,,
QH05,Medel som reglerar kalciumomsättningen,Calcium homeostasis,,,
QH05A,Paratyreoideahormoner och analoger,Parathyroid hormones and analogues,,,
QH05AA,Paratyreoideahormoner och analoger,Parathyroid hormones and analogues,,,
QH05AA01,Paratyreoideaextrakt,Parathyroid gland extract,,,
QH05AA02,Teriparatid,Teriparatide,,,
QH05AA03,Paratyroidhormon,Parathyroid hormone,,,
QH05AA04,Abaloparatid,Abaloparatide,,,
QH05AA05,Palopegteriparatid,Palopegteriparatide,,,
QH05B,Antiparatyreoideamedel,Anti-parathyroid agents,,,
QH05BA,Kalcitoninpreparat,Calcitonin preparations,,,
QH05BA01,"Kalcitonin, lax, syntetisk",Calcitonin (salmon synthetic),,,
QH05BA02,Kalcitonin (naturligt från gris),Calcitonin (pork natural),,,
QH05BA03,"Kalcitonin, human, syntetisk",Calcitonin (human synthetic),,,
QH05BA04,Elkatonin,Elcatonin,,,
QH05BX,Övriga antiparatyreoideamedel,Other anti-parathyroid agents,,,
QH05BX01,Cinakalcet,Cinacalcet,,,
QH05BX02,Parikalcitol,Paricalcitol,,,
QH05BX03,Doxerkalciferol,Doxercalciferol,,,
QH05BX04,Etelkalcetid,Etelcalcetide,,,
QH05BX05,Kalcifediol,Calcifediol,,,
QH05BX06,Evokalcet,Evocalcet,,,
QI,Immunologiska medel,Immunologicals,,,
QI01,Immunologiska medel för fåglar,Immunologicals for aves,,,
QI01A,Tamhöns,Domestic fowl,,,
QI01AA,Inaktiverade virala vacciner,Inactivated viral vaccines,,,
QI01AA01,Infektiöst fågelbursitvirus (Gumborosjuka),Avian infectious bursal (Gumboro) disease virus,,,
QI01AA02,Newcastlesjukevirus / paramyxovirus,Newcastle disease virus / paramyxovirus,,,
QI01AA03,Infektiöst fågelbronkitvirus,Avian infectious bronchitis virus,,,
QI01AA04,Fågelreovirus,Avian reovirus,,,
QI01AA05,Fågeladenovirus,Avian adenovirus,,,
QI01AA06,Infektiöst fågelbronkitvirus + infektiöst fågelbursitvirus (Gumborosjuka) + Newcastlesjukevirus / paramyxovirus + fågelrhinotrakeitvirus,Avian infectious bronchitis virus + avian infectious bursal (gumboro) disease virus + newcastle disease virus / paramyxovirus + avian rhinotracheitis virus,,,
QI01AA07,Infektiöst fågelbronkitvirus + infektiöst fågelbursitvirus (Gumborosjuka) + Newcastlesjukevirus / paramyxovirus + fågelrhinotrakeitvirus + egg drop syndrome-virus,Avian infectious bronchitis virus + avian infectious bursal (gumboro) disease virus + newcastle disease virus / paramyxovirus + avian rhinotracheitis virus + avian adenovirus,,,
QI01AA08,Infektiöst fågelbronkitvirus + infektiöst fågelbursitvirus (Gumborosjuka) + Newcastlesjukevirus / paramyxovirus,Avian infectious bronchitis virus + avian infectious bursal (gumboro) disease virus + newcastle disease virus / paramyxovirus,,,
QI01AA09,Newcastlesjukevirus / paramyxovirus + infektiöst fågelbursitvirus (Gumborosjuka) + egg drop syndrome-virus,Newcastle disease virus / paramyxovirus + avian infectious bursal (gumboro) disease virus + avian adenovirus,,,
QI01AA10,Infektiöst fågelbronkitvirus + Newcastlesjukevirus / paramyxovirus,Avian infectious bronchitis virus + newcastle disease virus / paramyxovirus,,,
QI01AA11,Infektiöst fågelbursitvirus (Gumborosjuka) + Newcastlesjukevirus / paramyxovirus,Avian infectious bursal (gumboro) disease virus + newcastle disease virus / paramyxovirus,,,
QI01AA12,Newcastlesjukevirus / paramyxovirus + egg drop syndrome-virus,Newcastle disease virus / paramyxovirus + avian adenovirus,,,
QI01AA13,Newcastlesjukevirus / paramyxovirus + aviärt infektiöst bronkitvirus + aviärt adenovirus,Newcastle disease virus / paramyxovirus + avian infectious bronchitis virus + avian adenovirus,,,
QI01AA14,Infektiöst fågelbronkitvirus + fågeladenovirus,Avian infectious bronchitis virus + avian adenovirus,,,
QI01AA15,Infektiöst fågelbronkitvirus + infektiöst fågelbursitvirus (Gumborosjuka),Avian infectious bronchitis virus + avian infectious bursal (gumboro) disease virus,,,
QI01AA16,Infektiöst fågelbronkitvirus + infektiöst fågelbursitvirus (Gumborosjuka) + Newcastlesjukevirus / paramyxovirus + fågelreovirus,Avian infectious bronchitis virus + avian infectious bursal (gumboro) disease virus + newcastle disease virus / paramyxovirus + avian reovirus,,,
QI01AA17,Fågelrhinotrakeitvirus,Avian rhinotracheitis virus,,,
QI01AA18,Infektiöst fågelbronkitvirus + Newcastlesjukevirus/paramyxovirus + fågeladenovirus + fågelrhinotrakeitvirus,Avian infectious bronchitis virus + Newcastle disease virus/paramyxovirus + avian adenovirus + avian rhinotracheitis virus,,,
QI01AA19,Infektiöst fågelbronkitvirus + Infektiöst fågelbursitvirus (Gumborosjuka) + Newcastlesjukevirus / paramyxovirus + egg drop syndrome-virus,Avian infectious bronchitis virus + avian infectious bursal (gumboro) disease virus + newcastle disease virus / paramyxovirus + avian adenovirus,,,
QI01AA20,Newcastlesjukevirus / paramyxovirus + fågelrhinotrakeitvirus,Newcastle disease virus / paramyxovirus + avian rhinotracheitis virus,,,
QI01AA21,Infektiöst fågelbronkitvirus + Newcastlesjukevirus/paramyxovirus + fågelrhinotrakeitvirus,Avian infectious bronchitis virus + Newcastle disease virus/paramyxovirus + avian rhinotracheitis virus,,,
QI01AA22,Infektiöst fågelbursitvirus (Gumborosjuka) + fågelreovirus,Avian infectious bursal (gumboro) disease virus + avian reovirus,,,
QI01AA23,Fågelinfluensavirusvaccin,Avian influenza virus,,,
QI01AA24,Infektiöst fågelbronkitvirus + infektiöst fågelbursitvirus (Gumborosjuka) + Newcastlesjukevirus / paramyxovirus + fågelreovirus + fågeladenovirus + fågelrhinotrakeitvirus,Avian infectious bronchitis virus + avian infectious bursal (gumboro) disease virus + newcastle disease virus / paramyxovirus + avian reovirus + avian adenovirus + avian rhinotracheitis virus,,,
QI01AA25,Infektiöst fågelbronkitvirus + infektiöst fågelbursitvirus (Gumborosjuka) + Newcastlesjukevirus / paramyxovirus + fågelreovirus + fågeladenovirus,Avian infectious bronchitis virus + avian infectious bursal (gumboro) disease virus + newcastle disease virus / paramyxovirus + avian reovirus + avian adenovirus,,,
QI01AA26,Infektiöst fågelbronkitvirus + infektiöst fågelbursitvirus (Gumborosjuka) + Newcastlesjukevirus / paramyxovirus + fågelreovirus + fågelrhinotrakeitvirus,Avian infectious bronchitis virus + avian infectious bursal (gumboro) disease virus + newcastle disease virus / paramyxovirus + avian reovirus + avian rhinotracheitis virus,,,
QI01AB,"Inaktiverade bakteriella vacciner (inklusive Mycoplasma, Toxoid och Chlamydia)","Inactivated bacterial vaccines (including Mycoplasma, Toxoid and Chlamydia)",,,
QI01AB01,Salmonella,Salmonella,,,
QI01AB02,Pasteurella,Pasteurella,,,
QI01AB03,Mykoplasma,Mycoplasma,,,
QI01AB04,Haemophilus,Haemophilus,,,
QI01AB05,Escherichia,Escherichia,,,
QI01AB06,Erysipelothrix,Erysipelothrix,,,
QI01AB07,Ornitobakterievaccin,Ornithobacterium vaccine,,,
QI01AB08,Clostridium,Clostridium,,,
QI01AC,Inaktiverade bakteriella vacciner och antisera,Inactivated bacterial vaccines and antisera,,,
QI01AD,Levande virala vacciner,Live viral vaccines,,,
QI01AD01,Fågelrhinotrakeitvirus,Avian rhinotracheitis virus,,,
QI01AD02,Fågelencefalomyelitvirus,Avian encephalomyelitis virus,,,
QI01AD03,Fågelherpesvirus (Hönsförlamning/Mareks sjukdom),Avian herpes virus (Mareks disease),,,
QI01AD04,Kycklinganemivirus (Blåvingesjuka),Chicken anaemia,,,
QI01AD05,Fågeladenovirus,Avian adenovirus,,,
QI01AD06,Newcastlesjukevirus / paramyxovirus,Newcastle disease virus / paramyxovirus,,,
QI01AD07,Infektiöst fågelbronkitvirus,Avian infectious bronchitis virus,,,
QI01AD08,Infektiöst fågellaryngotrakeitvirus,Avian infectious laryngotracheitis virus,,,
QI01AD09,Infektiöst fågelbursitvirus (Gumborosjuka),Avian infectious bursal disease virus (Gumboro disease),,,
QI01AD10,Fågelreovirus,Avian reovirus,,,
QI01AD11,Infektiöst fågelbronkitvirus + Newcastlesjukevirus/paramyxovirus,Avian infectious bronchitis virus + newcastle disease virus / paramyxovirus,,,
QI01AD12,Fågelpoxvirus,Avian pox virus,,,
QI01AD13,Fågelleukosvirus,Avian leucosis virus,,,
QI01AD14,Fågelhårcellsleukemi,Avian reticuloendotheliosis,,,
QI01AD15,Infektiöst fågelbursitvirus (Gumborosjuka) + fågelherpesvirus (Mareks sjukdom),Avian infectious bursal disease virus (Gumboro disease) + avian herpesvirus (Mareks disease),,,
QI01AD16,Fågelherpesvirus (Hönsförlamning/Mareks sjukdom) + infektiöst fågelbursitvirus (Gumborosjuka) + Newcastlesjukevirus/paramyxovirus,Avian herpes virus (Mareks disease) + avian infectious bursal disease virus (gumboro disease) + newcastle disease virus/paramyxovirus,,,
QI01AD17,Fågelherpesvirus (Hönsförlamning/Mareks sjukdom) + infektiöst fågellaryngotrakeitvirus) + Newcastlesjukevirus/paramyxovirus,Avian herpes virus (marek’s disease) + avian infectious laryngotracheitis virus + newcastle disease virus/paramyxovirus,,,
QI01AD18,Fågelherpesvirus (Hönsförlamning/Mareks sjukdom) + infektiöst fågellaryngotrakeitvirus + infektiöst fågelbursitvirus (Gumborosjuka),Avian herpes virus (marek's disease) + avian infectious laryngotracheitis virus + avian infectious bursal disease virus (gumboro) disease,,,
QI01AD19,Fågelherpesvirus (Hönsförlamning/Mareks sjukdom) + infektiöst fågellaryngotrakeitvirus,Avian herpes virus (marek’s disease) + avian infectious laryngotracheitis virus,,,
QI01AD20,Fågelherpesvirus (Hönsförlamning/Mareks sjukdom) + infektiöst fågellaryngotrakeitvirus + infektiöst fågelbursitvirus (Gumborosjuka) + Newcastlesjukevirus/paramyxovirus,Avian herpes virus (marek's disease) + avian infectious laryngotracheitis virus + avian infectious bursal disease virus (gumboro) disease + newcastle disease virus/paramyxovirus,,,
QI01AD21,Fågelherpesvirus (Hönsförlamning/Mareks sjukdom) + Newcastlesjukevirus/paramyxovirus,Avian herpes virus (marek's disease) + newcastle disease virus/paramyxovirus,,,
QI01AE,Levande bakteriella vacciner,Live bacterial vaccines,,,
QI01AE01,Salmonella,Salmonella,,,
QI01AE02,Pasteurella,Pasteurella,,,
QI01AE03,Mykoplasmavaccin,Mycoplasma,,,
QI01AE04,Escherichiavaccin,Escherichia,,,
QI01AE05,Erysipelothrix,Erysipelothrix,,,
QI01AF,Levande bakteriella och virala vacciner,Live bacterial and viral vaccines,,,
QI01AG,Levande och inaktiverade bakteriella vacciner,Live and inactivated bacterial vaccines,,,
QI01AH,Levande och inaktiverade virala vacciner,Live and inactivated viral vaccines,,,
QI01AI,Levande virala och inaktiverade bakteriella vacciner,Live viral and inactivated bacterial vaccines,,,
QI01AJ,Levande och inaktiverade virala och bakteriella vacciner,Live and inactivated viral and bacterial vaccines,,,
QI01AK,Inaktiverade virala och levande bakteriella vacciner,Inactivated viral and live bacterial vaccines,,,
QI01AL,Inaktiverade virala och inaktiverade bakteriella vacciner,Inactivated viral and inactivated bacterial vaccines,,,
QI01AL01,Newcastlesjukevirus / paramyxovirus + escherichia + pasteurella,Newcastle disease virus / paramyxovirus + escherichia + pasteurella,,,
QI01AL02,Newcastlesjukevirus / paramyxovirus + aviärt infektiöst bronkitvirus + haemophilus,Newcastle disease virus / paramyxovirus + avian infectious bronchitis virus + haemophilus,,,
QI01AL03,Newcastlesjukevirus / paramyxovirus + haemophilus,Newcastle disease virus / paramyxovirus + haemophilus,,,
QI01AL04,Newcastlesjukevirus / paramyxovirus + pasteurella,Newcastle disease virus / paramyxovirus + pasteurella,,,
QI01AL05,Newcastlesjukevirus / paramyxovirus + infektiös fågelbronkit + egg drop syndrome-virus + haemophilus,Newcastle disease virus / paramyxovirus + avian infectious bronchitis virus + avian adenovirus + haemophilus,,,
QI01AL06,Newcastlesjukevirus / paramyxovirus + infektiös fågelbronkit + escherichia + pasteurella,Newcastle disease virus / paramyxovirus + avian infectious bronchitis virus + escherichia + pasteurella,,,
QI01AL07,Newcastlesjukevirus/paramyxovirus + salmonella + pasteurella,Newcastle disease virus/paramyxovirus + salmonella + pasteurella,,,
QI01AM,"Antisera, immunglobulinpreparat och antitoxiner","Antisera, immunoglobulin preparations, and antitoxins",,,
QI01AN,Levande parasitära vacciner,Live parasitic vaccines,,,
QI01AN01,Koccidier,Coccidia,,,
QI01AO,Inaktiverade parasiter,Inactivated parasitic,,,
QI01AO01,Koccidier,Coccidia,,,
QI01AP,Levande vacciner mot svampsjukdomar,Live fungal vaccines,,,
QI01AQ,Inaktiverade vacciner mot svampsjukdomar,Inactivated fungal vaccines,,,
QI01AR,In vivo diagnostika,In vivo diagnostic preparations,,,
QI01AS,Allergener,Allergens,,,
QI01AU,Övriga levande vacciner,Other live vaccines,,,
QI01AV,Övriga inaktiverade vacciner,Other inactivated vaccines,,,
QI01AX,Övriga immunologiska medel,Other immunologicals,,,
QI01B,Anka,Duck,,,
QI01BA,Inaktiverade virala vacciner,Inactivated viral vaccines,,,
QI01BA01,Ankparvovirus + gåsparvovirus,Duck parvovirus + goose parvovirus,,,
QI01BB,"Inaktiverade bakteriella vacciner (inklusive Mycoplasma, Toxoid och Chlamydia)","Inactivated bacterial vaccines (including Mycoplasma, Toxoid and Chlamydia)",,,
QI01BB01,Clostridium,Clostridium,,,
QI01BC,Inaktiverade bakteriella vacciner och antisera,Inactivated bacterial vaccines and antisera,,,
QI01BD,Levande virala vacciner,Live viral vaccines,,,
QI01BD01,Ankenteritvirus,Duck enteritis virus,,,
QI01BD02,Ankhepatitvirus,Duck hepatitis virus,,,
QI01BD03,Ankparvovirus,Duck parvovirus,,,
QI01BE,Levande bakteriella vacciner,Live bacterial vaccines,,,
QI01BF,Levande bakteriella och virala vacciner,Live bacterial and viral vaccines,,,
QI01BG,Levande och inaktiverade bakteriella vacciner,Live and inactivated bacterial vaccines,,,
QI01BH,Levande och inaktiverade virala vacciner,Live and inactivated viral vaccines,,,
QI01BH01,Levande gåsparvovirus + inaktiverat ankparvovirus,Live goose parvovirus + inactivated duck parvovirus,,,
QI01BI,Levande virala och inaktiverade bakteriella vacciner,Live viral and inactivated bacterial vaccines,,,
QI01BJ,Levande och inaktiverade virala och bakteriella vacciner,Live and inactivated viral and bacterial vaccines,,,
QI01BK,Inaktiverade virala och levande bakteriella vacciner,Inactivated viral and live bacterial vaccines,,,
QI01BL,Inaktiverade virala och inaktiverade bakteriella vacciner,Inactivated viral and inactivated bacterial vaccines,,,
QI01BM,"Antisera, immunglobulinpreparat och antitoxiner","Antisera, immunoglobulin preparations, and antitoxins",,,
QI01BN,Levande parasitära vacciner,Live parasitic vaccines,,,
QI01BO,Inaktiverade parasitära vacciner,Inactivated parasitic vaccines,,,
QI01BP,Levande vacciner mot svampsjukdomar,Live fungal vaccines,,,
QI01BQ,Inaktiverade vacciner mot svampsjukdomar,Inactivated fungal vaccines,,,
QI01BR,In vivo diagnostika,In vivo diagnostic preparations,,,
QI01BS,Allergener,Allergens,,,
QI01BU,Övriga levande vacciner,Other live vaccines,,,
QI01BV,Övriga inaktiverade vacciner,Other inactivated vaccines,,,
QI01BX,Övriga immunologiska medel,Other immunologicals,,,
QI01C,Kalkon,Turkey,,,
QI01CA,Inaktiverade virala vacciner,Inactivated viral vaccines,,,
QI01CA01,Kalkonparamyxovirus,Turkey paramyxovirus,,,
QI01CA02,Kalkonparamyxovirus + kalkonrhinotrakeitvirus,Turkey paramyxovirus + turkey rhinotracheitis virus,,,
QI01CA03,Newcastlesjukevirus / paramyxovirus + egg drop syndrome-virus,Newcastle disease virus / paramyxovirus + avian adenovirus,,,
QI01CB,"Inaktiverade bakteriella vacciner (inklusive Mycoplasma, Toxoid och Chlamydia)","Inactivated bacterial vaccines (including Mycoplasma, Toxoid and Chlamydia)",,,
QI01CB01,Pasteurella + erysipelothrix,Pasteurella + erysipelothrix,,,
QI01CB02,Erysipelothrix,Erysipelothrix,,,
QI01CC,Inaktiverade bakteriella vacciner och antisera,Inactivated bacterial vaccines and antisera,,,
QI01CD,Levande virala vacciner,Live viral vaccines,,,
QI01CD01,Kalkonrhinotrakeitvirus,Turkey rhinotracheitis virus,,,
QI01CD02,Kalkonherpesvirus,Turkey herpes virus,,,
QI01CE,Levande bakteriella vacciner,Live bacterial vaccines,,,
QI01CF,Levande bakteriella och virala vacciner,Live bacterial and viral vaccines,,,
QI01CG,Levande och inaktiverade bakteriella vacciner,Live and inactivated bacterial vaccines,,,
QI01CH,Levande och inaktiverade virala vacciner,Live and inactivated viral vaccines,,,
QI01CI,Levande virala och inaktiverade bakteriella vacciner,Live viral and inactivated bacterial vaccines,,,
QI01CJ,Levande och inaktiverade virala och bakteriella vacciner,Live and inactivated viral and bacterial vaccines,,,
QI01CK,Inaktiverade virala och levande bakteriella vacciner,Inactivated viral and live bacterial vaccines,,,
QI01CL,Inaktiverade virala och inaktiverade bakteriella vacciner,Inactivated viral and inactivated bacterial vaccines,,,
QI01CL01,Newcastlesjukevirus / paramyxovirus + egg drop syndrome-virus + fågelinfluensavirus + pasteurella,Newcastle disease virus / paramyxovirus + avian adenovirus + avian influenza virus + pasteurella,,,
QI01CM,"Antisera, immunglobulinpreparat och antitoxiner","Antisera, immunoglobulin preparations, and antitoxins",,,
QI01CN,Levande parasitära vacciner,Live parasitic vaccines,,,
QI01CO,Inaktiverade parasitära vacciner,Inactivated parasitic vaccines,,,
QI01CP,Levande vacciner mot svampsjukdomar,Live fungal vaccines,,,
QI01CQ,Inaktiverade vacciner mot svampsjukdomar,Inactivated fungal vaccines,,,
QI01CR,In vivo diagnostika,In vivo diagnostic preparations,,,
QI01CS,Allergener,Allergens,,,
QI01CU,Övriga levande vacciner,Other live vaccines,,,
QI01CV,Övriga inaktiverade vacciner,Other inactivated vaccines,,,
QI01CX,Övriga immunologiska medel,Other immunologicals,,,
QI01D,Gås,Goose,,,
QI01DA,Inaktiverade virala vaciiner,Inactivated viral vaccines,,,
QI01DB,"Inaktiverade bakteriella vacciner (inklusive Mycoplasma, Toxoid och Chlamydia)","Inactivated bacterial vaccines (including Mycoplasma, Toxoid and Chlamydia)",,,
QI01DC,Inaktiverade bakteriella vacciner och antisera,Inactivated bacterial vaccines and antisera,,,
QI01DD,Levande virala vacciner,Live viral vaccines,,,
QI01DD01,Gåsparvovirus,Goose parvovirus,,,
QI01DE,Levande bakteriella vacciner,Live bacterial vaccines,,,
QI01DF,Levande bakteriella och virala vacciner,Live bacterial and viral vaccines,,,
QI01DG,Levande och inaktiverade bakteriella vacciner,Live and inactivated bacterial vaccines,,,
QI01DH,Levande och inaktiverade virala vacciner,Live and inactivated viral vaccines,,,
QI01DI,Levande virala och inaktiverade bakteriella vacciner,Live viral and inactivated bacterial vaccines,,,
QI01DJ,Levande och inaktiverade virala och bakteriella vacciner,Live and inactivated viral and bacterial vaccines,,,
QI01DK,Inaktiverade virala och levande bakteriella vacciner,Inactivated viral and live bacterial vaccines,,,
QI01DL,Inaktiverade virala och inaktiverade bakteriella vacciner,Inactivated viral and inactivated bacterial vaccines,,,
QI01DM,"Antisera, immunglobulinpreparat och antitoxiner","Antisera, immunoglobulin preparations, and antitoxins",,,
QI01DM01,Gåsparvovirus antiserum,Goose parvovirus antiserum,,,
QI01DN,Levande parasitära vacciner,Live parasitic vaccines,,,
QI01DO,Inaktiverade parasitära vacciner,Inactivated parasitic vaccines,,,
QI01DP,Levande vacciner mot svampsjukdomar,Live fungal vaccines,,,
QI01DQ,Inaktiverade vacciner mot svampsjukdomar,Inactivated fungal vaccines,,,
QI01DR,In vivo diagnostika,In vivo diagnostic preparations,,,
QI01DS,Allergener,Allergens,,,
QI01DU,Övriga levande vacciner,Other live vaccines,,,
QI01DV,Övriga inaktiverade vacciner,Other inactivated vaccines,,,
QI01DX,Övriga immunologiska medel,Other immunologicals,,,
QI01E,Duva,Pigeon,,,
QI01EA,Inaktiverade virala vaciiner,Inactivated viral vaccines,,,
QI01EA01,Duvparamyxovirus,Pigeon paramyxovirus,,,
QI01EB,"Inaktiverade bakteriella vacciner (inklusive Mycoplasma, Toxoid och Chlamydia)","Inactivated bacterial vaccines (including Mycoplasma, Toxoid and Chlamydia)",,,
QI01EC,Inaktiverade bakteriella vacciner och antisera,Inactivated bacterial vaccines and antisera,,,
QI01ED,Levande virala vacciner,Live viral vaccines,,,
QI01ED01,Duvpoxvirus,Pigeon pox virus,,,
QI01EE,Levande bakteriella vacciner,Live bacterial vaccines,,,
QI01EE01,Salmonella,Salmonella,,,
QI01EF,Levande bakteriella och virala vacciner,Live bacterial and viral vaccines,,,
QI01EG,Levande och inaktiverade bakteriella vacciner,Live and inactivated bacterial vaccines,,,
QI01EH,Levande och inaktiverade virala vacciner,Live and inactivated viral vaccines,,,
QI01EH01,"Duvpoxvirus, levande + duvparamyxovirus, inaktiverat",Live pigeon pox virus + inactivated pigeon paramyxovirus,,,
QI01EI,Levande virala och inaktiverade bakteriella vacciner,Live viral and inactivated bacterial vaccines,,,
QI01EJ,Levande och inaktiverade virala och bakteriella vacciner,Live and inactivated viral and bacterial vaccines,,,
QI01EK,Inaktiverade virala och levande bakteriella vacciner,Inactivated viral and live bacterial vaccines,,,
QI01EL,Inaktiverade virala och inaktiverade bakteriella vacciner,Inactivated viral and inactivated bacterial vaccines,,,
QI01EM,"Antisera, immunglobulinpreparat och antitoxiner","Antisera, immunoglobulin preparations, and antitoxins",,,
QI01EN,Levande parasitära vacciner,Live parasitic vaccines,,,
QI01EO,Inaktiverade parasitära vacciner,Inactivated parasitic vaccines,,,
QI01EP,Levande vacciner mot svampsjukdomar,Live fungal vaccines,,,
QI01EQ,Inaktiverade vacciner mot svampsjukdomar,Inactivated fungal vaccines,,,
QI01ER,In vivo diagnostika,In vivo diagnostic preparations,,,
QI01ES,Allergener,Allergens,,,
QI01EU,Övriga levande vacciner,Other live vaccines,,,
QI01EV,Övriga inaktiverade vacciner,Other inactivated vaccines,,,
QI01EX,Övriga immunologiska medel,Other immunologicals,,,
QI01F,Fasan,Pheasant,,,
QI01G,Vaktel,Quail,,,
QI01H,Rapphöna,Partridge,,,
QI01I,Struts,Ostrich,,,
QI01K,Sällskapsfåglar,Pet brids,,,
QI01KA,Inaktiverade virala vaciiner,Inactivated viral vaccines,,,
QI01KA01,Pacheos virus / herpesvirus,Pacheo's virus / herpesvirus,,,
QI01KB,"Inaktiverade bakteriella vacciner (inklusive Mycoplasma, Toxoid och Chlamydia)","Inactivated bacterial vaccines (including Mycoplasma, Toxoid and Chlamydia)",,,
QI01KC,Inaktiverade bakteriella vacciner och antisera,Inactivated bacterial vaccines and antisera,,,
QI01KD,Levande virala vacciner,Live viral vaccines,,,
QI01KD01,Kanariefågelpoxvirus,Canary pox virus,,,
QI01KD02,Pacheo's virus / herpesvirus,Pacheo's virus / herpesvirus,,,
QI01KE,Levande bakteriella vacciner,Live bacterial vaccines,,,
QI01KF,Levande bakteriella och virala vacciner,Live bacterial and viral vaccines,,,
QI01KG,Levande och inaktiverade bakteriella vacciner,Live and inactivated bacterial vaccines,,,
QI01KH,Levande och inaktiverade virala vacciner,Live and inactivated viral vaccines,,,
QI01KI,Levande virala och inaktiverade bakteriella vacciner,Live viral and inactivated bacterial vaccines,,,
QI01KJ,Levande och inaktiverade virala och bakteriella vacciner,Live and inactivated viral and bacterial vaccines,,,
QI01KK,Inaktiverade virala och levande bakteriella vacciner,Inactivated viral and live bacterial vaccines,,,
QI01KL,Inaktiverade virala och inaktiverade bakteriella vacciner,Inactivated viral and inactivated bacterial vaccines,,,
QI01KM,"Antisera, immunglobulinpreparat och antitoxiner","Antisera, immunoglobulin preparations, and antitoxins",,,
QI01KN,Levande parasitära vacciner,Live parasitic vaccines,,,
QI01KO,Inaktiverade parasitära vacciner,Inactivated parasitic vaccines,,,
QI01KP,Levande vacciner mot svampsjukdomar,Live fungal vaccines,,,
QI01KQ,Inaktiverade vacciner mot svampsjukdomar,Inactivated fungal vaccines,,,
QI01KR,In vivo diagnostika,In vivo diagnostic preparations,,,
QI01KS,Allergener,Allergens,,,
QI01KU,Övriga levande vacciner,Other live vaccines,,,
QI01KV,Övriga inaktiverade vacciner,Other inactivated vaccines,,,
QI01KX,Övriga immunologiska medel,Other immunologicals,,,
QI01X,"Fåglar, övriga","Aves, others",,,
QI02,Immunologiska medel för slidhornsdjur,Immunologicals for bovidae,,,
QI02A,Nötkreatur,Cattle,,,
QI02AA,Inaktiverade virala vacciner,Inactivated viral vaccines,,,
QI02AA01,Bovin virusdiarré,Bovine viral diarrhea (BVD),,,
QI02AA02,Bovint respiratoriskt syncytialt virus (BRSV),Bovine respiratory syncytial virus (BRSV),,,
QI02AA03,Infektiöst bovint rhinotrakeitvirus (IBR),Bovine rhinotracheitis virus (IBR),,,
QI02AA04,Mul och klövsjukevirus,Foot and mouth disease virus,,,
QI02AA05,Bovint parainfluensavirus + bovint adenovirus + bovint reovirus,Bovine parainfluenza virus + bovine adenovirus + bovine reovirus,,,
QI02AA06,Bovint parainfluensavirus + bovint adenovirus + bovint reovirus + bovint rhinotrakeitvirus,Bovine parainfluenza virus + bovine adenovirus + bovine reovirus + bovine rhinotracheitis virus,,,
QI02AA07,Bovint parainfluensavirus + bovint adenovirus + bovint reovirus + bovint respiratoriskt syncytialt virus,Bovine parainfluenza virus + bovine adenovirus + bovine reovirus + bovine respiratory syncytial virus,,,
QI02AA08,Blåtungevirus,Bluetongue virus,,,
QI02AA09,Blåtungevirus + lumpy skin disease-virus,Bluetongue virus + lumpy skin disease virus,,,
QI02AB,"Inaktiverade bakteriella vacciner (inklusive Mycoplasma, Toxoid och Chlamydia)","Inactivated bacterial vaccines (including Mycoplasma, Toxoid and Chlamydia)",,,
QI02AB01,Clostridium,Clostridium,,,
QI02AB02,Mycobacterium,Mycobacterium,,,
QI02AB03,Leptospira,Leptospira,,,
QI02AB04,Pasteurella,Pasteurella,,,
QI02AB05,Salmonella,Salmonella,,,
QI02AB06,Escherichia,Escherichia,,,
QI02AB07,Coxiella + chlamydia,Coxiella + chlamydia,,,
QI02AB08,Escherichia + Salmonella + Pasteurella + Streptococcus,Escherichia + Salmonella + Pasteurella + Streptococcus,,,
QI02AB09,Escherichia + Salmonella,Escherichia + Salmonella,,,
QI02AB10,Escherichia + Salmonella + Pasteurella,Escherichia + Salmonella + Pasteurella,,,
QI02AB11,Clostridium + Pasteurella,Clostridium + Pasteurella,,,
QI02AB12,Clostridium + Salmonella,Clostridium + Salmonella,,,
QI02AB13,Escherichia + Streptococcus,Escherichia + Streptococcus,,,
QI02AB14,Pasteurella + Streptococcus + Corynebacterium,Pasteurella + Streptococcus + Corynebacterium,,,
QI02AB15,Chlamydia,Chlamydia,,,
QI02AB16,Streptococcus + Staphylococcus + Pseudomonas + Corynebacterium,Streptococcus + Staphylococcus + Pseudomonas + Corynebacterium,,,
QI02AB17,Escherichia + Staphylococcus,Escherichia + Staphylococcus,,,
QI02AB18,Streptococcus,Streptococcus,,,
QI02AC,Inaktiverade bakteriella vacciner och antisera,Inactivated bacterial vaccines and antisera,,,
QI02AD,Levande virala vacciner,Live viral vaccines,,,
QI02AD01,Infektiöst bovint rhinotrakeitvirus (IBR),Bovine rhinotracheitis virus (IBR),,,
QI02AD02,Bovin virusdiarré (BVD),Bovine viral diarrhea (BVD),,,
QI02AD03,Bovin virusdiarré + bovint respiratoriskt syncytialt virus,Bovine viral diarrhea + bovine respiratory syncytial virus,,,
QI02AD04,Bovint respiratoriskt syncytialt virus (BRSV),Bovine respiratory syncytial virus (BRSV),,,
QI02AD05,Bovint parainfluensavirus,Bovine parainfluenza virus,,,
QI02AD06,Bovint rhinotrakeitvirus + bovint parainfluensavirus,Bovine rhinotracheitis virus + bovine parainfluenza virus,,,
QI02AD07,Bovint respiratoriskt syncytialt virus + bovint parainfluensavirus,Bovine respiratory syncytial virus + bovine parainfluenza virus,,,
QI02AD08,Bovint rotavirus + bovint coronavirus,Bovine rotavirus + bovine coronavirus,,,
QI02AD09,Bovint rotavirus,Bovine rotavirus,,,
QI02AD10,Bovint coronavirus,Bovine coronavirus,,,
QI02AD11,Lumpy skin disease-virus (LSDV),Lumpy skin disease virus (LSDV),,,
QI02AD12,Bovint respiratoriskt syncytialt virus (BRSV) + bovint parainfluensavirus + bovint coronavirus,Bovine respiratory syncytial virus + bovine parainfluenza virus + bovine coronavirus,,,
QI02AE,Levande bakteriella vacciner,Live bacterial vaccines,,,
QI02AE01,Mycobacterium,Mycobacterium,,,
QI02AE02,Salmonella,Salmonella,,,
QI02AE03,Escherichia,Escherichia,,,
QI02AE04,Bacillus anthracis,Bacillus anthracis,,,
QI02AE05,Mycoplasma,Mycoplasma,,,
QI02AF,Levande bakteriella och virala vacciner,Live bacterial and viral vaccines,,,
QI02AG,Levande och inaktiverade bakteriella vacciner,Live and inactivated bacterial vaccines,,,
QI02AH,Levande och inaktiverade virala vacciner,Live and inactivated viral vaccines,,,
QI02AH01,Levande bovint rhinotrakeitvirus (IBR) + levande bovint respiratoriskt syncytialt virus (BRSV) + inaktiverad bovin virusdiarré (BVD) + inaktiverat bovint parainfluensavirus,Live bovine rhinotracheitis virus (IBR) + live bovine respiratory syncytial virus (BRSV) + inactivated bovine viral diarrhea (BVD) + inactivated bovine parainfluenza virus,,,
QI02AI,Levande virala och inaktiverade bakteriella vacciner,Live viral and inactivated bacterial vaccines,,,
QI02AI01,"Bovint rotavirus, levande + bovint coronavirus, levande + escherichia, inaktiverat",Live bovine rotavirus + live bovine coronavirus + inactivated escherichia,,,
QI02AJ,Levande och inaktiverade virala och bakteriella vacciner,Live and inactivated viral and bacterial vaccines,,,
QI02AK,Inaktiverade virala och levande bakteriella vacciner,Inactivated viral and live bacterial vaccines,,,
QI02AL,Inaktiverade virala och inaktiverade bakteriella vacciner,Inactivated viral and inactivated bacterial vaccines,,,
QI02AL01,Bovint rotavirus + bovint coronavirus + escherichia,Bovine rotavirus + bovine coronavirus + escherichia,,,
QI02AL02,Bovint rotavirus + bovint coronavirus + parvovirus + escherichia,Bovine rotavirus + bovine coronavirus + parvovirus + escherichia,,,
QI02AL03,Bovint rotavirus + escherichia,Bovine rotavirus + escherichia,,,
QI02AL04,Bovint parainfluensavirus + bovint respiratoriskt syncytialt virus + pasteurella,Bovine parainfluenza virus + bovine respiratory syncytial virus + pasteurella,,,
QI02AL05,Bovint rotavirus + bovint coronavirus + clostridium + escherichia,Bovine rotavirus + bovine coronavirus + clostridium + escherichia,,,
QI02AM,"Antisera, immunglobulinpreparat och antitoxiner","Antisera, immunoglobulin preparations, and antitoxins",,,
QI02AM01,Escherichia antiserum,Escherichia antiserum,,,
QI02AM02,Salmonella antiserum,Salmonella antiserum,,,
QI02AM03,Pasteurella antiserum + salmonella antiserum + streptococcus antiserum + escherichia antiserum,Pasteurella antiserum + salmonella antiserum + streptococcus antiserum + escherichia antiserum,,,
QI02AM04,Escherichia antiserum + pneumococci antiserum,Escherichia antiserum + pneumococci antiserum,,,
QI02AM05,"Bovint rotavirus, antiserum + bovint coronavirus, antiserum + escherichia antiserum",Bovine rotavirus antiserum + bovine coronavirus antiserum + escherichia antiserum,,,
QI02AM06,Salmonella antiserum + pasteurella antiserum + escherichia antiserum,Salmonella antiserum + pasteurella antiserum + escherichia antiserum,,,
QI02AM07,Salmonella antiserum + escherichia antiserum,Salmonella antiserum + escherichia antiserum,,,
QI02AM08,Pasteurella antiserum,Pasteurella antiserum,,,
QI02AN,Levande parasitära vacciner,Live parasitic vaccines,,,
QI02AN01,Dictyocaulus,Dictyocaulus,,,
QI02AO,Inaktiverade parasitära vacciner,Inactivated parasitic vaccines,,,
QI02AO01,Dictyocaulus,Dictyocaulus,,,
QI02AO02,Cryptosporidium,Cryptosporidium,,,
QI02AP,Levande vacciner mot svampsjukdomar,Live fungal vaccines,,,
QI02AP01,Trikofyton (ringorm),Trichophyton,,,
QI02AQ,Inaktiverade vacciner mot svampsjukdomar,Inactivated fungal vaccines,,,
QI02AQ01,Trikofyton (ringorm),Trichophyton,,,
QI02AR,In vivo diagnostika,In vivo diagnostic preparations,,,
QI02AR01,Bovint tuberkulin PPD,Bovine tuberculin PPD,,,
QI02AR02,Fågeltuberkulin PPD,Avian tuberculin PPD,,,
QI02AS,Allergener,Allergens,,,
QI02AT,Råmjölkspreparat och mjölkersättningar,Colostrum preparations and substitutes,,,
QI02AT01,Escherichia,Escherichia,,,
QI02AU,Övriga levande vacciner,Other live vaccines,,,
QI02AV,Övriga inaktiverade vacciner,Other inactivated vaccines,,,
QI02AX,Övriga immunologiska medel,Other immunologicals,,,
QI02B,Buffel,Buffalo,,,
QI02X,"Slidhornsdjur (bovidae), övriga","Bovidae, others",,,
QI03,Immunologiska medel för getter,Immunologicals for capridae,,,
QI03A,Get,Goat,,,
QI03AA,Inaktiverade virala vaciiner,Inactivated viral vaccines,,,
QI03AB,"Inaktiverade bakteriella vacciner (inklusive Mycoplasma, Toxoid och Chlamydia)","Inactivated bacterial vaccines (including Mycoplasma, Toxoid and Chlamydia)",,,
QI03AB01,Mycobacterium,Mycobacterium,,,
QI03AC,Inaktiverade bakteriella vacciner och antisera,Inactivated bacterial vaccines and antisera,,,
QI03AD,Levande virala vacciner,Live viral vaccines,,,
QI03AD01,Peste de petits ruminants (PPR),Peste de petits ruminants (PPR),,,
QI03AE,Levande bakteriella vacciner,Live bacterial vaccines,,,
QI03AE01,Mycobacterium,Mycobacterium,,,
QI03AF,Levande bakteriella och virala vacciner,Live bacterial and viral vaccines,,,
QI03AG,Levande och inaktiverade bakteriella vacciner,Live and inactivated bacterial vaccines,,,
QI03AH,Levande och inaktiverade virala vacciner,Live and inactivated viral vaccines,,,
QI03AI,Levande virala och inaktiverade bakteriella vacciner,Live viral and inactivated bacterial vaccines,,,
QI03AJ,Levande och inaktiverade virala och bakteriella vacciner,Live and inactivated viral and bacterial vaccines,,,
QI03AK,Inaktiverade virala och levande bakteriella vacciner,Inactivated viral and live bacterial vaccines,,,
QI03AL,Inaktiverade virala och inaktiverade bakteriella vacciner,Inactivated viral and inactivated bacterial vaccines,,,
QI03AM,"Antisera, immunglobulinpreparat och antitoxiner","Antisera, immunoglobulin preparations, and antitoxins",,,
QI03AN,Levande parasitära vacciner,Live parasitic vaccines,,,
QI03AO,Inaktiverade parasitära vacciner,Inactivated parasitic vaccines,,,
QI03AP,Levande vacciner mot svampsjukdomar,Live fungal vaccines,,,
QI03AQ,Inaktiverade vacciner mot svampsjukdomar,Inactivated fungal vaccines,,,
QI03AR,In vivo diagnostika,In vivo diagnostic preparations,,,
QI03AS,Allergener,Allergens,,,
QI03AT,Råmjölkspreparat och mjölkersättningar,Colostrum preparations and substitutes,,,
QI03AU,Övriga levande vacciner,Other live vaccines,,,
QI03AV,Övriga inaktiverade vacciner,Other inactivated vaccines,,,
QI03AX,Övriga immunologiska medel,Other immunologicals,,,
QI03X,"Getter (capridae), övriga","Capridae, others",,,
QI04,Immunologiska medel för får,Immunologicals for ovidae,,,
QI04A,Får,Sheep,,,
QI04AA,Inaktiverade virala vacciner,Inactivated viral vaccines,,,
QI04AA01,Louping ill-virus,Louping ill virus,,,
QI04AA02,Blåtungevirus,Bluetongue virus,,,
QI04AB,"Inaktiverade bakteriella vacciner (inklusive Mycoplasma, Toxoid och Chlamydia)","Inactivated bacterial vaccines (including Mycoplasma, Toxoid and Chlamydia)",,,
QI04AB01,Clostridium,Clostridium,,,
QI04AB02,Pasteurella,Pasteurella,,,
QI04AB03,Bacteroides,Bacteroides,,,
QI04AB04,Escherichia,Escherichia,,,
QI04AB05,Clostridium + Pasteurella,Clostridium + Pasteurella,,,
QI04AB06,Chlamydia,Chlamydia,,,
QI04AB08,Erysipelothrix,Erysipelothrix,,,
QI04AB09,Mycobacterium,Mycobacterium,,,
QI04AB10,Staphylococcus,Staphylococcus,,,
QI04AC,Inaktiverade bakteriella vacciner och antisera,Inactivated bacterial vaccines and antisera,,,
QI04AD,Levande virala vacciner,Live viral vaccines,,,
QI04AD01,Orfvirus / smittsamt muneksem,Orf virus / contagious pustular dermatitis,,,
QI04AE,Levande bakteriella vacciner,Live bacterial vaccines,,,
QI04AE01,Chlamydia,Chlamydia,,,
QI04AE02,Listeria,Listeria,,,
QI04AE03,Mycobacterium,Mycobacterium,,,
QI04AF,Levande bakteriella och virala vacciner,Live bacterial and viral vaccines,,,
QI04AG,Levande och inaktiverade bakteriella vacciner,Live and inactivated bacterial vaccines,,,
QI04AH,Levande och inaktiverade virala vacciner,Live and inactivated viral vaccines,,,
QI04AI,Levande virala och inaktiverade bakteriella vacciner,Live viral and inactivated bacterial vaccines,,,
QI04AJ,Levande och inaktiverade virala och bakteriella vacciner,Live and inactivated viral and bacterial vaccines,,,
QI04AK,Inaktiverade virala och levande bakteriella vacciner,Inactivated viral and live bacterial vaccines,,,
QI04AL,Inaktiverade virala och inaktiverade bakteriella vacciner,Inactivated viral and inactivated bacterial vaccines,,,
QI04AM,"Antisera, immunglobulinpreparat och antitoxiner","Antisera, immunoglobulin preparations, and antitoxins",,,
QI04AM01,Pasteurella antiserum,Pasteurella antiserum,,,
QI04AM02,Clostridium antiserum,Clostridium antiserum,,,
QI04AN,Levande parasitära vacciner,Live parasitic vaccines,,,
QI04AN01,Toxoplasma,Toxoplasma,,,
QI04AO,Inaktiverade parasitära vacciner,Inactivated parasitic vaccines,,,
QI04AP,Levande vacciner mot svampsjukdomar,Live fungal vaccines,,,
QI04AQ,Inaktiverade vacciner mot svampsjukdomar,Inactivated fungal vaccines,,,
QI04AR,In vivo diagnostika,In vivo diagnostic preparations,,,
QI04AS,Allergener,Allergens,,,
QI04AT,Råmjölkspreparat och mjölkersättningar,Colostrum preparations and substitutes,,,
QI04AU,Övriga levande vacciner,Other live vaccines,,,
QI04AV,Övriga inaktiverade vacciner,Other inactivated vaccines,,,
QI04AX,Övriga immunologiska medel,Other immunologicals,,,
QI04X,"Får (ovidae), övriga","Ovidae, others",,,
QI05,Immunologiska medel för hästdjur,Immunologicals for equidae,,,
QI05A,Häst,Horse,,,
QI05AA,Inaktiverade virala vacciner,Inactivated viral vaccines,,,
QI05AA01,Ekvint influensavirus,Equine influenza virus,,,
QI05AA03,Hästherpesvirus + hästreovirus + hästinfluensavirus,Equine rhinopneumonitis virus + equine reovirus + equine influenza virus,,,
QI05AA04,Ekvint rhinopneumonitivirus + ekvint influensavirus,Equine rhinopneumonitis virus + Equine influenza virus,,,
QI05AA05,Hästherpesvirus,Equine rhinopneumonitis virus,,,
QI05AA06,Hästreovirus,Equine reovirus,,,
QI05AA07,Hästarterivirus,Equine arteritis virus,,,
QI05AA08,Hästparapoxvirus,Equine parapox virus,,,
QI05AA09,Hästrotavirus,Equine rotavirus,,,
QI05AA10,West Nile-virus,West Nile virus,,,
QI05AA11,Hästherpesvirus + hästabortvirus,Equine rhinopneumonitis virus + equine abortion virus,,,
QI05AB,"Inaktiverade bakteriella vacciner (inklusive Mycoplasma, Toxoid och Chlamydia)","Inactivated bacterial vaccines (including Mycoplasma, Toxoid and Chlamydia)",,,
QI05AB01,Streptococcus,Streptococcus,,,
QI05AB02,Actinobacillus + Escherichia + Salmonella + Streptococcus,Actinobacillus + Escherichia + Salmonella + Streptococcus,,,
QI05AB03,Clostridium,Clostridium,,,
QI05AC,Inaktiverade bakteriella vacciner och antisera,Inactivated bacterial vaccines and antisera,,,
QI05AD,Levande virala vacciner,Live viral vaccines,,,
QI05AD01,Hästherpesvirus,Equine rhinopneumonitis virus,,,
QI05AD02,Ekvint influensavirus,Equine influenza virus,,,
QI05AE,Levande bakteriella vacciner,Live bacterial vaccines,,,
QI05AF,Levande bakteriella och virala vacciner,Live bacterial and viral vaccines,,,
QI05AG,Levande och inaktiverade bakteriella vacciner,Live and inactivated bacterial vaccines,,,
QI05AH,Levande och inaktiverade virala vacciner,Live and inactivated viral vaccines,,,
QI05AI,Levande virala och inaktiverade bakteriella vacciner,Live viral and inactivated bacterial vaccines,,,
QI05AI01,Ekvint influensavirus + clostridium,Equine influenza virus + clostridium,,,
QI05AJ,Levande och inaktiverade virala och bakteriella vacciner,Live and inactivated viral and bacterial vaccines,,,
QI05AK,Inaktiverade virala och levande bakteriella vacciner,Inactivated viral and live bacterial vaccines,,,
QI05AL,Inaktiverade virala och inaktiverade bakteriella vacciner,Inactivated viral and inactivated bacterial vaccines,,,
QI05AL01,Ekvint influensavirus + clostridium,Equine influenza virus + clostridium,,,
QI05AM,"Antisera, immunglobulinpreparat och antitoxiner","Antisera, immunoglobulin preparations, and antitoxins",,,
QI05AM01,Clostridium antiserum,Clostridium antiserum,,,
QI05AM02,Antilipopolysackarid antiserum,Antilipopolysacharide antiserum,,,
QI05AM03,Actinobacillus antiserum + escherichia antiserum + salmonella antiserum + streptococcus antiserum,Actinobacillus antiserum + escherichia antiserum + salmonella antiserum + streptococcus antiserum,,,
QI05AN,Levande parasitära vacciner,Live parasitic vaccines,,,
QI05AO,Inaktiverade parasitära vacciner,Inactivated parasitic vaccines,,,
QI05AP,Levande vacciner mot svampsjukdomar,Live fungal vaccines,,,
QI05AP01,Trikofyton (ringorm),Trichophyton,,,
QI05AQ,Inaktiverade vacciner mot svampsjukdomar,Inactivated fungal vaccines,,,
QI05AQ01,Trikofyton (ringorm),Trichophyton,,,
QI05AQ02,Trikofyton (ringorm) + microsporum,Trichophyton + microsporum,,,
QI05AR,In vivo diagnostika,In vivo diagnostic preparations,,,
QI05AR01,Mallein,Mallein,,,
QI05AS,Allergener,Allergens,,,
QI05AT,Råmjölkspreparat och mjölkersättningar,Colostrum preparations and substitutes,,,
QI05AU,Övriga levande vacciner,Other live vaccines,,,
QI05AV,Övriga inaktiverade vacciner,Other inactivated vaccines,,,
QI05AX,Övriga immunologiska medel,Other immunologicals,,,
QI05AX01,"Parapox ovisvirus, inaktiverat","Parapox ovis virus, inactivated",,,
QI05AX02,"Propionibacterium acnes, inaktiverad","Propionibacterium acnes, inactivated",,,
QI05B,Åsna,Azinine/donkey,,,
QI05C,Hybrid,Hybride,,,
QI05X,"Hästdjur (equidae), övriga","Equidae, others",,,
QI06,Immunologiska medel för kattdjur,Immunologicals for felidae,,,
QI06A,Katt,Cat,,,
QI06AA,Inaktiverade virala vacciner,Inactivated viral vaccines,,,
QI06AA01,Felint leukemivirus,Feline leukaemia virus,,,
QI06AA02,Kattpestvirus / parvovirus,Feline panleucopenia virus / parvovirus,,,
QI06AA03,Rabiesvirus + kattsnuvevirus + kattcalicivirus,Rabies virus + feline rhinotracheitis virus + feline calicivirus,,,
QI06AA04,Kattsnuvevirus + kattcalicivirus + kattpestvirus / parvovirus,Feline rhinotracheitis virus + feline calicivirus + feline panleucopenia virus / parvovirus,,,
QI06AA05,Kattsnuvevirus + kattcalicivirus,Feline rhinotracheitis virus + feline calicivirus,,,
QI06AA06,Infektiöst kattperitonitvirus,Feline infectious peritonitis virus,,,
QI06AA07,Felint calicivirus,Feline calicivirus,,,
QI06AA08,Felint rhinotrakeitvirus,Feline rhinotracheitis virus,,,
QI06AA09,Felint panleucopenivirus + felint calicivirus + feline rhinotracheitis virus + rabies virus,Feline panleucopenia virus + feline calicivirus + feline rhinotracheitis virus + rabies virus,,,
QI06AA10,Felint immunbristvirus,Feline immunodeficiency virus,,,
QI06AB,"Inaktiverade bakteriella vacciner (inklusive Mycoplasma, Toxoid och Chlamydia)","Inactivated bacterial vaccines (including Mycoplasma, Toxoid and Chlamydia)",,,
QI06AB02,Actinobacillus vaccin + Escherichia vaccin + Salmonella vaccin + Streptococcus vaccin,Actinobacillus vaccine + Escherichia vaccine + Salmonella vaccine + Streptococcus vaccine,,,2014-01-21
QI06AC,Inaktiverade bakteriella vacciner och antisera,Inactivated bacterial vaccines and antisera,,,
QI06AC01,Chlamydiavaccin,Chlamydia vaccine,,,
QI06AC02,Bordetellavaccin,Bordetella vaccine,,,
QI06AD,Levande virala vacciner,Live viral vaccines,,,
QI06AD01,Felint panleucopenivirus / parvovirus,Feline panleucopenia virus / parvovirus,,,
QI06AD02,Felint infektiöst peritonitvirus,Feline infectious peritonitis virus,,,
QI06AD03,Felint rhinotrakeitvirus (kattsnuva) + felint calicivirus,Feline rhinotracheitis virus + feline calicivirus,,,
QI06AD04,Felint panleukopenivirus/parvovirus + felint rhinotrakeitvirus (kattsnuva) + felint calicivirus,Feline panleucopenia virus/parvovirus + feline rhinotracheitis virus + feline calicivirus,,,
QI06AD05,Felint panleukopenivirus / parvovirus + felint rhinotrakeitvirus,Feline panleucopenia virus / parvovirus + feline rhinotracheitis virus,,,
QI06AD06,Felint parapoxvirus,Feline parapox virus,,,
QI06AD07,"Kattleukemi rekombinant kanariefågelpoxvirus, levande",Feline leukaemia recombinant live canarypox virus,,,
QI06AD08,"Rabies, rekombinant levande kanariefågelpoxvirus","Rabies, recombinant live canarypox virus",,,
QI06AE,Levande bakteriella vacciner,Live bacterial vaccines,,,
QI06AE01,Chlamydia,Chlamydia,,,
QI06AE02,Bordetella,Bordetella,,,
QI06AF,Levande bakteriella och virala vacciner,Live bacterial and viral vaccines,,,
QI06AF01,Felint panleukopenivirus/parvovirus + felint rhinotrakeitvirus (kattsnuva) + felint calicivirus + chlamydia,Feline panleucopenia virus/parvovirus + feline rhinotracheitis virus + feline calicivirus + chlamydia,,,
QI06AG,Levande och inaktiverade bakteriella vacciner,Live and inactivated bacterial vaccines,,,
QI06AH,Levande och inaktiverade virala vacciner,Live and inactivated viral vaccines,,,
QI06AH01,"Kattsnuvevirus, levande + kattcalicivirus, levande + kattpestvirus / parvovirus, inaktiverat",Live feline rhinotracheitis virus + live feline calicivirus + inactivated feline panleucopenia virus / parvovirus,,,
QI06AH02,"Kattpestvirus / parvovirus, levande + rabiesvirus, inaktiverat",Live feline panleucopenia virus / parvovirus + inactivated rabies virus,,,
QI06AH03,"Kattsnuvevirus, levande + kattpestvirus / parvovirus, inaktiverat",Live feline rhinotracheitis virus + inactivated feline panleucopenia virus / parvovirus,,,
QI06AH04,"Kattpestvirus / parvovirus, levande + rabiesvirus, inaktiverat + kattsnuvevirus, inaktiverat + kattcalicivirus, inaktiverat",Live feline panleucopenia virus / parvovirus + inactivated rabies virus + inactivated feline rhinotracheitis virus + inactivated feline calicivirus,,,
QI06AH05,"Kattpestvirus / parvovirus, levande + kattsnuvevirus, levande + kattcalicivirus, levande + rabiesvirus, inaktiverat",Live feline panleucopenia virus / parvovirus + live feline rhinotracheitis virus + live feline calicivirus + inactivated rabies virus,,,
QI06AH06,"Kattpestvirus / parvovirus, levande + kattsnuvevirus, inaktiverat + kattcalicivirus, inaktiverat",Live feline panleucopenia virus / parvovirus + inactivated feline rhinotracheitis virus + inactivated feline calicivirus,,,
QI06AH07,Levande felint panleukopenivirus/parvovirus + levande felint rhinotrakeitvirus (kattsnuva) + levande felint calicivirus + inaktiverat felint leukemivirus,Live feline panleucopenia virus/parvovirus + live feline rhinotracheitis virus + live feline calicivirus + inactivated feline leukaemia virus,,,
QI06AH08,"Kattsnuvevirus, levande + kattcalicivirusantigen, inaktiverat",Live feline rhinotracheitis virus + inactivated feline calicivirus antigen,,,
QI06AH09,"Kattsnuvevirus, levande + kattpestvirus / parvovirus, levande + kattcalicivirusantigen, inaktiverat",Live feline rhinotracheitis virus + live feline panleucopenia virus / parvovirus + inactivated feline calicivirus antigen,,,
QI06AH10,"Kattsnuvevirus, levande + kattpestvirus / parvovirus, levande + kattcalicivirus, inaktiverat + kattleukemi rekombinant kanariefågelpox virus, levande",Live feline rhinotracheitis virus + live feline panleucopenia virus / parvovirus + inactivated feline calicivirus + feline leukaemia recombinant live canarypox virus,,,
QI06AI,Levande virala och inaktiverade bakteriella vacciner,Live viral and inactivated bacterial vaccines,,,
QI06AI01,"Kattpestvirus / parvovirus, levande + kattsnuvevirus, levande + kattcalicivirus, levande + Chlamydia, inaktiverad",Live feline panleucopenia virus / parvovirus + live feline rhinotracheitis virus + live feline calicivirus + inactivated chlamydia,,,
QI06AI02,"Kattsnuvevirus, levande + kattcalicivirus, levande + chlamydia, inaktiverad",Live feline rhinotracheitis virus + live feline calicivirus + inactivated chlamydia,,,
QI06AI03,"Kattpestvirus / parvovirus, levande + kattsnuvevirus, levande + kattcalicivirus, levande + kattleukemivirus, levande + chlamydia, inaktiverad",Live feline panleucopenia virus / parvovirus + live feline rhinotracheitis virus + live feline calicivirus + live feline leukaemia virus + inactivated chlamydia,,,
QI06AJ,Levande och inaktiverade virala och bakteriella vacciner,Live and inactivated viral and bacterial vaccines,,,
QI06AJ01,"Kattsnuvevirus, levande + kattcalicivirus, levande + kattpestvirus / parvovirus, inaktiverat + chlamydia, levande",Live feline rhinotracheitis virus + live feline calicivirus + inactivated feline panleucopenia virus / parvovirus + live chlamydia,,,
QI06AJ02,"kattsnuvevirus, levande + kattcalicivirusantigen, inaktiverat + chlamydia, levande",Live feline rhinotracheitis virus + inactivated feline calicivirus antigen + live chlamydia,,,
QI06AJ03,Levande felint rhinotrakeitvirus (kattsnuva) + inaktiverat felint calicivirusantigen + levande felint panleukopenivirus/parvovirus + levande chlamydia,Live feline rhinotracheitis virus + inactivated feline calicivirus antigen + live feline panleucopenia virus/parvovirus + live chlamydia,,,
QI06AJ04,"Kattsnuvevirus, levande + kattcalicivirus, levande + chlamydia, levande + kattsnuvevirus, inaktiverat / kattleukemivirus, inaktiverat",Live feline rhinotracheitis virus + live feline calicivirus + live chlamydia + inactivated feline panleucopenia virus / inactivated feline leukaemia virus,,,
QI06AJ05,Levande felint rhinotrakeitvirus (kattsnuva)+inaktiverat felint calicivirusantigen+levande felint panleukopenivirus/parvovirus+levande chlamydia+felint leukemivirus rekombinant kanariefågelpoxvirus,Live feline rhinotracheitis virus + inactivated feline calicivirus antigen + live feline panleucopenia virus/parvovirus + live chlamydia + feline leukaemia recombinant live canarypox virus,,,
QI06AK,Inaktiverade virala och levande bakteriella vacciner,Inactivated viral and live bacterial vaccines,,,
QI06AL,Inaktiverade virala och inaktiverade bakteriella vacciner,Inactivated viral and inactivated bacterial vaccines,,,
QI06AL01,Felint panleukopenivirus/parvovirus + felint rhinotrakeitvirus + felint calicivirus + felint infektiöst leukemivirus + chlamydia,feline panleucopenia virus/parvovirus + feline rhinotracheitis virus + feline calicivirus + feline infectious leukaemia virus + chlamydia,,,
QI06AL02,"Kattpestvirus / parvovirus + kattsnuvevirus + kattcalicivirus + chlamydia, inaktiverad",Feline panleucopenia virus / parvovirus + feline rhinotracheitis virus + feline calicivirus + inactivated chlamydia,,,
QI06AL03,Kattsnuvevirus + kattcalicivirus + chlamydia,Feline rhinotracheitis virus + feline calicivirus + chlamydia,,,
QI06AM,"Antisera, immunglobulinpreparat och antitoxiner","Antisera, immunoglobulin preparations, and antitoxins",,,
QI06AM01,"Kattpestvirus / parvovirus, antiserum + kattsnuvevirus, antiserum + kattcalicivirus, antiserum",Feline panleucopenia virus / parvovirus antiserum + feline rhinotracheitis virus antiserum + feline calicivirus antiserum,,,
QI06AN,Levande parasitära vacciner,Live parasitic vaccines,,,
QI06AO,Inaktiverade parasitära vacciner,Inactivated parasitic vaccines,,,
QI06AP,Levande vacciner mot svampsjukdomar,Live fungal vaccines,,,
QI06AP01,Trikofyton (ringorm),Trichophyton,,,
QI06AP02,Trikofyton (ringorm) + microsporum,Trichophyton + microsporum,,,
QI06AQ,Inaktiverade vacciner mot svampsjukdomar,Inactivated fungal vaccines,,,
QI06AQ01,Trikofyton (ringorm) + microsporum,Trichophyton + microsporum,,,
QI06AQ02,Microsporum,Microsporum,,,
QI06AR,In vivo diagnostika,In vivo diagnostic preparations,,,
QI06AS,Allergener,Allergens,,,
QI06AT,Råmjölkspreparat och mjölkersättningar,Colostrum preparations and substitutes,,,
QI06AU,Övriga levande vacciner,Other live vaccines,,,
QI06AV,Övriga inaktiverade vacciner,Other inactivated vaccines,,,
QI06AX,Övriga immunologiska medel,Other immunologicals,,,
QI06X,"Kattdjur (felidae), övriga","Felidae, others",,,
QI07,Immunologiska medel för hunddjur,Immunologicals for canidae,,,
QI07A,Hund,Dog,,,
QI07AA,Inaktiverade virala vacciner,Inactivated viral vaccines,,,
QI07AA01,Hundparvovirus,Canine parvovirus,,,
QI07AA02,Rabiesvirus,Rabies virus,,,
QI07AA03,Hundparainfluensavirus + hundreovirus + hundinfluensavirus,Canine parainfluenza virus + canine reovirus + canine influenza virus,,,
QI07AA04,Hundparainfluensavirus,Canine parainfluenza virus,,,
QI07AA05,Hundadenovirus,Canine adenovirus,,,
QI07AA06,Hundherpesvirus,Canine herpesvirus,,,
QI07AA07,Hundinfluensavirus,Canine influenza virus,,,
QI07AB,"Inaktiverade bakteriella vacciner (inklusive Mycoplasma, Toxoid och Chlamydia)","Inactivated bacterial vaccines (including Mycoplasma, Toxoid and Chlamydia)",,,
QI07AB01,Leptospira,Leptospira,,,
QI07AB02,Staphylococcus,Staphylococcus,,,
QI07AB03,Bordetella,Bordetella,,,
QI07AB04,Borrelia,Borrelia,,,
QI07AC,Inaktiverade bakteriella vacciner och antisera,Inactivated bacterial vaccines and antisera,,,
QI07AD,Levande virala vacciner,Live viral vaccines,,,
QI07AD01,Hundparvovirus,Canine parvovirus,,,
QI07AD02,"Valpsjukevirus, hund + hundadenovirus + hundparvovirus",Canine distemper virus + canine adenovirus + canine parvovirus,,,
QI07AD03,Valpsjukevirus + hundparvovirus,Canine distemper virus + canine parvovirus,,,
QI07AD04,"Valpsjukevirus, hund + hundadenovirus + hundparvovirus + hundparainfluensavirus",Canine distemper virus + canine adenovirus + canine parvovirus + canine parainfluenza virus,,,
QI07AD05,Valpsjukevirus,Canine distemper virus,,,
QI07AD06,Valpsjukevirus + hundadenovirus,Canine distemper virus + canine adenovirus,,,
QI07AD07,Valpsjukevirus + hundparainfluensavirus,Canine distemper virus + canine parainfluenza virus,,,
QI07AD08,Hundparainfluensavirus,Canine parainfluenza virus,,,
QI07AD09,Hundparvovirus + hundparainfluensavirus,Canine parvovirus + canine parainfluenza virus,,,
QI07AD10,Valpsjukevirus + hundadenovirus + hundparainfluensavirus,Canine distemper virus + canine adenovirus + canine parainfluenza virus,,,
QI07AD11,Hundcoronavirus,Canine coronavirus,,,
QI07AD12,Hundcoronavirus + hundparvovirus,Canine coronavirus + canine parvovirus,,,
QI07AD13,Hundparapoxvirus,Canine parapox virus,,,
QI07AD14,Valpsjukevirusvirus baserat på mässlingsvirus,Canine distemper virus based on measles virus,,,
QI07AE,Levande bakteriella vacciner,Live bacterial vaccines,,,
QI07AE01,Bordetellavaccin,Bordetella vaccine,,,
QI07AF,Levande bakteriella och virala vacciner,Live bacterial and viral vaccines,,,
QI07AF01,Bordetella + hundparainfluensavirus,Bordetella + canine parainfluenza virus,,,
QI07AF02,Bordetella + hundadenovirus + hundparainfluensavirus,bordetella + canine adenovirus + canine parainfluenza virus,,,
QI07AG,Levande och inaktiverade bakteriella vacciner,Live and inactivated bacterial vaccines,,,
QI07AH,Levande och inaktiverade virala vacciner,Live and inactivated viral vaccines,,,
QI07AH01,"Valpsjukevirus, levande + hundadenovirus, inaktiverat + hundparvovirus, inaktiverat",Live canine distemper virus + inactivated canine adenovirus + inactivated canine parvovirus,,,
QI07AH02,"Hundparainfluensavirus, levande + hundparvovirus, inaktiverat",Live canine parainfluenza virus + inactivated canine parvovirus,,,
QI07AH03,"Valpsjukevirus, levande + hundparainfluensavirus, levande + hundadenovirus, inaktiverat + hundparvovirus, inaktiverat",Live canine distemper virus + live canine parainfluenza virus + inactivated canine adenovirus + inactivated canine parvovirus,,,
QI07AH04,"Valpsjukevirus, levande + hundparvovirus, levande + hundcoronavirus, inaktiverat",Live canine distemper virus + live canine parvovirus + inactivated canine coronavirus,,,
QI07AH05,"Valpsjukevirus, levande + hundadenovirus, levande + hundparvovirus, levande + hundparainfluensavirus, levande + kattcoronavirus, inaktiverat",Live canine distemper virus + live canine adenovirus + live canine parvovirus + live canine parainfluenza virus + inactivated feline coronavirus,,,
QI07AH06,"Hundparainfluensavirus, levande + kattcoronavirus, inaktiverat",Live canine parainfluenza virus + inactivated feline coronavirus,,,
QI07AI,Levande virala och inaktiverade bakteriella vacciner,Live viral and inactivated bacterial vaccines,,,
QI07AI01,"Valpsjukevirus, levande + hundadenovirus, levande + leptospira, inaktiverad",Live canine distemper virus + live canine adenovirus + inactivated leptospira,,,
QI07AI02,"Valpsjukevirus, levande + hundadenovirus, levande + hundparainfluensavirus, levande + hundparvovirus, levande + leptospira, inaktiverad",Live canine distemper virus + live canine adenovirus + live canine parainfluenza virus + live canine parvovirus + inactivated leptospira,,,
QI07AI03,"Valpsjukevirus, levande + hundadenovirus, levande + hundparvovirus, levande + leptospira, inaktiverad",Live canine distemper virus + live canine adenovirus + live canine parvovirus + inactivated leptospira,,,
QI07AI04,"Valpsjukevirus + leptospira, inaktiverad",Live canine distemper virus + inactivated leptospira,,,
QI07AI05,"Hundparvovirus, levande + leptospira, inaktiverad",Live canine parvovirus + inactivated leptospira,,,
QI07AI06,"Valpsjukevirus, levande + hundparvovirus, levande + leptospira, inaktiverad",Live canine distemper virus + live canine parvovirus + inactivated leptospira,,,
QI07AI07,"Hundparvovirus, levande +  hundparainfluensavirus, levande + leptospira, inaktiverad",Live canine parvovirus + live canine parainfluenza virus + inactivated leptospira,,,
QI07AI08,"Hundparainfluensavirus, levande + leptospira, inaktiverad",Live canine parainfluenza virus + inactivated leptospira,,,
QI07AJ,Levande och inaktiverade virala och bakteriella vacciner,Live and inactivated viral and bacterial vaccines,,,
QI07AJ01,"Valpsjukevirus + hundadenovirus, inaktiverat + rabies, inaktiverat + leptospira, inaktiverad",Live canine distemper virus + inactivated canine adenovirus + inactivated rabies + inactivated leptospira,,,
QI07AJ02,"Valpsjukevirus + hundadenovirus, inaktiverat + leptospira, inaktiverad",Live canine distemper virus + inactivated canine adenovirus + inactivated leptospira,,,
QI07AJ03,"Valpsjukevirus, levande + hundadenovirus, inaktiverat + hundparvovirus, inaktiverat + leptospira, inaktiverad",Live canine distemper virus + inactivated canine adenovirus + inactivated canine parvovirus + inactivated leptospira,,,
QI07AJ04,"Valpsjukevirus, levande + hundadenovirus, inaktiverat + hundparvovirus, inaktiverat + rabies, inaktiverat + leptospira, inaktiverad",Live canine distemper virus + inactivated canine adenovirus + inactivated canine parvovirus + inactivated rabies + inactivated leptospira,,,
QI07AJ05,"Valpsjukevirus, levande + hundadenovirus, levande + hundparvovirus, levande + rabies, inaktiverat + leptospira, inaktiverad",Live canine distemper virus + live canine adenovirus + live canine parvovirus + inactivated rabies + inactivated leptospira,,,
QI07AJ06,"Valpsjukevirus, levande + hundadenovirus, levande + parainfluensavirus, levande + hundparvovirus, levande + rabies, inaktiverat + leptospira, inaktiverad",Live canine distemper virus + live canine adenovirus + live parainfluenza virus + live canine parvovirus + inactivated rabies + inactivated leptospira,,,
QI07AJ07,"Valpsjukevirus, levande + hundadenovirus, levande + rabies, inaktiverat + leptospira, inaktiverad",Live canine distemper virus + live canine adenovirus + inactivated rabies + inactivated leptospira,,,
QI07AJ08,"Valpsjukevirus, levande + hundadenovirus, levande + hundparvovirus, inaktiverat + leptospira, inaktiverad",Live canine distemper virus + live canine adenovirus + inactivated canine parvovirus + inactivated leptospira,,,
QI07AJ09,"Valpsjukevirus, levande + hundadenovirus, levande + hundparvovirus, levande + leptospira, inaktiverad",Live canine distemper virus + live canine adenovirus + live canine parvovirus + inactivated leptospira,,,
QI07AJ10,"Valpsjukevirus, levande  + hundadenovirus, levande + parainfluensavirus, levande + hundparvovirus, levande + hundcoronavirus, inaktiverat + leptospira, inaktiverad",Live canine distemper virus  + live canine adenovirus + live parainfl.virus + live canine parvovirus + inactivated canine coronavirus + inactivated leptospira,,,
QI07AJ11,"Hundparvovirus, levande + hundparainfluensavirus, levande + leptospira, inaktiverad + hundcoronavirus, inaktiverat",Live canine parvovirus + live canine parainfluenza virus + inactivated leptospira + inactivated canine coronavirus,,,
QI07AJ12,"Hundparainfluensavirus, levande + leptospira, inaktiverad + hundcoronavirus, inaktiverat",Live canine parainfluenza virus + inactivated leptospira + inactivated canine coronavirus,,,
QI07AK,Inaktiverade virala och levande bakteriella vacciner,Inactivated viral and live bacterial vaccines,,,
QI07AL,Inaktiverade virala och inaktiverade bakteriella vacciner,Inactivated viral and inactivated bacterial vaccines,,,
QI07AL01,Rabiesvirus + leptospira,Rabies virus + leptospira,,,
QI07AL02,Rabiesvirus + hundparvovirus + leptospira,Rabies virus + canine parvovirus + leptospira,,,
QI07AL03,Valpsjukevirus + hundadenovirus + hundparvovirus + rabiesvirus + leptospira,Canine distemper virus + canine adenovirus + canine parvovirus + rabies virus + leptospira,,,
QI07AL04,Hundparvovirus + leptospira,Canine parvovirus + leptospira,,,
QI07AL05,Bordetella + hundparainfluensavirus,Bordetella + canine parainfluenza virus,,,
QI07AM,"Antisera, immunglobulinpreparat och antitoxiner","Antisera, immunoglobulin preparations, and antitoxins",,,
QI07AM01,Valpsjukeantiserum + hundadenovirusantiserum + hundparvovirusantiserum + leptospiraantiserum,Canine distemper antiserum + canine adenovirus antiserum + canine parvovirus antiserum + leptospira antiserum,,,
QI07AM02,Anti-lipopolysackarid antiserum,Anti lipopolysacharide antiserum,,,
QI07AM03,Valpsjukeantiserum + hundadenovirusantiserum + hundparvovirusantiserum,Canine distemper antiserum + canine adenovirus antiserum + canine parvovirus antiserum,,,
QI07AM04,Serum mot ormgift,Snake venom antiserum,,,
QI07AN,Levande parasitära vacciner,Live parasitic vaccines,,,
QI07AO,Inaktiverade parasitära vacciner,Inactivated parasitic vaccines,,,
QI07AO01,Leishmania,Leishmania,,,
QI07AP,Levande vacciner mot svampsjukdomar,Live fungal vaccines,,,
QI07AQ,Inaktiverade vacciner mot svampsjukdomar,Inactivated fungal vaccines,,,
QI07AQ01,Trikofyton (ringorm) + microsporum,Trichophyton + microsporum,,,
QI07AQ02,Microsporumvaccin,Microsporum vaccine,,,
QI07AR,In vivo diagnostika,In vivo diagnostic preparations,,,
QI07AS,Allergener,Allergens,,,
QI07AT,Råmjölkspreparat och mjölkersättningar,Colostrum preparations and substitutes,,,
QI07AU,Övriga levande vacciner,Other live vaccines,,,
QI07AV,Övriga inaktiverade vacciner,Other inactivated vaccines,,,
QI07AV01,Staphylococcus + Bacteriophage,Staphylococcus + Bacteriophage,,,
QI07AX,Övriga immunologiska medel,Other immunologicals,,,
QI07B,Räv,Fox,,,
QI07BA,Inaktiverade virala vaciiner,Inactivated viral vaccines,,,
QI07BB,"Inaktiverade bakteriella vacciner (inklusive Mycoplasma, Toxoid och Chlamydia)","Inactivated bacterial vaccines (including Mycoplasma, Toxoid and Chlamydia)",,,
QI07BC,Inaktiverade bakteriella vacciner och antisera,Inactivated bacterial vaccines and antisera,,,
QI07BD,Levande virala vacciner,Live viral vaccines,,,
QI07BE,Levande bakteriella vacciner,Live bacterial vaccines,,,
QI07BF,Levande bakteriella och virala vacciner,Live bacterial and viral vaccines,,,
QI07BG,Levande och inaktiverade bakteriella vacciner,Live and inactivated bacterial vaccines,,,
QI07BH,Levande och inaktiverade virala vacciner,Live and inactivated viral vaccines,,,
QI07BI,Levande virala och inaktiverade bakteriella vacciner,Live viral and inactivated bacterial vaccines,,,
QI07BJ,Levande och inaktiverade virala och bakteriella vacciner,Live and inactivated viral and bacterial vaccines,,,
QI07BK,Inaktiverade virala och levande bakteriella vacciner,Inactivated viral and live bacterial vaccines,,,
QI07BL,Inaktiverade virala och inaktiverade bakteriella vacciner,Inactivated viral and inactivated bacterial vaccines,,,
QI07BM,"Antisera, immunglobulinpreparat och antitoxiner","Antisera, immunoglobulin preparations, and antitoxins",,,
QI07BN,Levande parasitära vacciner,Live parasitic vaccines,,,
QI07BO,Inaktiverade parasitära vacciner,Inactivated parasitic vaccines,,,
QI07BP,Levande vacciner mot svampsjukdomar,Live fungal vaccines,,,
QI07BQ,Inaktiverade vacciner mot svampsjukdomar,Inactivated fungal vaccines,,,
QI07BR,In vivo diagnostika,In vivo diagnostic preparations,,,
QI07BS,Allergener,Allergens,,,
QI07BT,Råmjölkspreparat och mjölkersättningar,Colostrum preparations and substitutes,,,
QI07BU,Övriga levande vacciner,Other live vaccines,,,
QI07BV,Övriga inaktiverade vacciner,Other inactivated vaccines,,,
QI07BX,Övriga immunologiska medel,Other immunologicals,,,
QI07X,"Hunddjur (canidae), övriga","Canidae, others",,,
QI07XA,Inaktiverade virala vaciiner,Inactivated viral vaccines,,,
QI07XB,"Inaktiverade bakteriella vacciner (inklusive Mycoplasma, Toxoid och Chlamydia)","Inactivated bacterial vaccines (including Mycoplasma, Toxoid and Chlamydia)",,,
QI07XC,Inaktiverade bakteriella vacciner och antisera,Inactivated bacterial vaccines and antisera,,,
QI07XD,Levande virala vacciner,Live viral vaccines,,,
QI07XE,Levande bakteriella vacciner,Live bacterial vaccines,,,
QI07XF,Levande bakteriella och virala vacciner,Live bacterial and viral vaccines,,,
QI07XG,Levande och inaktiverade bakteriella vacciner,Live and inactivated bacterial vaccines,,,
QI07XH,Levande och inaktiverade virala vacciner,Live and inactivated viral vaccines,,,
QI07XI,Levande virala och inaktiverade bakteriella vacciner,Live viral and inactivated bacterial vaccines,,,
QI07XJ,Levande och inaktiverade virala och bakteriella vacciner,Live and inactivated viral and bacterial vaccines,,,
QI07XK,Inaktiverade virala och levande bakteriella vacciner,Inactivated viral and live bacterial vaccines,,,
QI07XL,Inaktiverade virala och inaktiverade bakteriella vacciner,Inactivated viral and inactivated bacterial vaccines,,,
QI07XM,"Antisera, immunglobulinpreparat och antitoxiner","Antisera, immunoglobulin preparations, and antitoxins",,,
QI07XN,Levande parasitära vacciner,Live parasitic vaccines,,,
QI07XO,Inaktiverade parasitära vacciner,Inactivated parasitic vaccines,,,
QI07XP,Levande vacciner mot svampsjukdomar,Live fungal vaccines,,,
QI07XQ,Inaktiverade vacciner mot svampsjukdomar,Inactivated fungal vaccines,,,
QI07XR,In vivo diagnostika,In vivo diagnostic preparations,,,
QI07XS,Allergener,Allergens,,,
QI07XT,Råmjölkspreparat och mjölkersättningar,Colostrum preparations and substitutes,,,
QI07XU,Övriga levande vacciner,Other live vaccines,,,
QI07XV,Övriga inaktiverade vacciner,Other inactivated vaccines,,,
QI07XX,Övriga immunologiska medel,Other immunologicals,,,
QI08,Immunologiska medel för harar och kaniner,Immunologicals for leporidae,,,
QI08A,Kanin,Rabbit,,,
QI08AA,Inaktiverade virala vaciiner,Inactivated viral vaccines,,,
QI08AA01,Kaningulsotsvirus,Rabbit haemorrhagic disease virus,,,
QI08AA02,"Valpsjukevirus, kanin",Rabbit distemper virus,,,
QI08AB,"Inaktiverade bakteriella vacciner (inklusive Mycoplasma, Toxoid och Chlamydia)","Inactivated bacterial vaccines (including Mycoplasma, Toxoid and Chlamydia)",,,
QI08AB01,Pasteurella + bordetella,Pasteurella + bordetella,,,
QI08AB02,Pasteurella,Pasteurella,,,
QI08AB03,Clostridium,Clostridium,,,
QI08AC,Inaktiverade bakteriella vacciner och antisera,Inactivated bacterial vaccines and antisera,,,
QI08AD,Levande virala vacciner,Live viral vaccines,,,
QI08AD01,Shope-fibromvirus,Shope fibroma virus,,,
QI08AD02,Myxomatosvirus,Myxomatosis virus,,,
QI08AE,Levande bakteriella vacciner,Live bacterial vaccines,,,
QI08AF,Levande bakteriella och virala vacciner,Live bacterial and viral vaccines,,,
QI08AG,Levande och inaktiverade bakteriella vacciner,Live and inactivated bacterial vaccines,,,
QI08AH,Levande och inaktiverade virala vacciner,Live and inactivated viral vaccines,,,
QI08AH01,"Myxomatosvirus + kaningulsotsvirus, inaktiverat",Live myxomatosis virus + inactivated rabbit haemorrhagic disease virus,,,
QI08AI,Levande virala och inaktiverade bakteriella vacciner,Live viral and inactivated bacterial vaccines,,,
QI08AJ,Levande och inaktiverade virala och bakteriella vacciner,Live and inactivated viral and bacterial vaccines,,,
QI08AK,Inaktiverade virala och levande bakteriella vacciner,Inactivated viral and live bacterial vaccines,,,
QI08AL,Inaktiverade virala och inaktiverade bakteriella vacciner,Inactivated viral and inactivated bacterial vaccines,,,
QI08AM,"Antisera, immunglobulinpreparat och antitoxiner","Antisera, immunoglobulin preparations, and antitoxins",,,
QI08AN,Levande parasitära vacciner,Live parasitic vaccines,,,
QI08AO,Inaktiverade parasitära vacciner,Inactivated parasitic vaccines,,,
QI08AP,Levande vacciner mot svampsjukdomar,Live fungal vaccines,,,
QI08AQ,Inaktiverade vacciner mot svampsjukdomar,Inactivated fungal vaccines,,,
QI08AQ01,Trikofyton (ringorm) + microsporum,Trichophyton + microsporum,,,
QI08AR,In vivo diagnostika,In vivo diagnostic preparations,,,
QI08AS,Allergener,Allergens,,,
QI08AT,Råmjölkspreparat och mjölkersättningar,Colostrum preparations and substitutes,,,
QI08AU,Övriga levande vacciner,Other live vaccines,,,
QI08AV,Övriga inaktiverade vacciner,Other inactivated vaccines,,,
QI08AX,Övriga immunologiska medel,Other immunologicals,,,
QI08B,Hare,Hare,,,
QI08X,"Harar och kaniner (leporidae), övriga","Leporidae, others",,,
QI09,Immunologiska medel för svindjur,Immunologicals for suidae,,,
QI09A,Svin,Pig,,,
QI09AA,Inaktiverade virala vacciner,Inactivated viral vaccines,,,
QI09AA01,Aujeszkys sjukdomsvirus,Aujeszky‘s disease virus,,,
QI09AA02,Svinparvovirus,Porcine parvovirus,,,
QI09AA03,Svininfluensavirus,Porcine influenza virus,,,
QI09AA04,Aujeszkys sjukdomsvirus + svininfluensavirus,Aujeszky´s disease virus + porcine influenza virus,,,
QI09AA05,Porcint respirations- och reproduktionssyndromvirus (PRRS),Porcine reproductive and respiratory syndrome (PRRS) virus,,,
QI09AA06,Klassiskt svinpestvirus,Classical swine fever virus,,,
QI09AA07,Svincirkovirus,Porcine circovirus,,,
QI09AB,"Inaktiverade bakteriella vacciner (inklusive Mycoplasma, Toxoid och Chlamydia)","Inactivated bacterial vaccines (including Mycoplasma, Toxoid and Chlamydia)",,,
QI09AB01,Treponema,Treponema,,,
QI09AB02,Escherichia,Escherichia,,,
QI09AB03,Erysipelothrix,Erysipelothrix,,,
QI09AB04,Bordetella + Pasteurella,Bordetella + Pasteurella,,,
QI09AB05,Pasteurellavaccin,Pasteurella vaccine,,,
QI09AB06,Actinobacillus/Haemophilus + Pasteurella,Actinobacillus/Haemophilus + Pasteurella,,,
QI09AB07,Actinobacillus-/haemophilusvaccin,Actinobacillus/haemophilus vaccine,,,
QI09AB08,Escherichia + Clostridium,Escherichia + Clostridium,,,
QI09AB09,Escherichia + Erysipelothrix,Escherichia + Erysipelothrix,,,
QI09AB10,Pasteurella + Staphylococcus + Corynebacterium,Pasteurella + Staphylococcus + Corynebacterium,,,
QI09AB11,Escherichia + Pasteurella + Salmonella + Streptococcus,Escherichia + Pasteurella + Salmonella + Streptococcus,,,
QI09AB12,Clostridium,Clostridium,,,
QI09AB13,Mykoplasmavaccin,Mycoplasma vaccine,,,
QI09AB14,Salmonella,Salmonella,,,
QI09AB15,Escherichia + Erysipelothrix + Clostridium,Escherichia + Erysipelothrix + Clostridium,,,
QI09AB16,Bordetella + Pasteurella + Mycoplasma,Bordetella + Pasteurella + Mycoplasma,,,
QI09AB17,Mycoplasma + Haemophilus,Mycoplasma + Haemophilus,,,
QI09AB18,Lawsonia,Lawsonia,,,
QI09AB19,Brachyspira,Brachyspira,,,
QI09AB20,Streptococcus,Streptococcus,,,
QI09AC,Inaktiverade bakteriella vacciner och antisera,Inactivated bacterial vaccines and antisera,,,
QI09AD,Levande virala vacciner,Live viral vaccines,,,
QI09AD01,Aujeszkys sjukdomsvirus,Aujeszky's disease virus,,,
QI09AD02,Svin transmissable gastroenteritis (TGE) virus,Porcine transmissable gastro-enteritis (TGE) virus,,,
QI09AD03,Porcint respirations- och reproduktionssyndromvirus (PRRS),Porcine reproductive and respiratory syndrome (PRRS) virus,,,
QI09AD04,Klassiskt svinpestvirus,Classical swine fever virus,,,
QI09AE,Levande bakteriella vacciner,Live bacterial vaccines,,,
QI09AE01,Erysipelothrix,Erysipelothrix,,,
QI09AE02,Salmonella,Salmonella,,,
QI09AE03,Escherichia,Escherichia,,,
QI09AE04,Lawsoniavaccin,Lawsonia vaccine,,,
QI09AF,Levande bakteriella och virala vacciner,Live bacterial and viral vaccines,,,
QI09AG,Levande och inaktiverade bakteriella vacciner,Live and inactivated bacterial vaccines,,,
QI09AH,Levande och inaktiverade virala vacciner,Live and inactivated viral vaccines,,,
QI09AH01,"Aujeszky´s sjukdomsvirus, levande + svininfluensavirus",Live aujeszky´s disease virus + inactivated porcine influenza virus,,,
QI09AI,Levande virala och inaktiverade bakteriella vacciner,Live viral and inactivated bacterial vaccines,,,
QI09AJ,Levande och inaktiverade virala och bakteriella vacciner,Live and inactivated viral and bacterial vaccines,,,
QI09AK,Inaktiverade virala och levande bakteriella vacciner,Inactivated viral and live bacterial vaccines,,,
QI09AL,Inaktiverade virala och inaktiverade bakteriella vacciner,Inactivated viral and inactivated bacterial vaccines,,,
QI09AL01,Svinparvovirus + erysipelothrix,Porcine parvovirus + Erysipelothrix,,,
QI09AL02,Svinrotavirus + escherichia,Porcine rotavirus + escherichia,,,
QI09AL03,Svinparvovirus + escherichia + erysipelothrix,Porcine parvovirus + escherichia + erysipelothrix,,,
QI09AL04,Svininfluensavirus + erysipelothrix,Porcine influenza virus + erysipelothrix,,,
QI09AL05,Svin transmissable gastroenteritis (TGE) virus + escherichia + clostridium,Porcine transmissable gastro-enteritis virus (TGE) + escherichia + clostridium,,,
QI09AL06,Svinparvovirus + svininfluensavirus + erysipelothrix,Porcine parvovirus + porcine influenza virus + erysipelothrix,,,
QI09AL07,Svinparvovirus + erysipelothrix + leptospira,Porcine parvovirus + erysipelothrix + leptospira,,,
QI09AL08,Svincirkovirus + mycoplasma,Porcine circovirus + mycoplasma,,,
QI09AL09,Svinrotavirus + escherichia + clostridium,Porcine rotavirus + escherichia + clostridium,,,
QI09AM,"Antisera, immunglobulinpreparat och antitoxiner","Antisera, immunoglobulin preparations, and antitoxins",,,
QI09AM01,Escherichia antiserum och monoklonala antikroppar,Escherichia antiserum and monoclonal antibodies,,,
QI09AM02,Pasteurella antiserum,Pasteurella antiserum,,,
QI09AM03,Erysipelothrix antiserum,Erysipelothrix antiserum,,,
QI09AM04,Clostridium antiserum,Clostridium antiserum,,,
QI09AN,Levande parasitära vacciner,Live parasitic vaccines,,,
QI09AO,Inaktiverade parasitära vacciner,Inactivated parasitic vaccines,,,
QI09AP,Levande vacciner mot svampsjukdomar,Live fungal vaccines,,,
QI09AQ,Inaktiverade vacciner mot svampsjukdomar,Inactivated fungal vaccines,,,
QI09AR,In vivo diagnostika,In vivo diagnostic preparations,,,
QI09AS,Allergener,Allergens,,,
QI09AT,Råmjölkspreparat och mjölkersättningar,Colostrum preparations and substitutes,,,
QI09AU,Övriga levande vacciner,Other live vaccines,,,
QI09AV,Övriga inaktiverade vacciner,Other inactivated vaccines,,,
QI09AX,Övriga immunologiska medel,Other immunologicals,,,
QI09X,"Svindjur (suidae), övriga","Suidae, others",,,
QI10,Immunologiska medel för fiskar,Immunologicals for pisces,,,
QI10A,Lax från Atlanten,Atlantic salmon,,,
QI10AA,Inaktiverade virala vaciiner,Inactivated viral vaccines,,,
QI10AA01,Laxpankreassjukdomsvirus (SPD),Salmon pancreas disease virus (SPD),,,
QI10AA02,"Laxpankreassjukdomsvirus (SPD), proteinkodande plasmid","Salmon pancreas disease (SPD), protein coding plasmid",,,
QI10AB,"Inaktiverade bakteriella vacciner (inklusive Mycoplasma, Toxoid och Chlamydia)","Inactivated bacterial vaccines (including Mycoplasma, Toxoid and Chlamydia)",,,
QI10AB01,Aeromonas,Aeromonas,,,
QI10AB02,Aeromonas + vibrio,Aeromonas + vibrio,,,
QI10AB03,Aeromonas + moritella + vibrio,Aeromonas + moritella + vibrio,,,
QI10AB04,Yersinia,Yersinia,,,
QI10AB05,Moritella,Moritella,,,
QI10AC,Inaktiverade bakteriella vacciner och antisera,Inactivated bacterial vaccines and antisera,,,
QI10AD,Levande virala vacciner,Live viral vaccines,,,
QI10AE,Levande bakteriella vacciner,Live bacterial vaccines,,,
QI10AF,Levande bakteriella och virala vacciner,Live bacterial and viral vaccines,,,
QI10AG,Levande och inaktiverade bakteriella vacciner,Live and inactivated bacterial vaccines,,,
QI10AH,Levande och inaktiverade virala vacciner,Live and inactivated viral vaccines,,,
QI10AI,Levande virala och inaktiverade bakteriella vacciner,Live viral and inactivated bacterial vaccines,,,
QI10AJ,Levande och inaktiverade virala och bakteriella vacciner,Live and inactivated viral and bacterial vaccines,,,
QI10AK,Inaktiverade virala och levande bakteriella vacciner,Inactivated viral and live bacterial vaccines,,,
QI10AL,Inaktiverade virala och inaktiverade bakteriella vacciner,Inactivated viral and inactivated bacterial vaccines,,,
QI10AL01,Infektiöst pankreasnekrosvirus (IPN) + aeromonas + vibrio,Infectious pancreatic necrosis (IPN) virus + aeromonas + vibrio,,,
QI10AL02,Infektiöst pankreasnekrosvirus (IPN) + aeromonas + moritella + vibrio,Infectious pancreatic necrosis (IPN) virus + aeromonas + moritella + vibrio,,,
QI10AL03,Infektiöst pankreasnekrosvirus (IPN) + aeromonas,Infectious pancreatic necrosis (IPN) virus + aeromonas,,,
QI10AL04,Infektiöst pankreasnekrosvirus (IPN) + infektiöst laxanemivirus (ISA) + aeromonas + moritella + vibrio,Infectious pancreatic necrosis (IPN) virus + infectious salmon anaemia (ISA) virus + aeromonas + moritella + vibrio,,,
QI10AL05,Infektiöst pankreasnekrosvirus (IPN) + pankreassjukdomsvirus (SPD) + aeromonas + moritella + vibrio,Infectious pancreatic necrosis (IPN) virus + pancreatic disease (SPD) virus + aeromonas + moritella + vibrio,,,
QI10AL06,Infektiöst pankreasnekrosvirus (IPN) + aeromonas + moritella + vibrio + yersinia,Infectious pancreatic necrosis (IPN) virus + aeromonas + moritella + vibrio + yersinia,,,
QI10AM,"Antisera, immunglobulinpreparat och antitoxiner","Antisera, immunoglobulin preparations, and antitoxins",,,
QI10AN,Levande parasitära vacciner,Live parasitic vaccines,,,
QI10AO,Inaktiverade parasitära vacciner,Inactivated parasitic vaccines,,,
QI10AP,Levande vacciner mot svampsjukdomar,Live fungal vaccines,,,
QI10AQ,Inaktiverade vacciner mot svampsjukdomar,Inactivated fungal vaccines,,,
QI10AR,In vivo diagnostika,In vivo diagnostic preparations,,,
QI10AS,Allergener,Allergens,,,
QI10AU,Övriga levande vacciner,Other live vaccines,,,
QI10AV,Övriga inaktiverade vacciner,Other inactivated vaccines,,,
QI10AX,Övriga immunologiska medel,Other immunologicals,,,
QI10B,Forell,Rainbow trout,,,
QI10BA,Inaktiverade virala vaciiner,Inactivated viral vaccines,,,
QI10BB,"Inaktiverade bakteriella vacciner (inklusive Mycoplasma, Toxoid och Chlamydia)","Inactivated bacterial vaccines (including Mycoplasma, Toxoid and Chlamydia)",,,
QI10BB01,Vibrio,Vibrio,,,
QI10BB02,Aeromonas + vibrio,Aeromonas + vibrio,,,
QI10BB03,Yersinia,Yersinia,,,
QI10BB04,Aeromonas + moritella + vibrio + flavobacterium,Aeromonas + moritella + vibrio + flavobacterium,,,
QI10BC,Inaktiverade bakteriella vacciner och antisera,Inactivated bacterial vaccines and antisera,,,
QI10BD,Levande virala vacciner,Live viral vaccines,,,
QI10BE,Levande bakteriella vacciner,Live bacterial vaccines,,,
QI10BF,Levande bakteriella och virala vacciner,Live bacterial and viral vaccines,,,
QI10BG,Levande och inaktiverade bakteriella vacciner,Live and inactivated bacterial vaccines,,,
QI10BH,Levande och inaktiverade virala vacciner,Live and inactivated viral vaccines,,,
QI10BI,Levande virala och inaktiverade bakteriella vacciner,Live viral and inactivated bacterial vaccines,,,
QI10BJ,Levande och inaktiverade virala och bakteriella vacciner,Live and inactivated viral and bacterial vaccines,,,
QI10BK,Inaktiverade virala och levande bakteriella vacciner,Inactivated viral and live bacterial vaccines,,,
QI10BL,Inaktiverade virala och inaktiverade bakteriella vacciner,Inactivated viral and inactivated bacterial vaccines,,,
QI10BM,"Antisera, immunglobulinpreparat och antitoxiner","Antisera, immunoglobulin preparations, and antitoxins",,,
QI10BN,Levande parasitära vacciner,Live parasitic vaccines,,,
QI10BO,Inaktiverade parasitära vacciner,Inactivated parasitic vaccines,,,
QI10BP,Levande vacciner mot svampsjukdomar,Live fungal vaccines,,,
QI10BQ,Inaktiverade vacciner mot svampsjukdomar,Inactivated fungal vaccines,,,
QI10BR,In vivo diagnostika,In vivo diagnostic preparations,,,
QI10BS,Allergener,Allergens,,,
QI10BU,Övriga levande vacciner,Other live vaccines,,,
QI10BV,Övriga inaktiverade vacciner,Other inactivated vaccines,,,
QI10BX,Övriga immunologiska medel,Other immunologicals,,,
QI10C,Karp,Carp,,,
QI10D,Piggvar,Turbot,,,
QI10E,Akvariefiskar,Ornamental fish,,,
QI10F,Torsk från Atlanten,Atlantic cod,,,
QI10FB,"Inaktiverade bakteriella vacciner (inklusive Mycoplasma, Toxoid och Chlamydia)","Inactivated bacterial vaccines (including Mycoplasma, Toxoid and Chlamydia)",,,
QI10FB01,Vibrio,Vibrio,,,
QI10FB02,Aeromonas + vibrio,Aeromonas + vibrio,,,
QI10G,Havsabborre,Sea bass,,,
QI10GA,"Inaktiverade bakteriella vacciner (inklusive Mycoplasma, Toxoid och Chlamydia)","Inactivated bacterial vaccines (including mycoplasma, toxoid and chlamydia)",,,
QI10GA01,Vibrio,Vibrio,,,
QI10X,"Fiskar, övriga","Pisces, others",,,
QI11,Immunologiska medel för gnagare,Immunologicals for rodents,,,
QI11A,Råtta,Rat,,,
QI11B,Mus,Mouse,,,
QI11C,Marsvin,Guinea-pig,,,
QI11X,"Gnagare, övriga","Rodents, others",,,
QI20,Immunologiska medel för övriga djurarter,Immunologicals for other species,,,
QI20A,Kronhjort,Red deer,,,
QI20AA,Inaktiverade virala vaciiner,Inactivated viral vaccines,,,
QI20AB,"Inaktiverade bakteriella vacciner (inklusive Mycoplasma, Toxoid och Chlamydia)","Inactivated bacterial vaccines (including Mycoplasma, Toxoid and Chlamydia)",,,
QI20AB01,Mycobacteria,Mycobacteria,,,
QI20AC,Inaktiverade bakteriella vacciner och antisera,Inactivated bacterial vaccines and antisera,,,
QI20AD,Levande virala vacciner,Live viral vaccines,,,
QI20AE,Levande bakteriella vacciner,Live bacterial vaccines,,,
QI20AF,Levande bakteriella och virala vacciner,Live bacterial and viral vaccines,,,
QI20AG,Levande och inaktiverade bakteriella vacciner,Live and inactivated bacterial vaccines,,,
QI20AH,Levande och inaktiverade virala vacciner,Live and inactivated viral vaccines,,,
QI20AI,Levande virala och inaktiverade bakteriella vacciner,Live viral and inactivated bacterial vaccines,,,
QI20AJ,Levande och inaktiverade virala och bakteriella vacciner,Live and inactivated viral and bacterial vaccines,,,
QI20AK,Inaktiverade virala och levande bakteriella vacciner,Inactivated viral and live bacterial vaccines,,,
QI20AL,Inaktiverade virala och inaktiverade bakteriella vacciner,Inactivated viral and inactivated bacterial vaccines,,,
QI20AM,"Antisera, immunglobulinpreparat och antitoxiner","Antisera, immunoglobulin preparations, and antitoxins",,,
QI20AN,Levande parasitära vacciner,Live parasitic vaccines,,,
QI20AO,Inaktiverade parasitära vacciner,Inactivated parasitic vaccines,,,
QI20AP,Levande vacciner mot svampsjukdomar,Live fungal vaccines,,,
QI20AQ,Inaktiverade vacciner mot svampsjukdomar,Inactivated fungal vaccines,,,
QI20AR,In vivo diagnostika,In vivo diagnostic preparations,,,
QI20AS,Allergener,Allergens,,,
QI20AT,Råmjölkspreparat och mjölkersättningar,Colostrum preparations and substitutes,,,
QI20AU,Övriga levande vacciner,Other live vaccines,,,
QI20AV,Övriga inaktiverade vacciner,Other inactivated vaccines,,,
QI20AX,Övriga immunologiska medel,Other immunologicals,,,
QI20B,Renar,Reindeer,,,
QI20C,Mink,Mink,,,
QI20CA,Inaktiverade virala vaciiner,Inactivated viral vaccines,,,
QI20CA01,Minkenteritvirus,Mink enteritis virus,,,
QI20CB,"Inaktiverade bakteriella vacciner (inklusive Mycoplasma, Toxoid och Chlamydia)","Inactivated bacterial vaccines (including Mycoplasma, Toxoid and Chlamydia)",,,
QI20CB01,Clostridium,Clostridium,,,
QI20CC,Inaktiverade bakteriella vacciner och antisera,Inactivated bacterial vaccines and antisera,,,
QI20CD,Levande virala vacciner,Live viral vaccines,,,
QI20CD01,"Valpsjukevirus, mink",Mink distemper virus,,,
QI20CE,Levande bakteriella vacciner,Live bacterial vaccines,,,
QI20CF,Levande bakteriella och virala vacciner,Live bacterial and viral vaccines,,,
QI20CG,Levande och inaktiverade bakteriella vacciner,Live and inactivated bacterial vaccines,,,
QI20CH,Levande och inaktiverade virala vacciner,Live and inactivated viral vaccines,,,
QI20CH01,"Levande valpsjukevirus, mink + inkativerat minkenteritvirus",Live mink distemper virus + inactivated mink enteritis virus,,,
QI20CI,Levande virala och inaktiverade bakteriella vacciner,Live viral and inactivated bacterial vaccines,,,
QI20CJ,Levande och inaktiverade virala och bakteriella vacciner,Live viral and inactivated viral and bacterial vaccines,,,
QI20CJ01,"Levande valpsjukevirus, mink + inkativerat minkenteritvirus/parvovirus + inaktiverad Clostridium + inaktiverad Pseudomonas",Live mink distemper virus + inactivated mink enteritisvirus/parvovirus + inactivated Clostridium + inactivated Pseudomonas,,,
QI20CK,Inaktiverade virala och levande bakteriella vacciner,Inactivated viral and live bacterial vaccines,,,
QI20CL,Inaktiverade virala och inaktiverade bakteriella vacciner,Inactivated viral and inactivated bacterial vaccines,,,
QI20CL01,Minkenteritvirus/parvovirus  + inaktiverad Clostridium  + inaktiverad Pseudomonas,Mink enteritisvirus/parvovirus + inactivated clostridium + inactivated pseudomonas,,,
QI20CL02,Minkenteritvirus/parvovirus + inaktiverad Clostridium,Mink enteritisvirus /parvovirus + inactivated clostridium,,,
QI20CM,"Antisera, immunglobulinpreparat och antitoxiner","Antisera, immunoglobulin preparations, and antitoxins",,,
QI20CN,Levande parasitära vacciner,Live parasitic vaccines,,,
QI20CO,Inaktiverade parasitära vacciner,Inactivated parasitic vaccines,,,
QI20CP,Levande vacciner mot svampsjukdomar,Live fungal vaccines,,,
QI20CQ,Inaktiverade vacciner mot svampsjukdomar,Inactivated fungal vaccines,,,
QI20CR,In vivo diagnostika,In vivo diagnostic preparations,,,
QI20CS,Allergener,Allergens,,,
QI20CT,Råmjölkspreparat och mjölkersättningar,Colostrum preparations and substitutes,,,
QI20CU,Övriga levande vacciner,Other live vaccines,,,
QI20CV,Övriga inaktiverade vacciner,Other inactivated vaccines,,,
QI20CX,Övriga immunologiska medel,Other immunologicals,,,
QI20D,Iller,Ferret,,,
QI20DA,Inaktiverade virala vaciiner,Inactivated viral vaccines,,,
QI20DB,"Inaktiverade bakteriella vacciner (inklusive Mycoplasma, Toxoid och Chlamydia)","Inactivated bacterial vaccines (including Mycoplasma, Toxoid and Chlamydia)",,,
QI20DC,Inaktiverade bakteriella vacciner och antisera,Inactivated bacterial vaccines and antisera,,,
QI20DD,Levande virala vacciner,Live viral vaccines,,,
QI20DD01,"Valpsjukevirus, iller",Ferret distemper virus,,,
QI20DE,Levande bakteriella vacciner,Live bacterial vaccines,,,
QI20DF,Levande bakteriella och virala vacciner,Live bacterial and viral vaccines,,,
QI20DG,Levande och inaktiverade bakteriella vacciner,Live and inactivated bacterial vaccines,,,
QI20DH,Levande och inaktiverade virala vacciner,Live and inactivated viral vaccines,,,
QI20DI,Levande virala och inaktiverade bakteriella vacciner,Live viral and inactivated bacterial vaccines,,,
QI20DJ,Levande och inaktiverade virala och bakteriella vacciner,Live and inactivated viral and bacterial vaccines,,,
QI20DK,Inaktiverade virala och levande bakteriella vacciner,Inactivated viral and live bacterial vaccines,,,
QI20DL,Inaktiverade virala och inaktiverade bakteriella vacciner,Inactivated viral and inactivated bacterial vaccines,,,
QI20DM,"Antisera, immunglobulinpreparat och antitoxiner","Antisera, immunoglobulin preparations, and antitoxins",,,
QI20DN,Levande parasitära vacciner,Live parasitic vaccines,,,
QI20DO,Inaktiverade parasitära vacciner,Inactivated parasitic vaccines,,,
QI20DP,Levande vacciner mot svampsjukdomar,Live fungal vaccines,,,
QI20DQ,Inaktiverade vacciner mot svampsjukdomar,Inactivated fungal vaccines,,,
QI20DR,In vivo diagnostika,In vivo diagnostic preparations,,,
QI20DS,Allergener,Allergens,,,
QI20DT,Råmjölkspreparat och mjölkersättningar,Colostrum preparations and substitutes,,,
QI20DU,Övriga levande vacciner,Other live vaccines,,,
QI20DV,Övriga inaktiverade vacciner,Other inactivated vaccines,,,
QI20DX,Övriga immunologiska medel,Other immunologicals,,,
QI20E,Orm,Snake,,,
QI20F,Bi,Bee,,,
QI20X,Övrigt,Others,,,
QI20XE,Levande bakteriella vacciner,Live bacterial vaccines,,,
QI20XE01,Mycobacterium,Mycobacterium,,,
QJ,Antiinfektiva medel för systemiskt bruk,Antiinfectives for systemic use,,,
QJ01,Antibakteriella medel för systemiskt bruk,Antibacterials for systemic use,,,
QJ01A,Tetracykliner,Tetracyclines,,,
QJ01AA,Tetracykliner,Tetracyclines,,,
QJ01AA01,Demeklocyklin,Demeclocycline,,,
QJ01AA02,Doxycyklin,Doxycycline,,,
QJ01AA03,Klortetracyklin,Chlortetracycline,,,
QJ01AA04,Lymecyklin,Lymecycline,,,
QJ01AA05,Metacyklin,Metacycline,,,
QJ01AA06,Oxitetracyklin,Oxytetracycline,,,
QJ01AA07,Tetracyklin,Tetracycline,,,
QJ01AA08,Minocyklin,Minocycline,,,
QJ01AA09,Rolitetracyklin,Rolitetracycline,,,
QJ01AA10,Penimepicyklin,Penimepicycline,,,
QJ01AA11,Klomocyklin,Clomocycline,,,
QJ01AA12,Tigecyklin,Tigecycline,,,
QJ01AA13,Eravacyklin,Eravacycline,,,
QJ01AA14,Sarecyklin,Sarecycline,,,
QJ01AA15,Omadacyklin,Omadacycline,,,
QJ01AA20,Kombinationer av tetracykliner,Combinations of tetracyclines,,,
QJ01AA53,"Klortetracyklin, kombinationer","Chlortetracycline, combinations",,,
QJ01AA56,"Oxitetracyklin, kombinationer","Oxytetracycline, combinations",,,
QJ01B,Amfenikoler,Amphenicols,,,
QJ01BA,Amfenikoler,Amphenicols,,,
QJ01BA01,Kloramfenikol,Chloramphenicol,,,
QJ01BA02,Tiamfenikol,Thiamphenicol,,,
QJ01BA52,"Tiamfenikol, kombinationer","Thiamphenicol, combinations",,,
QJ01BA90,Florfenikol,Florfenicol,,,
QJ01BA99,"Amfenikoler, kombinationer","Amphenicols, combinations",,,
QJ01C,"Antibakteriella betalaktamer, penicilliner","Beta-lactam antibacterials, penicillins",,,
QJ01CA,Penicilliner med utvidgat spektrum,Penicillins with extended spectrum,,,
QJ01CA01,Ampicillin,Ampicillin,,,
QJ01CA02,Pivampicillin,Pivampicillin,,,
QJ01CA03,Karbenicillin,Carbenicillin,,,
QJ01CA04,Amoxicillin,Amoxicillin,,,
QJ01CA05,Karindacillin,Carindacillin,,,
QJ01CA06,Bakampicillin,Bacampicillin,,,
QJ01CA07,Epicillin,Epicillin,,,
QJ01CA08,Pivmecillinam,Pivmecillinam,,,
QJ01CA09,Azlocillin,Azlocillin,,,
QJ01CA10,Mezlocillin,Mezlocillin,,,
QJ01CA11,Mecillinam,Mecillinam,,,
QJ01CA12,Piperacillin,Piperacillin,,,
QJ01CA13,Tikarcillin,Ticarcillin,,,
QJ01CA14,Metampicillin,Metampicillin,,,
QJ01CA15,Talampicillin,Talampicillin,,,
QJ01CA16,Sulbenicillin,Sulbenicillin,,,
QJ01CA17,Temocillin,Temocillin,,,
QJ01CA18,Hetacillin,Hetacillin,,,
QJ01CA19,Aspoxicillin,Aspoxicillin,,,
QJ01CA20,Kombinationer,Combinations,,,
QJ01CA51,"Ampicillin, kombinationer","Ampicillin, combinations",,,
QJ01CE,Betalaktamaskänsliga penicilliner,Beta-lactamase sensitive penicillins,,,
QJ01CE01,Bensylpenicillin,Benzylpenicillin,,,
QJ01CE02,Fenoximetylpenicillin,Phenoxymethylpenicillin,,,
QJ01CE03,Propicillin,Propicillin,,,
QJ01CE04,Azidocillin,Azidocillin,,,
QJ01CE05,Feneticillin,Pheneticillin,,,
QJ01CE06,Penamecillin,Penamecillin,,,
QJ01CE07,Klometocillin,Clometocillin,,,
QJ01CE08,Bensatin bensylpenicillin,Benzathine benzylpenicillin,,,
QJ01CE09,Bensylpenicillinprokain,Procaine benzylpenicillin,,,
QJ01CE10,Bensatin fenoximetylpenicillin,Benzathine phenoxymethylpenicillin,,,
QJ01CE30,Kombinationer,Combinations,,,
QJ01CE90,Penetamathydrojodid,Penethamate hydriodide,,,
QJ01CE91,Benetaminpenicillin,Benethamine penicillin,,,
QJ01CF,Betalaktamasresistenta penicilliner,Beta-lactamase resistant penicillins,,,
QJ01CF01,Dikloxacillin,Dicloxacillin,,,
QJ01CF02,Kloxacillin,Cloxacillin,,,
QJ01CF03,Meticillin,Meticillin,,,
QJ01CF04,Oxacillin,Oxacillin,,,
QJ01CF05,Flukloxacillin,Flucloxacillin,,,
QJ01CF06,Nafcillin,Nafcillin,,,
QJ01CG,Betalaktamashämmare,Beta-lactamase inhibitors,,,
QJ01CG01,Sulbaktam,Sulbactam,,,
QJ01CG02,Tazobaktam,Tazobactam,,,
QJ01CG30,Sulbaktam och durlobaktam,Sulbactam and durlobactam,,,
QJ01CR,"Kombinationer av penicilliner, inkl. betalaktamashämmare","Combinations of penicillins, incl. beta-lactamase inhibitors",,,
QJ01CR01,Ampicillin och betalaktamashämmare,Ampicillin and beta-lactamase inhibitor,,,
QJ01CR02,Amoxicillin och betalaktamashämmare,Amoxicillin and beta-lactamase inhibitor,,,
QJ01CR03,Tikarcillin och betalaktamashämmare,Ticarcillin and beta-lactamase inhibitor,,,
QJ01CR04,Sultamicillin,Sultamicillin,,,
QJ01CR05,Piperacillin och betalaktamashämmare,Piperacillin and beta-lactamase inhibitor,,,
QJ01CR50,Kombinationer av penicilliner,Combinations of penicillins,,,
QJ01D,Övriga antibakteriella betalaktamer,Other beta-lactam antibacterials,,,
QJ01DA,Cefalosporiner och liknande antibakteriella medel,Cephalosporins and related substances,,,2014-01-21
QJ01DA01,Cefalexin,Cefalexin,,,2014-01-21
QJ01DA09,Cefadroxil,Cefadroxil,,,2014-01-21
QJ01DA90,Ceftiofur,Ceftiofur,,,2014-01-21
QJ01DB,"Cefalosporiner, första generationen",First-generation cephalosporins,,,
QJ01DB01,Cefalexin,Cefalexin,,,
QJ01DB02,Cefaloridin,Cefaloridine,,,
QJ01DB03,Cefalotin,Cefalotin,,,
QJ01DB04,Cefazolin,Cefazolin,,,
QJ01DB05,Cefadroxil,Cefadroxil,,,
QJ01DB06,Cefazedon,Cefazedone,,,
QJ01DB07,Cefatrizin,Cefatrizine,,,
QJ01DB08,Cefapirin,Cefapirin,,,
QJ01DB09,Cefradin,Cefradine,,,
QJ01DB10,Cefacetril,Cefacetrile,,,
QJ01DB11,Cefroxadin,Cefroxadine,,,
QJ01DB12,Ceftezol,Ceftezole,,,
QJ01DC,"Cefalosporiner, andra generationen",Second-generation cephalosporins,,,
QJ01DC01,Cefoxitin,Cefoxitin,,,
QJ01DC02,Cefuroxim,Cefuroxime,,,
QJ01DC03,Cefamandol,Cefamandole,,,
QJ01DC04,Cefaklor,Cefaclor,,,
QJ01DC05,Cefotetan,Cefotetan,,,
QJ01DC06,Cefonicid,Cefonicid,,,
QJ01DC07,Cefotiam,Cefotiam,,,
QJ01DC08,Lorakarbef,Loracarbef,,,
QJ01DC09,Cefmetazol,Cefmetazole,,,
QJ01DC10,Cefprozil,Cefprozil,,,
QJ01DC11,Ceforanid,Ceforanide,,,
QJ01DC12,Cefminox,Cefminox,,,
QJ01DC13,Cefbuperazon,Cefbuperazone,,,
QJ01DC14,Flomoxef,Flomoxef,,,
QJ01DC52,Cefuroxim och betalaktamashämmare,Cefuroxime and beta-lactamase inhibitor,,,
QJ01DD,"Cefalosporiner, tredje generationen",Third-generation cephalosporins,,,
QJ01DD01,Cefotaxim,Cefotaxime,,,
QJ01DD02,Ceftazidim,Ceftazidime,,,
QJ01DD03,Cefsulodin,Cefsulodin,,,
QJ01DD04,Ceftriaxon,Ceftriaxone,,,
QJ01DD05,Cefmenoxim,Cefmenoxime,,,
QJ01DD06,Latamoxef,Latamoxef,,,
QJ01DD07,Ceftizoxim,Ceftizoxime,,,
QJ01DD08,Cefixim,Cefixime,,,
QJ01DD09,Cefodizim,Cefodizime,,,
QJ01DD10,Cefetamet,Cefetamet,,,
QJ01DD11,Cefpiramid,Cefpiramide,,,
QJ01DD12,Cefoperazon,Cefoperazone,,,
QJ01DD13,Cefpodoxim,Cefpodoxime,,,
QJ01DD14,Ceftibuten,Ceftibuten,,,
QJ01DD15,Cefdinir,Cefdinir,,,
QJ01DD16,Cefditoren,Cefditoren,,,
QJ01DD17,Cefkapen,Cefcapene,,,
QJ01DD18,Cefteram,Cefteram,,,
QJ01DD51,Cefotaxim och betalaktamashämmare,Cefotaxime and beta-lactamase inhibitor,,,
QJ01DD52,Ceftazidim och betalaktamashämmare,Ceftazidime and beta-lactamase inhibitor,,,
QJ01DD54,"Ceftriaxon, kombinationer","Ceftriaxone, combinations",,,
QJ01DD58,Cefixim och betalaktamashämmare,Cefixime and beta-lactamase inhibitor,,,
QJ01DD62,Cefoperazon och betalaktamashämmare,Cefoperazone and beta-lactamase inhibitor,,,
QJ01DD63,Ceftriaxon och betalaktamashämmare,Ceftriaxone and beta-lactamase inhibitor,,,
QJ01DD64,Cefpodoxim och betalaktamashämmare,Cefpodoxime and beta-lactamase inhibitor,,,
QJ01DD90,Ceftiofur,Ceftiofur,,,
QJ01DD91,Cefovecin,Cefovecin,,,
QJ01DD99,"Ceftiofur, kombinationer","Ceftiofur, combinations",,,
QJ01DE,"Cefalosporiner, fjärde generationen",Fourth-generation cephalosporins,,,
QJ01DE01,Cefepim,Cefepime,,,
QJ01DE02,Cefpirom,Cefpirome,,,
QJ01DE03,Cefozopran,Cefozopran,,,
QJ01DE51,Cefepim och betalaktamashämmare,Cefepime and beta-lactamase inhibitor,,,
QJ01DE90,Cefkinom,Cefquinome,,,
QJ01DF,Monobaktamer,Monobactams,,,
QJ01DF01,Aztreonam,Aztreonam,,,
QJ01DF02,Karumonam,Carumonam,,,
QJ01DF51,Aztreonam och betalaktamashämmare,Aztreonam and beta-lactamase inhibitor,,,
QJ01DH,Karbapenemer,Carbapenems,,,
QJ01DH02,Meropenem,Meropenem,,,
QJ01DH03,Ertapenem,Ertapenem,,,
QJ01DH04,Doripenem,Doripenem,,,
QJ01DH05,Biapenem,Biapenem,,,
QJ01DH06,Tebipenempivoxil,Tebipenem pivoxil,,,
QJ01DH51,Imipenem och cilastatin,Imipenem and cilastatin,,,
QJ01DH52,Meropenem och vaborbaktam,Meropenem and vaborbactam,,,
QJ01DH55,Panipenem och betamipron,Panipenem and betamipron,,,
QJ01DH56,"Imipenem, cilastatin och relebaktam","Imipenem, cilastatin and relebactam",,,
QJ01DI,Övriga cefalosporiner och penemer,Other cephalosporins and penems,,,
QJ01DI01,Ceftobiprolmedokaril,Ceftobiprole medocaril,,,
QJ01DI02,Ceftarolinfosamil,Ceftaroline fosamil,,,
QJ01DI03,Faropenem,Faropenem,,,
QJ01DI04,Cefiderokol,Cefiderocol,,,
QJ01DI54,Ceftolozan och betalaktamashämmare,Ceftolozane and beta-lactamase inhibitor,,,
QJ01DI55,Sulopenem och probenecid,Sulopenem and probenecid,,,
QJ01E,Sulfonamider och trimetoprim,Sulfonamides and trimethoprim,,,
QJ01EA,Trimetoprim och derivat,Trimethoprim and derivatives,,,
QJ01EA01,Trimetoprim,Trimethoprim,,,
QJ01EA02,Brodimoprim,Brodimoprim,,,
QJ01EA03,Iklaprim,Iclaprim,,,
QJ01EB,Sulfonamider (kortverkande för humant bruk),Sulfonamides  (short-acting in humans),,,2014-01-21
QJ01EB02,Sulfametizol,Sulfamethizole,,,2014-01-21
QJ01EB03,Sulfadimidin,Sulfadimidine,,,2014-01-21
QJ01EB20,Kombinationer,Combinations,,,2014-01-21
QJ01ED,Sulfonamider (långverkande för humant bruk),Sulfonamides (long-acting in humans),,,2014-01-21
QJ01ED05,Sulfamethoxipyridin,Sulfamethoxypyridine,,,2014-01-21
QJ01ED08,Sulfafenazol,Sulfaphenazole,,,2014-01-21
QJ01EE,"Kombinationer av sulfonamider och trimetoprim, inkl derivat","Combinations of sulfonamides and trimethoprim, incl. derivatives",,,2014-01-21
QJ01EE02,Sulfadiazin och trimetoprim,Sulfadiazine and trimethoprim,,,2014-01-21
QJ01EE90,Sulfadoxin och trimetoprim,Sulfadoxine and trimethoprim,,,2014-01-21
QJ01EE91,Sulfadimetoxin och trimetoprim,Sulfadimethoxine and trimethoprim,,,2014-01-21
QJ01EE92,Sulfaklorpyridazin och trimetoprim,Sulfachlorpyridazine and trimethoprim,,,2014-01-21
QJ01EE93,Sulfatroxazol och trimetoprim,Sulfatroxazol and trimethoprim,,,2014-01-21
QJ01EE94,Sulfadimidin och baquiloprim,Sulfadimidine and baquiloprim,,,2014-01-21
QJ01EE95,Sulfadimetoxin och baquiloprim,Sulfadimethoxine and baquiloprim,,,2014-01-21
QJ01EQ,Sulfonamider,Sulfonamides,,,
QJ01EQ01,Sulfapyrazol,Sulfapyrazole,,,
QJ01EQ02,Sulfametizol,Sulfamethizole,,,
QJ01EQ03,Sulfadimidin,Sulfadimidine,,,
QJ01EQ04,Sulfapyridin,Sulfapyridine,,,
QJ01EQ05,Sulfafurazol,Sulfafurazole,,,
QJ01EQ06,Sulfanilamid,Sulfanilamide,,,
QJ01EQ07,Sulfatiazol,Sulfathiazole,,,
QJ01EQ08,Sulfafenazol,Sulfaphenazole,,,
QJ01EQ09,Sulfadimetoxine,Sulfadimethoxine,,,
QJ01EQ10,Sulfadiazin,Sulfadiazine,,,
QJ01EQ11,Sulfametoxazol,Sulfamethoxazole,,,
QJ01EQ12,Sulfaklorpyridazin,Sulfachlorpyridazine,,,
QJ01EQ13,Sulfadoxin,Sulfadoxine,,,
QJ01EQ14,Sulfatroxazol,Sulfatroxazol,,,
QJ01EQ15,Sulfametoxipyridazin,Sulfamethoxypyridazine,,,
QJ01EQ16,Sulfaquinoxaline,Sulfaquinoxaline,,,
QJ01EQ17,Sulfamerazin,Sulfamerazine,,,
QJ01EQ18,Sulfamonometoxin,Sulfamonomethoxine,,,
QJ01EQ19,Sulfalen,Sulfalene,,,
QJ01EQ21,Sulfacetamid,Sulfacetamide,,,
QJ01EQ30,Kombinationer av sulfonamider,Combinations of sulfonamides,,,
QJ01EQ59,"Sulfadimetoxin, kombinationer","Sulfadimethoxine, combinations",,,
QJ01EV,Sulfonamider och övriga preparat exkl trimetroprim,"Sulfonamides and other antiinfectives, excl. trimethoprim",,,2014-01-21
QJ01EV90,Sulfametoxipyridazin och kloramfenikol,Sulfamethoxypyridazine and chloramphenicol,,,2014-01-21
QJ01EW,"Kombinationer av sulfonamider och trimetoprim, inkl. derivat","Combinations of sulfonamides and trimethoprim, incl. derivatives",,,
QJ01EW03,Sulfadimidin och trimetoprim,Sulfadimidine and trimethoprim,,,
QJ01EW09,Sulfadimetoxin och trimetoprim,Sulfadimethoxine and trimethoprim,,,
QJ01EW10,Sulfadiazin och trimetoprim,Sulfadiazine and trimethoprim,,,
QJ01EW11,Sulfametoxazol och trimetoprim,Sulfamethoxazole and trimethoprim,,,
QJ01EW12,Sulfaklorpyridazin och trimetoprim,Sulfachlorpyridazine and trimethoprim,,,
QJ01EW13,Sulfadoxin och trimetoprim,Sulfadoxine and trimethoprim,,,
QJ01EW14,Sulfatroxazol och trimetoprim,Sulfatroxazol and trimethoprim,,,
QJ01EW15,Sulfametoxypyridazine och trimetoprim,Sulfamethoxypyridazine and trimethoprim,,,
QJ01EW16,Sulfakinoxalin och trimetoprim,Sulfaquinoxaline and trimethoprim,,,
QJ01EW17,Sulfamonometoxin och trimetoprim,Sulfamonomethoxine and trimethoprim,,,
QJ01EW18,Sulfamerazin och trimetoprim,Sulfamerazine and trimethoprim,,,
QJ01EW19,Sulfadimetoxin och ormetoprim,Sulfadimethoxine and ormetoprim,,,
QJ01EW30,Kombinationer av sulfonamider och trimetoprim,Combinations of sulfonamides and trimethoprim,,,
QJ01F,"Makrolider, linkosamider och streptograminer","Macrolides, lincosamides and streptogramins",,,
QJ01FA,Makrolider,Macrolides,,,
QJ01FA01,Erytromycin,Erythromycin,,,
QJ01FA02,Spiramycin,Spiramycin,,,
QJ01FA03,Midekamycin,Midecamycin,,,
QJ01FA05,Oleandomycin,Oleandomycin,,,
QJ01FA06,Roxitromycin,Roxithromycin,,,
QJ01FA07,Josamycin,Josamycin,,,
QJ01FA08,Troleandomycin,Troleandomycin,,,
QJ01FA09,Klaritromycin,Clarithromycin,,,
QJ01FA10,Azitromycin,Azithromycin,,,
QJ01FA11,Miocamycin,Miocamycin,,,
QJ01FA12,Rokitamycin,Rokitamycin,,,
QJ01FA13,Diritromycin,Dirithromycin,,,
QJ01FA14,Fluritromycin,Flurithromycin,,,
QJ01FA15,Telitromycin,Telithromycin,,,
QJ01FA16,Solitromycin,Solithromycin,,,
QJ01FA17,Nafitromycin,Nafithromycin,,,
QJ01FA90,Tylosin,Tylosin,,,
QJ01FA91,Tilmikosin,Tilmicosin,,,
QJ01FA92,tylvalosin,tylvalosin,,,
QJ01FA93,Kitasamycin,Kitasamycin,,,
QJ01FA94,Tulatromycin,Tulathromycin,,,
QJ01FA95,Gamitromycin,Gamithromycin,,,
QJ01FA96,Tildipirosin,Tildipirosin,,,
QJ01FA99,"Makrolider, kombinationer med andra substanser","Macrolides, combinations with other substances",,,
QJ01FF,Linkosamider,Lincosamides,,,
QJ01FF01,Klindamycin,Clindamycin,,,
QJ01FF02,Linkomycin,Lincomycin,,,
QJ01FF52,"Linkomycin, combinations","Lincomycin, combinations",,,
QJ01FG,Streptograminer,Streptogramins,,,
QJ01FG01,Pristinamycin,Pristinamycin,,,
QJ01FG02,Kinupristin och dalfopristin,Quinupristin/dalfopristin,,,
QJ01FG90,Virginiamycin,Virginiamycin,,,
QJ01G,Antibakteriella aminoglykosider,Aminoglycoside antibacterials,,,
QJ01GA,Streptomyciner,Streptomycins,,,
QJ01GA01,Streptomycin,Streptomycin,,,
QJ01GA02,Streptoduocin,Streptoduocin,,,
QJ01GA90,Dihydrostreptomycin,Dihydrostreptomycin,,,
QJ01GA99,Kombinationer av streptomyciner,Combinations of streptomycins,,,
QJ01GB,Övriga aminoglykosider,Other aminoglycosides,,,
QJ01GB01,Tobramycin,Tobramycin,,,
QJ01GB03,Gentamicin,Gentamicin,,,
QJ01GB04,Kanamycin,Kanamycin,,,
QJ01GB05,Neomycin,Neomycin,,,
QJ01GB06,Amikacin,Amikacin,,,
QJ01GB07,Netilmicin,Netilmicin,,,
QJ01GB08,Sisomicin,Sisomicin,,,
QJ01GB09,Dibekacin,Dibekacin,,,
QJ01GB10,Ribostamycin,Ribostamycin,,,
QJ01GB11,Isepamicin,Isepamicin,,,
QJ01GB12,Arbekacin,Arbekacin,,,
QJ01GB13,Bekanamycin,Bekanamycin,,,
QJ01GB14,Plazomicin,Plazomicin,,,
QJ01GB90,Apramycin,Apramycin,,,
QJ01GB91,Framycetin,Framycetin,,,
QJ01GB92,Paramomycin,Paramomycin,,,
QJ01M,Antibakteriella medel med kinolon och kinoxalin,Quinolone and quinoxaline antibacterials,,,
QJ01MA,Fluorokinoloner,Fluoroquinolones,,,
QJ01MA01,Ofloxacin,Ofloxacin,,,
QJ01MA02,Ciprofloxacin,Ciprofloxacin,,,
QJ01MA03,Pefloxacin,Pefloxacin,,,
QJ01MA04,Enoxacin,Enoxacin,,,
QJ01MA05,Temafloxacin,Temafloxacin,,,
QJ01MA06,Norfloxacin,Norfloxacin,,,
QJ01MA07,Lomefloxacin,Lomefloxacin,,,
QJ01MA08,Fleroxacin,Fleroxacin,,,
QJ01MA09,Sparfloxacin,Sparfloxacin,,,
QJ01MA10,Rufloxacin,Rufloxacin,,,
QJ01MA11,Grepafloxacin,Grepafloxacin,,,
QJ01MA12,Levofloxacin,Levofloxacin,,,
QJ01MA13,Trovafloxacin,Trovafloxacin,,,
QJ01MA14,Moxifloxacin,Moxifloxacin,,,
QJ01MA15,Gemifloxacin,Gemifloxacin,,,
QJ01MA16,Gatifloxacin,Gatifloxacin,,,
QJ01MA17,Prulifloxacin,Prulifloxacin,,,
QJ01MA18,Pazufloxacin,Pazufloxacin,,,
QJ01MA19,Garenoxacin,Garenoxacin,,,
QJ01MA21,Sitafloxacin,Sitafloxacin,,,
QJ01MA22,Tosufloxacin,Tosufloxacin,,,
QJ01MA23,Delafloxacin,Delafloxacin,,,
QJ01MA24,Levonadifloxacin,Levonadifloxacin,,,
QJ01MA25,Laskufloxacin,Lascufloxacin,,,
QJ01MA90,Enrofloxacin,Enrofloxacin,,,
QJ01MA92,Danofloxacin,Danofloxacin,,,
QJ01MA93,Marbofloxacin,Marbofloxacin,,,
QJ01MA94,Difloxacin,Difloxacin,,,
QJ01MA95,Orbifloxacin,Orbifloxacin,,,
QJ01MA96,Ibafloxacin,Ibafloxacin,,,
QJ01MA97,Pradofloxacin,Pradofloxacin,,,
QJ01MA98,Sarafloxacin,Sarafloxacin,,,
QJ01MB,Övriga kinoloner,Other quinolones,,,
QJ01MB01,Rosoxacin,Rosoxacin,,,
QJ01MB02,Nalidixinsyra,Nalidixic acid,,,
QJ01MB03,Piromidinsyra,Piromidic acid,,,
QJ01MB04,Pipemidinsyra,Pipemidic acid,,,
QJ01MB05,Oxolinsyra,Oxolinic acid,,,
QJ01MB06,Cinoxacin,Cinoxacin,,,
QJ01MB07,Flumekin,Flumequine,,,
QJ01MB08,Nemonoxacin,Nemonoxacin,,,
QJ01MB90,Olakindox,Olakindox,,,2014-01-21
QJ01MB91,Oxolinsyra,Oxolinic acid,,,2014-01-21
QJ01MQ,Quinoxaliner,Quinoxalines,,,
QJ01MQ01,Olakindox,Olaquindox,,,
QJ01R,"Antibakteriella medel, kombinationer",Combinations of antibacterials,,,
QJ01RA,"Antibakteriella medel, kombinationer",Combinations of antibacterials,,,
QJ01RA01,"Penicilliner, kombinationer med andra antibakteriella medel","Penicillins, combinations with other antibacterials",,,
QJ01RA02,"Sulfonamider, kombinationer med andra antibakteriella medel (exkl. trimetoprim)","Sulfonamides, combinations with other antibacterials (excl. trimethoprim)",,,
QJ01RA03,Cefuroxim och metronidazol,Cefuroxime and metronidazole,,,
QJ01RA04,Spiramycin och metronidazol,Spiramycin and metronidazole,,,
QJ01RA05,Levofloxacin och ornidazol,Levofloxacin and ornidazole,,,
QJ01RA06,Cefepim och amikacin,Cefepime and amikacin,,,
QJ01RA07,"Azitromycin, flukonazol och seknidazol","Azithromycin, fluconazole and secnidazole",,,
QJ01RA08,Tetracyklin och oleandomycin,Tetracycline and oleandomycin,,,
QJ01RA09,Ofloxacin och ornidazol,Ofloxacin and ornidazole,,,
QJ01RA10,Ciprofloxacin och metronidazol,Ciprofloxacin and metronidazole,,,
QJ01RA11,Ciprofloxacin och tinidazol,Ciprofloxacin and tinidazole,,,
QJ01RA12,Ciprofloxacin och ornidazol,Ciprofloxacin and ornidazole,,,
QJ01RA13,Norfloxacin och tinidazol,Norfloxacin and tinidazole,,,
QJ01RA14,Norfloxacin och metronidazol,Norfloxacin and metronidazole,,,
QJ01RA15,Cefixim och ornidazol,Cefixime and ornidazole,,,
QJ01RA16,Cefixim och azitromycin,Cefixime and azithromycin,,,
QJ01RA17,Ofloxacin och nitazoxanid,Ofloxacin and nitazoxanide,,,
QJ01RA18,Ofloxacin och tinidazol,Ofloxacin and tinidazole,,,
QJ01RA19,Tetracyklin och nystatin,Tetracycline and nystatin,,,
QJ01RA80,"Nitrofuranderivat, kombinationer med andra antibakteriella medel","Nitrofuran derivatives, combinations with other antibacterials",,,
QJ01RA90,"Tetracycliner, kombinationer med andra antibakteriella medel","Tetracyclines, combinations with other antibacterials",,,
QJ01RA91,"Makrolider, kombinationer med andra antibakteriella medel","Macrolides, combinations with other antibacterials",,,
QJ01RA92,"Amfenikoler, kombinationer med andra antibakteriella medel","Amphenicols,  combinations with other antibacterials",,,
QJ01RA94,"Linkosamider, kombinationer med andra antibakteriella medel","Lincosamides, combinations with other antibacterials",,,
QJ01RA95,"Polymyxiner, kombinationer med andra antibakteriella medel","Polymyxins, combinations with other antibacterials",,,
QJ01RA96,"Kinoloner, kombinationer med andra antibakteriella medel","Quinolones, combinations with other antibacterials",,,
QJ01RA97,"Aminoglykosider, kombinationer med andra antibakteriella medel","Aminoglycosides, combinations with other antibacterials",,,
QJ01RA98,Spiramycin och dimetridazol,Spiramycin and dimetridazole,,,2015-12-31
QJ01RV,Kombinationer av antibakteriella medel och andra substanser,Combinations of antibacterials and other substances,,,
QJ01RV01,Antibakteriella medel och kortikosterioider,Antibacterials and corticosteroids,,,
QJ01RV02,Sulfametoxipyridazin och kloramfenikol,Sulfamethoxypyridazine and chloramphenicol,,,2014-01-21
QJ01X,Övriga antibakteriella medel,Other antibacterials,,,
QJ01XA,Antibakteriella glykopeptider,Glycopeptide antibacterials,,,
QJ01XA01,Vankomycin,Vancomycin,,,
QJ01XA02,Teikoplanin,Teicoplanin,,,
QJ01XA03,Telavancin,Telavancin,,,
QJ01XA04,Dalbavancin,Dalbavancin,,,
QJ01XA05,Oritavancin,Oritavancin,,,
QJ01XB,Polymyxiner,Polymyxins,,,
QJ01XB01,Kolistin,Colistin,,,
QJ01XB02,Polymyxin B,Polymyxin B,,,
QJ01XC,Antibakteriella steroider,Steroid antibacterials,,,
QJ01XC01,Fusidinsyra,Fusidic acid,,,
QJ01XD,Imidazolderivat,Imidazole derivatives,,,
QJ01XD01,Metronidazol,Metronidazole,,,
QJ01XD02,Tinidazol,Tinidazole,,,
QJ01XD03,Ornidazol,Ornidazole,,,
QJ01XE,Nitrofuranderivat,Nitrofuran derivatives,,,
QJ01XE01,Nitrofurantoin,Nitrofurantoin,,,
QJ01XE02,Nifurtoinol,Nifurtoinol,,,
QJ01XE03,Furazidin,Furazidin,,,
QJ01XE51,"Nitrofurantoin, kombinationer","Nitrofurantoin, combinations",,,
QJ01XE90,Furazolidon,Furazolidone,,,
QJ01XE91,Nifurpirinol,Nifurpirinol,,,
QJ01XQ,Pleuromutiliner,Pleuromutilins,,,
QJ01XQ01,Tiamulin,Tiamulin,,,
QJ01XQ02,Valnemulin,Valnemulin,,,
QJ01XX,Övriga antibakteriella medel,Other antibacterials,,,
QJ01XX01,Fosfomycin,Fosfomycin,,,
QJ01XX02,Xibornol,Xibornol,,,
QJ01XX03,Klofoktol,Clofoctol,,,
QJ01XX04,Spektinomycin,Spectinomycin,,,
QJ01XX05,Metenamin,Methenamine,,,
QJ01XX06,Mandelinsyra,Mandelic acid,,,
QJ01XX07,Nitroxolin,Nitroxoline,,,
QJ01XX08,Linezolid,Linezolid,,,
QJ01XX09,Daptomycin,Daptomycin,,,
QJ01XX10,Bacitracin,Bacitracin,,,
QJ01XX11,Tedizolid,Tedizolid,,,
QJ01XX12,Lefamulin,Lefamulin,,,
QJ01XX13,Gepotidacin,Gepotidacin,,,
QJ01XX55,"Metenamin, kombinationer","Methenamine, combinations",,,
QJ01XX91,Virginiamycin,Virginiamycin,,,2014-01-21
QJ01XX92,Tiamulin,Tiamulin,,,2014-01-21
QJ01XX93,Furaltadon,Furaltadone,,,
QJ01XX95,Novobiocin,Novobiocin,,,
QJ02,Antimykotika för systemiskt bruk,Antimycotics for systemic use,,,
QJ02A,Antimykotika för systemiskt bruk,Antimycotics for systemic use,,,
QJ02AA,Antibiotika,Antibiotics,,,
QJ02AA01,Amfotericin B,Amphotericin B,,,
QJ02AA02,Hakimycin,Hachimycin,,,
QJ02AB,Imidazolderivat,Imidazole derivatives,,,
QJ02AB01,Mikonazol,Miconazole,,,
QJ02AB02,Ketokonazol,Ketoconazole,,,
QJ02AB90,Klotrimazol,Clotrimazole,,,
QJ02AC,Triazol- och tetrazolderivat,Triazole and tetrazole derivatives,,,
QJ02AC01,Flukonazol,Fluconazole,,,
QJ02AC02,Itrakonazol,Itraconazole,,,
QJ02AC03,Vorikonazol,Voriconazole,,,
QJ02AC04,Posakonazol,Posaconazole,,,
QJ02AC05,Isavukonazol,Isavuconazole,,,
QJ02AC06,Otesekonazol,Oteseconazole,,,
QJ02AX,Övriga antimykotika för systemiskt bruk,Other antimycotics for systemic use,,,
QJ02AX01,Flucytosin,Flucytosine,,,
QJ02AX04,Kaspofungin,Caspofungin,,,
QJ02AX05,Mikafungin,Micafungin,,,
QJ02AX06,Anidulafungin,Anidulafungin,,,
QJ02AX07,Ibrexafungerp,Ibrexafungerp,,,
QJ02AX08,Rezafunginacetat,Rezafungin acetate,,,
QJ04,Medel mot mykobakterier,Antimycobacterials,,,
QJ04A,Medel för behandling av tuberkulos,Drugs for treatment of tuberculosis,,,
QJ04AA,Aminosalicylsyra och derivat,Aminosalicylic acid and derivatives,,,
QJ04AA01,4-Aminosalicylsyra,4-Aminosalicylic acid,,,
QJ04AA02,Natriumaminosalicylat,Sodium aminosalicylate,,,
QJ04AA03,Kalciumaminosalicylat,Calcium aminosalicylate,,,
QJ04AB,Antibiotika,Antibiotics,,,
QJ04AB01,Cykloserin,Cycloserine,,,
QJ04AB02,Rifampicin,Rifampicin,,,
QJ04AB03,Rifamycin,Rifamycin,,,
QJ04AB04,Rifabutin,Rifabutin,,,
QJ04AB05,Rifapentin,Rifapentine,,,
QJ04AB06,Enviomycin,Enviomycin,,,
QJ04AB30,Kapreomycin,Capreomycin,,,
QJ04AC,Hydrazider,Hydrazides,,,
QJ04AC01,Isoniazid,Isoniazid,,,
QJ04AC02,Ftivazid,Ftivazide,,,
QJ04AC51,"Isoniazid, kombinationer","Isoniazid, combinations",,,
QJ04AD,Tiokarbamidderivat,Thiocarbamide derivatives,,,
QJ04AD01,Protionamid,Protionamide,,,
QJ04AD02,Tiokarlid,Tiocarlide,,,
QJ04AD03,Etionamid,Ethionamide,,,
QJ04AK,Övriga medel för behandling av tuberkulos,Other drugs for the treatment of tuberculosis,,,
QJ04AK01,Pyrazinamid,Pyrazinamide,,,
QJ04AK02,Etambutol,Ethambutol,,,
QJ04AK03,Terizidon,Terizidone,,,
QJ04AK04,Morinamid,Morinamide,,,
QJ04AK05,Bedakilin,Bedaquiline,,,
QJ04AK06,Delamanid,Delamanid,,,
QJ04AK07,Tioacetazon,Thioacetazone,,,
QJ04AK08,Pretomanid,Pretomanid,,,
QJ04AM,"Medel mot tuberkulos, kombinationer",Combinations of drugs for the treatment of tuberculosis,,,
QJ04AM01,Streptomycin och isoniazid,Streptomycin and isoniazid,,,
QJ04AM02,Rifampicin och isoniazid,Rifampicin and isoniazid,,,
QJ04AM03,Etambutol och isoniazid,Ethambutol and isoniazid,,,
QJ04AM04,Tioacetazon och isoniazid,Thioacetazone and isoniazid,,,
QJ04AM05,"Rifampicin, pyrazinamid och isoniazid","Rifampicin, pyrazinamide and isoniazid",,,
QJ04AM06,"Rifampicin, pyrazinamid, etambutol och isoniazid","Rifampicin, pyrazinamide, ethambutol and isoniazid",,,
QJ04AM07,"Rifampicin, etambutol och isoniazid","Rifampicin, ethambutol and isoniazid",,,
QJ04AM08,"Isoniazid, sulfametoxazol och trimetoprim","Isoniazid, sulfamethoxazole and trimethoprim",,,
QJ04AM09,"Pyrazinamid, etambutol, isoniazid och lomefloxacin","Pyrazinamide, ethambutol, isoniazid and lomefloxacin",,,
QJ04AM10,"Pyrazinamid, etambutol, protionamid och lomefloxacin","Pyrazinamide, ethambutol, protionamide and lomefloxacin",,,
QJ04AM11,"Rifabutin, pyrazinamid och protionamid","Rifabutin, pyrazinamide and protionamide",,,
QJ04AM12,"Rifampicin, pyrazinamid, isoniazid och levofloxacin","Rifampicin, pyrazinamide, isoniazid and levofloxacin",,,
QJ04B,Medel för behandling av lepra,Drugs for treatment of lepra,,,
QJ04BA,Medel för behandling av lepra,Drugs for treatment of lepra,,,
QJ04BA01,Klofazimin,Clofazimine,,,
QJ04BA02,Dapson,Dapsone,,,
QJ04BA03,Aldesulfonnatrium,Aldesulfone sodium,,,
QJ04BA50,Dapson och rifampicin,Dapsone and rifampicin,,,
QJ04BA51,"Dapson, rifampicin och klofazimin","Dapsone, rifampicin and clofazimine",,,
QJ05,Virushämmande medel för systemiskt bruk,Antivirals for systemic use,,,
QJ05A,"Virushämmande medel, direktverkande",Direct acting antivirals,,,
QJ05AA,Tiosemikarbazoner,Thiosemicarbazones,,,
QJ05AA01,Metisazon,Metisazone,,,
QJ05AB,"Nukleosider och nukleotider, exkl. hämmare av omvänt transkriptas",Nucleosides and nucleotides excl. reverse transcriptase inhibitors,,,
QJ05AB01,Aciklovir,Aciclovir,,,
QJ05AB02,Idoxuridin,Idoxuridine,,,
QJ05AB03,Vidarabin,Vidarabine,,,
QJ05AB04,Ribavirin,Ribavirin,,,2017-12-31
QJ05AB06,Ganciklovir,Ganciclovir,,,
QJ05AB09,Famciklovir,Famciclovir,,,
QJ05AB11,Valaciklovir,Valaciclovir,,,
QJ05AB12,Cidofovir,Cidofovir,,,
QJ05AB13,Penciklovir,Penciclovir,,,
QJ05AB14,Valganciklovir,Valganciclovir,,,
QJ05AB15,Brivudin,Brivudine,,,
QJ05AB16,Remdesivir,Remdesivir,,,
QJ05AB17,Brincidofovir,Brincidofovir,,,
QJ05AB18,Molnupiravir,Molnupiravir,,,
QJ05AC,Cykliska aminer,Cyclic amines,,,
QJ05AC02,Rimantadin,Rimantadine,,,
QJ05AC03,Tromantadin,Tromantadine,,,
QJ05AD,Fosfonsyraderivat,Phosphonic acid derivatives,,,
QJ05AD01,Foskarnet,Foscarnet,,,
QJ05AD02,Fosfonet,Fosfonet,,,
QJ05AE,Proteashämmare,Protease inhibitors,,,
QJ05AE01,Sakvinavir,Saquinavir,,,
QJ05AE02,Indinavir,Indinavir,,,
QJ05AE03,Ritonavir,Ritonavir,,,
QJ05AE04,Nelfinavir,Nelfinavir,,,
QJ05AE05,Amprenavir,Amprenavir,,,
QJ05AE07,Fosamprenavir,Fosamprenavir,,,
QJ05AE08,Atazanavir,Atazanavir,,,
QJ05AE09,Tipranavir,Tipranavir,,,
QJ05AE10,Darunavir,Darunavir,,,
QJ05AE11,Telaprevir,Telaprevir,,,2017-12-31
QJ05AE12,Boceprevir,Boceprevir,,,2017-12-31
QJ05AE13,Faldaprevir,Faldaprevir,,,2017-12-31
QJ05AE14,Simeprevir,Simeprevir,,,2017-12-31
QJ05AE15,Asunaprevir,Asunaprevir,,,2017-12-31
QJ05AE16,Ensitrelvir,Ensitrelvir,,,
QJ05AE30,Nirmatrelvir och ritonavir,Nirmatrelvir and ritonavir,,,
QJ05AF,"Nukleosider och nukleotider, hämmare av omvänt transkriptas",Nucleoside and nucleotide reverse transcriptase inhibitors,,,
QJ05AF01,Zidovudin,Zidovudine,,,
QJ05AF02,Didanosin,Didanosine,,,
QJ05AF03,Zalcitabin,Zalcitabine,,,
QJ05AF04,Stavudin,Stavudine,,,
QJ05AF05,Lamivudin,Lamivudine,,,
QJ05AF06,Abakavir,Abacavir,,,
QJ05AF07,Tenofovirdisoproxil,Tenofovir disoproxil,,,
QJ05AF08,Adefovir dipivoxil,Adefovir dipivoxil,,,
QJ05AF09,Emtricitabin,Emtricitabine,,,
QJ05AF10,Entekavir,Entecavir,,,
QJ05AF11,Telbivudin,Telbivudine,,,
QJ05AF12,Klevudin,Clevudine,,,
QJ05AF13,Tenofoviralafenamid,Tenofovir alafenamide,,,
QJ05AG,"Ickenukleosider, hämmare av omvänt transkriptas",Non-nucleoside reverse transcriptase inhibitors,,,
QJ05AG01,Nevirapin,Nevirapine,,,
QJ05AG02,Delavirdin,Delavirdine,,,
QJ05AG03,Efavirenz,Efavirenz,,,
QJ05AG04,Etravirin,Etravirine,,,
QJ05AG05,Rilpivirin,Rilpivirine,,,
QJ05AG06,Doravirin,Doravirine,,,
QJ05AG07,Elsulfavirin,Elsulfavirine,,,
QJ05AH,Neuraminidashämmare,Neuraminidase inhibitors,,,
QJ05AH01,Zanamivir,Zanamivir,,,
QJ05AH02,Oseltamivir,Oseltamivir,,,
QJ05AH03,Peramivir,Peramivir,,,
QJ05AH04,Laninamivir,Laninamivir,,,
QJ05AJ,Integrashämmare,Integrase inhibitors,,,
QJ05AJ01,Raltegravir,Raltegravir,,,
QJ05AJ02,Elvitegravir,Elvitegravir,,,
QJ05AJ03,Dolutegravir,Dolutegravir,,,
QJ05AJ04,Kabotegravir,Cabotegravir,,,
QJ05AP,Virushämmande medel mot HCV-infektioner,Antivirals for treatment of HCV infections,,,
QJ05AP01,Ribavirin,Ribavirin,,,
QJ05AP02,Telaprevir,Telaprevir,,,
QJ05AP03,Boceprevir,Boceprevir,,,
QJ05AP04,Faldaprevir,Faldaprevir,,,
QJ05AP05,Simeprevir,Simeprevir,,,
QJ05AP06,Asunaprevir,Asunaprevir,,,
QJ05AP07,Daklatasvir,Daclatasvir,,,
QJ05AP08,Sofosbuvir,Sofosbuvir,,,
QJ05AP09,Dasabuvir,Dasabuvir,,,
QJ05AP10,Elbasvir,Elbasvir,,,
QJ05AP11,Grazoprevir,Grazoprevir,,,
QJ05AP12,Koblopasvir,Coblopasvir,,,
QJ05AP13,Ravidasvir,Ravidasvir,,,
QJ05AP14,Narlaprevir,Narlaprevir,,,
QJ05AP51,Sofosbuvir och ledipasvir,Sofosbuvir and ledipasvir,,,
QJ05AP52,"Dasabuvir, ombitasvir, paritaprevir och ritonavir","Dasabuvir, ombitasvir, paritaprevir and ritonavir",,,
QJ05AP53,"Ombitasvir, paritaprevir och ritonavir","Ombitasvir, paritaprevir and ritonavir",,,
QJ05AP54,Elbasvir och grazoprevir,Elbasvir and grazoprevir,,,
QJ05AP55,Sofosbuvir och velpatasvir,Sofosbuvir and velpatasvir,,,
QJ05AP56,"Sofosbuvir, velpatasvir och voxilaprevir","Sofosbuvir, velpatasvir and voxilaprevir",,,
QJ05AP57,Glekaprevir och pibrentasvir,Glecaprevir and pibrentasvir,,,
QJ05AP58,"Daklatasvir, asunaprevir och beklabuvir","Daclatasvir, asunaprevir and beclabuvir",,,
QJ05AR,"Virushämmande medel mot hivinfektioner, kombinationer","Antivirals for treatment of HIV infections, combinations",,,
QJ05AR01,Zidovudin och lamivudin,Zidovudine and lamivudine,,,
QJ05AR02,Lamivudin och abakavir,Lamivudine and abacavir,,,
QJ05AR03,Tenofovirdisoproxil och emtricitabin,Tenofovir disoproxil and emtricitabine,,,
QJ05AR04,"Zidovudin, lamivudin och abakavir","Zidovudine, lamivudine and abacavir",,,
QJ05AR05,"Zidovudin, lamivudin och nevirapin","Zidovudine, lamivudine and nevirapine",,,
QJ05AR06,"Emtricitabin, tenofovirdisoproxil och efavirenz","Emtricitabine, tenofovir disoproxil and efavirenz",,,
QJ05AR07,"Stavudin, lamivudin och nevirapin","Stavudine, lamivudine and nevirapine",,,
QJ05AR08,"Emtricitabin, tenofovir disoproxil och rilpivirin","Emtricitabine, tenofovir disoproxil and rilpivirine",,,
QJ05AR09,"Emtricitabin, tenofovirdisoproxil, elvitegravir och kobicistat","Emtricitabine, tenofovir disoproxil, elvitegravir and cobicistat",,,
QJ05AR10,lopinavir och ritonavir,lopinavir and ritonavir,,,
QJ05AR11,"Lamivudin, tenofovirdisoproxil och efavirenz","Lamivudine, tenofovir disoproxil and efavirenz",,,
QJ05AR12,Lamivudin och tenofovirdisoproxil,Lamivudine and tenofovir disoproxil,,,
QJ05AR13,"Lamivudin, abakavir och dolutegravir","Lamivudine, abacavir and dolutegravir",,,
QJ05AR14,Darunavir och kobicistat,Darunavir and cobicistat,,,
QJ05AR15,Atazanavir och kobicistat,Atazanavir and cobicistat,,,
QJ05AR16,Lamivudin och raltegravir,Lamivudine and raltegravir,,,
QJ05AR17,Emtricitabin och tenofoviralafenamid,Emtricitabine and tenofovir alafenamide,,,
QJ05AR18,"Emtricitabin, tenofoviralafenamid, elvitegravir och kobicistat","Emtricitabine, tenofovir alafenamide, elvitegravir and cobicistat",,,
QJ05AR19,"Emtricitabin, tenofoviralafenamid och rilpivirin","Emtricitabine, tenofovir alafenamide and rilpivirine",,,
QJ05AR20,"Emtricitabin, tenofoviralafenamid och biktegravir","Emtricitabine, tenofovir alafenamide and bictegravir",,,
QJ05AR21,Dolutegravir och rilpivirin,Dolutegravir and rilpivirine,,,
QJ05AR22,"Emtricitabin, tenofoviralafenamid, darunavir och kobicistat","Emtricitabine, tenofovir alafenamide, darunavir and cobicistat",,,
QJ05AR23,Atazanavir och ritonavir,Atazanavir and ritonavir,,,
QJ05AR24,"Lamivudin, tenofovirdisoproxil och doravirin","Lamivudine, tenofovir disoproxil and doravirine",,,
QJ05AR25,Lamivudin och dolutegravir,Lamivudine and dolutegravir,,,
QJ05AR26,Darunavir och ritonavir,Darunavir and ritonavir,,,
QJ05AR27,"Lamivudine, tenofovirdisoproxil och dolutegravir","Lamivudine, tenofovir disoproxil and dolutegravir",,,
QJ05AR28,Stavudin och lamivudin,Stavudine and lamivudine,,,
QJ05AR29,"Emtricitabin, tenofoviralafenamid och dolutegravir","Emtricitabine, tenofovir alafenamide and dolutegravir",,,
QJ05AX,Övriga virushämmande medel,Other antivirals,,,
QJ05AX01,Moroxydin,Moroxydine,,,
QJ05AX02,Lysozym,Lysozyme,,,
QJ05AX05,Inosin pranobex,Inosine pranobex,,,
QJ05AX06,Plekonaril,Pleconaril,,,
QJ05AX07,Enfuvirtid,Enfuvirtide,,,
QJ05AX08,Raltegravir,Raltegravir,,,2020-12-31
QJ05AX09,Maravirok,Maraviroc,,,
QJ05AX10,Maribavir,Maribavir,,,
QJ05AX11,Elvitegravir,Elvitegravir,,,2020-12-31
QJ05AX12,Dolutegravir,Dolutegravir,,,2020-12-31
QJ05AX13,Umifenovir,Umifenovir,,,
QJ05AX14,Daklatasvir,Daclatasvir,,,2017-12-31
QJ05AX15,Sofosbuvir,Sofosbuvir,,,2017-12-31
QJ05AX16,Dasabuvir,Dasabuvir,,,2017-12-31
QJ05AX17,Enisamiumjodid,Enisamium iodide,,,
QJ05AX18,Letermovir,Letermovir,,,
QJ05AX19,Tiloron,Tilorone,,,
QJ05AX21,Pentandisyraimidazolyletanamid,Pentanedioic acid imidazolyl ethanamide,,,
QJ05AX23,Ibalizumab,Ibalizumab,,,
QJ05AX24,Tekovirimat,Tecovirimat,,,
QJ05AX25,Baloxavirmarboxil,Baloxavir marboxil,,,
QJ05AX26,Amenamevir,Amenamevir,,,
QJ05AX27,Favipiravir,Favipiravir,,,
QJ05AX28,Bulevirtid,Bulevirtide,,,
QJ05AX29,Fostemsavir,Fostemsavir,,,
QJ05AX31,Lenakapavir,Lenacapavir,,,
QJ05AX32,Riamilovir,Riamilovir,,,
QJ05AX33,Labuvirtid,Labuvirtide,,,
QJ05AX65,Sofosbuvir och ledipasvir,Sofosbuvir and ledipasvir,,,2017-12-31
QJ05AX66,"Dasabuvir, ombitasvir, paritaprevir och ritonavir","Dasabuvir, ombitasvir, paritaprevir and ritonavir",,,2017-12-31
QJ05AX67,"Ombitasvir, paritaprevir och ritonavir","Ombitasvir, paritaprevir and ritonavir",,,2017-12-31
QJ05AX68,Elbasvir och grazoprevir,Elbasvir and grazoprevir,,,2017-12-31
QJ05AX69,Sofosbuvir och velpatasvir,Sofosbuvir and velpatasvir,,,2017-12-31
QJ06,Immunsera och immunglobuliner,Immune sera and immunoglobulins,,,2014-01-21
QJ07,Vacciner (se QJ57),Vaccines (see QJ57),,,2014-01-21
QJ51,Antibakteriella medel för intramammärt bruk,Antibacterials for intramammary use,,,
QJ51A,Tetracykliner för intramammärt bruk,Tetracyclines for intramammary use,,,
QJ51AA,Tetracykliner,Tetracyclines,,,
QJ51AA03,Klortetracyklin,Chlortetracycline,,,
QJ51AA06,Oxitetracyklin,Oxytetracycline,,,
QJ51AA07,Tetracyklin,Tetracycline,,,
QJ51AA53,"Klortetracyklin, kombinationer","Chlortetracycline, combinations",,,
QJ51B,Amfenikoler för intramammärt bruk,Amphenicols for intramammary use,,,
QJ51BA,Amfenikoler,Amphenicols,,,
QJ51BA01,Kloramfenikol,Chloramphenicol,,,
QJ51BA02,Tiamfenikol,Thiamphenicol,,,
QJ51BA90,Florfenikol,Florfenicol,,,
QJ51C,"Beta-laktamantibakteriella medel, penicilliner, för intramammärt bruk","Beta-lactam antibacterials, penicillins, for intramammary use",,,
QJ51CA,Penicilliner med brett spektrum,Penicillins with extended spectrum,,,
QJ51CA01,Ampicillin,Ampicillin,,,
QJ51CA51,"Ampicillin, kombinationer","Ampicillin, combinations",,,
QJ51CE,Betalaktamaskänsliga penicilliner,Beta-lactamase sensitive penicillins,,,
QJ51CE01,Bensylpenicillin,Benzylpenicillin,,,
QJ51CE09,Bensylpenicillinprokain,procaine benzylpenicillin,,,
QJ51CE59,"Bensylpenicillinprokain, kombinationer","Procaine benzylpenicillin, combinations",,,
QJ51CE90,Penetamat,Penethamate,,,
QJ51CF,Betalaktamasresistenta penicilliner,Beta-lactamase resistant penicillins,,,
QJ51CF01,Dikloxacillin,Dicloxacillin,,,
QJ51CF02,Kloxacillin,Cloxacillin,,,
QJ51CF03,Meticillin,Meticillin,,,
QJ51CF04,Oxacillin,Oxacillin,,,
QJ51CF05,Flukloxacillin,Flucloxacillin,,,
QJ51CR,Kombinationer av pencilliner och/eller betalaktamashämmare,Combinations of pencillins and/or beta-lactamase inhibitors,,,
QJ51CR01,Ampicillin och enzymhämmare,Ampicillin and enzyme inhibitor,,,
QJ51CR02,Amoxicillin och enzymhämmare,Amoxicillin and enzyme inhibitor,,,
QJ51CR50,Kombinationer av penicilliner,Combinations of penicillins,,,
QJ51D,Övriga beta-laktamantibakteriella medel för intramammärt bruk,Other beta-lactam antibacterials for intramammary use,,,
QJ51DA,Cefalosporiner och besläktade substanser,Cephalosporins and related substances,,,2014-01-21
QJ51DA06,Cefuroxim,Cefuroxime,,,2014-01-21
QJ51DA32,Cefoperazon,Cefoperazon,,,2014-01-21
QJ51DA34,Cefacetril,Cefacetrile,,,2014-01-21
QJ51DA90,Cefalonium,Cefalonium,,,2014-01-21
QJ51DA91,Ceftiofur,Ceftiofur,,,2014-01-21
QJ51DA92,CEFALONIUM,Cefquinome,,,2014-01-21
QJ51DA93,Cefoperazon,Cefoperazone,,,2014-01-21
QJ51DB,"Cefalosporiner, första generationen",First-generation cephalosporins,,,
QJ51DB01,Cefalexin,Cefalexin,,,
QJ51DB04,Cefazolin,Cefazolin,,,
QJ51DB08,Cefapirin,Cefapirin,,,
QJ51DB10,Cefacetril,Cefacetrile,,,
QJ51DB90,Cefalonium,Cefalonium,,,
QJ51DC,"Cefalosporiner, andra generationen",Second-generation cephalosporins,,,
QJ51DC02,Cefuroxime,Cefuroxime,,,
QJ51DD,"Cefalosporiner, tredje generationen",Third-generation cephalosporins,,,
QJ51DD12,Cefoperazon,Cefoperazone,,,
QJ51DD90,Ceftiofur,Ceftiofur,,,
QJ51DE,"Cefalosporiner, fjärde generationen",Fourth-generation cephalosporins,,,
QJ51DE90,Cefkinom,Cefquinome,,,
QJ51E,Sulfonamider och trimetoprim för intramammärt bruk,Sulfonamides and trimethoprim for intramammary use,,,
QJ51EA,Trimetoprim och derivat,Trimethoprim and derivatives,,,
QJ51EA01,Trimetoprim,Trimethoprim,,,
QJ51F,Makrolider och linkosamider för intramammärt bruk,Macrolides and lincosamides for intramammary use,,,
QJ51FA,Makrolider,Macrolides,,,
QJ51FA01,Erytromycin,Erythromycin,,,
QJ51FA02,Spiramycin,Spiramycin,,,
QJ51FA90,Tylosin,Tylosin,,,
QJ51FF,Linkosamider,Lincosamides,,,
QJ51FF02,Linkomycin,Lincomycin,,,
QJ51FF90,Pirlimycin,Pirlimycin,,,
QJ51G,Aminoglykosidantibiotika för intramammärt bruk,Aminoglycoside antibacterials for intramammary use,,,
QJ51GA,Streptomyciner,Streptomycins,,,
QJ51GA90,Dihydrostreptomycin,Dihydrostreptomycin,,,
QJ51GB,Övriga aminoglykosider,Other aminoglycosides,,,
QJ51GB03,Gentamicin,Gentamicin,,,
QJ51GB90,Apramycin,Apramycin,,,
QJ51R,"Antibakteriella medel för intramammärt bruk, kombinationer",Combination of antibacterials for intramammary use,,,
QJ51RA,"Tetracykliner, kombinationer med andra antibakteriella medel","Tetracyclines, combinations with other antibacterials",,,
QJ51RA01,"Klortetracyklin, kombinationer med andra antibakteriella medel","Chlortetracycline, combinations with other antibacterials",,,
QJ51RB,"Amfenikoler, kombinationer med andra antibakteriella medel","Amphenicols, combinations with other antibacterials",,,
QJ51RB01,"Kloramfenikol, kombinationer med andra antibakteriella medel","Chloramphenicol, combinations with other antibacterials",,,
QJ51RB02,KLORAMFENIKOL+NEOMYCIN+DEXAMETHASON,Chloramphen,,,2014-01-21
QJ51RC,"Beta-laktamantibakteriella medel, penicilliner, kombinationer med andra antibakteriella medel","Beta-lactam antibacterials, penicillins, combinations with other antibacterials",,,
QJ51RC01,Ampicillin + kloxacillin,Ampicillin + cloxacillin,,,2014-01-21
QJ51RC02,Bensylpenicillin + dihydrostreptomycin,Benzylpenicillin + dihydrostreptomycin,,,2014-01-21
QJ51RC03,Prokainpenicillin + dihydrostreptomycin,Procaine penicillin + dihydrostreptomycin,,,2014-01-21
QJ51RC04,"Prokainbensylpenicillin, dihydrostreptomycin, sulfadimidin","procaine benzylpenicillin, dihydrostreptomycin, sulfadimidine",,,
QJ51RC05,Prokainpenicillin + neomycin,Procaine penicillin + neomycin,,,2014-01-21
QJ51RC06,Prokainpenicillin + novobiocin,Procaine penicillin + novobiocin,,,2014-01-21
QJ51RC07,Bensylpenicillin + neomycin + bakitracin,Benzylpenicillin + neomycin + bacitracin,,,2014-01-21
QJ51RC08,Bensatinbensylpenicillin + dihydrostreptomycin,Benzathine benzylpenicillin + dihydrostreptomycin,,,2014-01-21
QJ51RC09,Penetamat vätejodid + dihydrostreptomycin,Penethamate hydroiodide + dihydrostreptomycin,,,2014-01-21
QJ51RC10,Penetamat vätejodid + benetaminpenicillin + framycetin,Penethamate hydroiodide + benethamine penicillin + framycetin,,,2014-01-21
QJ51RC11,Ampicillin + oxacillin,Ampicillin + oxacillin,,,2014-01-21
QJ51RC20,"Ampicillin, kombinationer med andra antibakteriella medel","Ampicillin, combinations with other antibacterials",,,
QJ51RC21,"Pivampicillin, kombinationer med andra antibakteriella medel","Pivampicillin, combinations with other antibacterials",,,
QJ51RC22,"Bensylpenicillin, kombinationer med andra antibakteriella medel","Benzylpenicillin, combinations with other antibacterials",,,
QJ51RC23,"Prokainbensylpenicillin, kombinationer med andra antibakteriella medel","procaine benzylpenicillin, combinations with other antibacterials",,,
QJ51RC24,"Bensylpenicillinbensatin, kombinationer med andra antibakteriella medel","Benzathine benzylpenicillin, combinations with other antibacterials",,,
QJ51RC25,"Penetamathydrojodid, kombinationer med andra antibakteriella medel","Penethamate hydriodide, combinations with other antibacterials",,,
QJ51RC26,"Cloxacillin, kombinationer med andra antibakteriella medel","Cloxacillin, combinations with other antibacterials",,,
QJ51RD,"Övriga beta-laktamantibiotika, kombinationer med andra antibakteriella medel","Other beta-lactam antibacterials, combinations with other antibacterials",,,
QJ51RD01,"Cefalexin, kombinationer med andra antibakteriella medel","Cefalexin, combinations with other antibacterials",,,
QJ51RD34,"Cefacetril, kombinationer med andra antibakteriella medel","Cefacetrile, combinations with other antibacterials",,,
QJ51RE,Sulfonamider och trimetoprim inkl. derivat,Sulfonamides and trimethoprim incl. derivatives,,,
QJ51RE01,Sulfadiazin och trimetoprim,Sulfadiazine and trimethoprim,,,
QJ51RF,"Makrolider och linkosamider, kombinationer med andra antibakteriella medel","Macrolides and lincosamides, combinations with other antibacterials",,,
QJ51RF01,"Spiramycin, kombinationer med andra antibakteriella medel","Spiramycin, combinations with other antibacterials",,,
QJ51RF02,"Erytromycin, kombinationer med andra antibakteriella medel","Erythromycin, combinations with other antibacterials",,,
QJ51RF03,"Linkomycin, kombinationer med andra antibakteriella medel","Lincomycin, combinations with other antibacterials",,,
QJ51RG,"Aminoglykosider, kombinationer","Aminoglycoside antibacterials, combinations",,,
QJ51RG01,"Neomycin, kombinationer med andra antibakteriella medel","Neomycin, combinations with other antibacterials",,,
QJ51RV,Kombinationer av antibakteriella medel och andra substanser,Combinations of antibacterials and other substances,,,
QJ51RV01,Antibakteriella medel och kortikosteorider,Antibacterials and corticosteroids,,,
QJ51RV02,"Antibakteriella medel, antimykotika och kortikosteroider","Antibacterials, antimycotics and corticosteroids",,,
QJ51X,Övriga antibakteriella medel för intramammärt bruk,Other antibacterials for intramammary use,,,
QJ51XB,Polymyxiner,Polymyxins,,,
QJ51XB01,Kolistin,Colistin,,,
QJ51XB02,Polymyxin B,Polymyxin B,,,
QJ51XX,Övriga antibakteriella medel för intramammärt bruk,Other antibacterials for intramammary use,,,
QJ51XX01,Rifaximin,Rifaximin,,,
QJ54,Medel mot mykobakterier för intramammärt bruk,Antimycobacterials for intramammary use,,,
QJ54A,Medel mot mykobakteriella infektioner,Drugs for mycobacterial infections,,,
QJ54AB,Antibiotika,Antibiotics,,,
QJ54AB02,Rifampicin,Rifampicin,,,
QJ54AB03,Rifamycin,Rifamycin,,,
QJ56,Immunsera och immunglobuliner för veterinärt bruk,Immune sera and immunglobulins for veterinary use,,,2014-01-21
QJ56A,Immunsera,Immune sera,,,2014-01-21
QJ57,Vacciner för veterinärt bruk,Vaccines for veterinary use,,,2014-01-21
QJ57A,Vacciner för hund,Vaccines for dogs,,,2014-01-21
QJ57AA,Vacciner för hund,Vaccines for dogs,,,2014-01-21
QJ57AA01,Valpsjuka vacciner,Distemper,,,2014-01-21
QJ57AA02,Valpsjuka - hepatit,Distemper - hepatitis,,,2014-01-21
QJ57AA03,Parvovirusinfektion,Parvovirus,,,2014-01-21
QJ57AA04,Valpsjuka - hepatit - parvovirusinfektion,Distemper - hepatitis - parvovirus,,,2014-01-21
QJ57AA05,Valpsjuka - hepatit - parvovirus - parainfluensa vaccin,Distemper - hepatitis - parvovirus - parainfluenza,,,2014-01-21
QJ57AA06,Valpsjuka - hepatit - adenovirus - parainfluensa vaccin,Distemper - hepatitis - adenovirus - parainfluenza,,,2014-01-21
QJ57AA07,Valpsjuka - hepatit - adenovirus - parainfluensa - parvovirus vaccin,Distemper - hepatitis - adenovirus - parainfluenza - parvovirus,,,2014-01-21
QJ57AA08,Valpsjuka - hepatit - parvovirus - parainfluensa - leptospiros vaccin,Distemper - hepatitis - parvovirus - parainfluenza - leptospiros,,,2014-01-21
QJ57AA09,Rabies,Rabies,,,2014-01-21
QJ57AA10,Bordetella - parainfluensa vaccin,Bordetella - parainfluenza,,,2014-01-21
QJ57AA11,Leptospiros,Leptospiros,,,2014-01-21
QJ57AA12,Rabies - leptospiros,Rabies - leptospiros,,,2014-01-21
QJ57AA13,Valpsjuka - parvovirus,Distemper - parvovirus,,,2014-01-21
QJ57AA15,Parvovirus - parainfluensa,Parvovirus - parainfluenza,,,2014-01-21
QJ57B,Vacciner för katt,Vaccines for cats,,,2014-01-21
QJ57BA,Vacciner för katt,Vaccines for cats,,,2014-01-21
QJ57BA01,Parvovirusinfektion (panleukopeni),Parvovirus (panleukopeni),,,2014-01-21
QJ57BA02,Parvovirusinfektion + kattsnuva (rhinotracheit + calcivirus),Parvovirus - rhinotracheitis - calicivirus,,,2014-01-21
QJ57BA03,"PARVO-RHINOTRACHEIT,CALICIVIRUS,CHLAMYDIA PSITTACI",Parvovirus - rhinotracheitis - calcivirus + chlamydia,,,2014-01-21
QJ57BA04,Vaccin mot kattleukos,Felint leukosivirus,,,2014-01-21
QJ57BA05,Fip virus,Fip virus,,,2014-01-21
QJ57C,Vacciner för häst,Vaccines for horses,,,2014-01-21
QJ57CA,Vacciner för häst,Vaccines for horses,,,2014-01-21
QJ57CA01,Influensa,Influenza,,,2014-01-21
QJ57CA02,Virusabort (rhinopneumonitvirus),Rhinopneumonitis,,,2014-01-21
QJ57CA03,Stelkramp,Tetanus,,,2014-01-21
QJ57CA04,Rhinopneumonitiis - influensa vaccin,Rhinopneumonitis - influenza,,,2014-01-21
QJ57CA05,Influensa - tetanus vaccin,Influenza - tetanus,,,2014-01-21
QJ57D,Vacciner för nötkreatur,Vaccines for cattle,,,2014-01-21
QJ57DA,Vacciner för nötkreatur,Vaccines for cattle,,,2014-01-21
QJ57DA01,Trichopyton,Trichophyton,,,2014-01-21
QJ57DA02,Dictyocaulus,Dictyocaulus,,,2014-01-21
QJ57DA03,Rotavirus-coli,Rotavirus-coli,,,2014-01-21
QJ57E,Vacciner för svin,Vaccines for swine,,,2014-01-21
QJ57EA,Vacciner för svin,Vaccines for swine,,,2014-01-21
QJ57EA01,Parvovirusinfektion,Parvovirus,,,2014-01-21
QJ57EA02,Koliinfektion,Coli,,,2014-01-21
QJ57EA03,Rödsjuka (erysipelothrix),Erysipelothrix,,,2014-01-21
QJ57EA04,Klostridieinfektion,Clostridium perfringens,,,2014-01-21
QJ57EA05,Koliinfektion - rödsjuka,Coli - erysipelothrix,,,2014-01-21
QJ57EA06,Bordella vaccin,Bordetella,,,2014-01-21
QJ57EA07,Actinobacillus vaccin,Actinobacillus,,,2014-01-21
QJ57EA08,Koliinfektion - klostridieinfektion,Coli - clostridium perfringens,,,2014-01-21
QJ57EA09,Parvovirusinfektion - rödsjuka,Parvovirus - erysipelothrix,,,2014-01-21
QJ57EA10,Enzootisk pneumoni (mycoplasma hyopneumoniae),Enzootisk pneumoni (mycoplasma hyopneumoniae),,,2014-01-21
QJ57EA11,Bordetella-pasteurella,Bordetella-pasteurella,,,2014-01-21
QJ57EA12,Atrofisk rhinit,Atrophic Rhinitis,,,2014-01-21
QJ57F,Vacciner för får,Vaccines for sheep,,,2014-01-21
QJ57FA,Vacciner för får,Vaccines for sheep,,,2014-01-21
QJ57G,Vacciner för fjäderfä,Vaccines for poultry,,,2014-01-21
QJ57GA,Vacciner för kycklingar,Vaccines for chickens,,,2014-01-21
QJ57GA01,Mareks sjukdom (hönsförlamning),Mareks disease,,,2014-01-21
QJ57GA02,Aviär encefalomyelit,Avian encephalomyelitis,,,2014-01-21
QJ57GA03,Aviär smittsam bronkit vaccin,Avian infectious bronchitis,,,2014-01-21
QJ57GA04,Aviär smittsam bursitis vaccin,Avian infectious bursitis,,,2014-01-21
QJ57GA05,Vacccin mot koccidios,Avian coccidios,,,2014-01-21
QJ57GA06,Gumborosjuka,Gumboro disease,,,2014-01-21
QJ57H,Vacciner för pälsdjur,Vaccines for fur animals,,,2014-01-21
QJ57HB,Vacciner för mink,Vaccines for mink,,,2014-01-21
QJ57HB01,Valpsjuka,Distemper,,,2014-01-21
QJ57HB02,Parvovirus - valpsjuka,Parvovirus - distemper,,,2014-01-21
QJ57HB03,Parvovirusinfektion - botulism (clostridium),Parvovirus - clostridium botulinum,,,2014-01-21
QJ57HB04,Parvovirus - botulism (clostridium) - pseudomonas,Parvovirus - clostridium - pseudomonas,,,2014-01-21
QJ57HB05,Parvovirus - valpsjuka - clostridium,Parvovirus - distemper - clostridium botulinum,,,2014-01-21
QJ57HB06,Parvovirus-Pseudomonas-Clostridium,Clostridium botulinum-minkenteritvirus-pseudomonas,,,2014-01-21
QJ57J,Vacciner för fisk,Vaccines for  fish,,,2014-01-21
QJ57JA,Vacciner för laxfiskar,Vaccines for salmon fish,,,2014-01-21
QJ57JA01,Vibrios,Vibriosis,,,2014-01-21
QJ57JA02,Yersinia vaccin,Yersinia,,,2014-01-21
QL,Tumörer och rubbningar i immunsystemet,Antineoplastic and immunomodulating agents,,,
QL01,Antineoplastiska medel,Antineoplastic agents,,,
QL01A,Alkylerande medel,Alkylating agents,,,
QL01AA,Kvävesenapsgasanaloger,Nitrogen mustard analogues,,,
QL01AA01,Cyklofosfamid,Cyclophosphamide,,,
QL01AA02,Klorambucil,Chlorambucil,,,
QL01AA03,Melfalan,Melphalan,,,
QL01AA05,Klormetin,Chlormethine,,,
QL01AA06,Ifosfamid,Ifosfamide,,,
QL01AA07,Trofosamid,Trofosfamide,,,
QL01AA08,Prednimustin,Prednimustine,,,
QL01AA09,Bendamustin,Bendamustine,,,
QL01AA10,Melfalanflufenamid,Melphalan flufenamide,,,
QL01AB,Alkylsulfonater,Alkyl sulfonates,,,
QL01AB01,Busulfan,Busulfan,,,
QL01AB02,Treosulfan,Treosulfan,,,
QL01AB03,Mannosulfan,Mannosulfan,,,
QL01AC,Aziridiner,Ethylene imines,,,
QL01AC01,Tiotepa,Thiotepa,,,
QL01AC02,Triazikvon,Triaziquone,,,
QL01AC03,Karbokvon,Carboquone,,,
QL01AD,Nitrosureaföreningar,Nitrosoureas,,,
QL01AD01,Karmustin,Carmustine,,,
QL01AD02,Lomustin,Lomustine,,,
QL01AD03,Semustin,Semustine,,,
QL01AD04,Streptozocin,Streptozocin,,,
QL01AD05,Fotemustin,Fotemustine,,,
QL01AD06,Nimustin,Nimustine,,,
QL01AD07,Ranimustin,Ranimustine,,,
QL01AD08,Uramustin,Uramustine,,,
QL01AG,Epoxider,Epoxides,,,
QL01AG01,Etoglucid,Etoglucid,,,
QL01AX,Övriga alkylerande medel,Other alkylating agents,,,
QL01AX01,Mitobronitol,Mitobronitol,,,
QL01AX02,Pipobroman,Pipobroman,,,
QL01AX03,Temozolomid,Temozolomide,,,
QL01AX04,Dakarbazin,Dacarbazine,,,
QL01B,Antimetaboliter,Antimetabolites,,,
QL01BA,Folsyraanaloger,Folic acid analogues,,,
QL01BA01,Metotrexat,Methotrexate,,,
QL01BA03,Raltitrexed,Raltitrexed,,,
QL01BA04,Pemetrexed,Pemetrexed,,,
QL01BA05,Pralatrexat,Pralatrexate,,,
QL01BB,Purinanaloger,Purine analogues,,,
QL01BB02,Merkaptopurin,Mercaptopurine,,,
QL01BB03,Tioguanin,Tioguanine,,,
QL01BB04,Kladribin,Cladribine,,,
QL01BB05,Fludarabin,Fludarabine,,,
QL01BB06,Klofarabin,Clofarabine,,,
QL01BB07,Nelarabin,Nelarabine,,,
QL01BB90,Rabakfosadin,Rabacfosadine,,,
QL01BC,Pyrimidinanaloger,Pyrimidine analogues,,,
QL01BC01,Cytarabin,Cytarabine,,,
QL01BC02,Fluorouracil,Fluorouracil,,,
QL01BC03,Tegafur,Tegafur,,,
QL01BC04,Karmofur,Carmofur,,,
QL01BC05,Gemcitabin,Gemcitabine,,,
QL01BC06,Kapecitabin,Capecitabine,,,
QL01BC07,Azacitidin,Azacitidine,,,
QL01BC08,Decitabin,Decitabine,,,
QL01BC09,Floxuridin,Floxuridine,,,
QL01BC52,"Fluorouracil, kombinationer","Fluorouracil, combinations",,,
QL01BC53,"Tegafur, kombinationer","Tegafur, combinations",,,
QL01BC58,"Decitabin, kombinationer","Decitabine, combinations",,,
QL01BC59,"Trifluridin, kombinationer","Trifluridine, combinations",,,
QL01C,Växtalkaloider och andra naturprodukter,Plant alkaloids and other natural products,,,
QL01CA,Vinca-alkaloider och analoger,Vinca alkaloids and analogues,,,
QL01CA01,Vinblastin,Vinblastine,,,
QL01CA02,Vinkristin,Vincristine,,,
QL01CA03,Vindesin,Vindesine,,,
QL01CA04,Vinorelbin,Vinorelbine,,,
QL01CA05,Vinflunin,Vinflunine,,,
QL01CA06,Vintafolid,Vintafolide,,,
QL01CB,Podofyllotoxinderivat,Podophyllotoxin derivatives,,,
QL01CB01,Etoposid,Etoposide,,,
QL01CB02,Teniposid,Teniposide,,,
QL01CC,Kolkicinderivat,Colchicine derivatives,,,
QL01CC01,Demekolcin,Demecolcine,,,
QL01CD,Taxaner,Taxanes,,,
QL01CD01,Paklitaxel,Paclitaxel,,,
QL01CD02,Docetaxel,Docetaxel,,,
QL01CD03,Paklitaxelpoliglumex,Paclitaxel poliglumex,,,
QL01CD04,Kabazitaxel,Cabazitaxel,,,
QL01CD51,Paklitaxel och encekidar,Paclitaxel and encequidar,,,
QL01CE,Topoisomeras 1 (TOP1) hämmare,Topoisomerase 1 (TOP1) inhibitors,,,
QL01CE01,Topotekan,Topotecan,,,
QL01CE02,Irinotekan,Irinotecan,,,
QL01CE03,Etirinotekan pegol,Etirinotecan pegol,,,
QL01CE04,Belotekan,Belotecan,,,
QL01CX,Övriga växtalkaloider och naturprodukter,Other plant alkaloids and natural products,,,
QL01CX01,Trabektedin,Trabectedin,,,
QL01D,Cytotoxiska antibiotika och närbesläktade substanser,Cytotoxic antibiotics and related substances,,,
QL01DA,Aktinomyciner,Actinomycines,,,
QL01DA01,Daktinomycin,Dactinomycin,,,
QL01DB,Antracykliner och närbesläktade substanser,Anthracyclines and related substances,,,
QL01DB01,Doxorubicin,Doxorubicin,,,
QL01DB02,Daunorubicin,Daunorubicin,,,
QL01DB03,Epirubicin,Epirubicin,,,
QL01DB04,Aklarubicin,Aclarubicin,,,
QL01DB05,Zorubicin,Zorubicin,,,
QL01DB06,Idarubicin,Idarubicin,,,
QL01DB07,Mitoxantron,Mitoxantrone,,,
QL01DB08,Pirarubicin,Pirarubicin,,,
QL01DB09,Valrubicin,Valrubicin,,,
QL01DB10,Amrubicin,Amrubicin,,,
QL01DB11,Pixantron,Pixantrone,,,
QL01DC,Övriga cytotoxiska antibiotika,Other cytotoxic antibiotics,,,
QL01DC01,Bleomycin,Bleomycin,,,
QL01DC02,Plikamycin,Plicamycin,,,
QL01DC03,Mitomycin,Mitomycin,,,
QL01DC04,Ixabepilon,Ixabepilone,,,
QL01DC05,Utidelon,Utidelone,,,
QL01E,Proteinkinashämmare,Protein kinase inhibitors,,,
QL01EA,BCR-ABL tyrosinkinashämmare,BCR-ABL tyrosine kinase inhibitors,,,
QL01EA01,Imatinib,Imatinib,,,
QL01EA02,Dasatinib,Dasatinib,,,
QL01EA03,Nilotinib,Nilotinib,,,
QL01EA04,Bosutinib,Bosutinib,,,
QL01EA05,Ponatinib,Ponatinib,,,
QL01EA06,Asciminib,Asciminib,,,
QL01EB,Epidermal tillväxtfaktorreceptor (EGFR) tyrosinkinashämmare,Epidermal growth factor receptor (EGFR) tyrosine kinase inhibitors,,,
QL01EB01,Gefitinib,Gefitinib,,,
QL01EB02,Erlotinib,Erlotinib,,,
QL01EB03,Afatinib,Afatinib,,,
QL01EB04,Osimertinib,Osimertinib,,,
QL01EB05,Rociletinib,Rociletinib,,,
QL01EB06,Olmutinib,Olmutinib,,,
QL01EB07,Dakomitinib,Dacomitinib,,,
QL01EB08,Ikotinib,Icotinib,,,
QL01EB09,Lazertinib,Lazertinib,,,
QL01EB10,Mobocertinib,Mobocertinib,,,
QL01EB11,Aumolertinib,Aumolertinib,,,
QL01EB12,Firmonertinib,Firmonertinib,,,
QL01EC,B-Raf serin/treonin-kinas (BRAF) hämmare,B-Raf serine-threonine kinase (BRAF) inhibitors,,,
QL01EC01,Vemurafenib,Vemurafenib,,,
QL01EC02,Dabrafenib,Dabrafenib,,,
QL01EC03,Enkorafenib,Encorafenib,,,
QL01EC04,Tovorafenib,Tovorafenib,,,
QL01ED,Anaplastiskt lymfom-kinas (ALK) hämmare,Anaplastic lymphoma kinase (ALK) inhibitors,,,
QL01ED01,Krizotinib,Crizotinib,,,
QL01ED02,Ceritinib,Ceritinib,,,
QL01ED03,Alektinib,Alectinib,,,
QL01ED04,Brigatinib,Brigatinib,,,
QL01ED05,Lorlatinib,Lorlatinib,,,
QL01EE,Mitogen-aktiverade proteinkinas (MEK) hämmare,Mitogen-activated protein kinase (MEK) inhibitors,,,
QL01EE01,Trametinib,Trametinib,,,
QL01EE02,Kobimetinib,Cobimetinib,,,
QL01EE03,Binimetinib,Binimetinib,,,
QL01EE04,Selumetinib,Selumetinib,,,
QL01EE05,Mirdametinib,Mirdametinib,,,
QL01EE06,Tunlametinib,Tunlametinib,,,
QL01EF,Cyklinberoende kinas (CDK) hämmare,Cyclin-dependent kinase (CDK) inhibitors,,,
QL01EF01,Palbociklib,Palbociclib,,,
QL01EF02,Ribociklib,Ribociclib,,,
QL01EF03,Abemaciklib,Abemaciclib,,,
QL01EG,Mammalian target of rapamycin (mTOR) kinashämmare,Mammalian target of rapamycin (mTOR) kinase inhibitors,,,
QL01EG01,Temsirolimus,Temsirolimus,,,
QL01EG02,Everolimus,Everolimus,,,
QL01EG03,Ridaforolimus,Ridaforolimus,,,
QL01EG04,Sirolimus,Sirolimus,,,
QL01EH,Human epidermal tillväxtfaktorreceptor 2 (HER2) tyrosinkinashämmare,Human epidermal growth factor receptor 2 (HER2) tyrosine kinase inhibitors,,,
QL01EH01,Lapatinib,Lapatinib,,,
QL01EH02,Neratinib,Neratinib,,,
QL01EH03,Tukatinib,Tucatinib,,,
QL01EH04,Zongertinib,Zongertinib,,,
QL01EH05,Mifanertinib,Mifanertinib,,,
QL01EH06,Sevabertinib,Sevabertinib,,,
QL01EJ,Janus-associerat kinas (JAK) hämmare,Janus-associated kinase (JAK) inhibitors,,,
QL01EJ01,Ruxolitinib,Ruxolitinib,,,
QL01EJ02,Fedratinib,Fedratinib,,,
QL01EJ03,Pakritinib,Pacritinib,,,
QL01EJ04,Momelotinib,Momelotinib,,,
QL01EK,Vaskulär endotelial tillväxtfaktorreceptor (VEGFR) tyrosinkinashämmare,Vascular endothelial growth factor receptor (VEGFR) tyrosine kinase inhibitors,,,
QL01EK01,Axitinib,Axitinib,,,
QL01EK02,Cediranib,Cediranib,,,
QL01EK03,Tivozanib,Tivozanib,,,
QL01EK04,Frukintinib,Fruquintinib,,,
QL01EK05,Rivoceranib,Rivoceranib,,,
QL01EL,Bruton's tyrosinkinas (BTK) hämmare,Bruton's tyrosine kinase (BTK) inhibitors,,,
QL01EL01,Ibrutinib,Ibrutinib,,,
QL01EL02,Akalabrutinib,Acalabrutinib,,,
QL01EL03,Zanubrutinib,Zanubrutinib,,,
QL01EL04,Orelabrutinib,Orelabrutinib,,,
QL01EL05,Pirtobrutinib,Pirtobrutinib,,,
QL01EL06,Tirabrutinib,Tirabrutinib,,,
QL01EM,Fosfatidylinositol-3-kinas (Pi3K) hämmare,Phosphatidylinositol-3-kinase (Pi3K) inhibitors,,,
QL01EM01,Idelalisib,Idelalisib,,,
QL01EM02,Kopanlisib,Copanlisib,,,
QL01EM03,Alpelisib,Alpelisib,,,
QL01EM04,Duvelisib,Duvelisib,,,
QL01EM05,Parsaklisib,Parsaclisib,,,
QL01EM06,Inavolisib,Inavolisib,,,
QL01EN,Fibroblast tillväxtfaktorreceptor (FGFR) tyrosinkinashämmare,Fibroblast growth factor receptor (FGFR) tyrosine kinase inhibitors,,,
QL01EN01,Erdafitinib,Erdafitinib,,,
QL01EN02,Pemigatinib,Pemigatinib,,,
QL01EN03,Infigratinib,Infigratinib,,,
QL01EN04,Futibatinib,Futibatinib,,,
QL01EP,Cellulär-mesenkym-epitel övergångsfaktor (c-MET) kinashämmare,Cellular-mesenchymal-epithelial transition factor (c-MET) kinase inhibitors¿,,,
QL01EP01,Kapmatinib,Capmatinib,,,
QL01EP02,Tepotinib,Tepotinib,,,
QL01EP03,Savolitinib,Savolitinib,,,
QL01EX,Övriga proteinkinashämmare,Other protein kinase inhibitors,,,
QL01EX01,Sunitinib,Sunitinib,,,
QL01EX02,Sorafenib,Sorafenib,,,
QL01EX03,Pazopanib,Pazopanib,,,
QL01EX04,Vandetanib,Vandetanib,,,
QL01EX05,Regorafenib,Regorafenib,,,
QL01EX06,Masitinib,Masitinib,,,
QL01EX07,Kabozantinib,Cabozantinib,,,
QL01EX08,Lenvatinib,Lenvatinib,,,
QL01EX09,Nintedanib,Nintedanib,,,
QL01EX10,Midostaurin,Midostaurin,,,
QL01EX11,Kizartinib,Quizartinib,,,
QL01EX12,Larotrektinib,Larotrectinib,,,
QL01EX13,Gilteritinib,Gilteritinib,,,
QL01EX14,Entrektinib,Entrectinib,,,
QL01EX15,Pexidartinib,Pexidartinib,,,
QL01EX16,Erdafitinib,Erdafitinib,,,2021-12-31
QL01EX17,Kapmatinib,Capmatinib,,,2025-12-31
QL01EX18,Avapritinib,Avapritinib,,,
QL01EX19,Ripretinib,Ripretinib,,,
QL01EX20,Pemigatinib,Pemigatinib,,,2021-12-31
QL01EX21,Tepotinib,Tepotinib,,,2025-12-31
QL01EX22,Selperkatinib,Selpercatinib,,,
QL01EX23,Pralsetinib,Pralsetinib,,,
QL01EX24,Surufatinib,Surufatinib,,,
QL01EX25,Umbralisib,Umbralisib,,,
QL01EX26,Sitravatinib,Sitravatinib,,,
QL01EX27,Kapivasertib,Capivasertib,,,
QL01EX28,Repotrektinib,Repotrectinib,,,
QL01EX29,Vimseltinib,Vimseltinib,,,
QL01EX90,Toceranib,Toceranib,,,
QL01F,Monoklonala antikroppar och antikroppsläkemedelskonjugat,Monoclonal antibodies and antibody drug conjugates,,,
QL01FA,CD20 (Differentieringskluster 20) hämmare,CD20 (Clusters of Differentiation 20) inhibitors,,,
QL01FA01,Rituximab,Rituximab,,,
QL01FA02,Ofatumumab,Ofatumumab,,,
QL01FA03,Obinutuzumab,Obinutuzumab,,,
QL01FB,CD22 (Differentieringskluster 22) hämmare,CD22 (Clusters of Differentiation 22) inhibitors,,,
QL01FB01,Inotuzumabozogamicin,Inotuzumab ozogamicin,,,
QL01FB02,Moxetumomab pasudotox,Moxetumomab pasudotox,,,
QL01FC,CD38 (Differentieringskluster 38) hämmare,CD38 (Clusters of Differentiation 38) inhibitors,,,
QL01FC01,Daratumumab,Daratumumab,,,
QL01FC02,Isatuximab,Isatuximab,,,
QL01FD,HER2 (Human epidermal tillväxtfaktorreceptor 2) hämmare,HER2 (Human Epidermal Growth Factor Receptor 2) inhibitors,,,
QL01FD01,Trastuzumab,Trastuzumab,,,
QL01FD02,Pertuzumab,Pertuzumab,,,
QL01FD03,Trastuzumab emtansin,Trastuzumab emtansine,,,
QL01FD04,Trastuzumab deruxtecan,Trastuzumab deruxtecan,,,
QL01FD05,Trastuzumab duokarmazin,Trastuzumab duocarmazine,,,
QL01FD06,Margetuximab,Margetuximab,,,
QL01FD07,Zanidatamab,Zanidatamab,,,
QL01FE,EGFR (Epidermal tillväxtfaktorreceptor) hämmare,EGFR (Epidermal Growth Factor Receptor) inhibitors,,,
QL01FE01,Cetuximab,Cetuximab,,,
QL01FE02,Panitumumab,Panitumumab,,,
QL01FE03,Necitumumab,Necitumumab,,,
QL01FF,PD-1/PDL-1 (Programmerad celldödsprotein 1/dödsligand 1) hämmare,PD-1/PDL-1 (Programmed cell death protein 1/death ligand 1) inhibitors,,,
QL01FF01,Nivolumab,Nivolumab,,,
QL01FF02,Pembrolizumab,Pembrolizumab,,,
QL01FF03,Durvalumab,Durvalumab,,,
QL01FF04,Avelumab,Avelumab,,,
QL01FF05,Atezolizumab,Atezolizumab,,,
QL01FF06,Cemiplimab,Cemiplimab,,,
QL01FF07,Dostarlimab,Dostarlimab,,,
QL01FF08,Prolgolimab,Prolgolimab,,,
QL01FF09,Tislelizumab,Tislelizumab,,,
QL01FF10,Retifanlimab,Retifanlimab,,,
QL01FF11,Sugemalimab,Sugemalimab,,,
QL01FF12,Serplulimab,Serplulimab,,,
QL01FF13,Toripalimab,Toripalimab,,,
QL01FF14,Kamrelizumab,Camrelizumab,,,
QL01FF15,Envafolimab,Envafolimab,,,
QL01FF16,Sasanlimab,Sasanlimab,,,
QL01FG,VEGF/VEGFR (Vaskulär endotelial tillväxtfaktor) hämmare,VEGF/VEGFR (Vascular Endothelial Growth Factor) inhibitors,,,
QL01FG01,Bevacizumab,Bevacizumab,,,
QL01FG02,Ramucirumab,Ramucirumab,,,
QL01FX,Övriga monoklonala antikroppar och antikroppsläkemedelskonjugat,Other monoclonal antibodies and antibody drug conjugates,,,
QL01FX01,Edrekolomab,Edrecolomab,,,
QL01FX02,Gemtuzumabozogamicin,Gemtuzumab ozogamicin,,,
QL01FX03,Katumaxomab,Catumaxomab,,,
QL01FX04,Ipilimumab,Ipilimumab,,,
QL01FX05,Brentuximab vedotin,Brentuximab vedotin,,,
QL01FX06,Dinutuximab beta,Dinutuximab beta,,,
QL01FX07,Blinatumomab,Blinatumomab,,,
QL01FX08,Elotuzumab,Elotuzumab,,,
QL01FX09,Mogamulizumab,Mogamulizumab,,,
QL01FX10,Olaratumab,Olaratumab,,,
QL01FX11,Bermekimab,Bermekimab,,,
QL01FX12,Tafasitamab,Tafasitamab,,,
QL01FX13,Enfortumab vedotin,Enfortumab vedotin,,,
QL01FX14,Polatuzumab vedotin,Polatuzumab vedotin,,,
QL01FX15,Belantamab mafodotin,Belantamab mafodotin,,,
QL01FX16,Oportuzumab monatox,Oportuzumab monatox,,,
QL01FX17,Sacituzumabgovitekan,Sacituzumab govitecan,,,
QL01FX18,Amivantamab,Amivantamab,,,
QL01FX19,Sabatolimab,Sabatolimab,,,
QL01FX20,Tremelimumab,Tremelimumab,,,
QL01FX21,Naxitamab,Naxitamab,,,
QL01FX22,Lonkastuximabtesirin,Loncastuximab tesirine,,,
QL01FX23,Tisotumabvedotin,Tisotumab vedotin,,,
QL01FX24,Teklistamab,Teclistamab,,,
QL01FX25,Mosunetuzumab,Mosunetuzumab,,,
QL01FX26,Mirvetuximabsoravtansin,Mirvetuximab soravtansine,,,
QL01FX27,Epkoritamab,Epcoritamab,,,
QL01FX28,Glofitamab,Glofitamab,,,
QL01FX29,Talkvetamab,Talquetamab,,,
QL01FX31,Zolbetuximab,Zolbetuximab,,,
QL01FX32,Elranatamab,Elranatamab,,,
QL01FX33,Tarlatamab,Tarlatamab,,,
QL01FX34,Odronextamab,Odronextamab,,,
QL01FX35,Datopotamab deruxtekan,Datopotamab deruxtecan,,,
QL01FX36,Patritumab deruxtekan,Patritumab deruxtecan,,,
QL01FX37,Linvoseltamab,Linvoseltamab,,,
QL01FX38,Ifinatamab-deruxtekan,Ifinatamab deruxtecan,,,
QL01FX39,Bemarituzumab,Bemarituzumab,,,
QL01FY,Kombinationer av monoklonala antikroppar och antikroppsläkemedelskonjugat,Combinations of monoclonal antibodies and antibody drug conjugates,,,
QL01FY01,Pertuzumab och trastuzumab,Pertuzumab and trastuzumab,,,
QL01FY02,Nivolumab och relatlimab,Nivolumab and relatlimab,,,
QL01FY03,Prolgolimab och nurulimab,Prolgolimab and nurulimab,,,
QL01X,Övriga antineoplastiska medel,Other antineoplastic agents,,,
QL01XA,Platinaföreningar,Platinum compounds,,,
QL01XA01,Cisplatin,Cisplatin,,,
QL01XA02,Karboplatin,Carboplatin,,,
QL01XA03,Oxaliplatin,Oxaliplatin,,,
QL01XA04,Satraplatin,Satraplatin,,,
QL01XA05,Polyplatillen,Polyplatillen,,,
QL01XB,Metylhydraziner,Methylhydrazines,,,
QL01XB01,Prokarbazin,Procarbazine,,,
QL01XC,Monoklonala antikroppar,Monoclonal antibodies,,,2021-12-31
QL01XC01,Edrekolomab,Edrecolomab,,,2021-12-31
QL01XC02,Rituximab,Rituximab,,,2021-12-31
QL01XC03,Trastuzumab,Trastuzumab,,,2021-12-31
QL01XC04,Alemtuzumab,Alemtuzumab,,,2014-12-31
QL01XC05,Gemtuzumabozogamicin,Gemtuzumab ozogamicin,,,2021-12-31
QL01XC06,Cetuximab,Cetuximab,,,2021-12-31
QL01XC07,Bevacizumab,Bevacizumab,,,2021-12-31
QL01XC08,Panitumumab,Panitumumab,,,2021-12-31
QL01XC09,Katumaxomab,Catumaxomab,,,2021-12-31
QL01XC10,Ofatumumab,Ofatumumab,,,2021-12-31
QL01XC11,Ipilimumab,Ipilimumab,,,2021-12-31
QL01XC12,Brentuximab vedotin,Brentuximab vedotin,,,2021-12-31
QL01XC13,Pertuzumab,Pertuzumab,,,2021-12-31
QL01XC14,Trastuzumabemtansin,Trastuzumab emtansine,,,2021-12-31
QL01XC15,Obinutuzumab,Obinutuzumab,,,2021-12-31
QL01XC16,Dinutuximab beta,Dinutuximab beta,,,2021-12-31
QL01XC17,Nivolumab,Nivolumab,,,2021-12-31
QL01XC18,Pembrolizumab,Pembrolizumab,,,2021-12-31
QL01XC19,Blinatumomab,Blinatumomab,,,2021-12-31
QL01XC21,Ramucirumab,Ramucirumab,,,2021-12-31
QL01XC22,Necitumumab,Necitumumab,,,2021-12-31
QL01XC23,Elotuzumab,Elotuzumab,,,2021-12-31
QL01XC24,Daratumumab,Daratumumab,,,2021-12-31
QL01XC25,Mogamulizumab,Mogamulizumab,,,2021-12-31
QL01XC26,Inotuzumabozogamicin,Inotuzumab ozogamicin,,,2021-12-31
QL01XC27,Olaratumab,Olaratumab,,,2021-12-31
QL01XC28,Durvalumab,Durvalumab,,,2021-12-31
QL01XC29,Bermekimab,Bermekimab,,,2021-12-31
QL01XC31,Avelumab,Avelumab,,,2021-12-31
QL01XC32,Atezolizumab,Atezolizumab,,,2021-12-31
QL01XC33,Cemiplimab,Cemiplimab,,,2021-12-31
QL01XC34,Moxetumomab pasudotox,Moxetumomab pasudotox,,,2021-12-31
QL01XC35,Tafasitamab,Tafasitamab,,,2021-12-31
QL01XC36,Enfortumab vedotin,Enfortumab vedotin,,,2021-12-31
QL01XC37,Polatuzumab vedotin,Polatuzumab vedotin,,,2021-12-31
QL01XC38,Isatuximab,Isatuximab,,,2021-12-31
QL01XC39,Belantamab mafodotin,Belantamab mafodotin,,,2021-12-31
QL01XC40,Dostarlimab,Dostarlimab,,,2021-12-31
QL01XC41,Trastuzumab deruxtekan,Trastuzumab deruxtecan,,,2021-12-31
QL01XD,Sensibiliserande ämnen för strålning/fotodynamisk behandling,Sensitizers used in photodynamic/radiation therapy,,,
QL01XD01,Porfimernatrium,Porfimer sodium,,,
QL01XD03,Metylaminolevulinat,Methyl aminolevulinate,,,
QL01XD04,Aminolevulinsyra,Aminolevulinic acid,,,
QL01XD05,Temoporfin,Temoporfin,,,
QL01XD06,Efaproxiral,Efaproxiral,,,
QL01XD07,Padeliporfin,Padeliporfin,,,
QL01XE,Proteinkinashämmare,Protein kinase inhibitors,,,2020-12-31
QL01XE01,Imatinib,Imatinib,,,2020-12-31
QL01XE02,Gefitinib,Gefitinib,,,2020-12-31
QL01XE03,Erlotinib,Erlotinib,,,2020-12-31
QL01XE04,Sunitinib,Sunitinib,,,2020-12-31
QL01XE05,Sorafenib,Sorafenib,,,2020-12-31
QL01XE06,Dasatinib,Dasatinib,,,2020-12-31
QL01XE07,Lapatinib,Lapatinib,,,2020-12-31
QL01XE08,Nilotinib,Nilotinib,,,2020-12-31
QL01XE09,Temsirolimus,Temsirolimus,,,2020-12-31
QL01XE10,Everolimus,Everolimus,,,2020-12-31
QL01XE11,Pazopanib,Pazopanib,,,2020-12-31
QL01XE12,Vandetanib,Vandetanib,,,2020-12-31
QL01XE13,Afatinib,Afatinib,,,2020-12-31
QL01XE14,Bosutinib,Bosutinib,,,2020-12-31
QL01XE15,Vemurafenib,Vemurafenib,,,2020-12-31
QL01XE16,Krizotinib,Crizotinib,,,2020-12-31
QL01XE17,Axitinib,Axitinib,,,2020-12-31
QL01XE18,Ruxolitinib,Ruxolitinib,,,2020-12-31
QL01XE19,Ridaforolimus,Ridaforolimus,,,2020-12-31
QL01XE21,Regorafenib,Regorafenib,,,2020-12-31
QL01XE22,Masitinib,Masitinib,,,2020-12-31
QL01XE23,Dabrafenib,Dabrafenib,,,2020-12-31
QL01XE24,Ponatinib,Ponatinib,,,2020-12-31
QL01XE25,Trametinib,Trametinib,,,2020-12-31
QL01XE26,Kabozantinib,Cabozantinib,,,2020-12-31
QL01XE27,Ibrutinib,Ibrutinib,,,2020-12-31
QL01XE28,Ceritinib,Ceritinib,,,2020-12-31
QL01XE29,Lenvatinib,Lenvatinib,,,2020-12-31
QL01XE31,Nintedanib,Nintedanib,,,2020-12-31
QL01XE32,Cediranib,Cediranib,,,2020-12-31
QL01XE33,Palbociklib,Palbociclib,,,2020-12-31
QL01XE34,Tivozanib,Tivozanib,,,2020-12-31
QL01XE35,Osimertinib,Osimertinib,,,2020-12-31
QL01XE36,Alektinib,Alectinib,,,2020-12-31
QL01XE37,Rociletinib,Rociletinib,,,2020-12-31
QL01XE38,Kobimetinib,Cobimetinib,,,2020-12-31
QL01XE39,Midostaurin,Midostaurin,,,2020-12-31
QL01XE40,Olmutinib,Olmutinib,,,2020-12-31
QL01XE41,Binimetinib,Binimetinib,,,2020-12-31
QL01XE42,Ribociklib,Ribociclib,,,2020-12-31
QL01XE43,Brigatinib,Brigatinib,,,2020-12-31
QL01XE44,Lorlatinib,Lorlatinib,,,2020-12-31
QL01XE45,Neratinib,Neratinib,,,2020-12-31
QL01XE46,Enkorafenib,Encorafenib,,,2020-12-31
QL01XE47,Dakomitinib,Dacomitinib,,,2020-12-31
QL01XE48,Ikotinib,Icotinib,,,2020-12-31
QL01XE50,Abemaciklib,Abemaciclib,,,2020-12-31
QL01XE51,Akalabrutinib,Acalabrutinib,,,2020-12-31
QL01XE52,Kizartinib,Quizartinib,,,2020-12-31
QL01XE53,Larotrektinib,Larotrectinib,,,2020-12-31
QL01XE54,Gilterinitib,Gilterinitib,,,2020-12-31
QL01XE56,Entrektinib,Entrectinib,,,2020-12-31
QL01XE57,Fedratinib,Fedratinib,,,2020-12-31
QL01XE90,Masitinib,Masitinib,,,2014-01-21
QL01XE91,Toceranib,Toceranib,,,2020-12-31
QL01XF,Retinoider för cancerbehandling,Retinoids for cancer treatment,,,
QL01XF01,Tretinoin,Tretinoin,,,
QL01XF02,Alitretinoin,Alitretinoin,,,
QL01XF03,Bexaroten,Bexarotene,,,
QL01XG,Proteasomhämmare,Proteasome inhibitors,,,
QL01XG01,Bortezomib,Bortezomib,,,
QL01XG02,Karfilzomib,Carfilzomib,,,
QL01XG03,Ixazomib,Ixazomib,,,
QL01XH,Histondeacetylas (HDAC) hämmare,Histone deacetylase (HDAC) inhibitors,,,
QL01XH01,Vorinostat,Vorinostat,,,
QL01XH02,Romidepsin,Romidepsin,,,
QL01XH03,Panobinostat,Panobinostat,,,
QL01XH04,Belinostat,Belinostat,,,
QL01XH05,Entinostat,Entinostat,,,
QL01XH06,Tucidinostat,Tucidinostat,,,
QL01XH07,Resminostat,Resminostat,,,
QL01XJ,Hämmare av Hedgehog-signalvägen,Hedgehog pathway inhibitors,,,
QL01XJ01,Vismodegib,Vismodegib,,,
QL01XJ02,Sonidegib,Sonidegib,,,
QL01XJ03,Glasdegib,Glasdegib,,,
QL01XK,Poly (ADP-ribos) polymeras (PARP) hämmare,Poly (ADP-ribose) polymerase (PARP) inhibitors,,,
QL01XK01,Olaparib,Olaparib,,,
QL01XK02,Niraparib,Niraparib,,,
QL01XK03,Rukaparib,Rucaparib,,,
QL01XK04,Talazoparib,Talazoparib,,,
QL01XK05,Veliparib,Veliparib,,,
QL01XK06,Pamiparib,Pamiparib,,,
QL01XK07,Senaparib,Senaparib,,,
QL01XK52,Niraparib och abirateron,Niraparib and abiraterone,,,
QL01XL,Antineoplastisk cell- och genterapi,Antineoplastic cell and gene therapy,,,
QL01XL01,Sitimagen-ceradenovek,Sitimagene ceradenovec,,,
QL01XL02,Talimogen-laherparepvek,Talimogene laherparepvec,,,
QL01XL03,Axikabtagen-ciloleucel,Axicabtagene ciloleucel,,,
QL01XL04,Tisagenlekleucel,Tisagenlecleucel,,,
QL01XL05,Ciltakabtagen-autoleucel,Ciltacabtagene autoleucel,,,
QL01XL06,Brexukabtagen-autoleucel,Brexucabtagene autoleucel,,,
QL01XL07,Idekabtagen-vikleucel,Idecabtagene vicleucel,,,
QL01XL08,Lisokabtagen-maraleucel,Lisocabtagene maraleucel,,,
QL01XL09,Tabelekleucel,Tabelecleucel,,,
QL01XL10,Nadofaragen-firadenovek,Nadofaragene firadenovec,,,
QL01XL11,Lifileucel,Lifileucel,,,
QL01XL12,Obekabtagen-autoleucel,Obecabtagene autoleucel,,,
QL01XM,Isocitratdehydrogenas (IDH) hämmare,Isocitrate dehydrogenase (IDH) inhibitors,,,
QL01XM01,Enasidenib,Enasidenib,,,
QL01XM02,Ivosidenib,Ivosidenib,,,
QL01XM03,Olutasidenib,Olutasidenib,,,
QL01XM04,Vorasidenib,Vorasidenib,,,
QL01XU,Övriga antineoplastiska medel (forts.),Other antineoplastic agents (cont.),,,
QL01XX,Övriga antineoplastiska medel,Other antineoplastic agents,,,
QL01XX01,Amsakrin,Amsacrine,,,
QL01XX02,Asparginas,Asparaginase,,,
QL01XX03,Altretamin,Altretamine,,,
QL01XX05,Hydroxikarbamid,Hydroxycarbamide,,,
QL01XX07,Lonidamin,Lonidamine,,,
QL01XX08,Pentostatin,Pentostatin,,,
QL01XX09,Miltefosin,Miltefosine,,,2019-12-31
QL01XX10,Masoprokol,Masoprocol,,,
QL01XX11,Estramustin,Estramustine,,,
QL01XX14,Tretinoin,Tretinoin,,,2020-12-31
QL01XX16,Mitoguazon,Mitoguazone,,,
QL01XX17,Topotekan,Topotecan,,,2020-12-31
QL01XX18,Tiazofurin,Tiazofurine,,,
QL01XX19,Irinotekan,Irinotecan,,,2020-12-31
QL01XX22,Alitretinoin,Alitretinoin,,,2020-12-31
QL01XX23,Mitotan,Mitotane,,,
QL01XX24,Pegaspargas,Pegaspargase,,,
QL01XX25,Bexaroten,Bexarotene,,,2020-12-31
QL01XX27,Arseniktrioxid,Arsenic trioxide,,,
QL01XX29,Denileukin diftitox,Denileukin diftitox,,,
QL01XX32,Bortezomib,Bortezomib,,,2020-12-31
QL01XX33,Celecoxib,Celecoxib,,,
QL01XX35,Anagrelid,Anagrelide,,,
QL01XX36,Oblimersen,Oblimersen,,,
QL01XX37,Sitimagen-ceradenovek,Sitimagene ceradenovec,,,2022-12-31
QL01XX38,Vorinostat,Vorinostat,,,2020-12-31
QL01XX39,Romidepsin,Romidepsin,,,2020-12-31
QL01XX40,Omacetaxinmepesuccinat,Omacetaxine mepesuccinate,,,
QL01XX41,Eribulin,Eribulin,,,
QL01XX42,Panobinostat,Panobinostat,,,2020-12-31
QL01XX43,Vismodegib,Vismodegib,,,2020-12-31
QL01XX44,Aflibercept,Aflibercept,,,
QL01XX45,Karfilzomib,Carfilzomib,,,2020-12-31
QL01XX46,Olaparib,Olaparib,,,2020-12-31
QL01XX47,Idelalisib,Idelalisib,,,2020-12-31
QL01XX48,Sonidegib,Sonidegib,,,2020-12-31
QL01XX49,Belinostat,Belinostat,,,2020-12-31
QL01XX50,Ixazomib,Ixazomib,,,2020-12-31
QL01XX51,Talimogen-laherparepvek,Talimogene laherparepvec,,,2022-12-31
QL01XX52,Venetoklax,Venetoclax,,,
QL01XX53,Vosaroxin,Vosaroxin,,,
QL01XX54,Niraparib,Niraparib,,,2020-12-31
QL01XX55,Rukaparib,Rucaparib,,,2020-12-31
QL01XX56,Etirinotekan pegol,Etirinotecan pegol,,,2020-12-31
QL01XX57,Plitidepsin,Plitidepsin,,,
QL01XX58,Epakadostat,Epacadostat,,,
QL01XX59,Enasidenib,Enasidenib,,,2024-12-31
QL01XX60,Talazoparib,Talazoparib,,,2020-12-31
QL01XX61,Kopanlisib,Copanlisib,,,2020-12-31
QL01XX62,Ivosidenib,Ivosidenib,,,2024-12-31
QL01XX63,Glasdegib,Glasdegib,,,2020-12-31
QL01XX64,Entinostat,Entinostat,,,2020-12-31
QL01XX65,Alpesilib,Alpesilib,,,2020-12-31
QL01XX66,Selinexor,Selinexor,,,
QL01XX67,Tagraxofusp,Tagraxofusp,,,
QL01XX68,Belotekan,Belotecan,,,2020-12-31
QL01XX69,Lurbinektedin,Lurbinectedin,,,
QL01XX70,Axikabtagen-ciloleucel,Axicabtagene ciloleucel,,,2022-12-31
QL01XX71,Tisagenlekleucel,Tisagenlecleucel,,,2022-12-31
QL01XX72,Tazemetostat,Tazemetostat,,,
QL01XX73,Sotorasib,Sotorasib,,,
QL01XX74,Belzutifan,Belzutifan,,,
QL01XX75,Tebentafusp,Tebentafusp,,,
QL01XX77,Adagrasib,Adagrasib,,,
QL01XX78,Navitoklax,Navitoclax,,,
QL01XX79,Eflornitin,Eflornithine,,,
QL01XX80,Imetelstat,Imetelstat,,,
QL01XX81,Nirogacestat,Nirogacestat,,,
QL01XX82,Darinaparsin,Darinaparsin,,,
QL01XX83,Para-toluensulfonamid,Para-toluenesulfonamide,,,
QL01XX84,Pelabresib,Pelabresib,,,
QL01XX85,Idroxiolsyra,Idroxioleic acid,,,
QL01XX86,Kalaspargas pegol,Calaspargase pegol,,,
QL01XX87,Revumenib,Revumenib,,,
QL01XX91,Tigilanoltiglat,Tigilanol tiglate,,,
QL01XX92,Verdinexor,Verdinexor,,,
QL01XY,Kombinationer av antineoplastiska medel,Combinations of antineoplastic agents,,,
QL01XY01,Cytarabin och daunorubicin,Cytarabine and daunorubicin,,,
QL01XY02,Pertuzumab och trastuzumab,Pertuzumab and trastuzumab,,,2023-12-31
QL01XY03,Nivolumab och relatlimab,Nivolumab and relatlimab,,,2023-12-31
QL01XY04,Bifikafusp alfa och onfekafusp alfa,Bifikafusp alfa and onfekafusp alfa,,,
QL02,Endokrinterapi,Endocrine therapy,,,
QL02A,Hormoner,Hormones and related agents,,,
QL02AA,Östrogener,Estrogens,,,
QL02AA01,Dietylstilbestrol,Diethylstilbestrol,,,
QL02AA02,Polyöstradiolfosfat,Polyestradiol phosphate,,,
QL02AA03,Etinylestradiol,Ethinylestradiol,,,
QL02AA04,Fosfestrol,Fosfestrol,,,
QL02AB,Gestagener,Progestogens,,,
QL02AB01,Megestrol,Megestrol,,,
QL02AB02,Medroxiprogesteron,Medroxyprogesterone,,,
QL02AB03,Gestonoron,Gestonorone,,,
QL02AE,Gonadotropinfrisättande hormonanaloger,Gonadotropin releasing hormone analogues,,,
QL02AE01,Buserelin,Buserelin,,,
QL02AE02,Leuprorelin,Leuprorelin,,,
QL02AE03,Goserelin,Goserelin,,,
QL02AE04,Triptorelin,Triptorelin,,,
QL02AE05,Histrelin,Histrelin,,,
QL02AE51,Leuprorelin och bikalutamid,Leuprorelin and bicalutamide,,,
QL02AX,Övriga hormoner,Other hormones,,,
QL02B,Antihormoner och relaterade medel,Hormone antagonists and related agents,,,
QL02BA,Antiöstrogener,Anti-estrogens,,,
QL02BA01,Tamoxifen,Tamoxifen,,,
QL02BA02,Toremifen,Toremifene,,,
QL02BA03,Fulvestrant,Fulvestrant,,,
QL02BA04,Elacestrant,Elacestrant,,,
QL02BA05,Kamizestrant,Camizestrant,,,
QL02BB,Antiandrogener,Anti-androgens,,,
QL02BB01,Flutamid,Flutamide,,,
QL02BB02,Nilutamid,Nilutamide,,,
QL02BB03,Bikalutamid,Bicalutamide,,,
QL02BB04,Enzalutamid,Enzalutamide,,,
QL02BB05,Apalutamid,Apalutamide,,,
QL02BB06,Darolutamid,Darolutamide,,,
QL02BG,Aromatashämmare,Aromatase inhibitors,,,
QL02BG01,Aminoglutetimid,Aminoglutethimide,,,
QL02BG02,Formestan,Formestane,,,
QL02BG03,Anastrozol,Anastrozole,,,
QL02BG04,Letrozol,Letrozole,,,
QL02BG05,Vorozol,Vorozole,,,
QL02BG06,Exemestan,Exemestane,,,
QL02BX,Övriga antihormoner och relaterade medel,Other hormone antagonists and related agents,,,
QL02BX01,Abarelix,Abarelix,,,
QL02BX02,Degarelix,Degarelix,,,
QL02BX03,Abirateron,Abiraterone,,,
QL02BX04,Relugolix,Relugolix,,,
QL02BX53,Abirateron och kortikosteroider,Abiraterone and corticosteroids,,,
QL03,Immunstimulerande medel,Immunostimulants,,,
QL03A,Immunstimulerande medel,Immunostimulants,,,
QL03AA,Hematopoetiska tillväxtfaktorer,Colony stimulating factors,,,
QL03AA02,Filgrastim,Filgrastim,,,
QL03AA03,Molgramostim,Molgramostim,,,
QL03AA09,Sargramostim,Sargramostim,,,
QL03AA10,Lenograstim,Lenograstim,,,
QL03AA12,Ancestim,Ancestim,,,
QL03AA13,Pegfilgrastim,Pegfilgrastim,,,
QL03AA14,Lipegfilgrastim,Lipegfilgrastim,,,
QL03AA15,Balugrastim,Balugrastim,,,
QL03AA16,Empegfilgrastim,Empegfilgrastim,,,
QL03AA17,Pegteograstim,Pegteograstim,,,
QL03AA18,Efbemalenograstim alfa,Efbemalenograstim alfa,,,
QL03AA19,Eflapegrastim,Eflapegrastim,,,
QL03AA90,Pegbovigrastim,Pegbovigrastim,,,
QL03AB,Interferoner,Interferons,,,
QL03AB01,"Interferon alfa, naturlig",Interferon alfa natural,,,
QL03AB02,"Interferon beta, naturlig",Interferon beta natural,,,
QL03AB03,Interferon gamma,Interferon gamma,,,
QL03AB04,Interferon alfa-2a,Interferon alfa-2a,,,
QL03AB05,Interferon alfa-2b,Interferon alfa-2b,,,
QL03AB06,Interferon alfa-n1,Interferon alfa-n1,,,
QL03AB07,Interferon beta-1a,Interferon beta-1a,,,
QL03AB08,Interferon beta-1b,Interferon beta-1b,,,
QL03AB09,Interferon alfacon-1,Interferon alfacon-1,,,
QL03AB10,Peginterferon alfa-2b,Peginterferon alfa-2b,,,
QL03AB11,Peginterferon alfa-2a,Peginterferon alfa-2a,,,
QL03AB12,Albinterferon alfa-2b,Albinterferon alfa-2b,,,
QL03AB13,Peginterferon beta-1a,Peginterferon beta-1a,,,
QL03AB14,Cepeginterferon alfa-2b,Cepeginterferon alfa-2b,,,
QL03AB15,Ropeginterferon alfa-2b,Ropeginterferon alfa-2b,,,
QL03AB16,Peginterferon alfakon-2,Peginterferon alfacon-2,,,
QL03AB17,Sampeginterferon beta-1a,Sampeginterferon beta-1a,,,
QL03AB60,"Peginterferon alfa-2b, kombinationer","Peginterferon alfa-2b, combinations",,,
QL03AB61,"Peginterferon alfa-2a, kombinationer","Peginterferon alfa-2a, combinations",,,
QL03AB90,"Interferon omega, felint ursprung","Interferon omega, feline origin",,,
QL03AC,Interleukiner,Interleukins,,,
QL03AC01,Aldesleukin,Aldesleukin,,,
QL03AC02,Oprelvekin,Oprelvekin,,,
QL03AC03,Nogapendekin alfa och inbakicept,Nogapendekin alfa and inbakicept,,,
QL03AX,Övriga immunstimulerande medel,Other immunostimulants,,,
QL03AX01,Lentinan,Lentinan,,,
QL03AX02,Rokinimex,Roquinimex,,,
QL03AX03,Vaccin mot Bacillus Calmette-Guerin (BCG),BCG vaccine,,,
QL03AX04,Pegademas,Pegademase,,,
QL03AX05,Pidotimod,Pidotimod,,,
QL03AX07,Poly I:C,Poly I:C,,,
QL03AX08,Poly ICLC,Poly ICLC,,,
QL03AX09,Tymopentin,Thymopentin,,,
QL03AX10,Immunocyanin,Immunocyanin,,,
QL03AX11,Tasonermin,Tasonermin,,,
QL03AX12,Melanomvaccin,Melanoma vaccine,,,
QL03AX13,Glatirameracetat,Glatiramer acetate,,,
QL03AX14,Histamindihydroklorid,Histamine dihydrochloride,,,
QL03AX15,Mifamurtid,Mifamurtide,,,
QL03AX16,Plerixafor,Plerixafor,,,
QL03AX17,Sipuleucel-T,Sipuleucel-T,,,
QL03AX18,Kridanimod,Cridanimod,,,
QL03AX19,Dasiprotimut-T,Dasiprotimut-T,,,
QL03AX21,Elapegademas,Elapegademase,,,
QL03AX22,Leniolisib,Leniolisib,,,
QL03AX23,Motixafortid,Motixafortide,,,
QL03AX24,Mavorixafor,Mavorixafor,,,
QL03AX25,Tymalfasin,Thymalfasin,,,
QL03AX90,Kattinterleukin-2 rekombinant kanariefågelpoxvirus,Feline interleukin-2 recombinant canarypox virus,,,
QL04,Immunsuppressiva medel,Immunosuppressants,,,
QL04A,Immunsuppressiva medel,Immunosuppressants,,,
QL04AA,Selektiva immunsuppressiva medel,Selective immunosuppressants,,,
QL04AA02,Muromonab CD3,Muromonab-CD3,,,2023-12-31
QL04AA03,Anti-lymfoocyt-immunoglobulin (häst),Antilymphocyte immunoglobulin (horse),,,
QL04AA04,Anti-tymocyt-immunoglobulin (kanin),Antithymocyte immunoglobulin (rabbit),,,
QL04AA06,Mykofenolsyra,Mycophenolic acid,,,
QL04AA10,Sirolimus,Sirolimus,,,2023-12-31
QL04AA13,Leflunomid,Leflunomide,,,2023-12-31
QL04AA15,Alefacept,Alefacept,,,
QL04AA18,Everolimus,Everolimus,,,2023-12-31
QL04AA19,Gusperimus,Gusperimus,,,
QL04AA21,Efalizumab,Efalizumab,,,2023-12-31
QL04AA22,Abetimus,Abetimus,,,
QL04AA23,Natalizumab,Natalizumab,,,2023-12-31
QL04AA24,Abatacept,Abatacept,,,
QL04AA25,Ekulizumab,Eculizumab,,,2023-12-31
QL04AA26,Belimumab,Belimumab,,,2023-12-31
QL04AA27,Fingolimod,Fingolimod,,,2023-12-31
QL04AA28,Belatacept,Belatacept,,,
QL04AA29,Tofacitinib,Tofacitinib,,,2023-12-31
QL04AA31,Teriflunomid,Teriflunomide,,,2023-12-31
QL04AA32,Apremilast,Apremilast,,,
QL04AA33,Vedolizumab,Vedolizumab,,,2023-12-31
QL04AA34,Alemtuzumab,Alemtuzumab,,,2023-12-31
QL04AA35,Begelomab,Begelomab,,,2023-12-31
QL04AA36,Okrelizumab,Ocrelizumab,,,2023-12-31
QL04AA37,Baricitinib,Baricitinib,,,2023-12-31
QL04AA38,Ozanimod,Ozanimod,,,2023-12-31
QL04AA39,Emapalumab,Emapalumab,,,2023-12-31
QL04AA40,Kladribin,Cladribine,,,
QL04AA41,Imlifidas,Imlifidase,,,
QL04AA42,Siponimod,Siponimod,,,2023-12-31
QL04AA43,Ravulizumab,Ravulizumab,,,2023-12-31
QL04AA44,Upadacitinib,Upadacitinib,,,2023-12-31
QL04AA45,Filgotinib,Filgotinib,,,2023-12-31
QL04AA46,Itacitinib,Itacitinib,,,2023-12-31
QL04AA47,Inebilizumab,Inebilizumab,,,2023-12-31
QL04AA48,Belumosudil,Belumosudil,,,
QL04AA49,Peficitinib,Peficitinib,,,2023-12-31
QL04AA50,Ponesimod,Ponesimod,,,2023-12-31
QL04AA51,Anifrolumab,Anifrolumab,,,2023-12-31
QL04AA52,Ofatumumab,Ofatumumab,,,2023-12-31
QL04AA53,Teprotumumab,Teprotumumab,,,2023-12-31
QL04AA54,Pegcetakoplan,Pegcetacoplan,,,2023-12-31
QL04AA55,Sutimlimab,Sutimlimab,,,2023-12-31
QL04AA56,Deukravacitinib,Deucravacitinib,,,2023-12-31
QL04AA57,Ublituximab,Ublituximab,,,2023-12-31
QL04AA58,Efgartigimod alfa,Efgartigimod alfa,,,2025-12-31
QL04AA59,Avakopan,Avacopan,,,2023-12-31
QL04AA60,Remibrutinib,Remibrutinib,,,
QL04AA61,Nerandomilast,Nerandomilast,,,
QL04AA62,Tolebrutinib,Tolebrutinib,,,
QL04AA90,Fuzapladib,Fuzapladib,,,
QL04AB,Tumörnekrosfaktor alfa (TNF-alfa) hämmare,Tumor necrosis factor alpha (TNF-alpha) inhibitors,,,
QL04AB01,Etanercept,Etanercept,,,
QL04AB02,Infliximab,Infliximab,,,
QL04AB03,Afelimomab,Afelimomab,,,
QL04AB04,Adalimumab,Adalimumab,,,
QL04AB05,Certolizumabpegol,Certolizumab pegol,,,
QL04AB06,Golimumab,Golimumab,,,
QL04AB07,Opinercept,Opinercept,,,
QL04AC,Interleukinhämmare,Interleukin inhibitors,,,
QL04AC01,Daklizumab,Daclizumab,,,
QL04AC02,Basiliximab,Basiliximab,,,
QL04AC03,Anakinra,Anakinra,,,
QL04AC04,Rilonacept,Rilonacept,,,
QL04AC05,Ustekinumab,Ustekinumab,,,
QL04AC06,Mepolizumab,Mepolizumab,,,2016-12-31
QL04AC07,Tocilizumab,Tocilizumab,,,
QL04AC08,Kanakinumab,Canakinumab,,,
QL04AC09,Briakinumab,Briakinumab,,,
QL04AC10,Sekukinumab,Secukinumab,,,
QL04AC11,Siltuximab,Siltuximab,,,
QL04AC12,Brodalumab,Brodalumab,,,
QL04AC13,Ixekizumab,Ixekizumab,,,
QL04AC14,Sarilumab,Sarilumab,,,
QL04AC15,Sirukumab,Sirukumab,,,
QL04AC16,Guselkumab,Guselkumab,,,
QL04AC17,Tildrakizumab,Tildrakizumab,,,
QL04AC18,Risankizumab,Risankizumab,,,
QL04AC19,Satralizumab,Satralizumab,,,
QL04AC20,Netakimab,Netakimab,,,
QL04AC21,Bimekizumab,Bimekizumab,,,
QL04AC22,Spesolimab,Spesolimab,,,
QL04AC23,Olokizumab,Olokizumab,,,
QL04AC24,Mirikizumab,Mirikizumab,,,
QL04AC25,Levilimab,Levilimab,,,
QL04AC26,Goflikicept,Goflikicept,,,
QL04AC27,Cendakimab,Cendakimab,,,
QL04AD,Kalcineurinhämmare,Calcineurin inhibitors,,,
QL04AD01,Ciklosporin,Ciclosporin,,,
QL04AD02,Takrolimus,Tacrolimus,,,
QL04AD03,Voklosporin,Voclosporin,,,
QL04AE,Sfingosin-1-fosfat (S1P) receptormodulatorer,Sphingosine 1-phosphate (S1P) receptor modulators,,,
QL04AE01,Fingolimod,Fingolimod,,,
QL04AE02,Ozanimod,Ozanimod,,,
QL04AE03,Siponimod,Siponimod,,,
QL04AE04,Ponesimod,Ponesimod,,,
QL04AE05,Etrasimod,Etrasimod,,,
QL04AF,Janus-associerat kinas (JAK) hämmare,Janus-associated kinase (JAK) inhibitors,,,
QL04AF01,Tofacitinib,Tofacitinib,,,
QL04AF02,Baricitinib,Baricitinib,,,
QL04AF03,Upadacitinib,Upadacitinib,,,
QL04AF04,Filgotinib,Filgotinib,,,
QL04AF05,Itacitinib,Itacitinib,,,
QL04AF06,Peficitinib,Peficitinib,,,
QL04AF07,Deukravacitinib,Deucravacitinib,,,
QL04AF08,Ritlecitinib,Ritlecitinib,,,
QL04AF09,Deuruxolitinib,Deuruxolitinib,,,
QL04AG,Monoklonala antikroppar,Monoclonal antibodies,,,
QL04AG01,Muromonab-CD3,Muromonab-CD3,,,
QL04AG02,Efalizumab,Efalizumab,,,
QL04AG03,Natalizumab,Natalizumab,,,
QL04AG04,Belimumab,Belimumab,,,
QL04AG05,Vedolizumab,Vedolizumab,,,
QL04AG06,Alemtuzumab,Alemtuzumab,,,
QL04AG07,Begelomab,Begelomab,,,
QL04AG08,Okrelizumab,Ocrelizumab,,,
QL04AG09,Emapalumab,Emapalumab,,,
QL04AG10,Inebilizumab,Inebilizumab,,,
QL04AG11,Anifrolumab,Anifrolumab,,,
QL04AG12,Ofatumumab,Ofatumumab,,,
QL04AG13,Teprotumumab,Teprotumumab,,,
QL04AG14,Ublituximab,Ublituximab,,,
QL04AG15,Divozilimab,Divozilimab,,,
QL04AG16,Rozanolixizumab,Rozanolixizumab,,,2025-12-31
QL04AG17,Seniprutug,Seniprutug,,,
QL04AG18,Sibeprenlimab,Sibeprenlimab,,,
QL04AG19,Axatilimab,Axatilimab,,,
QL04AG90,Cirevetmab,Cirevetmab,,,
QL04AH,Mammalian target of rapamycin (mTOR) kinashämmare,Mammalian target of rapamycin (mTOR) kinase inhibitors,,,
QL04AH01,Sirolimus,Sirolimus,,,
QL04AH02,Everolimus,Everolimus,,,
QL04AJ,Komplementhämmare,Complement inhibitors,,,
QL04AJ01,Ekulizumab,Eculizumab,,,
QL04AJ02,Ravulizumab,Ravulizumab,,,
QL04AJ03,Pegcetakoplan,Pegcetacoplan,,,
QL04AJ04,Sutimlimab,Sutimlimab,,,
QL04AJ05,Avakopan,Avacopan,,,
QL04AJ06,Zilukoplan,Zilucoplan,,,
QL04AJ07,Krovalimab,Crovalimab,,,
QL04AJ08,Iptakopan,Iptacopan,,,
QL04AJ09,Danikopan,Danicopan,,,
QL04AJ10,Vilobelimab,Vilobelimab,,,
QL04AJ11,Pozelimab,Pozelimab,,,
QL04AK,Dihydroorotatdehydrogenas  (DHODH) hämmare,Dihydroorotate dehydrogenase (DHODH) inhibitors,,,
QL04AK01,Leflunomid,Leflunomide,,,
QL04AK02,Teriflunomid,Teriflunomide,,,
QL04AL,Neonatal Fc-receptor (FcRn) hämmare,Neonatal fragment crystallizable receptor (FcRn) inhibitors,,,
QL04AL01,Efgartigimod alfa,Efgartigimod alfa,,,
QL04AL02,Rozanolixizumab,Rozanolixizumab,,,
QL04AL03,Nipokalimab,Nipocalimab,,,
QL04AX,Övriga immunsuppressiva medel,Other immunosuppressants,,,
QL04AX01,Azatioprin,Azathioprine,,,
QL04AX02,Talidomid,Thalidomide,,,
QL04AX03,Metotrexat,Methotrexate,,,
QL04AX04,Lenalidomid,Lenalidomide,,,
QL04AX05,Pirfenidon,Pirfenidone,,,
QL04AX06,Pomalidomid,Pomalidomide,,,
QL04AX07,Dimetylfumarat,Dimethyl fumarate,,,
QL04AX08,Darvadstrocel,Darvadstrocel,,,
QL04AX09,Diroximelfumarat,Diroximel fumarate,,,
QL04AX10,Tegomilfumarat,Tegomil fumarate,,,
QL04AX11,Monometylfumarat,Monomethyl fumarate,,,
QM,Rörelseapparaten,Musculo-skeletal system,,,
QM01,Antiinflammatoriska och antireumatiska medel,Antiinflammatory and antirheumatic products,,,
QM01A,"Antiinflammatoriska och antireumatiska medel, icke-steroida","Antiinflammatory and antirheumatic products, non-steroids",,,
QM01AA,Butylpyrazolidiner,Butylpyrazolidines,,,
QM01AA01,Fenylbutazon,Phenylbutazone,,,
QM01AA02,Mofebutazon,Mofebutazone,,,
QM01AA03,Oxifenbutazon,Oxyphenbutazone,,,
QM01AA05,Klofezon,Clofezone,,,
QM01AA06,Kebuzon,Kebuzone,,,
QM01AA90,Suxibuzon,Suxibuzone,,,
QM01AA99,Kombinationer,Combinations,,,
QM01AB,Ättiksyraderivat och närbesläktade substanser,Acetic acid derivatives and related substances,,,
QM01AB01,Indometacin,Indometacin,,,
QM01AB02,Sulindak,Sulindac,,,
QM01AB03,Tolmetin,Tolmetin,,,
QM01AB04,Zomepirak,Zomepirac,,,
QM01AB05,Diklofenak,Diclofenac,,,
QM01AB06,Alklofenak,Alclofenac,,,
QM01AB07,Bumadizon,Bumadizone,,,
QM01AB08,Etodolak,Etodolac,,,
QM01AB09,Lonazolak,Lonazolac,,,
QM01AB10,Fentiazak,Fentiazac,,,
QM01AB11,Acemetacin,Acemetacin,,,
QM01AB12,Difenpiramid,Difenpiramide,,,
QM01AB13,Oxametacin,Oxametacin,,,
QM01AB14,Proglumetacin,Proglumetacin,,,
QM01AB15,Ketorolak,Ketorolac,,,
QM01AB16,Aceklofenak,Aceclofenac,,,
QM01AB17,Bufexamak,Bufexamac,,,
QM01AB51,"Indometacin, kombinationer","Indometacin, combinations",,,
QM01AB55,"Diklofenak, kombinationer","Diclofenac, combinations",,,
QM01AC,Oxikamer,Oxicams,,,
QM01AC01,Piroxikam,Piroxicam,,,
QM01AC02,Tenoxikam,Tenoxicam,,,
QM01AC04,Droxikam,Droxicam,,,
QM01AC05,Lornoxikam,Lornoxicam,,,
QM01AC06,Meloxikam,Meloxicam,,,
QM01AC56,"Meloxikam, kombinationer","Meloxicam, combinations",,,
QM01AE,Propionsyraderivat,Propionic acid derivatives,,,
QM01AE01,Ibuprofen,Ibuprofen,,,
QM01AE02,Naproxen,Naproxen,,,
QM01AE03,Ketoprofen,Ketoprofen,,,
QM01AE04,Fenoprofen,Fenoprofen,,,
QM01AE05,Fenbufen,Fenbufen,,,
QM01AE06,Benoxaprofen,Benoxaprofen,,,
QM01AE07,Suprofen,Suprofen,,,
QM01AE08,Pirprofen,Pirprofen,,,
QM01AE09,Flurbiprofen,Flurbiprofen,,,
QM01AE10,Indoprofen,Indoprofen,,,
QM01AE11,Tiaprofensyra,Tiaprofenic acid,,,
QM01AE12,Oxaprozin,Oxaprozin,,,
QM01AE13,Ibuproxam,Ibuproxam,,,
QM01AE14,Dexibuprofen,Dexibuprofen,,,
QM01AE15,Flunoxaprofen,Flunoxaprofen,,,
QM01AE16,Alminoprofen,Alminoprofen,,,
QM01AE17,Dexketoprofen,Dexketoprofen,,,
QM01AE18,Naproxcinod,Naproxcinod,,,
QM01AE19,Loxoprofen,Loxoprofen,,,
QM01AE20,Pelubiprofen,Pelubiprofen,,,
QM01AE51,"Ibuprofen, kombinationer","Ibuprofen, combinations",,,
QM01AE52,Naproxen och esomeprazol,Naproxen and esomeprazole,,,
QM01AE53,"Ketoprofen, kombinationer","Ketoprofen, combinations",,,
QM01AE56,Naproxen och misoprostol,Naproxen and misoprostol,,,
QM01AE57,Naproxen och difenhydramin,Naproxen and diphenhydramine,,,
QM01AE90,Vedaprofen,Vedaprofen,,,
QM01AE91,Carprofen,Carprofen,,,
QM01AE92,Tepoxalin,Tepoxalin,,,
QM01AG,Fenamater,Fenamates,,,
QM01AG01,Mefenamsyra,Mefenamic acid,,,
QM01AG02,Tolfenamsyra,Tolfenamic acid,,,
QM01AG03,Flufenamsyra,Flufenamic acid,,,
QM01AG04,Meklofenamsyra,Meclofenamic acid,,,
QM01AG90,Flunixin,Flunixin,,,
QM01AH,Coxiber,Coxibs,,,
QM01AH01,Celecoxib,Celecoxib,,,
QM01AH02,Rofecoxib,Rofecoxib,,,
QM01AH03,Valdecoxib,Valdecoxib,,,
QM01AH04,Parecoxib,Parecoxib,,,
QM01AH05,Etoricoxib,Etoricoxib,,,
QM01AH06,Lumiracoxib,Lumiracoxib,,,
QM01AH07,Polmacoxib,Polmacoxib,,,
QM01AH90,Firocoxib,Firocoxib,,,
QM01AH91,Robenacoxib,Robenacoxib,,,
QM01AH92,Mavacoxib,Mavacoxib,,,
QM01AH93,Cimicoxib,Cimicoxib,,,
QM01AH94,Deracoxib,Deracoxib,,,
QM01AH95,Enflicoxib,Enflicoxib,,,
QM01AX,Övriga icke-steroida antiinflammatoriska och antireumatiska medel,"Other antiinflammatory and antirheumatic agents, non-steroids",,,
QM01AX01,Nabumeton,Nabumetone,,,
QM01AX02,Nifluminsyra,Niflumic acid,,,
QM01AX04,Azapropazon,Azapropazone,,,
QM01AX05,Glukosamin,Glucosamine,,,
QM01AX07,Bensydamin,Benzydamine,,,
QM01AX12,Glukosaminoglykanpolysulfat,Glucosaminoglycan polysulfate,,,
QM01AX13,Prokvazon,Proquazone,,,
QM01AX14,Orgotein,Orgotein,,,
QM01AX17,Nimesulid,Nimesulide,,,
QM01AX18,Feprazon,Feprazone,,,
QM01AX21,Diacerein,Diacerein,,,
QM01AX22,Morniflumat,Morniflumate,,,
QM01AX23,Tenidap,Tenidap,,,
QM01AX24,Oxaceprol,Oxaceprol,,,
QM01AX25,Kondroitinsulfat,Chondroitin sulfate,,,
QM01AX26,"Avokado- och sojaolja, ej förtvålbara","Avocado and soyabean oil, unsaponifiables",,,
QM01AX52,Nifluminsyra,"Niflumic acid, combinations",,,
QM01AX68,"Feprazon, kombinationer","Feprazone, combinations",,,
QM01AX90,pentosanpolysulfatnatrium,Pentosan polysulfate sodium,,,
QM01AX91,Aminopropionitril,Aminopropionitrile,,,
QM01AX92,Grapiprant,Grapiprant,,,
QM01AX99,Kombinationer,Combinations,,,
QM01B,Antiinflammatoriska/antireumatiska medel i kombination,Antiinflammatory/antirheumatic agents in combination,,,
QM01BA,Antiinflammatoriska/antireumatiska medel i kombination med kortikosteroider,Antiinflammatory/antirheumatic agents in combination with corticosteroids,,,
QM01BA01,Fenylbutazon och kortikosteroider,Phenylbutazone and corticosteroids,,,
QM01BA02,Dipyrocetyl och kortikosteroider,Dipyrocetyl and corticosteroids,,,
QM01BA03,Acetylsalicylsyra och kortikosteroider,Acetylsalicylic acid and corticosteroids,,,
QM01BA99,Kombinationer,Combinations,,,
QM01BX,Övriga kombinationer med antiinflammatoriska/antireumatiska medel,Other antiinflammatory/antirheumatic agents in combination with other drugs,,,
QM01C,Specifika antireumatiska medel,Specific antirheumatic agents,,,
QM01CA,Kinolinderivat,Quinolines,,,
QM01CA03,Oxycinkofen,Oxycinchophen,,,
QM01CB,Guldpreparat,Gold preparations,,,
QM01CB01,Natriumaurotiomalat,Sodium aurothiomalate,,,
QM01CB02,Natriumaurotiosulfat,Sodium aurotiosulfate,,,
QM01CB03,Auranofin,Auranofin,,,
QM01CB04,Aurotioglukos,Aurothioglucose,,,
QM01CB05,Aurotioprol,Aurotioprol,,,
QM01CC,Penicillamin och liknande medel,Penicillamine and similar agents,,,
QM01CC01,Penicillamin,Penicillamine,,,
QM01CC02,Bucillamin,Bucillamine,,,
QM01CX,Övriga specifika antireumatiska medel,Other specific antirheumatic agents,,,
QM02,Utvärtes medel vid led- och muskelsmärtor,Topical products for joint and muscular pain,,,
QM02A,Utvärtes medel vid led- och muskelsmärtor,Topical products for joint and muscular pain,,,
QM02AA,"Antiinflammatoriska medel, icke-steroider för utvärtes bruk","Antiinflammatory preparations, non-steroids for topical use",,,
QM02AA01,Fenylbutazon,Phenylbutazone,,,
QM02AA02,Mofebutazon,Mofebutazone,,,
QM02AA03,Klofezon,Clofezone,,,
QM02AA04,Oxyfenbutazon,Oxyphenbutazone,,,
QM02AA05,Bensydamin,Benzydamine,,,
QM02AA06,Etofenamat,Etofenamate,,,
QM02AA07,Piroxikam,Piroxicam,,,
QM02AA08,Felbinak,Felbinac,,,
QM02AA09,Bufexamak,Bufexamac,,,
QM02AA10,Ketoprofen,Ketoprofen,,,
QM02AA11,Bendazak,Bendazac,,,
QM02AA12,Naproxen,Naproxen,,,
QM02AA13,Ibuprofen,Ibuprofen,,,
QM02AA14,Fentiazak,Fentiazac,,,
QM02AA15,Diklofenak,Diclofenac,,,
QM02AA16,Feprazon,Feprazone,,,
QM02AA17,Nifluminsyra,Niflumic acid,,,
QM02AA18,Meklofenamsyra,Meclofenamic acid,,,
QM02AA19,Flurbiprofen,Flurbiprofen,,,
QM02AA21,Tolmetin,Tolmetin,,,
QM02AA22,Suxibuzon,Suxibuzone,,,
QM02AA23,Indometacin,Indometacin,,,
QM02AA24,Nifenazon,Nifenazone,,,
QM02AA25,Aceklofenak,Aceclofenac,,,
QM02AA26,Nimesulid,Nimesulide,,,
QM02AA27,Dexketoprofen,Dexketoprofen,,,
QM02AA28,Piketoprofen,Piketoprofen,,,
QM02AA29,Esflurbiprofen,Esflurbiprofen,,,
QM02AA31,Loxoprofen,Loxoprofen,,,
QM02AA99,"Antiinflammatoriska medel, icke-steroida, för utvärtes bruk, kombinationer","Antiinflammatory preparations, non-steroids for topical use, combinations",,,
QM02AB,Kapsaicin och liknande medel,Capsaicin and similar agents,,,
QM02AB01,Kapsaicin,Capsaicin,,,
QM02AB02,Zukapsaicin,Zucapsaicin,,,
QM02AC,Salicylsyraderivat,Preparations with salicylic acid derivatives,,,
QM02AC99,"Salicylsyraderivat, kombinationer","Preparations with salicylic acid derivatives, combinations",,,
QM02AQ,Blister,Blistering agents,,,
QM02AX,Övriga utvärtes medel för led- och muskelsmärtor,Other topical products for joint and muscular pain,,,
QM02AX02,Tolazolin,Tolazoline,,,
QM02AX03,Dimetylsulfoxid,Dimethyl sulfoxide,,,
QM02AX05,Idrocilamid,Idrocilamide,,,
QM02AX06,Tolperison,Tolperisone,,,
QM02AX10,Övrigt,Various,,,
QM02AX53,"Dimetylsulfoxid, kombinationer","Dimethyl sulfoxide, combinations",,,2018-12-31
QM02AX99,Kombinationer,Combinations,,,
QM03,Muskelavslappande medel,Muscle relaxants,,,
QM03A,"Muskelavslappande medel, perifert verkande","Muscle relaxants, peripherally acting agents",,,
QM03AA,Kurarealkaloider,Curare alkaloids,,,
QM03AA01,Alkuron,Alcuronium,,,
QM03AA02,Tubokurarin,Tubocurarine,,,
QM03AA04,Dimetyltubokurarin,Dimethyltubocurarine,,,
QM03AB,Kolinderivat,Choline derivatives,,,
QM03AB01,Suxametonium,Suxamethonium,,,
QM03AC,Övriga kvartära ammoniumföreningar,Other quaternary ammonium compounds,,,
QM03AC01,Pankuronium,Pancuronium,,,
QM03AC02,Gallamin,Gallamine,,,
QM03AC03,Vekuronium,Vecuronium,,,
QM03AC04,Atrakurium,Atracurium,,,
QM03AC05,Hexafluronium,Hexafluronium,,,
QM03AC06,Pipekuronbromid,Pipecuronium bromide,,,
QM03AC07,Doxakuriumklorid,Doxacurium chloride,,,
QM03AC08,Fazadiniumbromid,Fazadinium bromide,,,
QM03AC09,Rokuroniumbromid,Rocuronium bromide,,,
QM03AC10,Mivakuriumklorid,Mivacurium chloride,,,
QM03AC11,Cisatrakurium,Cisatracurium,,,
QM03AX,"Övriga muskelavslappande medel, perifert verkande","Other muscle relaxants, peripherally acting agents",,,
QM03AX01,Botulinum toxin,Botulinum toxin,,,
QM03B,"Muskelavslappande medel, centralt verkande","Muscle relaxants, centrally acting agents",,,
QM03BA,Karbaminsyraestrar,Carbamic acid esters,,,
QM03BA01,Fenprobamat,Phenprobamate,,,
QM03BA02,Karisoprodol,Carisoprodol,,,
QM03BA03,Metokarbamol,Methocarbamol,,,
QM03BA04,Styramat,Styramate,,,
QM03BA05,Febarbamat,Febarbamate,,,
QM03BA51,"Fenprobamat, kombinationer exkl. psykoleptika","Phenprobamate, combinations excl. psycholeptics",,,
QM03BA52,"Karisoprodol, kombinationer exkl. psykoleptika","Carisoprodol, combinations excl. psycholeptics",,,
QM03BA53,"Metokarbamol, kombinationer exkl. psykoleptika","Methocarbamol, combinations excl. psycholeptics",,,
QM03BA71,Fenprobamat i kombination med psykoleptika,"Phenprobamate, combinations with psycholeptics",,,
QM03BA72,"Karisoprodol, kombinationer med psykoleptika","Carisoprodol, combinations with psycholeptics",,,
QM03BA73,Metokarbamol i kombination med psykoleptika,"Methocarbamol, combinations with psycholeptics",,,
QM03BA99,Kombinationer,Combinations,,,
QM03BB,"Oxazol-, tiazin- och triazinderivat","Oxazol, thiazine, and triazine derivatives",,,
QM03BB02,Klormezanon,Chlormezanone,,,
QM03BB03,Klorzoxazon,Chlorzoxazone,,,
QM03BB52,"Klormezanon, kombinationer exkl. psykoleptika","Chlormezanone, combinations excl. psycholeptics",,,
QM03BB53,"Klorzoxazon, kombinationer exkl. psykoleptika","Chlorzoxazone, combinations excl. psycholeptics",,,
QM03BB72,Klormezanon i kombination med psykoleptika,"Chlormezanone, combinations with psycholeptics",,,
QM03BB73,"Klorzoxazon, kombinationer med psykoleptika","Chlorzoxazone, combinations with psycholeptics",,,
QM03BC,"Etrar, kemiskt besläktade med antihistaminer","Ethers, chemically close to antihistamines",,,
QM03BC01,Orfenadrin,Orphenadrine (citrate),,,
QM03BC51,"Orfenadrin, kombinationer","Orphenadrine, combinations",,,
QM03BX,Övriga centralt verkande medel,Other centrally acting agents,,,
QM03BX01,Baklofen,Baclofen,,,
QM03BX02,Tizanidin,Tizanidine,,,
QM03BX03,Pridinol,Pridinol,,,
QM03BX04,Tolperison,Tolperisone,,,
QM03BX05,Tiokolkikosid,Thiocolchicoside,,,
QM03BX06,Mefenesin,Mephenesin,,,
QM03BX07,Tetrazepam,Tetrazepam,,,
QM03BX08,Cyklobenzaprin,Cyclobenzaprine,,,
QM03BX09,Eperison,Eperisone,,,
QM03BX30,Feniramidol,Fenyramidol,,,
QM03BX53,"Pridinol, kombinationer","Pridinol, combinations",,,
QM03BX55,"Tiokolkikosid, kombinationer","Thiocolchicoside, combinations",,,
QM03BX90,Guaifenesin,Guaifenesin,,,
QM03C,"Muskelavslappande medel, direktverkande","Muscle relaxants, directly acting agents",,,
QM03CA,Dantrolen och derivat,Dantrolene and derivatives,,,
QM03CA01,Dantrolen,Dantrolene,,,
QM04,Giktmedel,Antigout preparations,,,
QM04A,Giktmedel,Antigout preparations,,,
QM04AA,Medel som hämmar produktionen av urinsyra,Preparations inhibiting uric acid production,,,
QM04AA01,Allopurinol,Allopurinol,,,
QM04AA02,Tisopurin,Tisopurine,,,
QM04AA03,Febuxostat,Febuxostat,,,
QM04AA51,"Allopurinol, kombinationer","Allopurinol, combinations",,,
QM04AB,Medel som ökar utsöndringen av urinsyra,Preparations increasing uric acid excretion,,,
QM04AB01,Probenecid,Probenecid,,,
QM04AB02,Sulfinpyrazon,Sulfinpyrazone,,,
QM04AB03,Bensbromaron,Benzbromarone,,,
QM04AB04,Isobromindion,Isobromindione,,,
QM04AB05,Lesinurad,Lesinurad,,,
QM04AB06,Dotinurad,Dotinurad,,,
QM04AC,Medel utan effekt på urinsyrametabolismen,Preparations with no effect on uric acid metabolism,,,
QM04AC01,Kolkicin,Colchicine,,,
QM04AC02,Cinkofen,Cinchophen,,,
QM04AC51,Kolkicin och probenecid,Colchicine and probenecid,,,
QM04AX,Övriga giktmedel,Other antigout preparations,,,
QM04AX01,Uratoxidas,Urate oxidase,,,
QM04AX02,Peglotikas,Pegloticase,,,
QM05,Medel för behandling av skelettsjukdomar,Drugs for treatment of bone diseases,,,
QM05A,Övriga medel vid sjukdomar i rörelseapparaten,Other drugs for disorders of the musculoskeletal system,,,2014-01-21
QM05AQ,Medel för intraartikulärt bruk,Agents for intra-articular use,,,2014-01-21
QM05AQ01,Hyaluronsyra,Hyaluronic acid,,,2014-01-21
QM05B,Medel som påverkar benvävnad och mineralisering,Drugs affecting bone structure and mineralization,,,
QM05BA,Bisfosfonater,Bisphosphonates,,,
QM05BA01,Etidronat,Etidronic acid,,,
QM05BA02,Klodronsyra,Clodronic acid,,,
QM05BA03,Pamidronat,Pamidronic acid,,,
QM05BA04,Alendronsyra,Alendronic acid,,,
QM05BA05,Tiludronsyra,Tiludronic acid,,,
QM05BA06,Ibandronsyra,Ibandronic acid,,,
QM05BA07,Risedronsyra,Risedronic acid,,,
QM05BA08,Zoledronsyra,Zoledronic acid,,,
QM05BB,"Bisfosfonater, kombinationer","Bisphosphonates, combinations",,,
QM05BB01,"Etidronsyra och kalcium, sekvenspreparat","Etidronic acid and calcium, sequential",,,
QM05BB02,"Risedronsyra och kalcium, sekvenspreparat","Risedronic acid and calcium, sequential",,,
QM05BB03,Alendronsyra och kolekalciferol,Alendronic acid and colecalciferol,,,
QM05BB04,"Risedronsyra, kalcium och kolekalciferol, sekvenspreparat","Risedronic acid, calcium and colecalciferol, sequential",,,
QM05BB05,"Alendronsyra, kalcium och kolekalciferol sekvenspreparat","Alendronic acid, calcium and colecalciferol, sequential",,,
QM05BB06,"Alendronsyra och alfakalcidol, sekvenspreparat","Alendronic acid and alfacalcidol, sequential",,,
QM05BB07,Risedronsyra och kolekalciferol,Risedronic acid and colecalciferol,,,
QM05BB08,"Zoledronsyra, kalcium och kolekalciferol, sekvenspreparat","Zoledronic acid, calcium and colecalciferol, sequential",,,
QM05BB09,Ibandronsyra och kolekalciferol,Ibandronic acid and colecalciferol,,,
QM05BC,Benmorfogenetiska proteiner,Bone morphogenetic proteins,,,
QM05BC01,Dibotermin alfa,Dibotermin alfa,,,
QM05BC02,Eptotermin alfa,Eptotermin alfa,,,
QM05BX,Övriga medel som påverkar benstruktur och mineralisering,Other drugs affecting bone structure and mineralization,,,
QM05BX01,Ipriflavon,Ipriflavone,,,
QM05BX02,Aluminiumklorhydrat,Aluminium chlorohydrate,,,
QM05BX03,Strontiumranelat,Strontium ranelate,,,
QM05BX04,Denosumab,Denosumab,,,
QM05BX05,Burosumab,Burosumab,,,
QM05BX06,Romosozumab,Romosozumab,,,
QM05BX07,Vosoritid,Vosoritide,,,
QM05BX08,Menatetrenon,Menatetrenone,,,
QM05BX53,Strontiumranelat och kolekalciferol,Strontium ranelate and colecalciferol,,,
QM09,Övriga medel för sjukdomar i rörelseapparaten,Other drugs for disorders of the musculo-skeletal system,,,
QM09A,Övriga medel för sjukdomar i rörelseapparaten,Other drugs for disorders of the musculo-skeletal system,,,
QM09AA,Kinin och derivat,Quinine and derivatives,,,
QM09AA01,Hydrokinin,Hydroquinine,,,
QM09AA72,Kinin i kombination med neuroleptika,"Quinine, combinations with psycholeptics",,,
QM09AB,Enzymer,Enzymes,,,
QM09AB01,Kymopapain,Chymopapain,,,
QM09AB02,"Kollagenas, Clostridium histolyticum","Collagenase, Clostridium histolyticum",,,
QM09AB03,Bromelainer,Bromelains,,,
QM09AB52,"Trypsin, kombinationer","Trypsin, combinations",,,
QM09AX,Övriga medel för sjukdomar i rörelseapparaten,Other drugs for disorders of the musculo-skeletal system,,,
QM09AX01,Hyaluronsyra,Hyaluronic acid,,,
QM09AX02,"Kondrocyter, autologa","Chondrocytes, autologous",,,
QM09AX03,Ataluren,Ataluren,,,
QM09AX04,Drisapersen,Drisapersen,,,
QM09AX05,Aceneuraminsyra,Aceneuramic acid,,,
QM09AX06,Eteplirsen,Eteplirsen,,,
QM09AX07,Nusinersen,Nusinersen,,,
QM09AX08,Golodirsen,Golodirsen,,,
QM09AX09,Onasemnogen-abeparvovek,Onasemnogene abeparvovec,,,
QM09AX10,Risdiplam,Risdiplam,,,
QM09AX11,Palovaroten,Palovarotene,,,
QM09AX12,Viltolarsen,Viltolarsen,,,
QM09AX13,Kasimersen,Casimersen,,,
QM09AX14,Givinostat,Givinostat,,,
QM09AX15,Delandistrogen-moxeparvovek,Delandistrogene moxeparvovec,,,
QM09AX16,Apitegromab,Apitegromab,,,
QM09AX90,Häststamceller,Equine stem cells,,,
QM09AX91,Polyakrylamid,Polyacrylamide,,,
QM09AX92,Hundstamceller,Canine stem cells,,,
QM09AX99,Kombinationer,Combinations,,,
QN,Nervsystemet,Nervous system,,,
QN01,Anestetika,Anesthetics,,,
QN01A,Allmänanestetika,"Anesthetics, general",,,
QN01AA,Etrar,Ethers,,,
QN01AA01,Dietyleter,Diethyl ether,,,
QN01AA02,Vinyleter,Vinyl ether,,,
QN01AB,Halogenerade kolväten,Halogenated hydrocarbons,,,
QN01AB01,Halotan,Halothane,,,
QN01AB02,Kloroform,Chloroform,,,
QN01AB04,Enfluran,Enflurane,,,
QN01AB05,Trikloretylen,Trichloroethylene,,,
QN01AB06,Isofluran,Isoflurane,,,
QN01AB07,Desfluran,Desflurane,,,
QN01AB08,Sevofluran,Sevoflurane,,,
QN01AF,Barbiturater,"Barbiturates, plain",,,
QN01AF01,Metohexital,Methohexital,,,
QN01AF02,Hexobarbital,Hexobarbital,,,
QN01AF03,Tiopental,Thiopental,,,
QN01AF90,Tiamylal,Thiamylal,,,
QN01AG,Barbitursyraderivat i kombination med andra medel,Barbiturates in combination with other drugs,,,
QN01AG01,Narkobarbital,Narcobarbital,,,
QN01AH,Opioidanestetika,Opioid anesthetics,,,
QN01AH01,Fentanyl,Fentanyl,,,
QN01AH02,Alfentanil,Alfentanil,,,
QN01AH03,Sufentanil,Sufentanil,,,
QN01AH04,Fenoperidin,Phenoperidine,,,
QN01AH05,Anileridin,Anileridine,,,
QN01AH06,Remifentanil,Remifentanil,,,
QN01AH51,"Fentanyl, kombinationer","Fentanyl, combinations",,,
QN01AX,Övriga allmänanestetika,Other general anesthetics,,,
QN01AX03,Ketamin,Ketamine,,,
QN01AX04,Propanidid,Propanidid,,,
QN01AX05,Alfaxalon,Alfaxalone,,,
QN01AX07,Etomidat,Etomidate,,,
QN01AX10,Propofol,Propofol,,,
QN01AX11,Natriumoxibat,Sodium oxybate,,,
QN01AX13,Dikväveoxid,Nitrous oxide,,,
QN01AX14,Esketamin,Esketamine,,,
QN01AX15,Xenon,Xenon,,,
QN01AX63,"Dikväveoxid, kombinationer","Nitrous oxide, combinations",,,
QN01AX90,Metomidat,Metomidate,,,2014-01-21
QN01AX91,Azaperone,Azaperone,,,
QN01AX92,Bensokain,Benzocaine,,,
QN01AX93,Trikainmesilat,Tricaine mesilate,,,
QN01AX94,Isoeugenol,Isoeugenol,,,
QN01AX95,Levomentol,Levomenthol,,,
QN01AX99,"Övriga allmäna anestetika, kombinationer","Other general anesthetics, combinations",,,
QN01B,Lokalanestetika,"Anesthetics, local",,,
QN01BA,Aminosyrabensoestrar,Esters of aminobenzoic acid,,,
QN01BA01,Metabuteamin,Metabutethamine,,,
QN01BA02,Prokain,Procaine,,,
QN01BA03,Tetrakain,Tetracaine,,,
QN01BA04,Kloroprokain,Chloroprocaine,,,
QN01BA05,Bensokain,Benzocaine,,,
QN01BA52,"Prokain, kombinationer","Procaine, combinations",,,
QN01BA53,"Tetrakain, kombinationer","Tetracaine, combinations",,,
QN01BB,Amider,Amides,,,
QN01BB01,Bupivakain,Bupivacaine,,,
QN01BB02,Lidokain,Lidocaine,,,
QN01BB03,Mepivakain,Mepivacaine,,,
QN01BB04,Prilokain,Prilocaine,,,
QN01BB05,Butanilikain,Butanilicaine,,,
QN01BB06,Cinkain,Cinchocaine,,,
QN01BB07,Etidokain,Etidocaine,,,
QN01BB08,Artikain,Articaine,,,
QN01BB09,Ropivakain,Ropivacaine,,,
QN01BB10,Levobupivakain,Levobupivacaine,,,
QN01BB20,Kombinationer,Combinations,,,
QN01BB51,"Bupivakain, kombinationer","Bupivacaine, combinations",,,
QN01BB52,"Lidokain, kombinationer","Lidocaine, combinations",,,
QN01BB53,"Mepivakain, kombinationer","Mepivacaine, combinations",,,
QN01BB54,"Prilokain, kombinationer","Prilocaine, combinations",,,
QN01BB57,"Etidokain, kombinationer","Etidocaine, combinations",,,
QN01BB58,"Artikain, kombinationer","Articaine, combinations",,,
QN01BB59,Bupivakain och meloxikam,Bupivacaine and meloxicam,,,
QN01BC,Estrar av bensoesyra,Esters of benzoic acid,,,
QN01BC01,Kokain,Cocaine,,,
QN01BX,Övriga lokalanestetika,Other local anesthetics,,,
QN01BX01,Etylklorid,Ethyl chloride,,,
QN01BX02,Dyklonin,Dyclonine,,,
QN01BX03,Fenol,Phenol,,,
QN01BX04,Kapsaicin,Capsaicin,,,
QN02,Analgetika,Analgesics,,,
QN02A,Opioider,Opioids,,,
QN02AA,"Naturliga opiumalkaloider, opiater",Natural opium alkaloids,,,
QN02AA01,Morfin,Morphine,,,
QN02AA02,Opium,Opium,,,
QN02AA03,Hydromorfon,Hydromorphone,,,
QN02AA04,Nikomorfin,Nicomorphine,,,
QN02AA05,Oxikodon,Oxycodone,,,
QN02AA08,Dihydrokodein,Dihydrocodeine,,,
QN02AA10,Papaveretum,Papaveretum,,,
QN02AA11,Oximorfon,Oxymorphone,,,
QN02AA51,"Morfin, kombinationer","Morphine, combinations",,,
QN02AA53,Hydromorfon och naloxon,Hydromorphone and naloxone,,,
QN02AA55,Oxikodon och naloxon,Oxycodone and naloxone,,,
QN02AA56,Oxikodon och naltrexon,Oxycodone and naltrexone,,,
QN02AA58,"Dihydrokodein, kombinationer","Dihydrocodeine, combinations",,,
QN02AA59,"Kodein, kombinationer","Codeine, combinations",,,
QN02AA79,"Kodein, kombinationer med neuroleptika","Codeine, combinations with psycholeptics",,,
QN02AB,Fenylpiperidinderivat,Phenylpiperidine derivatives,,,
QN02AB01,Ketobemidon,Ketobemidone,,,
QN02AB02,Petidin,Pethidine,,,
QN02AB03,Fentanyl,Fentanyl,,,
QN02AB52,"Petidin, kombinationer exkl. neuroleptika","Pethidine, combinations excl. psycholeptics",,,
QN02AB53,"Fentanyl, kombinationer exkl. psykoleptika","Fentanyl, combinations excl. psycholeptics",,,
QN02AB72,"Petidin, kombinationer med neuroleptika","Pethidine, combinations with psycholeptics",,,
QN02AB73,"Fentanyl, kombinationer med psykoleptika","Fentanyl, combinations with psycholeptics",,,
QN02AC,Difenylpropylaminderivat,Diphenylpropylamine derivatives,,,
QN02AC01,Dextromoramid,Dextromoramide,,,
QN02AC02,Metadon,Methadone,,,2014-01-21
QN02AC03,Piritramid,Piritramide,,,
QN02AC04,Dextropropoxifen,Dextropropoxyphene,,,
QN02AC05,Bezitramid,Bezitramide,,,
QN02AC52,"Metadon, kombinationer exkl. neuroleptika","Methadone, combinations excl. psycholeptics",,,
QN02AC54,"Dextropropoxifen, kombinationer exkl. neuroleptika","Dextropropoxyphene, combinations excl. psycholeptics",,,
QN02AC74,"Dextropropoxifen, kombinationer med neuroleptika","Dextropropoxyphene, combinations with psycholeptics",,,
QN02AC90,Metadon,Methadone,,,
QN02AD,Bensomorfanderivat,Benzomorphan derivatives,,,
QN02AD01,Pentazocin,Pentazocine,,,
QN02AD02,Fenazocin,Phenazocine,,,
QN02AD51,Pentazocin och naloxon,Pentazocine and naloxone,,,
QN02AE,Oripavinderivat,Oripavine derivatives,,,
QN02AE01,Buprenorfin,Buprenorphine,,,
QN02AE90,Etorfin,Etorphine,,,
QN02AE99,"Oripavinderivat, kombinationer","Oripavine derivatives, combinations",,,
QN02AF,Morfinderivat,Morphinan derivatives,,,
QN02AF01,Butorfanol,Butorphanol,,,
QN02AF02,Nalbufin,Nalbuphine,,,
QN02AF99,"Morfin och derivat, kombinationer","Morphinan derivatives, combinations",,,2014-01-21
QN02AG,Opiater och opioider i kombination med spasmolytika,Opioids in combination with antispasmodics,,,
QN02AG01,Morfin och spasmolytika,Morphine and antispasmodics,,,
QN02AG02,Ketobemidon och spasmolytika,Ketobemidone and antispasmodics,,,
QN02AG03,Petidin och spasmolytika,Pethidine and antispasmodics,,,
QN02AG04,Hydromorfon och spasmolytika,Hydromorphone and antispasmodics,,,
QN02AJ,Opioider i kombination med icke-opioida analgetika,Opioids in combination with non-opioid analgesics,,,
QN02AJ01,Dihydrokodein och paracetamol,Dihydrocodeine and paracetamol,,,
QN02AJ02,Dihydrokodein och acetylsalicylsyra,Dihydrocodeine and acetylsalicylic acid,,,
QN02AJ03,Dihydrokodein och övriga icke-opioida analgetika,Dihydrocodeine and other non-opioid analgesics,,,
QN02AJ06,Kodein och paracetamol,Codeine and paracetamol,,,
QN02AJ07,Kodein och acetylsalicylsyra,Codeine and acetylsalicylic acid,,,
QN02AJ08,Kodein och ibuprofen,Codeine and ibuprofen,,,
QN02AJ09,Kodein och övriga icke-opioida analgetika,Codeine and other non-opioid analgesics,,,
QN02AJ13,Tramadol och paracetamol,Tramadol and paracetamol,,,
QN02AJ14,Tramadol och dexketoprofen,Tramadol and dexketoprofen,,,
QN02AJ15,Tramadol och övriga icke-opioida analgetika,Tramadol and other non-opioid analgesics,,,
QN02AJ16,Tramadol och celecoxib,Tramadol and celecoxib,,,
QN02AJ17,Oxikodon och paracetamol,Oxycodone and paracetamol,,,
QN02AJ18,Oxikodon och acetylsalicylsyra,Oxycodone and acetylsalicylic acid,,,
QN02AJ19,Oxikodon och ibuprofen,Oxycodone and ibuprofen,,,
QN02AJ22,Hydrokodon och paracetamol,Hydrocodone and paracetamol,,,
QN02AJ23,Hydrokodon och ibuprofen,Hydrocodone and ibuprofen,,,
QN02AX,Övriga opioider,Other opioids,,,
QN02AX01,Tilidin,Tilidine,,,
QN02AX02,Tramadol,Tramadol,,,
QN02AX03,Dezocin,Dezocine,,,
QN02AX05,Meptazinol,Meptazinol,,,
QN02AX06,Tapentadol,Tapentadol,,,
QN02AX07,Oliceridin,Oliceridine,,,
QN02AX51,Tilidin och naloxon,Tilidine and naloxone,,,
QN02AX52,"Tramadol, kombinationer","Tramadol, combinations",,,2016-12-31
QN02B,Övriga analgetika och antipyretika,Other analgesics and antipyretics,,,
QN02BA,Salicylsyra och derivat,Salicylic acid and derivatives,,,
QN02BA01,Acetylsalicylsyra,Acetylsalicylic acid,,,
QN02BA02,Aloxiprin,Aloxiprin,,,
QN02BA03,Kolinsalicylat,Choline salicylate,,,
QN02BA04,Natriumsalicylat,Sodium salicylate,,,
QN02BA05,Salicylamid,Salicylamide,,,
QN02BA06,Salsalat,Salsalate,,,
QN02BA07,Etenzamid,Ethenzamide,,,
QN02BA08,Morfolinsalicylat,Morpholine salicylate,,,
QN02BA09,Dipyricetyl,Dipyrocetyl,,,
QN02BA10,Benorilat,Benorilate,,,
QN02BA11,Diflunisal,Diflunisal,,,
QN02BA12,Kaliumsalicylat,Potassium salicylate,,,
QN02BA14,Guacetisal,Guacetisal,,,
QN02BA15,Karbasalatkalcium,Carbasalate calcium,,,
QN02BA16,Imidazolsalicylat,Imidazole salicylate,,,
QN02BA51,"Acetylsalicylsyra, kombinationer exkl. neuroleptika","Acetylsalicylic acid, combinations excl. psycholeptics",,,
QN02BA55,"Salicylamid, kombinationer exkl. neuroleptika","Salicylamide, combinations excl. psycholeptics",,,
QN02BA57,"Etenzamid, kombinationer exkl. neuroleptika","Ethenzamide, combinations excl. psycholeptics",,,
QN02BA59,"Dipyricetyl, kombinationer exkl neuroleptika","Dipyrocetyl, combinations excl psycholeptics",,,
QN02BA65,Karbasalatkalciumkombinationer exkl. neuroleptika,Carbasalate calcium combinations excl. psycholeptics,,,
QN02BA67,"Magnesiumsalicylat, kombinationer exkl. psykoleptika","Magnesium salicylate, combinations excl. psycholeptics",,,
QN02BA71,"Acetylsalicylsyra, kombinationer med neuroleptika","Acetylsalicylic acid, combinations with psycholeptics",,,
QN02BA75,Salicylamid i kombination med neuroleptika,"Salicylamide, combinations with psycholeptics",,,
QN02BA77,Etenzamid i kombination med neuroleptika,"Ethenzamide, combinations with psycholeptics",,,
QN02BA79,Dipyricetyl i kombination med neuroleptika,"Dipyrocetyl, combinations with psycholeptics",,,
QN02BB,Pyrazolonderivat,Pyrazolones,,,
QN02BB01,Fenazon,Phenazone,,,
QN02BB02,Metamizolnatrium,Metamizole sodium,,,
QN02BB03,Aminofenazon,Aminophenazone,,,
QN02BB04,Propyfenazon,Propyphenazone,,,
QN02BB05,Nifenazon,Nifenazone,,,
QN02BB51,"Fenazon, kombinationer exkl. neuroleptika","Phenazone, combinations excl. psycholeptics",,,
QN02BB52,"Metamizolnatrium, kombinationer exkl. neuroleptika","Metamizole sodium, combinations excl. psycholeptics",,,
QN02BB53,"Aminofenazon, kombinationer exkl neuroleptika","Aminophenazone, combinations excl. psycholeptics",,,
QN02BB54,"Propyfenazon, kombinationer exkl. neuroleptika","Propyphenazone, combinations excl. psycholeptics",,,
QN02BB71,Fenazon i kombination med neuroleptika,"Phenazone, combinations with psycholeptics",,,
QN02BB72,Metamizolnatrium i kombination med neuroleptika,"Metamizole sodium, combinations with psycholeptics",,,
QN02BB73,Aminofenazon i kombination med neuroleptika,"Aminophenazone, combinations with psycholeptics",,,
QN02BB74,"Propyfenazon, kombinationer med neuroleptika","Propyphenazone, combinations with psycholeptics",,,
QN02BE,"Anilider, inkl kombinationer",Anilides,,,
QN02BE01,Paracetamol,Paracetamol,,,
QN02BE03,Fenacetin,Phenacetin,,,
QN02BE04,Bucetin,Bucetin,,,
QN02BE05,Propacetamol,Propacetamol,,,
QN02BE51,"Paracetamol, kombinationer exkl. neuroleptika","Paracetamol, combinations excl. psycholeptics",,,
QN02BE53,"Fenacetin, kombinationer exkl. neuroleptika","Phenacetin, combinations excl. psycholeptics",,,
QN02BE54,"Bucetin, kombinationer exkl. neuroleptika","Bucetin, combinations excl. psycholeptics",,,
QN02BE71,"Paracetamol, kombinationer med neuroleptika","Paracetamol, combinations with psycholeptics",,,
QN02BE73,"Fenacetin, kombinationer med neuroleptika","Phenacetin, combinations with psycholeptics",,,
QN02BE74,Bucetin i kombination med neuroleptika,"Bucetin, combinations with psycholeptics",,,
QN02BF,Gabapentinoider,Gabapentinoids,,,
QN02BF01,Gabapentin,Gabapentin,,,
QN02BF02,Pregabalin,Pregabalin,,,
QN02BF03,Mirogabalin,Mirogabalin,,,
QN02BG,Övriga analgetika och antipyretika,Other analgesics and antipyretics,,,
QN02BG02,Rimazolium,Rimazolium,,,
QN02BG03,Glafenin,Glafenine,,,
QN02BG04,Floktafenin,Floctafenine,,,
QN02BG05,Viminol,Viminol,,,
QN02BG06,Nefopam,Nefopam,,,
QN02BG07,Flupirtin,Flupirtine,,,
QN02BG08,Zikonotid,Ziconotide,,,
QN02BG09,Metoxifluran,Methoxyflurane,,,
QN02BG10,Kannabinoider,Cannabinoids,,,
QN02BG11,Mirogabalin,Mirogabalin,,,2022-12-31
QN02BG12,Tanezumab,Tanezumab,,,
QN02BG90,Frunevetmab,Frunevetmab,,,
QN02BG91,Bedinvetmab,Bedinvetmab,,,
QN02BG92,Relfovetmab,Relfovetmab,,,
QN02BG93,Izenivetmab,Izenivetmab,,,
QN02C,Medel vid migrän,Antimigraine preparations,,,
QN02CA,Mjöldrygealkaloider,Ergot alkaloids,,,
QN02CA01,Dihydroergotamin,Dihydroergotamine,,,
QN02CA02,Ergotamin,Ergotamine,,,
QN02CA04,Metysergid,Methysergide,,,
QN02CA07,Lisurid,Lisuride,,,
QN02CA51,"Dihydroergotamin, kombinationer","Dihydroergotamine, combinations",,,
QN02CA52,"Ergotamin, kombinationer exkl. neuroleptika","Ergotamine, combinations excl. psycholeptics",,,
QN02CA72,"Ergotamin, kombinationer med neuroleptika","Ergotamine, combinations with psycholeptics",,,
QN02CB,Progesteronderivat,Corticosteroid derivatives,,,
QN02CB01,Flumedroxon,Flumedroxone,,,
QN02CC,Selektiva serotonin(5HT1)agonister,Selective serotonin (5HT1) agonists,,,
QN02CC01,Sumatriptan,Sumatriptan,,,
QN02CC02,Naratriptan,Naratriptan,,,
QN02CC03,Zolmitriptan,Zolmitriptan,,,
QN02CC04,Rizatriptan,Rizatriptan,,,
QN02CC05,Almotriptan,Almotriptan,,,
QN02CC06,Eletriptan,Eletriptan,,,
QN02CC07,Frovatriptan,Frovatriptan,,,
QN02CC08,Lasmiditan,Lasmiditan,,,
QN02CC51,Sumatriptan och naproxen,Sumatriptan and naproxen,,,
QN02CD,Kalcitonin gen-relaterade peptid(CGRP)antagonister,Calcitonin gene-related peptide (CGRP) antagonists,,,
QN02CD01,Erenumab,Erenumab,,,
QN02CD02,Galkanezumab,Galcanezumab,,,
QN02CD03,Fremanezumab,Fremanezumab,,,
QN02CD04,Ubrogepant,Ubrogepant,,,
QN02CD05,Eptinezumab,Eptinezumab,,,
QN02CD06,Rimegepant,Rimegepant,,,
QN02CD07,Atogepant,Atogepant,,,
QN02CD08,Zavegepant,Zavegepant,,,
QN02CX,Övriga migränmedel,Other antimigraine preparations,,,
QN02CX01,Pizotifen,Pizotifen,,,
QN02CX02,Klonidin,Clonidine,,,
QN02CX03,Iprazokrom,Iprazochrome,,,
QN02CX05,Dimetotiazin,Dimetotiazine,,,
QN02CX06,Oxetoron,Oxetorone,,,
QN02CX07,Erenumab,Erenumab,,,2019-12-31
QN02CX08,Galkanezumab,Galcanezumab,,,2019-12-31
QN03,Antiepileptika,Antiepileptics,,,
QN03A,Antiepileptika,Antiepileptics,,,
QN03AA,Barbitursyraderivat,Barbiturates and derivatives,,,
QN03AA01,Metylfenobarbital,Methylphenobarbital,,,
QN03AA02,Fenobarbital,Phenobarbital,,,
QN03AA03,Primidon,Primidone,,,
QN03AA04,Barbexaklon,Barbexaclone,,,
QN03AA30,Metarbital,Metharbital,,,
QN03AB,Hydantoinderivat,Hydantoin derivatives,,,
QN03AB01,Etotoin,Ethotoin,,,
QN03AB02,Fenytoin,Phenytoin,,,
QN03AB03,Aminovaleriansyra,Amino(diphenylhydantoin) valeric acid,,,
QN03AB04,Mefenytoin,Mephenytoin,,,
QN03AB05,Fosfenytoin,Fosphenytoin,,,
QN03AB52,"Fenytoin, kombinationer","Phenytoin, combinations",,,
QN03AB54,"Mefenytoin, kombinationer","Mephenytoin, combinations",,,
QN03AC,Oxazolidindionderivat,Oxazolidine derivatives,,,
QN03AC01,Parametadion,Paramethadione,,,
QN03AC02,Trimetadion,Trimethadione,,,
QN03AC03,Etadion,Ethadione,,,
QN03AD,Succinimidderivat,Succinimide derivatives,,,
QN03AD01,Etosuximid,Ethosuximide,,,
QN03AD02,Fensuximid,Phensuximide,,,
QN03AD03,Mesuximid,Mesuximide,,,
QN03AD51,"Etosuximid, kombinationer","Ethosuximide, combinations",,,
QN03AE,Bensodiazepinderivat,Benzodiazepine derivatives,,,
QN03AE01,Klonazepam,Clonazepam,,,
QN03AF,Karboxamidderivat,Carboxamide derivatives,,,
QN03AF01,Karbamazepin,Carbamazepine,,,
QN03AF02,Oxkarbazepin,Oxcarbazepine,,,
QN03AF03,Rufinamid,Rufinamide,,,
QN03AF04,Eslikarbazepin,Eslicarbazepine,,,
QN03AG,Fettsyraderivat,Fatty acid derivatives,,,
QN03AG01,Valproinsyra,Valproic acid,,,
QN03AG02,Valpromid,Valpromide,,,
QN03AG03,Aminosmörsyra,Aminobutyric acid,,,
QN03AG04,Vigabatrin,Vigabatrin,,,
QN03AG05,Progabid,Progabide,,,
QN03AG06,Tiagabin,Tiagabine,,,
QN03AX,Övriga antiepileptika,Other antiepileptics,,,
QN03AX03,Sultiam,Sultiame,,,
QN03AX07,Fenacemid,Phenacemide,,,
QN03AX09,Lamotrigin,Lamotrigine,,,
QN03AX10,Felbamat,Felbamate,,,
QN03AX11,Topiramat,Topiramate,,,
QN03AX12,Gabapentin,Gabapentin,,,2022-12-31
QN03AX13,Feneturid,Pheneturide,,,
QN03AX14,Levetiracetam,Levetiracetam,,,
QN03AX15,Zonisamid,Zonisamide,,,
QN03AX16,Pregabalin,Pregabalin,,,2022-12-31
QN03AX17,Stiripentol,Stiripentol,,,
QN03AX18,Lakosamid,Lacosamide,,,
QN03AX19,Karisbamat,Carisbamate,,,
QN03AX21,Retigabin,Retigabine,,,
QN03AX22,Perampanel,Perampanel,,,
QN03AX23,Brivaracetam,Brivaracetam,,,
QN03AX24,Cannabidiol,Cannabidiol,,,
QN03AX25,Cenobamat,Cenobamate,,,
QN03AX26,Fenfluramin,Fenfluramine,,,
QN03AX27,Ganaxolon,Ganaxolone,,,
QN03AX30,Beklamid,Beclamide,,,
QN03AX90,Imepitoin,Imepitoin,,,
QN03AX91,Kaliumbromid,Potassium bromide,,,
QN04,Medel vid parkinsonism,Anti-Parkinson drugs,,,
QN04A,Antikolinergika,ANTICHOLINERGIC AGENTS,,,
QN04AA,"Antikolinergika, tertiära aminer",Tertiary amines,,,
QN04AA01,Trihexyfenidyl,Trihexyphenidyl,,,
QN04AA02,Biperiden,Biperiden,,,
QN04AA03,Metixen,Metixene,,,
QN04AA04,Procyklidin,Procyclidine,,,
QN04AA05,Profenamin,Profenamine,,,
QN04AA08,Dexetimid,Dexetimide,,,
QN04AA09,Fenglutarimid,Phenglutarimide,,,
QN04AA10,Mazatikol,Mazaticol,,,
QN04AA11,Bornaprin,Bornaprine,,,
QN04AA12,Tropatepin,Tropatepine,,,
QN04AB,"Antikolinergika, kemiskt närstående antihistaminer","Ethers, chemically close to antihistamines",,,
QN04AB01,Etanautin,Etanautine,,,
QN04AB02,Orfenadrin,Orphenadrine (chloride),,,
QN04AC,"Antikolinergika, etrar av tropin",Ethers of tropine or tropine derivatives,,,
QN04AC01,Bensatropin,Benzatropine,,,
QN04AC30,Etybensatropin,Etybenzatropine,,,
QN04B,Dopaminerga medel,Dopaminergic agents,,,
QN04BA,Dopa och dopaderivat,Dopa and dopa derivatives,,,
QN04BA01,Levodopa,Levodopa,,,
QN04BA02,Levodopa och dekarboxylashämmare,Levodopa and decarboxylase inhibitor,,,
QN04BA03,"Levodopa, dekarboxylashämmare och COMT-hämmare","Levodopa, decarboxylase inhibitor and COMT inhibitor",,,
QN04BA04,Melevodopa,Melevodopa,,,
QN04BA05,Melevodopa och dekarboxylashämmare,Melevodopa and decarboxylase inhibitor,,,
QN04BA06,Etilevodopa och dekarboxylashämmare,Etilevodopa and decarboxylase inhibitor,,,
QN04BA07,Foslevodopa och dekarboxylashämmare,Foslevodopa and decarboxylase inhibitor,,,
QN04BB,Adamantanderivat,Adamantane derivatives,,,
QN04BB01,Amantadin,Amantadine,,,
QN04BC,Dopaminagonister,Dopamine agonists,,,
QN04BC01,Bromokriptin,Bromocriptine,,,
QN04BC02,Pergolid,Pergolide,,,
QN04BC03,Dihydroergokryptinmesylat,Dihydroergocryptine mesylate,,,
QN04BC04,Ropinirol,Ropinirole,,,
QN04BC05,Pramipexol,Pramipexole,,,
QN04BC06,Kabergolin,Cabergoline,,,
QN04BC07,Apomorfin,Apomorphine,,,
QN04BC08,Piribedil,Piribedil,,,
QN04BC09,Rotigotin,Rotigotine,,,
QN04BD,MAO-B hämmare,Monoamine oxidase B inhibitors,,,
QN04BD01,Selegilin,Selegiline,,,
QN04BD02,Rasagilin,Rasagiline,,,
QN04BD03,Safinamid,Safinamide,,,
QN04BX,Övriga dopaminerga medel,Other dopaminergic agents,,,
QN04BX01,Tolkapon,Tolcapone,,,
QN04BX02,Entakapon,Entacapone,,,
QN04BX03,Budipin,Budipine,,,
QN04BX04,Opikapon,Opicapone,,,
QN04C,Övriga medel vid parkinsonism,Other antiparkinson drugs,,,
QN04CX,Övriga medel vid parkinsonism,Other antiparkinson drugs,,,
QN04CX01,Istradefyllin,Istradefyllin,,,
QN05,"Neuroleptika, lugnande medel och sömnmedel",Psycholeptics,,,
QN05A,Neuroleptika,Antipsychotics,,,
QN05AA,Fentiazinderivat med alifatisk sidokedja,Phenothiazines with aliphatic side-chain,,,
QN05AA01,Klorpromazin,Chlorpromazine,,,
QN05AA02,Levomepromazin,Levomepromazine,,,
QN05AA03,Promazin,Promazine,,,
QN05AA04,Acepromazin,Acepromazine,,,
QN05AA05,Triflupromazin,Triflupromazine,,,
QN05AA06,Cyamemazin,Cyamemazine,,,
QN05AA07,Klorproetazin,Chlorproethazine,,,
QN05AB,Fentiazinderivat med piperazinring,Phenothiazines with piperazine structure,,,
QN05AB01,Dixyrazin,Dixyrazine,,,
QN05AB02,Flufenazin,Fluphenazine,,,
QN05AB03,Perfenazin,Perphenazine,,,
QN05AB04,Proklorperazin,Prochlorperazine,,,
QN05AB05,Tiopropazat,Thiopropazate,,,
QN05AB06,Trifluoperazin,Trifluoperazine,,,
QN05AB07,Acetofenazin,Acetophenazine,,,
QN05AB08,Tioproperazin,Thioproperazine,,,
QN05AB09,Butaperazin,Butaperazine,,,
QN05AB10,Perazin,Perazine,,,
QN05AC,Fentiazinderivat med piperidinring,Phenothiazines with piperidine structure,,,
QN05AC01,Periciazin,Periciazine,,,
QN05AC02,Tioridazin,Thioridazine,,,
QN05AC03,Mesoridazin,Mesoridazine,,,
QN05AC04,Pipotiazin,Pipotiazine,,,
QN05AD,Butyrofenonderivat,Butyrophenone derivatives,,,
QN05AD01,Haloperidol,Haloperidol,,,
QN05AD02,Trifluperidol,Trifluperidol,,,
QN05AD03,Melperon,Melperone,,,
QN05AD04,Moperon,Moperone,,,
QN05AD05,Pipamperon,Pipamperone,,,
QN05AD06,Bromperidol,Bromperidol,,,
QN05AD07,Benperidol,Benperidol,,,
QN05AD08,Droperidol,Droperidol,,,
QN05AD09,Fluanison,Fluanisone,,,
QN05AD10,Lumateperon,Lumateperone,,,
QN05AD90,Azaperon,Azaperone,,,
QN05AE,Indolderivat,Indole derivatives,,,
QN05AE01,Oxipertin,Oxypertine,,,
QN05AE02,Molindon,Molindone,,,
QN05AE03,Sertindol,Sertindole,,,
QN05AE04,Ziprasidon,Ziprasidone,,,
QN05AE05,Lurasidon,Lurasidone,,,
QN05AF,Tioxantenderivat,Thioxanthene derivatives,,,
QN05AF01,Flupentixol,Flupentixol,,,
QN05AF02,Klopentixol,Clopenthixol,,,
QN05AF03,Klorprotixen,Chlorprothixene,,,
QN05AF04,Tiotixen,Tiotixene,,,
QN05AF05,Zuklopentixol,Zuclopenthixol,,,
QN05AG,Difenylbutylpiperidinderivat,Diphenylbutylpiperidine derivatives,,,
QN05AG01,Fluspirilen,Fluspirilene,,,
QN05AG02,Pimozid,Pimozide,,,
QN05AG03,Penfluridol,Penfluridol,,,
QN05AH,"Diazepiner, oxazepiner, tiazepiner och oxepiner","Diazepines, oxazepines, thiazepines and oxepines",,,
QN05AH01,Loxapin,Loxapine,,,
QN05AH02,Klozapin,Clozapine,,,
QN05AH03,Olanzapin,Olanzapine,,,
QN05AH04,Quetiapin,Quetiapine,,,
QN05AH05,Asenapin,Asenapine,,,
QN05AH06,Klotiapin,Clotiapine,,,
QN05AH53,Olanzapin och samidorfan,Olanzapine and samidorphan,,,
QN05AK,"Neuroleptika, tardiv dyskinesi","Neuroleptics, in tardive dyskinesia",,,
QN05AL,Bensamider,Benzamides,,,
QN05AL01,Sulpirid,Sulpiride,,,
QN05AL02,Sultoprid,Sultopride,,,
QN05AL03,Tiaprid,Tiapride,,,
QN05AL04,Remoxiprid,Remoxipride,,,
QN05AL05,Amisulprid,Amisulpride,,,
QN05AL06,Veraliprid,Veralipride,,,
QN05AL07,Levosulpirid,Levosulpiride,,,
QN05AN,Litium,Lithium,,,
QN05AN01,Litium,Lithium,,,
QN05AX,Övriga neuroleptika,Other antipsychotics,,,
QN05AX07,Protipendyl,Prothipendyl,,,
QN05AX08,Risperidon,Risperidone,,,
QN05AX10,Mosapramin,Mosapramine,,,
QN05AX11,Zotepin,Zotepine,,,
QN05AX12,Aripiprazol,Aripiprazole,,,
QN05AX13,Paliperidon,Paliperidone,,,
QN05AX14,Iloperidon,Iloperidone,,,
QN05AX15,Kariprazin,Cariprazine,,,
QN05AX16,Brexpiprazol,Brexpiprazole,,,
QN05AX17,Pimavanserin,Pimavanserin,,,
QN05AX50,Xanomelin och trospium,Xanomeline and trospium,,,
QN05AX90,Amperozid,Amperozide,,,
QN05B,"Lugnande medel, ataraktika",Anxiolytics,,,
QN05BA,Bensodiazepinderivat,Benzodiazepine derivatives,,,
QN05BA01,Diazepam,Diazepam,,,
QN05BA02,Klordiazepoxid,Chlordiazepoxide,,,
QN05BA03,Medazepam,Medazepam,,,
QN05BA04,Oxazepam,Oxazepam,,,
QN05BA05,Dikaliumklorazepat,Potassium clorazepate,,,
QN05BA06,Lorazepam,Lorazepam,,,
QN05BA07,Adinazolam,Adinazolam,,,
QN05BA08,Bromazepam,Bromazepam,,,
QN05BA09,Klobazam,Clobazam,,,
QN05BA10,Ketazolam,Ketazolam,,,
QN05BA11,Prazepam,Prazepam,,,
QN05BA12,Alprazolam,Alprazolam,,,
QN05BA13,Halazepam,Halazepam,,,
QN05BA14,Pinazepam,Pinazepam,,,
QN05BA15,Kamazepam,Camazepam,,,
QN05BA16,Nordazepam,Nordazepam,,,
QN05BA17,Fludiazepam,Fludiazepam,,,
QN05BA18,Etylloflazepat,Ethyl loflazepate,,,
QN05BA19,Etizolam,Etizolam,,,
QN05BA21,Klotiazepam,Clotiazepam,,,
QN05BA22,Kloxazolam,Cloxazolam,,,
QN05BA23,Tofisopam,Tofisopam,,,
QN05BA24,Bentazepam,Bentazepam,,,
QN05BA25,Mexazolam,Mexazolam,,,
QN05BA56,"Lorazepam, kombinationer","Lorazepam, combinations",,,
QN05BB,Difenylmetylpiperazinderivat,Diphenylmethane derivatives,,,
QN05BB01,Hydroxizin,Hydroxyzine,,,
QN05BB02,Kaptodiam,Captodiame,,,
QN05BB51,"Hydroxizin, kombinationer","Hydroxyzine, combinations",,,
QN05BC,Propandiolderivat,Carbamates,,,
QN05BC01,Meprobamat,Meprobamate,,,
QN05BC03,Emylkamat,Emylcamate,,,
QN05BC04,Mebutamat,Mebutamate,,,
QN05BC51,"Meprobamat, kombinationer","Meprobamate, combinations",,,
QN05BD,Dibenso-bicyklo-oktadienderivat,Dibenzo-bicyclo-octadiene derivatives,,,
QN05BD01,Bensoktamin,Benzoctamine,,,
QN05BE,Azaspironderivat,Azaspirodecanedione derivatives,,,
QN05BE01,Buspiron,Buspirone,,,
QN05BX,Övriga lugnande medel,Other anxiolytics,,,
QN05BX01,Mefenoxalon,Mephenoxalone,,,
QN05BX02,Gedocarnil,Gedocarnil,,,
QN05BX03,Etifoxin,Etifoxine,,,
QN05BX04,Fabomotizol,Fabomotizole,,,
QN05BX05,Lavendelolja,Lavandulae aetheroleum,,,
QN05C,Sömnmedel och lugnande medel,Hypnotics and sedatives,,,
QN05CA,Barbiturater,"Barbiturates, plain",,,
QN05CA01,Pentobarbital,Pentobarbital,,,
QN05CA02,Amobarbital,Amobarbital,,,
QN05CA03,Butobarbital,Butobarbital,,,
QN05CA04,Barbital,Barbital,,,
QN05CA05,Allpropymal,Aprobarbital,,,
QN05CA06,Secobarbital,Secobarbital,,,
QN05CA07,Talbumal,Talbutal,,,
QN05CA08,Vinylbital,Vinylbital,,,
QN05CA09,Vinbarbital,Vinbarbital,,,
QN05CA10,Cyklobarbital,Cyclobarbital,,,
QN05CA11,Heptabarbital,Heptabarbital,,,
QN05CA12,Reposal,Reposal,,,
QN05CA15,Metohexital,Methohexital,,,
QN05CA16,Hexobarbital,Hexobarbital,,,
QN05CA19,Tiopental,Thiopental,,,
QN05CA20,Etallobarbital,Etallobarbital,,,
QN05CA21,Allobarbital,Allobarbital,,,
QN05CA22,Proxibarbal,Proxibarbal,,,
QN05CB,"Barbitursyraderivat, kombinationer","Barbiturates, combinations",,,
QN05CB01,Kombinationer av barbitursyraderivat,Combinations of barbiturates,,,
QN05CB02,Barbitursyraderivat i kombination med andra medel,Barbiturates in combination with other drugs,,,
QN05CC,"Aldehyder, inkl derivat",Aldehydes and derivatives,,,
QN05CC01,Kloralhydrat,Chloral hydrate,,,
QN05CC02,Kloralodol,Chloralodol,,,
QN05CC03,Acetylglycinamidkloralhydrat,Acetylglycinamide chloral hydrate,,,
QN05CC04,Dikloralfenazon,Dichloralphenazone,,,
QN05CC05,Paraldehyd,Paraldehyde,,,
QN05CD,Bensodiazepinderivat,Benzodiazepine derivatives,,,
QN05CD01,Flurazepam,Flurazepam,,,
QN05CD02,Nitrazepam,Nitrazepam,,,
QN05CD03,Flunitrazepam,Flunitrazepam,,,
QN05CD04,Estazolam,Estazolam,,,
QN05CD05,Triazolam,Triazolam,,,
QN05CD06,Lormetazepam,Lormetazepam,,,
QN05CD07,Temazepam,Temazepam,,,
QN05CD08,Midazolam,Midazolam,,,
QN05CD09,Brotizolam,Brotizolam,,,
QN05CD10,Kvazepam,Quazepam,,,
QN05CD11,Loprazolam,Loprazolam,,,
QN05CD12,Doxefazepam,Doxefazepam,,,
QN05CD13,Cinolazepam,Cinolazepam,,,
QN05CD14,Remimazolam,Remimazolam,,,
QN05CD15,Nimetazepam,Nimetazepam,,,
QN05CD16,Dimdazenil,Dimdazenil,,,
QN05CD90,Klimazolam,Climazolam,,,
QN05CE,Piperidindionderivat,Piperidinedione derivatives,,,
QN05CE01,Glutetimid,Glutethimide,,,
QN05CE02,Metyprylon,Methyprylon,,,
QN05CE03,Pyrityldion,Pyrithyldione,,,
QN05CF,Bensodiazepinbesläktade medel,Benzodiazepine related drugs,,,
QN05CF01,Zopiklon,Zopiclone,,,
QN05CF02,Zolpidem,Zolpidem,,,
QN05CF03,Zaleplon,Zaleplon,,,
QN05CF04,Eszopiklon,Eszopiclone,,,
QN05CH,Melatoninreceptor agonister,Melatonin receptor agonists,,,
QN05CH01,Melatonin,Melatonin,,,
QN05CH02,Ramelteon,Ramelteon,,,
QN05CH03,Tasimelteon,Tasimelteon,,,
QN05CJ,Orexinreceptorantagonister,Orexin receptor antagonists,,,
QN05CJ01,Suvorexant,Suvorexant,,,
QN05CJ02,Lemborexant,Lemborexant,,,
QN05CJ03,Daridorexant,Daridorexant,,,
QN05CM,Övriga sömnmedel och lugnande medel,Other hypnotics and sedatives,,,
QN05CM01,Metakvalon,Methaqualone,,,
QN05CM02,Klometiazol,Clomethiazole,,,
QN05CM03,Bromisoval,Bromisoval,,,
QN05CM04,Karbromal,Carbromal,,,
QN05CM05,Skopolamin,Scopolamine,,,
QN05CM06,Propiomazin,Propiomazine,,,
QN05CM07,Triklofos,Triclofos,,,
QN05CM08,Klorvinylpentinol,Ethchlorvynol,,,
QN05CM09,"Vänderot, rot",Valerianae radix,,,
QN05CM10,Hexapropymat,Hexapropymate,,,
QN05CM11,Bromider,Bromides,,,
QN05CM12,Apronal,Apronal,,,
QN05CM13,Valnoktamid,Valnoctamide,,,
QN05CM15,Metylpentynol,Methylpentynol,,,
QN05CM16,Niaprazin,Niaprazine,,,
QN05CM18,Dexmedetomidin,Dexmedetomidine,,,
QN05CM19,Suvorexant,Suvorexant,,,2023-12-31
QN05CM21,Lemborexant,Lemborexant,,,2023-12-31
QN05CM90,Detomidin,Detomidine,,,
QN05CM91,Medetomidin,Medetomidine,,,
QN05CM92,Xylazin,Xylazine,,,
QN05CM93,Romifidin,Romifidine,,,
QN05CM94,Metomidat,Metomidate,,,
QN05CM96,Tasipimidin,Tasipimidine,,,
QN05CM99,Kombinationer,Combinations,,,
QN05CX,"Kombinationer, exkl. barbitursyraderivat","Hypnotics and sedatives in combination, excl. barbiturates",,,
QN05CX01,"Meprobamat, kombinationer","Meprobamate, combinations",,,
QN05CX02,"Metkvalon, kombinationer","Methaqualone, combinations",,,
QN05CX03,"Metylpentynol, kombinationer","Methylpentynol, combinations",,,
QN05CX04,"Klometiazol, kombinationer","Clomethiazole, combinations",,,
QN05CX05,"Emepron, kombinationer","Emepronium, combinations",,,
QN05CX06,"Dipiperonylaminoetanol, kombinationer","Dipiperonylaminoethanol, combinations",,,
QN06,Psykoanaleptika,Psychoanaleptics,,,
QN06A,Antidepressiva medel,Antidepressants,,,
QN06AA,Icke-selektiva monoaminåterupptagshämmare,Non-selective monoamine reuptake inhibitors,,,
QN06AA01,Desipramin,Desipramine,,,
QN06AA02,Imipramin,Imipramine,,,
QN06AA03,Imipraminoxid,Imipramine oxide,,,
QN06AA04,Klomipramin,Clomipramine,,,
QN06AA05,Opipramol,Opipramol,,,
QN06AA06,Trimipramin,Trimipramine,,,
QN06AA07,Lofepramin,Lofepramine,,,
QN06AA08,Dibensepin,Dibenzepin,,,
QN06AA09,Amitriptylin,Amitriptyline,,,
QN06AA10,Nortriptylin,Nortriptyline,,,
QN06AA11,Protriptylin,Protriptyline,,,
QN06AA12,Doxepin,Doxepin,,,
QN06AA13,Iprindol,Iprindole,,,
QN06AA14,Melitracen,Melitracen,,,
QN06AA15,Butriptylin,Butriptyline,,,
QN06AA16,Dosulepin,Dosulepin,,,
QN06AA17,Amoxapin,Amoxapine,,,
QN06AA18,Dimetakrin,Dimetacrine,,,
QN06AA19,Amineptin,Amineptine,,,
QN06AA21,Maprotilin,Maprotiline,,,
QN06AA23,Kinupramin,Quinupramine,,,
QN06AB,Selektiva serotoninåterupptagshämmare,Selective serotonin reuptake inhibitors,,,
QN06AB02,Zimelidin,Zimeldine,,,
QN06AB03,Fluoxetin,Fluoxetine,,,
QN06AB04,Citalopram,Citalopram,,,
QN06AB05,Paroxetin,Paroxetine,,,
QN06AB06,Sertralin,Sertraline,,,
QN06AB07,Alaproklat,Alaproclate,,,
QN06AB08,Fluvoxamin,Fluvoxamine,,,
QN06AB09,Etoperidon,Etoperidone,,,
QN06AB10,Escitalopram,Escitalopram,,,
QN06AF,"MAO-hämmare, ickeselektiva","Monoamine oxidase inhibitors, non-selective",,,
QN06AF01,Isokarboxazid,Isocarboxazid,,,
QN06AF02,Nialamid,Nialamide,,,
QN06AF03,Fenelzin,Phenelzine,,,
QN06AF04,Tranylcypromin,Tranylcypromine,,,
QN06AF05,Iproniazid,Iproniazide,,,
QN06AF06,Iproklozid,Iproclozide,,,
QN06AG,"MAO-hämmare, selektiva typ A hämmare",Monoamine oxidase A inhibitors,,,
QN06AG02,Moklobemid,Moclobemide,,,
QN06AG03,Toloxaton,Toloxatone,,,
QN06AX,Övriga antidepressiva medel,Other antidepressants,,,
QN06AX01,Oxitriptan,Oxitriptan,,,
QN06AX02,Tryptofan,Tryptophan,,,
QN06AX03,Mianserin,Mianserin,,,
QN06AX04,Nomifensin,Nomifensine,,,
QN06AX05,Trazodon,Trazodone,,,
QN06AX06,Nefazodon,Nefazodone,,,
QN06AX07,Minaprin,Minaprine,,,
QN06AX08,Bifemelan,Bifemelane,,,
QN06AX09,Viloxazin,Viloxazine,,,
QN06AX10,Oxaflozan,Oxaflozane,,,
QN06AX11,Mirtazapin,Mirtazapine,,,
QN06AX12,Bupropion,Bupropion,,,
QN06AX13,Medifoxamin,Medifoxamine,,,
QN06AX14,Tianeptin,Tianeptine,,,
QN06AX15,Pivagabin,Pivagabine,,,
QN06AX16,Venlafaxin,Venlafaxine,,,
QN06AX17,Milnacipran,Milnacipran,,,
QN06AX18,Reboxetin,Reboxetine,,,
QN06AX19,Gepiron,Gepirone,,,
QN06AX21,Duloxetin,Duloxetine,,,
QN06AX22,Agomelatin,Agomelatine,,,
QN06AX23,Desvenlafaxin,Desvenlafaxine,,,
QN06AX24,Vilazodon,Vilazodone,,,
QN06AX25,Hyperici herba,Hyperici herba,,,
QN06AX26,Vortioxetin,Vortioxetine,,,
QN06AX27,Esketamin,Esketamine,,,
QN06AX28,Levomilnacipran,Levomilnacipran,,,
QN06AX29,Brexanolon,Brexanolone,,,
QN06AX31,Zuranolon,Zuranolone,,,
QN06AX62,Bupropion och dextrometorfan,Bupropion and dextromethorphan,,,
QN06AX90,Selegilin,Selegiline,,,
QN06B,"Psykostimulantia, medel vid ADHD och nootropika","Psychostimulants, agents used for ADHD and nootropics",,,
QN06BA,Centralt verkande sympatomimetika,Centrally acting sympathomimetics,,,
QN06BA01,Amfetamin,Amfetamine,,,
QN06BA02,Dexamfetamin,Dexamfetamine,,,
QN06BA03,Metamfetamin,Metamfetamine,,,
QN06BA04,Metylfenidat,Methylphenidate,,,
QN06BA05,Pemolin,Pemoline,,,
QN06BA06,Fenkamfamin,Fencamfamin,,,
QN06BA07,Modafinil,Modafinil,,,
QN06BA08,Fenozolon,Fenozolone,,,
QN06BA09,Atomoxetin,Atomoxetine,,,
QN06BA10,Fenetyllin,Fenetylline,,,
QN06BA11,Dexmetylfenidat,Dexmethylphenidate,,,
QN06BA12,Lisdexamfetamin,Lisdexamfetamine,,,
QN06BA13,Armodafinil,Armodafinil,,,
QN06BA14,Solriamfetol,Solriamfetol,,,
QN06BA15,Dexmetylfenidat och serdexmetylfenidat,Dexmethylphenidate and serdexmethylphenidate,,,
QN06BC,Xantinderivat,Xanthine derivatives,,,
QN06BC01,Koffein,Caffeine,,,
QN06BC02,Propentofyllin,Propentofylline,,,
QN06BX,Övriga psykostimulantia och nootropika,Other psychostimulants and nootropics,,,
QN06BX01,Meklofenoxat,Meclofenoxate,,,
QN06BX02,Pyritinol,Pyritinol,,,
QN06BX03,Piracetam,Piracetam,,,
QN06BX04,Deanol,Deanol,,,
QN06BX05,Fipexid,Fipexide,,,
QN06BX06,Citikolin,Citicoline,,,
QN06BX07,Oxiracetam,Oxiracetam,,,
QN06BX08,Pirisudanol,Pirisudanol,,,
QN06BX09,Linopirdin,Linopirdine,,,
QN06BX10,Nizofenon,Nizofenone,,,
QN06BX11,Aniracetam,Aniracetam,,,
QN06BX12,Acetylcarnitin,Acetylcarnitine,,,
QN06BX13,Idebenon,Idebenone,,,
QN06BX14,Prolintan,Prolintane,,,
QN06BX15,Pipradol,Pipradrol,,,
QN06BX16,Pramiracetam,Pramiracetam,,,
QN06BX17,Adrafinil,Adrafinil,,,
QN06BX18,Vinpocetin,Vinpocetine,,,
QN06BX21,Temgikoluril,Temgicoluril,,,
QN06BX22,Fenibut,Phenibut,,,
QN06BX53,Piracetam och cinnarizin,Piracetam and cinnarizine,,,
QN06C,"Psykoleptika-psykoanaleptika, kombinationer",Psycholeptics and psychoanaleptics in combination,,,
QN06CA,Antidepressiva i kombination med psykoleptika,Antidepressants in combination with psycholeptics,,,
QN06CA01,Amitriptylin och neuroleptika,Amitriptyline and psycholeptics,,,
QN06CA02,Melitracen och psykoleptika,Melitracen and psycholeptics,,,
QN06CA03,Fluoxetin och psykoleptika,Fluoxetine and psycholeptics,,,
QN06CB,Psykostimulantia i kombination med neuroleptika,Psychostimulants in combination with psycholeptics,,,
QN06D,Medel vid demenssjukdomar,Anti-dementia drugs,,,
QN06DA,Kolinesterashämmare,Anticholinesterases,,,
QN06DA01,Takrin,Tacrine,,,
QN06DA02,Donepezil,Donepezil,,,
QN06DA03,Rivastigmin,Rivastigmine,,,
QN06DA04,Galantamin,Galantamine,,,
QN06DA05,Ipidakrin,Ipidacrine,,,
QN06DA06,Benzgalantamin,Benzgalantamine,,,
QN06DA52,Donepezil och memantin,Donepezil and memantine,,,
QN06DA53,"Donepezil, memantin och Ginkgo, blad","Donepezil, memantine and Ginkgo folium",,,
QN06DX,Övriga medel vid demenssjukdomar,Other anti-dementia drugs,,,
QN06DX01,Memantin,Memantine,,,
QN06DX02,"Ginkgo, blad",Ginkgo folium,,,
QN06DX03,Adukanumab,Aducanumab,,,
QN06DX04,Lekanemab,Lecanemab,,,
QN06DX05,Donanemab,Donanemab,,,
QN06DX06,Blarkamesin,Blarcamesine,,,
QN06DX07,Hydrometyltionin,Hydromethylthionine,,,
QN06DX30,Kombinationer,Combinations,,,
QN07,Övriga medel med verkan på nervsystemet,Other nervous system drugs,,,
QN07A,Parasympatomimetika,Parasympathomimetics,,,
QN07AA,Kolinesterashämmare,Anticholinesterases,,,
QN07AA01,Neostigmin,Neostigmine,,,
QN07AA02,Pyridostigmin,Pyridostigmine,,,
QN07AA03,Distigmin,Distigmine,,,
QN07AA30,Ambenonium,Ambenonium,,,
QN07AA51,"Neostigmin, kombinationer","Neostigmine, combinations",,,
QN07AB,Kolinestrar,Choline esters,,,
QN07AB01,Karbakol,Carbachol,,,
QN07AB02,Betanekol,Bethanechol,,,
QN07AX,Övriga parasympatomimetika,Other parasympatomimetics,,,
QN07AX01,Pilokarpin,Pilocarpine,,,
QN07AX02,Kolinalfoscerat,Choline alfoscerate,,,
QN07AX03,Cevimelin,Cevimeline,,,
QN07B,Medel vid behandling av beroendetillstånd,Drugs used in addictive disorders,,,
QN07BA,Medel vid nikotinberoende,Drugs used in nicotine dependence,,,
QN07BA01,Nikotin,Nicotine,,,
QN07BA03,Vareniklin,Varenicline,,,
QN07BA04,Cytisiniklin,Cytisinicline,,,
QN07BB,Medel vid alkoholberoende,Drugs used in alcohol dependence,,,
QN07BB01,Disulfiram,Disulfiram,,,
QN07BB02,Kalciumkarbimid,Calcium carbimide,,,
QN07BB03,Akamprosat,Acamprosate,,,
QN07BB04,Naltrexon,Naltrexone,,,
QN07BB05,Nalmefen,Nalmefene,,,
QN07BB06,Ondelopran,Ondelopran,,,
QN07BC,Medel vid opioidberoende,Drugs used in opioid dependence,,,
QN07BC01,Buprenorfin,Buprenorphine,,,
QN07BC02,Metadon,Methadone,,,
QN07BC03,Levacetylmetadol,Levacetylmethadol,,,
QN07BC04,Lofexidin,Lofexidine,,,
QN07BC05,Levometadon,Levomethadone,,,
QN07BC06,Diamorfin,Diamorphine,,,
QN07BC51,"Buprenorfin, kombinationer","Buprenorphine, combinations",,,
QN07C,Medel mot yrsel,Antivertigo preparations,,,
QN07CA,Medel mot yrsel,Antivertigo preparations,,,
QN07CA01,Betahistin,Betahistine,,,
QN07CA02,Cinnarizin,Cinnarizine,,,
QN07CA03,Flunarizin,Flunarizine,,,
QN07CA04,Acetylleucin,Acetylleucine,,,
QN07CA52,Cinnarizin kombinationer,"Cinnarizine, combinations",,,
QN07X,Övriga läkemedel med verkan på nervsystemet,Other nervous system drugs,,,
QN07XA,Gangliosider och gangliosidderivat,Gangliosides and ganglioside derivatives,,,
QN07XX,Övriga medel med verkan på nervsystemet,Other nervous system drugs,,,
QN07XX01,Tirilazad,Tirilazad,,,
QN07XX02,Riluzol,Riluzole,,,
QN07XX03,Xaliproden,Xaliproden,,,
QN07XX04,Natriumoxibat,Sodium oxybate,,,
QN07XX05,Amifampridin,Amifampridine,,,
QN07XX06,Tetrabenazin,Tetrabenazine,,,
QN07XX07,Fampridin,Fampridine,,,
QN07XX08,Tafamidis,Tafamidis,,,
QN07XX09,Dimetylfumarat,Dimethyl fumarate,,,2018-12-31
QN07XX10,Lakinimod,Laquinimod,,,
QN07XX11,Pitolisant,Pitolisant,,,
QN07XX12,Patisiran,Patisiran,,,
QN07XX13,Valbenazin,Valbenazine,,,
QN07XX14,Edaravon,Edaravone,,,
QN07XX15,Inotersen,Inotersen,,,
QN07XX16,Deutetrabenazin,Deutetrabenazine,,,
QN07XX17,Arimoklomol,Arimoclomol,,,
QN07XX18,Vutrisiran,Vutrisiran,,,
QN07XX19,Natriumfenylbutyrat och ursodoxikoltaurin,Sodium phenylbutyrate and ursodoxicoltaurine,,,
QN07XX21,Eplontersen,Eplontersen,,,
QN07XX22,Tofersen,Tofersen,,,
QN07XX23,Troriluzol,Troriluzole,,,
QN07XX24,Trofinetid,Trofinetide,,,
QN07XX25,Omaveloxolon,Omaveloxolone,,,
QN07XX26,Pridopidin,Pridopidine,,,
QN07XX27,Levacetylleucin,Levacetylleucine,,,
QN07XX59,"Dextrometorfan, kombinationer","Dextromethorphan, combinations",,,
QN51,Medel för animal euthanasia,Products for animal euthanasia,,,
QN51A,Medel för animal euthanasia,Products for animal euthanasia,,,
QN51AA,Barbiturater,Barbiturates,,,
QN51AA01,Pentobarbital,Pentobarbital,,,
QN51AA02,Sekobarbital,Secobarbital,,,
QN51AA30,Kombinationer av barbiturater,Combinations of barbiturates,,,
QN51AA51,"Pentobarbital, kombinationer","Pentobarbital, combinations",,,
QN51AA52,"Sekobarbital, kombinationer","Secobarbital, combinations",,,
QN51AX,Övriga medel för avlivning av djur,Other products for animal euthanasia,,,
QN51AX50,Kombinationer,Combinations,,,
QP,"Antiparasitära, insektsdödande och repellerande medel","Antiparasitic products, insecticides and repellents",,,
QP01,Medel mot protozoer,Antiprotozoals,,,2014-01-21
QP01A,Medel mot protozoer,Agents against amoebiasis and other protozoal diseases,,,2014-01-21
QP01AB,Nitroimidazolderivat,Nitroimidazole derivatives,,,2014-01-21
QP01AB90,Dimetridazol,Dimetridazole,,,2014-01-21
QP01AB91,Ronidazol,Ronidazole,,,2014-01-21
QP01AX,Övriga medel mot protozoiska sjukdomar,Other agents against protozoal diseases,,,2014-01-21
QP01AX90,Diminazen,Diminazen,,,2014-01-21
QP01Q,Medel mot koccidios,Agents against coccidiosis,,,2014-01-21
QP01QA,Medel mot koccidios,Agents against coccidiosis,,,2014-01-21
QP01QA01,Halofuginon,Halofuginone,,,2014-01-21
QP01QA02,Lasalocid,Lasalocid,,,2014-01-21
QP01QA03,Sulfaklozin,Sulfaclozine,,,2014-01-21
QP01QA04,Maduramicin,Maduramicin,,,2014-01-21
QP01QA05,Monensin,Monensin,,,2014-01-21
QP01QA06,Toltrazuril,Toltrazuril,,,2014-01-21
QP01QA07,Narasin,Narasin,,,2014-01-21
QP01QA08,Amprolium,Amprolium,,,2014-01-21
QP01QA30,"Medel mot koccidios, kombinationer",Combinations of agents against coccidiosis,,,2014-01-21
QP02,Medel vid maskinfektion,Anthelmintics,,,2014-01-21
QP02B,Medel mot trematoder (sugmask),Antitrematodals,,,2014-01-21
QP02BA,Kinolinderivat,Quinoline derivatives,,,2014-01-21
QP02BA01,Prazikvantel,Praziquantel,,,2014-01-21
QP02BA99,"Kinolinderivat, kombinationer","Quinoline derivatives, combinations",,,2014-01-21
QP02BB,Fosfororganiska föreningar,Organophosphorous compounds,,,2014-01-21
QP02BB01,Metrifonat,Metrifonate,,,2014-01-21
QP02BQ,Benzimidazol derivater,Benzimidazole derivatives,,,2014-01-21
QP02BQ01,Triklabendazol,Triclabendazole,,,2014-01-21
QP02C,Medel mot nematoder (rundmask),Antinematodal agents,,,2014-01-21
QP02CA,Bensimidazolderivat och motsvarande substanser (prodrugs),Benzimidazole derivatives and related substances,,,2014-01-21
QP02CA01,Mebendazol,Mebendazole,,,2014-01-21
QP02CA02,Tiabendazol,Thiabendazole,,,2014-01-21
QP02CA03,Albendazol,Albendazole,,,2014-01-21
QP02CA05,Flubendazol,Flubendazole,,,2014-01-21
QP02CA06,Fenbendazol,Fenbendazole,,,2014-01-21
QP02CA90,Oxfendazol,Oxfendazole,,,2014-01-21
QP02CA91,Parbendazol,Parbendazole,,,2014-01-21
QP02CA92,Triklabendazol,Triclabendazole,,,2014-01-21
QP02CA93,Tiofanat,Thiophanate,,,2014-01-21
QP02CA94,Febantel,Febantel,,,2014-01-21
QP02CA95,Netobimin,Netobimine,,,2014-01-21
QP02CA99,"Bensimidazolderivat och motsvarande substanser, kombinationer","Benzimidazole derivatives and related substances, combinations",,,2014-01-21
QP02CB,Piperazin och piperazinderivat,Piperazine and derivatives,,,2014-01-21
QP02CB01,Piperazin,Piperazine,,,2014-01-21
QP02CC,Pyrantel och analoga substanser,Tetrahydroprimidine derivatives,,,2014-01-21
QP02CC01,Pyrantel,Pyrantel,,,2014-01-21
QP02CC90,Morantel,Morantel,,,2014-01-21
QP02CE,Imidazotiazol derivat,Imidazothiazole derivatives,,,2014-01-21
QP02CE01,Levamisol,Levamisole,,,2014-01-21
QP02CE90,Tetramisol,Tetramisole,,,2014-01-21
QP02CF,Avermektiner,Avermectines,,,2014-01-21
QP02CF01,Ivermektin,Ivermectin,,,2014-01-21
QP02CF90,Doramectin,Doramectin,,,2014-01-21
QP02CQ,Organiska fosforföreningar,Organophosphorous compounds,,,2014-01-21
QP02CQ01,Dichlorvos,Dichlorvos,,,2014-01-21
QP02D,Medel mot cestoder (bandmask),Anticestodals,,,2014-01-21
QP02DX,Övriga medel mot cestoder,Other anticestodals,,,2014-01-21
QP02DX90,Nitroskanat,Nitroscanate,,,2014-01-21
QP02DX91,Bunamidin hydroklorid,Bunamidine hydrochloride,,,2014-01-21
QP51,Medel mot protozoer,Antiprotozoals,,,
QP51A,Medel mot sjukdomar orsakade av protozoer,Agents against protozoal diseases,,,
QP51AA,Nitroimidazolderivat,Nitroimidazole derivatives,,,
QP51AA01,Metronidazol,Metronidazole,,,2022-12-31
QP51AA02,Tinidazol,Tinidazole,,,
QP51AA03,Ornidazol,Ornidazole,,,
QP51AA04,Azanidazol,Azanidazole,,,
QP51AA05,Propenidazol,Propenidazole,,,
QP51AA06,Nimorazol,Nimorazole,,,
QP51AA07,Dimetridazol,Dimetridazole,,,
QP51AA08,Ronidazol,Ronidazole,,,2022-12-31
QP51AA09,Carnidazol,Carnidazole,,,2022-12-31
QP51AA10,Ipronidazol,Ipronidazole,,,
QP51AB,Antimonföreningar,Antimony compounds,,,
QP51AB01,Megluminantimonat,Meglumine antimonate,,,2022-12-31
QP51AB02,Natriumstiboglukonat,Sodium stibogluconate,,,
QP51AC,Nitrofuranderivat,Nitrofuran derivatives,,,
QP51AC01,Nifurtimox,Nifurtimox,,,
QP51AC02,Nitrofural,Nitrofural,,,
QP51AD,Arsenikföreningar,Arsenic compounds,,,
QP51AD01,Arstinol,Arsthinol,,,
QP51AD02,Difetarson,Difetarsone,,,
QP51AD03,Glykobiarsol,Glycobiarsol,,,
QP51AD04,Melarsoprol,Melarsoprol,,,
QP51AD05,Acetarsol,Acetarsol,,,
QP51AD06,Melarsamin,Melarsamin,,,2022-12-31
QP51AD53,"Glykobiarsol, kombinationer","Glycobiarsol, combinations",,,
QP51AE,Karbanilider,Carbanilides,,,
QP51AE01,Imidokarb,Imidocarb,,,2022-12-31
QP51AE02,Suraminnatrium,Suramin sodium,,,
QP51AE03,Nicarbazin,Nicarbazine,,,
QP51AF,Aromatiska diamidiner,Aromatic diamidines,,,
QP51AF01,Diminazen,Diminazen,,,2022-12-31
QP51AF02,Pentamidin,Pentamidine,,,2022-12-31
QP51AF03,Fenamidin,Phenamidine,,,
QP51AG,"Sulfonamider, inkl. kombinationer","Sulphonamides, plain and in combinations",,,
QP51AG01,Sulfadimidin,Sulfadimidine,,,
QP51AG02,Sulfadimetoxin,Sulfadimethoxine,,,2022-12-31
QP51AG03,Sulfakinoxalin,Sulfaquinoxaline,,,2022-12-31
QP51AG04,Sulfaklozin,Sulfaclozine,,,2022-12-31
QP51AG30,Kombinationer av sulfonamider,Combinations of sulfonamides,,,
QP51AG51,"Sulfadimidin, kombinationer","Sulfadimidine, combinations",,,
QP51AG53,"Sulfakinoxaline, combinations","Sulfaquinoxaline, combinations",,,
QP51AH,Pyraner och hydropyraner,Pyranes and hydropyranes,,,2022-12-31
QP51AH01,Salinomycin,Salinomycin,,,2022-12-31
QP51AH02,Lasalocid,Lasalocid,,,2022-12-31
QP51AH03,Monensin,Monensin,,,2022-12-31
QP51AH04,Narasin,Narasin,,,2022-12-31
QP51AH54,"Narasin, kombinationer","Narasin, combinations",,,2022-12-31
QP51AJ,Triaziner,Triazines,,,2022-12-31
QP51AJ01,Toltrazuril,Toltrazuril,,,2022-12-31
QP51AJ02,Klazuril,Clazuril,,,2022-12-31
QP51AJ03,Diklazuril,Diclazuril,,,2022-12-31
QP51AJ04,Ponazuril,Ponazuril,,,2022-12-31
QP51AJ51,"Toltrazuril, kombinationer","Toltrazuril, combinations",,,2022-12-31
QP51AX,Övriga medel mot protozoer,Other antiprotozoal agents,,,
QP51AX01,Kiniofon,Chiniofon,,,
QP51AX02,Emetin,Emetine,,,
QP51AX03,Fankinon,Phanquinone,,,
QP51AX04,Mepakrin,Mepacrine,,,
QP51AX05,Nifursol,Nifursol,,,
QP51AX06,Homidium,Homidium,,,2022-12-31
QP51AX07,Diminazen,Diminazen,,,2022-12-31
QP51AX08,Halofuginon,Halofuginone,,,2022-12-31
QP51AX09,Amprolium,Amprolium,,,2022-12-31
QP51AX10,Maduramicin,Maduramicin,,,2022-12-31
QP51AX11,Arprinocid,Arprinocid,,,
QP51AX12,Dinitolmid,Dinitolmide,,,2023-12-31
QP51AX13,Robenidin,Robenidine,,,2022-12-31
QP51AX14,Dekokinat,Decoquinate,,,2022-12-31
QP51AX16,Aminonitrotiazol,Aminonitrothiazol,,,2022-12-31
QP51AX17,Etopabat,Ethopabate,,,
QP51AX18,Diaveridin,Diaveridine,,,
QP51AX19,Isometamidium,Isometamidium,,,2022-12-31
QP51AX20,Kinapyramin,Quinapyramine,,,2022-12-31
QP51AX21,Parvakvon,Parvaquone,,,2022-12-31
QP51AX22,Buparvakvon,Buparvaquone,,,2022-12-31
QP51AX23,Fumagillin,Fumagillin,,,
QP51AX24,Domperidon,Domperidone,,,2022-12-31
QP51AX25,Miltefosine,Miltefosine,,,2022-12-31
QP51AX26,Klopidol,Klopidol,,,2022-12-31
QP51AX30,Kombination av andra protozoaler,Combinations of other protozoal agents,,,
QP51AX51,"Pyrimetamin, kombinationer","Pyrimethamine, combinations",,,2022-12-31
QP51AX59,"Amprolium, kombinationer","Amprolium, combinations",,,2022-12-31
QP51B,Medel mot koccidios - valfri klassificering,Agents against coccidiosis - optional classification,,,
QP51BA,"Sulfonamider, inkl. kombinationer mot koccidios","Sulfonamides, plain and in combinations against coccidiosis",,,
QP51BA01,Sulfadimetoxin,Sulfadimethoxine,,,
QP51BA02,Sulfakinoxalin,Sulfaquinoxaline,,,
QP51BA03,Sulfaklozin,Sulfaclozine,,,
QP51BB,Jonoforer mot koccidios,Ionophores against coccidiosis,,,
QP51BB01,Salinomycin,Salinomycin,,,
QP51BB02,Lasalocid,Lasalocid,,,
QP51BB03,Monensin,Monensin,,,
QP51BB04,Narasin,Narasin,,,
QP51BB05,Maduramicin,Maduramicin,,,
QP51BB54,"Narasin, kombinationer","Narasin, combinations",,,
QP51BC,Triaziner mot koccidios,Triazines against coccidiosis,,,
QP51BC01,Toltrazuril,Toltrazuril,,,
QP51BC02,Klazuril,Clazuril,,,
QP51BC03,Diklazuril,Diclazuril,,,
QP51BC04,Ponazuril,Ponazuril,,,
QP51BC51,"Toltrazuril, kombinationer","Toltrazuril, combinations",,,
QP51BX,Övriga medel mot koccidios,Other agents against coccidiosis,,,
QP51BX01,Halofuginon,Halofuginone,,,
QP51BX02,Amprolium,Amprolium,,,
QP51BX03,Robenidin,Robenidine,,,
QP51BX04,Dekokinat,Decoquinate,,,
QP51BX05,Klopidol,Clopidol,,,
QP51BX06,Dinitolmid,Dinitolmide,,,
QP51BX07,Klortetracyklin,Chlortetracycline,,,
QP51BX52,"Amprolium, kombinationer","Amprolium, combinations",,,
QP51BX56,"Pyrimetamin, kombinationer","Pyrimethamine, combinations",,,
QP51C,Medel mot amöbainfektion och histomonosis - valfri klassificering,Agents against amoebiosis and histomonosis - optional classification,,,
QP51CA,Nitroimidazolderivat mot amöbainfektion och histomonosis,Nitroimidazole derivatives against amoebiosis and histomonosis,,,
QP51CA01,Metronidazol,Metronidazole,,,
QP51CA02,Ronidazol,Ronidazole,,,
QP51CA03,Karnidazol,Carnidazole,,,
QP51CX,Övriga medel mot amöbainfektion och histomonosis,Other agents against amoebiosis and histomonosis,,,
QP51CX01,Aminonitrotiazol,Aminonitrothiazol,,,
QP51D,Medel mot leishmanios och trypanosomos  - valfri klassificering,Agents against leishmaniosis and trypanosomosis - optional classification,,,
QP51DF,Aromatiska diamidiner mot leishmanios och trypanosomios,Aromatic diamidines against leishmaniosis and trypanosomosis,,,
QP51DF01,Diminazen,Diminazen,,,
QP51DF02,Pentamidin,Pentamidine,,,
QP51DX,Övriga medel mot leishmanios och trypanosomios,Other agents against leishmaniosis and trypanosomosis,,,
QP51DX01,Megluminantimonat,Meglumine antimonate,,,
QP51DX02,Melarsamin,Melarsamin,,,
QP51DX03,Homidium,Homidium,,,
QP51DX04,Isometamidium,Isometamidium,,,
QP51DX05,Kinapyramin,Quinapyramine,,,
QP51DX06,Domperidon,Domperidone,,,
QP51DX07,Miltefosin,Miltefosine,,,
QP51E,Medel mot babesios och theilerios - valfri klassificering,Agents against babesiosis and theileriosis - optional classification,,,
QP51EX,Övriga medel mot babesios och theilerios,Other agents against babesiosis and theileriosis,,,
QP51EX01,Imidokarb,Imidocarb,,,
QP51EX02,Parvakvon,Parvaquone,,,
QP51EX03,Buparvakvon,Buparvaquone,,,
QP51X,Övriga medel mot protozoer - valfri klassificering,Other antiprotozoal agents - optional classification,,,
QP52,Antihelmintika,Anthelmintics,,,
QP52A,Antihelmintika,Anthelmintics,,,
QP52AA,Kinolinderivat och närbesläktade substanser,Quinoline derivatives and related substances,,,
QP52AA01,Prazikvantel,Praziquantel,,,
QP52AA02,Oxamnikin,Oxamniquine,,,
QP52AA04,Epsiprantel,Epsiprantel,,,
QP52AA30,Kombinationer av kinolinderivat och närbesläktade substanser,Combinations of quinoline derivatives and related substances,,,
QP52AA51,"Prazikvantel, kombinationer","Praziquantel, combinations",,,
QP52AA54,"Epsiprantel, kombinationer","Epsiprantel, combinations",,,
QP52AB,Organiska fosforföreningar,Organophosphorous compounds,,,
QP52AB01,Metrifonat,Metrifonate,,,
QP52AB02,Bromfenofos,Bromfenofos,,,
QP52AB03,Diklorvos,Dichlorvos,,,
QP52AB04,Haloxon,Haloxon,,,
QP52AB06,Naftalofos,Naftalofos,,,
QP52AB51,"Metrifonat, kombinationer","Metrifonate, combinations",,,
QP52AC,Benzimidazoler och närbesläktade substanser,Benzimidazoles and related substances,,,
QP52AC01,Triklabendazol,Triclabendazole,,,
QP52AC02,Oxfendazol,Oxfendazole,,,
QP52AC03,Parbendazol,Parbendazole,,,
QP52AC04,Tiofanat,Thiophanate,,,
QP52AC05,Febantel,Febantel,,,
QP52AC06,Netobimin,Netobimine,,,
QP52AC07,Oxibendazol,Oxibendazole,,,
QP52AC08,Cambendazol,Cambendazole,,,
QP52AC09,Mebendazol,Mebendazole,,,
QP52AC10,Tiabendazol,Tiabendazole,,,
QP52AC11,Albendazol,Albendazole,,,
QP52AC12,Flubendazol,Flubendazole,,,
QP52AC13,Fenbendazol,Fenbendazole,,,
QP52AC30,Kombination av benzimidazol och liknande substanser,Combination of benzimidazoles and related substances,,,
QP52AC52,"Oxfendazol, kombinationer","Oxfendazole, combinations",,,
QP52AC55,"Febantel, kombinationer","Febantel, combinations",,,
QP52AC57,"Oxibendazol, kombinationer","Oxibendazole, combinations",,,
QP52AC59,"Mebendazol, combinations","Mebendazole, combinations",,,
QP52AE,Imidazotiazoler,Imidazothiazoles,,,
QP52AE01,Levamisol,Levamisole,,,
QP52AE02,Tetramisol,Tetramisole,,,
QP52AE30,Kombinationer av imidazotiazoler,Combinations of imidazothiazoles,,,
QP52AE51,"Levamisol, kombinationer","Levamisole, combinations",,,
QP52AE52,"Tetramisol, kombinationer","Tetramisole, combinations",,,
QP52AF,Tetrahydropyrimidiner,Tetrahydropyrimidines,,,
QP52AF01,Morantel,Morantel,,,
QP52AF02,Pyrantel,Pyrantel,,,
QP52AF03,Oxantel,Oxantel,,,
QP52AF30,Kombinationer av tetrahydropyrimidiner,Combinations of tetrahydropyrimidines,,,
QP52AG,"Fenolderivat, inkl. salicylanilider","Phenol derivatives, incl. salicylanilides",,,
QP52AG01,Diklorofen,Dichlorophene,,,
QP52AG02,Hexaklorofen,Hexachlorophene,,,
QP52AG03,Niklosamid,Niclosamide,,,
QP52AG04,Resorantel,Resorantel,,,
QP52AG05,Rafoxanid,Rafoxanide,,,
QP52AG06,Oxiklozanid,Oxyclozanide,,,
QP52AG07,Bitionol,Bithionol,,,
QP52AG08,Nitroxinil,Nitroxinil,,,
QP52AG09,Klosantel,Closantel,,,
QP52AH,Piperazin och derivat,Piperazine and derivatives,,,
QP52AH01,Piperazin,Piperazine,,,
QP52AH02,Dietylkarbamazin,Diethylcarbamazine,,,
QP52AX,Övriga antihelmintika,Other anthelmintic agents,,,
QP52AX01,Nitroskanat,Nitroscanate,,,
QP52AX02,Bunamidinhydroklorid,Bunamidine hydrochloride,,,
QP52AX03,Fenotiazin,Phenotiazine,,,
QP52AX04,Dibutyltenndilaurat,Dibutyltindilaurate,,,
QP52AX05,Destomycin A,Destomycin A,,,
QP52AX06,Halodon,Halodone,,,
QP52AX07,Butylklorid,Butylchloride,,,
QP52AX08,Tiacetarsamid,Thiacetarsamid,,,
QP52AX09,Monepantel,Monepantel,,,
QP52AX60,Emodepsid och toltrazuril,Emodepside and toltrazuril,,,
QP52B,"Medel mot trematodos, valfri klassificering","Agents against trematodosis, optional classification",,,
QP52C,"Medel mot nematodos, valfri klassificering","Agents against nematodosis, optional classification",,,
QP52D,"Medel mot cestodos, valfri klassificering","Agents against cestodosis, optional classification",,,
QP52X,"Övriga antihelmintika, valfri klassificering","Other anthelmintic agents, optional classification",,,
QP53,"Medel mot ektoparasiter, insektsdödande och repellerande medel","Ectoparaciticides, insecticides and repellents",,,
QP53A,"Medel mot ektoparasiter för utvärtes bruk, inkl. insektsdödande medel","Ectoparaciticides for topical use, incl. insecticides",,,
QP53AA,Svavelinnehållande produkter,Sulfur-containing products,,,
QP53AA01,Mesulfen,Mesulfen,,,
QP53AA02,Cymiazol,Cymiazol,,,
QP53AB,Klorerade produkter,Chlorine-containing products,,,
QP53AB01,Klofenotan,Clofenotane,,,
QP53AB02,Lindan,Lindane,,,
QP53AB03,Bromociklen,Bromociclen,,,
QP53AB04,Tosylkloramid,Tosylchloramide,,,
QP53AB51,"Klofenotan, kombinationer","Clofenotane, combinations",,,
QP53AB52,"Lindan, kombinationer","Lindane, combinations",,,
QP53AC,Pyretriner och pyretroider,Pyrethrines and pyrethroids,,,
QP53AC01,Pyretrum,Pyrethrum,,,
QP53AC02,Bioalletrin,Bioallethrin,,,
QP53AC03,Fenotrin,Phenothrin,,,
QP53AC04,Permetrin,Permethrin,,,
QP53AC05,Flumetrin,Flumethrin,,,
QP53AC06,Cyhalotrin,Cyhalothrin,,,
QP53AC07,Flucytrinat,Flucythrinate,,,
QP53AC08,Cypermetrin,Cypermethrin,,,
QP53AC10,Fluvalinat,Fluvalinate,,,
QP53AC11,Deltametrin,Deltamethrin,,,
QP53AC12,Cyflutrin,Cyfluthrin,,,
QP53AC13,Tetrametrin,Tetramethrin,,,
QP53AC14,Fenvalerat,Fenvalerate,,,
QP53AC15,Akrinatrin,Acrinathrin,,,
QP53AC30,Kombinationer av pyretriner,Combinations of pyrethrines,,,
QP53AC51,"Pyretrum, kombinationer","Pyrethrum, combinations",,,
QP53AC54,"Permetrin, kombinationer","Permethrin, combinations",,,
QP53AC55,"Flumetrin, kombinationer","Flumethrin, combinations",,,
QP53AD,Amidiner,Amidines,,,
QP53AD01,Amitraz,Amitraz,,,
QP53AD51,"Amitraz, kombinationer","Amitraz, combinations",,,
QP53AE,Karbamater,Carbamates,,,
QP53AE01,Karbaril,Carbaril,,,
QP53AE02,Propoxur,Propoxur,,,
QP53AE03,Bendiokarb,Bendiocarb,,,
QP53AF,Organiska fosforföreningar,Organophosphorous compounds,,,
QP53AF01,Foxim,Phoxime,,,
QP53AF02,Metrifonat,Metrifonate,,,
QP53AF03,Dimpylat,Dimpylate,,,
QP53AF04,Diklorvos,Dichlorvos,,,
QP53AF05,Heptenofos,Heptenofos,,,
QP53AF06,Fosmet,Phosmet,,,
QP53AF07,Fention,Fention,,,
QP53AF08,Kumafos,Coumafos,,,
QP53AF09,Propetamfos,Propetamphos,,,
QP53AF10,Cytioat,Cythioate,,,
QP53AF11,Bromofos,Bromophos,,,
QP53AF12,Malation,Malathion,,,
QP53AF13,Kintiofos,Quintiophos,,,
QP53AF14,Tetraklorvinfos,Tetrachlorvinphos,,,
QP53AF16,Bromfenvinfos,Bromfenvinphos,,,
QP53AF17,Azametifos,Azamethiphos,,,
QP53AF54,"Diklorvos, kombinationer","Dichlorvos, combinations",,,
QP53AG,Organiska syror,Organic acids,,,
QP53AG01,Myrsyra,Formic acid,,,
QP53AG02,Mjölksyra,Lactic acid,,,
QP53AG03,Oxalsyra,Oxalic acid,,,
QP53AG30,Kombinationer,Combinations,,,
QP53AX,Övriga medel mot ektoparasiter för utvärtes bruk,Other ectoparasiticides for topical use,,,
QP53AX02,Fenvalerat,Fenvalerate,,,
QP53AX03,Quassia,Quassia,,,
QP53AX04,Krotamiton,Crotamiton,,,
QP53AX11,Bensylbensoat,Benzylbenzoate,,,
QP53AX13,Nikotin,Nicotine,,,
QP53AX14,Bromoprofylat,Bromoprofylat,,,
QP53AX15,Fipronil,Fipronil,,,
QP53AX16,Malakitgrönt,Malachite green,,,
QP53AX17,Imidakloprid,Imidacloprid,,,
QP53AX18,Kalciumoxid,Calcium oxide,,,
QP53AX19,Formaldehyd,Formaldehyde,,,
QP53AX22,Tymol,Thymol,,,
QP53AX23,Pyriproxifen,Pyriproxifen,,,
QP53AX24,Dicyklanil,Dicyclanil,,,
QP53AX25,Metaflumizon,Metaflumizone,,,
QP53AX26,Pyriprol,Pyriprole,,,
QP53AX27,Indoxakarb,Indoxacarb,,,
QP53AX28,Metopren,Methoprene,,,
QP53AX29,Hexaflumuron,Hexaflumuron,,,
QP53AX30,Kombinationer av övriga ektoparasiticider för topikal användning,Combinations of other ectoparasiticides for topical use,,,
QP53AX31,Spinetoram,Spinetoram,,,
QP53AX65,"Fipronil, kombinationer","Fipronil, combinations",,,
QP53AX73,"Pyriproxifen, kombinationer","Pyriproxifen, combinations",,,
QP53AX78,"Metopren, kombinationer","Methoprene, combinations",,,
QP53B,Medel mot ektoparasiter för systemiskt bruk,Ectoparasiticides for systemic use,,,
QP53BB,Organiska fosforföreningar,Organophosphorous compounds,,,
QP53BB01,Cytioat,Cythioate,,,
QP53BB02,Fention,Fenthion,,,
QP53BB03,Fosmet,Phosmet,,,
QP53BB04,Stirofos,Stirofos,,,
QP53BC,Kitinhämmare,Chitin inhibitors,,,
QP53BC01,Lufenuron,Lufenuron,,,
QP53BC02,Diflubensuron,Diflubenzuron,,,
QP53BC03,Teflubensuron,Teflubenzuron,,,
QP53BC51,"Lufenuron, kombinationer","Lufenuron, combinations",,,
QP53BE,Isoxazoliner,Isoxazolines,,,
QP53BE01,Afoxolaner,Afoxolaner,,,
QP53BE02,Fluralaner,Fluralaner,,,
QP53BE03,Sarolaner,Sarolaner,,,
QP53BE04,Lotilaner,Lotilaner,,,
QP53BX,Övriga medel mot ektoparasiter för systemiskt bruk,Other ectoparasiticides for systemic use,,,
QP53BX02,Nitenpyram,Nitenpyram,,,
QP53BX03,Spinosad,Spinosad,,,
QP53BX04,Afoxolaner,Afoxolaner,,,2015-12-31
QP53BX05,Fluralaner,Fluralaner,,,2015-12-31
QP53BX55,"Selamektin, kombinationer","Selamectin, combinations",,,
QP53G,Repellerande medel,Repellents,,,
QP53GX,Övriga repellerande medel,Various repellents,,,
QP53GX01,Dietyltoluamid,Diethyltoluamide,,,
QP53GX02,Dimetylftalat,Dimethylphtalate,,,
QP53GX03,Dibutylsuccinat,Dibutylsuccinate,,,
QP53GX04,Etohexadiol,Ethohexadiol,,,
QP54,Endektocider,Endectocides,,,
QP54A,Makrocykliska laktoner,Macrocyclic lactones,,,
QP54AA,Avermektiner,Avermectins,,,
QP54AA01,Ivermektin,Ivermectin,,,
QP54AA02,Abamektin,Abamectin,,,
QP54AA03,Doramektin,Doramectin,,,
QP54AA04,Eprinomektin,Eprinomectin,,,
QP54AA05,Selamektin,Selamectin,,,
QP54AA06,Emamektin,Emamectin,,,
QP54AA51,"Ivermektin, kombinationer","Ivermectin, combinations",,,
QP54AA52,"Abamektin, kombinationer","Abamectin, combinations",,,
QP54AA54,"Eprinomektin, kombinationer","Eprinomectin, combinations",,,
QP54AA55,"Selamektin, kombinationer","Selamectin, combinations",,,
QP54AB,Milbemyciner,Milbemycins,,,
QP54AB01,Milbemycinoxim,Milbemycin oxime,,,
QP54AB02,Moxidektin,Moxidectin,,,
QP54AB51,"Milbemycinoxim, kombinationer","Milbemycin oxime, combinations",,,
QP54AB52,"Moxidektin, kombinationer","Moxidectin, combinations",,,
QP54AX,Övriga makrocykliska laktoner,Other macrocyclic lactones,,,
QR,Andningsorganen,Respiratory system,,,
QR01,Medel vid nässjukdomar,Nasal preparations,,,
QR01A,Avsvällande och övriga medel för lokal behandling vid nässjukdomar,Decongestants and other nasal preparations for topical use,,,
QR01AA,Sympatomimetika,"Sympathomimetics, plain",,,
QR01AA02,Cyklopentamin,Cyclopentamine,,,
QR01AA03,Efedrin,Ephedrine,,,
QR01AA04,Fenylefrin,Phenylephrine,,,
QR01AA05,Oximetazolin,Oxymetazoline,,,
QR01AA06,Tetryzolin,Tetryzoline,,,
QR01AA07,Xylometazolin,Xylometazoline,,,
QR01AA08,Nafazolin,Naphazoline,,,
QR01AA09,Tramazolin,Tramazoline,,,
QR01AA10,Metizolin,Metizoline,,,
QR01AA11,Tuaminoheptan,Tuaminoheptane,,,
QR01AA12,Fenoxazolin,Fenoxazoline,,,
QR01AA13,Tymazolin,Tymazoline,,,
QR01AA14,Adrenalin,Adrenaline,,,
QR01AA15,Indanazolin,Indanazoline,,,
QR01AB,"Sympatomimetika, kombinationer exkl. kortikosteroider","Sympathomimetics, combinations excl. corticosteroids",,,
QR01AB01,Fenylefrin,Phenylephrine,,,
QR01AB02,Nafazolin,Naphazoline,,,
QR01AB03,Tetryzolin,Tetryzoline,,,
QR01AB05,Efedrin,Ephedrine,,,
QR01AB06,Xylometazolin,Xylometazoline,,,
QR01AB07,Oximetazolin,Oxymetazoline,,,
QR01AB08,Tuaminoheptan,Tuaminoheptane,,,
QR01AC,"Antiallergika, exkl. kortikosteroider","Antiallergic agents, excl. corticosteroids",,,
QR01AC01,Natriumkromoglikat,Cromoglicic acid,,,
QR01AC02,Levokabastin,Levocabastine,,,
QR01AC03,Azelastin,Azelastine,,,
QR01AC04,Antazolin,Antazoline,,,
QR01AC05,Spagluminsyra,Spaglumic acid,,,
QR01AC06,Tonzylamin,Thonzylamine,,,
QR01AC07,Nedokromil,Nedocromil,,,
QR01AC08,Olopatadin,Olopatadine,,,
QR01AC51,"Natriumkromoglikat, kombinationer","Cromoglicic acid, combinations",,,
QR01AD,Kortikosteroider,Corticosteroids,,,
QR01AD01,Beklometason,Beclometasone,,,
QR01AD02,Prednisolon,Prednisolone,,,
QR01AD03,Dexametason,Dexamethasone,,,
QR01AD04,Flunisolid,Flunisolide,,,
QR01AD05,Budesonid,Budesonide,,,
QR01AD06,Betametason,Betamethasone,,,
QR01AD07,Tixokortol,Tixocortol,,,
QR01AD08,Flutikason,Fluticasone,,,
QR01AD09,Mometason,Mometasone,,,
QR01AD11,Triamcinolon,Triamcinolone,,,
QR01AD12,Flutikasonfuroat,Fluticasone furoate,,,
QR01AD13,Ciklesonid,Ciclesonide,,,
QR01AD52,"Prednisolon, kombinationer","Prednisolone, combinations",,,
QR01AD53,"Dexametason, kombinationer","Dexamethasone, combinations",,,
QR01AD57,"Tixokortol, kombinationer","Tixocortol, combinations",,,
QR01AD58,"Flutikason, kombinationer","Fluticasone, combinations",,,
QR01AD59,"Mometason, kombinationer","Mometasone, combinations",,,
QR01AD60,"Hydrokortison, kombinationer","Hydrocortisone, combinations",,,
QR01AX,Övriga medel vid nässjukdomar,Other nasal preparations,,,
QR01AX01,Kalciumhexamintiocyanat,Calcium hexamine thiocyanate,,,
QR01AX02,Retinol,Retinol,,,
QR01AX03,Ipratropiumbromid,Ipratropium bromide,,,
QR01AX05,Ritiometan,Ritiometan,,,
QR01AX06,Mupirocin,Mupirocin,,,
QR01AX07,Hexamidin,Hexamidine,,,
QR01AX08,Framycetin,Framycetin,,,
QR01AX09,Hyaluronsyra,Hyaluronic acid,,,
QR01AX10,Övrigt,Various,,,
QR01AX30,Kombinationer,Combinations,,,
QR01B,"Avsvällande medel, perorala",Nasal decongestants for systemic use,,,
QR01BA,Sympatomimetika,Sympathomimetics,,,
QR01BA01,Fenylpropanolamin,Phenylpropanolamine,,,
QR01BA02,Pseudoefedrin,Pseudoephedrine,,,
QR01BA03,Fenylefrin,Phenylephrine,,,
QR01BA51,"Fenylpropanolamin, kombinationer","Phenylpropanolamine, combinations",,,
QR01BA52,"Pseudoefedrin, kombinationer","Pseudoephedrine, combinations",,,
QR01BA53,"Fenylefrin, kombinationer","Phenylephrine, combinations",,,
QR02,Medel vid sjukdomar i strupe och svalg,Throat preparations,,,
QR02A,Medel vid sjukdomar i strupe och svalg,Throat preparations,,,
QR02AA,Antiseptika,Antiseptics,,,
QR02AA01,Ambazon,Ambazone,,,
QR02AA02,Dekvalon,Dequalinium,,,
QR02AA03,"2,4-Diklorobensylalkohol",Dichlorobenzyl alcohol,,,
QR02AA05,Klorhexidin,Chlorhexidine,,,
QR02AA06,Cetylpyridinium,Cetylpyridinium,,,
QR02AA09,Bensetonium,Benzethonium,,,
QR02AA10,Myristylbensalkon,Myristyl-benzalkonium,,,
QR02AA11,Klorkinaldol,Chlorquinaldol,,,
QR02AA12,Hexylresorcinol,Hexylresorcinol,,,
QR02AA13,Akriflaviniumklorid,Acriflavinium chloride,,,
QR02AA14,Hydroxikinolin,Oxyquinoline,,,
QR02AA15,Povidon-jod,Povidone-iodine,,,
QR02AA16,Bensalkonium,Benzalkonium,,,
QR02AA17,Cetrimonium,Cetrimonium,,,
QR02AA18,Hexamidin,Hexamidine,,,
QR02AA19,Fenol,Phenol,,,
QR02AA20,Övrigt,Various,,,
QR02AA21,Oktenidin,Octenidine,,,
QR02AB,Antibiotika,Antibiotics,,,
QR02AB01,Neomycin,Neomycin,,,
QR02AB02,Tyrotricin,Tyrothricin,,,
QR02AB03,Fusafungin,Fusafungine,,,
QR02AB04,Bacitracin,Bacitracin,,,
QR02AB30,Gramicidin,Gramicidin,,,
QR02AD,Lokalanestetika,"Anesthetics, local",,,
QR02AD01,Bensokain,Benzocaine,,,
QR02AD02,Lidokain,Lidocaine,,,
QR02AD03,Kokain,Cocaine,,,
QR02AD04,Dyklonin,Dyclonine,,,
QR02AD05,Ambroxol,Ambroxol,,,
QR02AX,Övriga medel vid sjukdomar i strupe och svalg,Other throat preparations,,,
QR02AX01,Flurbiprofen,Flurbiprofen,,,
QR02AX02,Ibuprofen,Ibuprofen,,,
QR02AX03,Bensydamin,Benzydamine,,,
QR03,Medel vid obstruktiva luftvägssjukdomar,Drugs for obstructive airway diseases,,,
QR03A,"Adrenergika, inhalationer","Adrenergics, inhalants",,,
QR03AA,Alfa- och beta-adrenoreceptoragonister,Alpha- and beta-adrenoreceptor agonists,,,
QR03AA01,Adrenalin,Adrenaline,,,
QR03AB,Icke-selektiva beta-adrenoceptor agonister,Non-selective beta-adrenoreceptor agonists,,,
QR03AB02,Isoprenalin,Isoprenaline,,,
QR03AB03,Orkiprenalin,Orciprenaline,,,
QR03AC,Selektiva beta-2-stimulerande medel,Selective beta-2-adrenoreceptor agonists,,,
QR03AC02,Salbutamol,Salbutamol,,,
QR03AC03,Terbutalin,Terbutaline,,,
QR03AC04,Fenoterol,Fenoterol,,,
QR03AC05,Rimiterol,Rimiterol,,,
QR03AC06,Hexoprenalin,Hexoprenaline,,,
QR03AC07,Isoetarin,Isoetarine,,,
QR03AC08,Pirbuterol,Pirbuterol,,,
QR03AC09,Tretokinol,Tretoquinol,,,
QR03AC10,Karbuterol,Carbuterol,,,
QR03AC11,Tulobuterol,Tulobuterol,,,
QR03AC12,Salmeterol,Salmeterol,,,
QR03AC13,Formoterol,Formoterol,,,
QR03AC14,Klenbuterol,Clenbuterol,,,
QR03AC15,Reproterol,Reproterol,,,
QR03AC16,Prokaterol,Procaterol,,,
QR03AC17,Bitolterol,Bitolterol,,,
QR03AC18,Indakaterol,Indacaterol,,,
QR03AC19,Olodaterol,Olodaterol,,,
QR03AH,Kombinationer av adrenergika,Combinations of adrenergics,,,
QR03AK,"Adrenergika i kombination med kortikosteroider eller övriga medel, exkl. antikolinergika","Adrenergics in combination with corticosteroids or other drugs, excl. anticholinergics",,,
QR03AK01,Adrenalin och övriga medel vid obstruktiva luftvägssjukdomar,Adrenaline and other drugs for obstructive airway diseases,,,
QR03AK02,Isoprenalin och övriga medel vid obstruktiva luftvägssjukdomar,Isoprenaline and other drugs for obstructive airway diseases,,,
QR03AK03,Fenoterol och övriga medel vid obstruktiva luftvägssjukdomar,Fenoterol and other drugs for obstructive airway diseases,,,2013-12-31
QR03AK04,Salbutamol och natriumkromoglikat,Salbutamol and sodium cromoglicate,,,
QR03AK05,Reproterol  och natriumkromoglikat,Reproterol and sodium cromoglicate,,,
QR03AK06,Salmeterol och flutikason,Salmeterol and fluticasone,,,
QR03AK07,Formoterol och budesonid,Formoterol and budesonide,,,
QR03AK08,Formoterol och beklometason,Formoterol and beclometasone,,,
QR03AK09,Formoterol och mometason,Formoterol and mometasone,,,
QR03AK10,Vilanterol och flutikasonfuroat,Vilanterol and fluticasone furoate,,,
QR03AK11,Formoterol och flutikason,Formoterol and fluticasone,,,
QR03AK12,Salmeterol och budesonid,Salmeterol and budesonide,,,
QR03AK13,Salbutamol och beklometason,Salbutamol and beclometasone,,,
QR03AK14,Indakaterol och mometason,Indaceterol and mometasone,,,
QR03AK15,Salbutamol och budesonid,Salbutamol and budesonide,,,
QR03AL,Adrenergika i kombination med antikolinergika inkl. trippelkombinationer med kortikosteroider,Adrenergics in combinations with anticholinergics incl. triple combinations with corticosteroids,,,
QR03AL01,Fenoterol och ipratropiumbromid,Fenoterol and ipratropium bromide,,,
QR03AL02,Salbutamol och ipratropiumbromid,Salbutamol and ipratropium bromide,,,
QR03AL03,Vilanterol och umeklidiniumbromid,Vilanterol and umeclidinium bromide,,,
QR03AL04,Indakaterol och glykopyrroniumbromid,Indacaterol and glycopyrronium bromide,,,
QR03AL05,Formoterol och aklidiniumbromid,Formoterol and aclidinium bromide,,,
QR03AL06,Olodaterol och tiotropiumbromid,Olodaterol and tiotropium bromide,,,
QR03AL07,Formoterol och glykopyrroniumbromid,Formoterol and glycopyrronium bromide,,,
QR03AL08,"Vilanterol, umeklidiniumbromid och flutikasonfuroat","Vilanterol, umeclidinium bromide and fluticasone furoate",,,
QR03AL09,"Formoterol, glykopyrroniumbromid och beklometason","Formoterol, glycopyrronium bromide and beclometasone",,,
QR03AL10,Formoterol och tiotropiumbromid,Formoterol and tiotropium bromide,,,
QR03AL11,"Formoterol, glykopyrroniumbromid och budesonid","Formoterol, glycopyrronium bromide and budesonide",,,
QR03AL12,"Indakaterol, glykopyrroniumbromid och mometason","Indacaterol, glycopyrronium bromide and mometasone",,,
QR03B,"Övriga medel vid obstruktiva luftvägssjukdomar, inhalationer","Other drugs for obstructive airway diseases, inhalants",,,
QR03BA,Glukokortikoider,Glucocorticoids,,,
QR03BA01,Beklometason,Beclometasone,,,
QR03BA02,Budesonid,Budesonide,,,
QR03BA03,Flunisolid,Flunisolide,,,
QR03BA04,Betametason,Betamethasone,,,
QR03BA05,Flutikason,Fluticasone,,,
QR03BA06,Triamcinolon,Triamcinolone,,,
QR03BA07,Mometason,Mometasone,,,
QR03BA08,Ciklesonid,Ciclesonide,,,
QR03BA09,Flutikasonfuroat,Fluticasone furoate,,,
QR03BB,Antikolinergika,Anticholinergics,,,
QR03BB01,Ipratropiumbromid,Ipratropium bromide,,,
QR03BB02,Oxitropiumbromid,Oxitropium bromide,,,
QR03BB03,Stramonimedel,Stramoni preparations,,,
QR03BB04,Tiotropiumbromid,Tiotropium bromide,,,
QR03BB05,Aklidiniumbromid,Aclidinium bromide,,,
QR03BB06,Glykopyrroniumbromid,Glycopyrronium bromide,,,
QR03BB07,Umeklidiniumbromid,Umeclidinium bromide,,,
QR03BB08,Revefenacin,Revefenacin,,,
QR03BB54,"Tiotropiumbromid, kombinationer","Tiotropium bromide, combinations",,,
QR03BC,"Antiallergika, exkl. kortikosteroider","Antiallergic agents, excl. corticosteroids",,,
QR03BC01,Natriumkromoglikat,Cromoglicic acid,,,
QR03BC03,Nedokromil,Nedocromil,,,
QR03BX,"Övriga medel vid obstruktiva luftvägssjukdomar, inhalationer","Other drugs for obstructive airway diseases, inhalants",,,
QR03BX01,Fenspirid,Fenspiride,,,
QR03BX02,Ensifentrin,Ensifentrine,,,
QR03C,Adrenergika för systemiskt bruk,Adrenergics for systemic use,,,
QR03CA,Alfa- och beta-adrenoreceptoragonister,Alpha- and beta-adrenoreceptor agonists,,,
QR03CA01,Epinefrin,Epinephrine,,,2014-01-21
QR03CA02,Efedrin,Ephedrine,,,
QR03CB,Icke-selektiva beta-adrenoceptor agonister,Non-selective beta-adrenoreceptor agonists,,,
QR03CB01,Isoprenalin,Isoprenaline,,,
QR03CB02,Metoxifenamin,Methoxyphenamine,,,
QR03CB03,Orkiprenalin,Orciprenaline,,,
QR03CB51,"Isoprenalin, kombinationer","Isoprenaline, combinations",,,
QR03CB53,"Orkiprenalin, kombinationer","Orciprenaline, combinations",,,
QR03CC,Selektiva beta-2-stimulerande medel,Selective beta-2-adrenoreceptor agonists,,,
QR03CC02,Salbutamol,Salbutamol,,,
QR03CC03,Terbutalin,Terbutaline,,,
QR03CC04,Fenoterol,Fenoterol,,,
QR03CC05,Hexoprenalin,Hexoprenaline,,,
QR03CC06,Isoetarin,Isoetarine,,,
QR03CC07,Pirbuterol,Pirbuterol,,,
QR03CC08,Prokaterol,Procaterol,,,
QR03CC09,Tretokinol,Tretoquinol,,,
QR03CC10,Karbuterol,Carbuterol,,,
QR03CC11,Tulobuterol,Tulobuterol,,,
QR03CC12,Bambuterol,Bambuterol,,,
QR03CC13,Klenbuterol,Clenbuterol,,,
QR03CC14,Reproterol,Reproterol,,,
QR03CC15,Formoterol,Formoterol,,,
QR03CC53,"Terbutalin, kombinationer","Terbutaline, combinations",,,
QR03CC63,Klenbuterol och ambroxol,Clenbuterol and ambroxol,,,
QR03CC90,"Klenbuterol, kombinationer","Clenbuterol, combinations",,,
QR03CK,Adrenergika och övriga medel vid obstruktiva luftvägssjukdomar,Adrenergics and other drugs for obstructive airway diseases,,,
QR03D,Övriga systemiska medel för obstruktiva lungsjukdomar,Other systemic drugs for obstructive airway diseases,,,
QR03DA,Xantiner,Xanthines,,,
QR03DA01,Diprofyllin,Diprophylline,,,
QR03DA02,Kolinteofyllinat,Choline theophyllinate,,,
QR03DA03,Proxifyllin,Proxyphylline,,,
QR03DA04,Teofyllin,Theophylline,,,
QR03DA05,Aminofyllin,Aminophylline,,,
QR03DA06,Etamifyllin,Etamiphylline,,,
QR03DA07,Teobromin,Theobromine,,,
QR03DA08,Bamifyllin,Bamifylline,,,
QR03DA09,Acefyllinpiperazin,Acefylline piperazine,,,
QR03DA10,Bufyllin,Bufylline,,,
QR03DA11,Doxofyllin,Doxofylline,,,
QR03DA12,Mepyraminteofyllinacetat,Mepyramine theophyllinacetate,,,
QR03DA20,Kombinationer,Combinations,,,
QR03DA51,"Diprofyllin, kombinationer","Diprophylline, combinations",,,
QR03DA54,"Teofyllin, kombinationer, exkl. neuroleptika","Theophylline, combinations excl. psycholeptics",,,
QR03DA55,"Aminofyllin, kombinationer","Aminophylline, combinations",,,
QR03DA57,"Teobromin, kombinationer","Theobromine, combinations",,,
QR03DA74,"Teofyllin, kombinationer med neuroleptika","Theophylline, combinations with psycholeptics",,,
QR03DB,Xantiner och adrenergika,Xanthines and adrenergics,,,
QR03DB01,Diprofyllin och adrenergika,Diprophylline and adrenergics,,,
QR03DB02,Kolinteofyllinat och adrenergika,Choline theophyllinate and adrenergics,,,
QR03DB03,Proxyfyllin och adrenergika,Proxyphylline and adrenergics,,,
QR03DB04,Teofyllin och adrenergika,Theophylline and adrenergics,,,
QR03DB05,Aminofyllin och adrenergika,Aminophylline and adrenergics,,,
QR03DB06,Etamifyllin och adrenergika,Etamiphylline and adrenergics,,,
QR03DC,Leukotrienreceptorantagonister,Leukotriene receptor antagonists,,,
QR03DC01,Zafirlukast,Zafirlukast,,,
QR03DC02,Pranlukast,Pranlukast,,,
QR03DC03,Montelukast,Montelukast,,,
QR03DC04,Ibudilast,Ibudilast,,,
QR03DC53,"Montelukast, kombinationer","Montelukast, combinations",,,
QR03DX,Övriga systemiska medel för obstruktiva lungsjukdomar,Other systemic drugs for obstructive airway diseases,,,
QR03DX01,Amlexanox,Amlexanox,,,
QR03DX02,Eprozinol,Eprozinol,,,
QR03DX03,Fenspirid,Fenspiride,,,
QR03DX05,Omalizumab,Omalizumab,,,
QR03DX06,Seratrodast,Seratrodast,,,
QR03DX07,Roflumilast,Roflumilast,,,
QR03DX08,Reslizumab,Reslizumab,,,
QR03DX09,Mepolizumab,Mepolizumab,,,
QR03DX10,Benralizumab,Benralizumab,,,
QR03DX11,Tezepelumab,Tezepelumab,,,
QR03DX12,Depemokimab,Depemokimab,,,
QR05,Medel mot hosta och förkylning,Cough and cold preparations,,,
QR05C,"Expektorantia, exkl. kombinationer med hostdämpande medel","Expectorants, excl. combinations with cough suppressants",,,
QR05CA,"Expektorantia, exkl. mukolytika",Expectorants,,,
QR05CA01,Tyloxapol,Tyloxapol,,,
QR05CA02,Kaliumjodid,Potassium iodide,,,
QR05CA03,Guaifenesin,Guaifenesin,,,
QR05CA04,Ipekakuanharot,Ipecacuanha,,,
QR05CA05,"Läkemalva, rot",Altheae radix,,,
QR05CA06,Senega,Senega,,,
QR05CA07,Antimonpentasulfid,Antimony pentasulfide,,,
QR05CA08,Kreosot,Creosote,,,
QR05CA09,Guajakolsulfonat,Guaiacolsulfonate,,,
QR05CA10,Kombinationer av expektorantia,Combinations of expectorants,,,
QR05CA11,Levoverbenon,Levoverbenone,,,
QR05CA12,"Murgröna, blad",Hederae helicis folium,,,
QR05CA13,Cineol,Cineole,,,
QR05CB,Mukolytika,Mucolytics,,,
QR05CB01,Acetylcystein,Acetylcysteine,,,
QR05CB02,Bromhexin,Bromhexine,,,
QR05CB03,Karbocystein,Carbocisteine,,,
QR05CB04,Eprazinon,Eprazinone,,,
QR05CB05,Mesna,Mesna,,,
QR05CB06,Ambroxol,Ambroxol,,,
QR05CB07,Sobrerol,Sobrerol,,,
QR05CB08,Domiodol,Domiodol,,,
QR05CB09,Letostein,Letosteine,,,
QR05CB10,Kombinationer av mukolytika,Combinations of mucolytics,,,
QR05CB11,Stepronin,Stepronin,,,
QR05CB12,Tiopronin,Tiopronin,,,2016-12-31
QR05CB13,Dornas alfa (deoxiribonukleas),Dornase alfa (desoxyribonuclease),,,
QR05CB14,Neltenexin,Neltenexine,,,
QR05CB15,Erdostein,Erdosteine,,,
QR05CB16,Mannitol,Mannitol,,,
QR05CB90,Dembrexinhydroklorid,Dembrexine hydrochloride,,,
QR05D,"Hosthämmande medel, exkl kombinationer med expektorantia","Cough suppressants, excl. combinations with expectorants",,,
QR05DA,Opiumalkaloider och derivat,Opium alkaloids and derivatives,,,
QR05DA01,Etylmorfin,Ethylmorphine,,,
QR05DA03,Hydrokodon,Hydrocodone,,,
QR05DA04,Kodein,Codeine,,,
QR05DA05,Opiumalkaloider med morfin,Opium alkaloids with morphine,,,
QR05DA06,Normetadon,Normethadone,,,
QR05DA07,Noskapin,Noscapine,,,
QR05DA08,Folkodin,Pholcodine,,,
QR05DA09,Dextrometorfan,Dextromethorphan,,,
QR05DA10,Tebakon,Thebacon,,,
QR05DA11,Dimemorfan,Dimemorfan,,,
QR05DA12,Acetyldihydrokodein,Acetyldihydrocodeine,,,
QR05DA20,Kombinationer av opiumalkaloider och derivat,Combinations of opium alkaloids and derivatives,,,
QR05DA90,Butorfanol,Butorphanol,,,
QR05DB,Övriga hostdämpande medel,Other cough suppressants,,,
QR05DB01,Bensonatat,Benzonatate,,,
QR05DB02,Benproperin,Benproperine,,,
QR05DB03,Klobutinol,Clobutinol,,,
QR05DB04,Isoaminil,Isoaminile,,,
QR05DB05,Pentoxiverin,Pentoxyverine,,,
QR05DB07,Oxolamin,Oxolamine,,,
QR05DB09,Oxeladin,Oxeladin,,,
QR05DB10,Klofedanol,Clofedanol,,,
QR05DB11,Pipazetat,Pipazetate,,,
QR05DB12,Bibenzoniumbromid,Bibenzonium bromide,,,
QR05DB13,Butamirat,Butamirate,,,
QR05DB14,Fedrilat,Fedrilate,,,
QR05DB15,Zipeprol,Zipeprol,,,
QR05DB16,Dibunat,Dibunate,,,
QR05DB17,Droxypropin,Droxypropine,,,
QR05DB18,Prenoxdiazin,Prenoxdiazine,,,
QR05DB19,Dropropizin,Dropropizine,,,
QR05DB20,Kombinationer,Combinations,,,
QR05DB21,Kloperastin,Cloperastine,,,
QR05DB22,Meprotixol,Meprotixol,,,
QR05DB23,Piperidion,Piperidione,,,
QR05DB24,Tipepidin,Tipepidine,,,
QR05DB25,Morklofon,Morclofone,,,
QR05DB26,Nepinalon,Nepinalone,,,
QR05DB27,Levodropropizin,Levodropropizine,,,
QR05DB28,Dimetoxanat,Dimethoxanate,,,
QR05DB29,Gefapixant,Gefapixant,,,
QR05F,Hosthämmande medel i kombination med expektorantia,"Cough suppressants and expectorants, combinations",,,
QR05FA,Opiumderivat och expektorantia,Opium derivatives and expectorants,,,
QR05FA01,Opiumderivat och mukolytika,Opium derivatives and mucolytics,,,
QR05FA02,Opiumderivat och expektorantia,Opium derivatives and expectorants,,,
QR05FB,Övriga hosthämmande medel i kombination med expektorantia,Other cough suppressants and expectorants,,,
QR05FB01,Hosthämmande medel och mukolytika,Cough suppressants and mucolytics,,,
QR05FB02,"Hosthämmande medel i kombination med expektorantia, exkl mukolytika",Cough suppressants and expectorants,,,
QR05X,Övriga medel mot förkylning,Other cold preparations,,,
QR06,Antihistaminer för systemiskt bruk,Antihistamines for systemic use,,,
QR06A,Antihistaminer för systemiskt bruk,Antihistamines for systemic use,,,
QR06AA,Aminoalkyletrar,Aminoalkyl ethers,,,
QR06AA01,Bromdifenhydramin,Bromazine,,,
QR06AA02,Difenhydramin,Diphenhydramine,,,
QR06AA04,Klemastin,Clemastine,,,
QR06AA06,Klorfenoxamin,Chlorphenoxamine,,,
QR06AA07,Difenylpyralin,Diphenylpyraline,,,
QR06AA08,Karbinoxamin,Carbinoxamine,,,
QR06AA09,Doxylamin,Doxylamine,,,
QR06AA10,Trimetobenzamid,Trimethobenzamide,,,
QR06AA11,Dimenhydrinat,Dimenhydrinate,,,
QR06AA52,"Difenhydramin, kombinationer","Diphenhydramine, combinations",,,
QR06AA54,"Klemastin, kombinationer","Clemastine, combinations",,,
QR06AA56,"Klorfenoxamin, kombinationer","Chlorphenoxamine, combinations",,,
QR06AA57,"Difenylpyralin, kombinationer","Diphenylpyraline, combinations",,,
QR06AA59,"Doxylamin, kombinationer","Doxylamine, combinations",,,
QR06AA61,"Dimenhydrinat, kombinationer","Dimenhydrinate, combinations",,,
QR06AB,"Alkylaminer, substituerade",Substituted alkylamines,,,
QR06AB01,Bromfeniramin,Brompheniramine,,,
QR06AB02,Dexklorfeniramin,Dexchlorpheniramine,,,
QR06AB03,Dimetinden,Dimetindene,,,
QR06AB04,Klorfenamin,Chlorphenamine,,,
QR06AB05,Feniramin,Pheniramine,,,
QR06AB06,Dexbromfeniramin,Dexbrompheniramine,,,
QR06AB07,Talastin,Talastine,,,
QR06AB51,"Bromfeniramin, kombinationer","Brompheniramine, combinations",,,
QR06AB52,"Dexklorfeniramin, kombinationer","Dexchlorpheniramine, combinations",,,
QR06AB54,"Klorfenamin, kombinationer","Chlorphenamine, combinations",,,
QR06AB56,"Dexbromfeniramin, kombinationer","Dexbrompheniramine, combinations",,,
QR06AC,"Etylendiaminer, substituerade",Substituted ethylene diamines,,,
QR06AC01,Mepyramin,Mepyramine,,,
QR06AC02,Histapyrrodin,Histapyrrodine,,,
QR06AC03,Kloropyramin,Chloropyramine,,,
QR06AC04,Tripelennamin,Tripelennamine,,,
QR06AC05,Metapyrilen,Methapyrilene,,,
QR06AC06,Tonzylamin,Thonzylamine,,,
QR06AC52,"Histapyrrodin, kombinationer","Histapyrrodine, combinations",,,
QR06AC53,"Kloropyramin, kombinationer","Chloropyramine, combinations",,,
QR06AD,Fentiazinderivat,Phenothiazine derivatives,,,
QR06AD01,Alimemazin,Alimemazine,,,
QR06AD02,Prometazin,Promethazine,,,
QR06AD03,Tietylperazin,Thiethylperazine,,,
QR06AD04,Metdilazin,Methdilazine,,,
QR06AD05,Hydroxietylprometazin,Hydroxyethylpromethazine,,,
QR06AD06,Tiazinam,Thiazinam,,,
QR06AD07,Mekitazin,Mequitazine,,,
QR06AD08,Oxomemazin,Oxomemazine,,,
QR06AD09,Isotipendyl,Isothipendyl,,,
QR06AD52,"Prometazin, kombinationer","Promethazine, combinations",,,
QR06AD55,"Hydroxietylprometazin, kombinationer","Hydroxyethylpromethazine, combinations",,,
QR06AE,Piperazinderivat,Piperazine derivatives,,,
QR06AE01,Buklizin,Buclizine,,,
QR06AE02,Cinnarizin,Cinnarizin,,,2014-01-21
QR06AE03,Cyklizin,Cyclizine,,,
QR06AE04,Klorcyklizin,Chlorcyclizine,,,
QR06AE05,Meklozin,Meclozine,,,
QR06AE06,Oxatomid,Oxatomide,,,
QR06AE07,Cetirizin,Cetirizine,,,
QR06AE09,Levocetirizin,Levocetirizine,,,
QR06AE51,"Buklizin, kombinationer","Buclizine, combinations",,,
QR06AE53,"Cyklizin, kombinationer","Cyclizine, combinations",,,
QR06AE55,"Meklozin, kombinationer","Meclozine, combinations",,,
QR06AK,Kombinationer av antihistaminer,Combinations of antihistamines,,,
QR06AX,Övriga antihistaminer för systemiskt bruk,Other antihistamines for systemic use,,,
QR06AX01,Bamipin,Bamipine,,,
QR06AX02,Cyproheptadin,Cyproheptadine,,,
QR06AX03,Tenalidin,Thenalidine,,,
QR06AX04,Fenindamin,Phenindamine,,,
QR06AX05,Antazolin,Antazoline,,,
QR06AX07,Triprolidin,Triprolidine,,,
QR06AX08,Pyrrobutamin,Pyrrobutamine,,,
QR06AX09,Azatadin,Azatadine,,,
QR06AX11,Astemizol,Astemizole,,,
QR06AX12,Terfenadin,Terfenadine,,,
QR06AX13,Loratadin,Loratadine,,,
QR06AX15,Mebhydrolin,Mebhydrolin,,,
QR06AX16,Deptropin,Deptropine,,,
QR06AX17,Ketotifen,Ketotifen,,,
QR06AX18,Akrivastin,Acrivastine,,,
QR06AX19,Azelastin,Azelastine,,,
QR06AX21,Tritokvalin,Tritoqualine,,,
QR06AX22,Ebastin,Ebastine,,,
QR06AX23,Pimetixen,Pimethixene,,,
QR06AX24,Epinastin,Epinastine,,,
QR06AX25,Mizolastin,Mizolastine,,,
QR06AX26,Fexofenadin,Fexofenadine,,,
QR06AX27,Desloratadin,Desloratadine,,,
QR06AX28,Rupatadin,Rupatadine,,,
QR06AX29,Bilastin,Bilastine,,,
QR06AX31,Kifenadin,Quifenadine,,,
QR06AX32,Sekifenadin,Sequifenadine,,,
QR06AX53,"Tenalidin, kombinationer","Thenalidine, combinations",,,
QR06AX58,"Pyrrobutamin, kombinationer","Pyrrobutamine, combinations",,,
QR07,Övriga medel vid sjukdomar i andningsorganen,Other respiratory system products,,,
QR07A,Övriga medel vid sjukdomar i andningsorganen,Other respiratory system products,,,
QR07AA,Ytaktiva medel (lunga),Lung surfactants,,,
QR07AA01,Kolfoskeril,Colfosceril palmitate,,,
QR07AA02,Naturliga fosfolipider,Natural phospholipids,,,
QR07AA30,Kombinationer,Combinations,,,
QR07AB,Andningsstimulerande medel,Respiratory stimulants,,,
QR07AB01,Doxapram,Doxapram,,,
QR07AB02,Niketamid,Nikethamide,,,
QR07AB03,Pentetrazol,Pentetrazol,,,
QR07AB04,Etamivan,Etamivan,,,
QR07AB05,Bemegrid,Bemegride,,,
QR07AB06,Pretkamid,Prethcamide,,,
QR07AB07,Almitrin,Almitrine,,,
QR07AB08,Dimeflin,Dimefline,,,
QR07AB09,Mepixanox,Mepixanox,,,
QR07AB52,"Niketamid, kombinationer","Nikethamide, combinations",,,
QR07AB53,"Pentetrazol, kombinationer","Pentetrazol, combinations",,,
QR07AB99,"Andningsstimulerande medel, kombinationer","Respiratory stimulants, combinations",,,
QR07AX,Övriga medel vid sjukdomar i andningsorganen,Other respiratory system products,,,
QR07AX01,Kväveoxid,Nitric oxide,,,
QR07AX02,Ivakaftor,Ivacaftor,,,
QR07AX30,Ivakaftor och lumakaftor,Ivacaftor and lumacaftor,,,
QR07AX31,Ivakaftor och tezakaftor,Ivacaftor and tezacaftor,,,
QR07AX32,"Ivakaftor, tezakaftor och elexakaftor","Ivacaftor, tezacaftor and elexacaftor",,,
QR07AX33,"Deutivakaftor, tezakaftor och vanzakaftor","Deutivacaftor, tezacaftor and vanzacaftor",,,
QS,Ögon och öron,Sensory organs,,,
QS01,Medel vid ögonsjukdomar,Ophthalmologicals,,,
QS01A,Antiinfektiva medel,Antiinfectives,,,
QS01AA,Antibiotika,Antibiotics,,,
QS01AA01,Kloramfenikol,Chloramphenicol,,,
QS01AA02,Klortetracyklin,Chlortetracycline,,,
QS01AA03,Neomycin,Neomycin,,,
QS01AA04,Oxitetracyklin,Oxytetracycline,,,
QS01AA05,Tyrotricin,Tyrothricin,,,
QS01AA07,Framycetin,Framycetin,,,
QS01AA09,Tetracyklin,Tetracycline,,,
QS01AA10,Natamycin,Natamycin,,,
QS01AA11,Gentamicin,Gentamicin,,,
QS01AA12,Tobramycin,Tobramycin,,,
QS01AA13,Fusidinsyra,Fusidic acid,,,
QS01AA14,Bensylpenicillin,Benzylpenicillin,,,
QS01AA15,Dihydrostreptomycin,Dihydrostreptomycin,,,
QS01AA16,Rifamycin,Rifamycin,,,
QS01AA17,Erytromycin,Erythromycin,,,
QS01AA18,Polymyxin B,Polymyxin B,,,
QS01AA19,Ampicillin,Ampicillin,,,
QS01AA20,Antibiotika i kombination med andra läkemedel,Antibiotics in combination with other drugs,,,
QS01AA21,Amikacin,Amikacin,,,
QS01AA22,Mikronomicin,Micronomicin,,,
QS01AA23,Netilmicin,Netilmicin,,,
QS01AA24,Kanamycin,Kanamycin,,,
QS01AA25,Azidamfenikol,Azidamfenicol,,,
QS01AA26,Azitromycin,Azithromycin,,,
QS01AA27,Cefuroxim,Cefuroxime,,,
QS01AA28,Vankomycin,Vancomycin,,,
QS01AA29,Dibekacin,Dibekacin,,,
QS01AA30,Kombinationer av olika antibiotika,Combinations of different antibiotics,,,
QS01AA31,Cefmenoxim,Cefmenoxime,,,
QS01AA32,Bacitracin,Bacitracin,,,
QS01AA90,Cloxacillin,Cloxacillin,,,
QS01AB,Sulfonamider,Sulfonamides,,,
QS01AB01,Sulfametizol,Sulfamethizole,,,
QS01AB02,Sulfafurazol,Sulfafurazole,,,
QS01AB03,Sulfadikramid,Sulfadicramide,,,
QS01AB04,Sulfacetamid,Sulfacetamide,,,
QS01AB05,Sulfafenazol,Sulfafenazol,,,
QS01AD,Antivirala medel,Antivirals,,,
QS01AD01,Idoxuridin,Idoxuridine,,,
QS01AD02,Trifluridin,Trifluridine,,,
QS01AD03,Aciklovir,Aciclovir,,,
QS01AD05,Interferon,Interferon,,,
QS01AD06,Vidarabin,Vidarabine,,,
QS01AD07,Famciklovir,Famciclovir,,,
QS01AD08,Fomiversen,Fomivirsen,,,
QS01AD09,Ganciklovir,Ganciclovir,,,
QS01AE,Fluorokinoloner,Fluoroquinolones,,,
QS01AE01,Ofloxacin,Ofloxacin,,,
QS01AE02,Norfloxacin,Norfloxacin,,,
QS01AE03,Ciprofloxacin,Ciprofloxacin,,,
QS01AE04,Lomefloxacin,Lomefloxacin,,,
QS01AE05,Levofloxacin,Levofloxacin,,,
QS01AE06,Gatifloxacin,Gatifloxacin,,,
QS01AE07,Moxifloxacin,Moxifloxacin,,,
QS01AE08,Besifloxacin,Besifloxacin,,,
QS01AE09,Tosufloxacin,Tosufloxacin,,,
QS01AX,Övriga antiinfektiva medel,Other antiinfectives,,,
QS01AX01,Kvicksilverföreningar,Mercury compounds,,,
QS01AX02,Silverföreningar,Silver compounds,,,
QS01AX03,Zinkföreningar,Zinc compounds,,,
QS01AX04,Nitrofural,Nitrofural,,,
QS01AX05,Bibrokatol,Bibrocathol,,,
QS01AX06,Resorcinol,Resorcinol,,,
QS01AX07,Natriumborat,Sodium borate,,,
QS01AX08,Hexamidin,Hexamidine,,,
QS01AX09,Klorhexidin,Chlorhexidine,,,
QS01AX10,Natriumpropionat,Sodium propionate,,,
QS01AX14,Dibrompropamidin,Dibrompropamidine,,,
QS01AX15,Propamidin,Propamidine,,,
QS01AX16,Pikloxydin,Picloxydine,,,
QS01AX18,Povidon-jod,Povidone-iodine,,,
QS01AX24,Polihexanid,Polihexanide,,,
QS01AX25,Lotilaner,Lotilaner,,,
QS01AX26,Cetexonium,Cethexonium,,,
QS01B,Antiinflammatoriska medel,Antiinflammatory agents,,,
QS01BA,Kortikosteroider,"Corticosteroids, plain",,,
QS01BA01,Dexametason,Dexamethasone,,,
QS01BA02,Hydrokortison,Hydrocortisone,,,
QS01BA03,Kortison,Cortisone,,,
QS01BA04,Prednisolon,Prednisolone,,,
QS01BA05,Triamcinolon,Triamcinolone,,,
QS01BA06,Betametason,Betamethasone,,,
QS01BA07,Fluorometolon,Fluorometholone,,,
QS01BA08,Medryson,Medrysone,,,
QS01BA09,Klobetason,Clobetasone,,,
QS01BA10,Alklometason,Alclometasone,,,
QS01BA11,Desonid,Desonide,,,
QS01BA12,Formokortal,Formocortal,,,
QS01BA13,Rimexolon,Rimexolone,,,
QS01BA14,Loteprednol,Loteprednol,,,
QS01BA15,Fluocinolonacetonid,Fluocinolone acetonide,,,
QS01BA16,Difluprednat,Difluprednate,,,
QS01BA17,Klobetasol,Clobetasol,,,
QS01BB,Kortikosteroider och mydriatika i kombination,Corticosteroids and mydriatics in combination,,,
QS01BB01,Hydrokortison och mydratikum,Hydrocortisone and mydriatics,,,
QS01BB02,Prednisolon och mydriaktika,Prednisolone and mydriatics,,,
QS01BB03,Fluorometolon och mydriatika,Fluorometholone and mydriatics,,,
QS01BB04,Betametason och mydriatika,Betamethasone and mydriatics,,,
QS01BC,Icke-steroida antiinflammatoriska medel,"Antiinflammatory agents, non-steroids",,,
QS01BC01,Indometacin,Indometacin,,,
QS01BC02,Oxifenbutazon,Oxyphenbutazone,,,
QS01BC03,Diklofenak,Diclofenac,,,
QS01BC04,Flurbiprofen,Flurbiprofen,,,
QS01BC05,Ketorolak,Ketorolac,,,
QS01BC06,Piroxikam,Piroxicam,,,
QS01BC07,Bendazak,Bendazac,,,
QS01BC08,Salicylsyra,Salicylic acid,,,
QS01BC09,Pranoprofen,Pranoprofen,,,
QS01BC10,Nepafenak,Nepafenac,,,
QS01BC11,Bromfenak,Bromfenac,,,
QS01C,Antiinflammatoriska och antiinfektiva medel i kombination,Antiinflammatory agents and antiinfectives in combination,,,
QS01CA,Kortikosteroider i kombination med antiinfektiva medel,Corticosteroids and antiinfectives in combination,,,
QS01CA01,Dexametason och antiinfektiva medel,Dexamethasone and antiinfectives,,,
QS01CA02,Prednisolon och antiinfektiva medel,Prednisolone and antiinfectives,,,
QS01CA03,Hydrokortison och antiinfektiva medel,Hydrocortisone and antiinfectives,,,
QS01CA04,Fluokortolon och antiinfektiva medel,Fluocortolone and antiinfectives,,,
QS01CA05,Betametason och antiinfektiva medel,Betamethasone and antiinfectives,,,
QS01CA06,Fludrokortison och antiinfektiva medel,Fludrocortisone and antiinfectives,,,
QS01CA07,Fluorometolon och antiinfektiva medel,Fluorometholone and antiinfectives,,,
QS01CA08,Metylprednisolon och antiinfektiva medel,Methylprednisolone and antiinfectives,,,
QS01CA09,Klorprednison och antiinfektiva medel,Chloroprednisone and antiinfectives,,,
QS01CA10,Fluocinolonacetonid och antiinfektiva medel,Fluocinolone acetonide and antiinfectives,,,
QS01CA11,Klobetason och antiinfektiva,Clobetasone and antiinfectives,,,
QS01CA12,Loteprednol och antiinfektiva medel,Loteprednol and antiinfectives,,,
QS01CB,Kortikosteroider/antiinfektiva/mydriatika i kombination,Corticosteroids/antiinfectives/mydriatics in combination,,,
QS01CB01,Dexametason,Dexamethasone,,,
QS01CB02,Prednisolon,Prednisolone,,,
QS01CB03,Hydrokortison,Hydrocortisone,,,
QS01CB04,Betametason,Betamethasone,,,
QS01CB05,Fluorometolon,Fluorometholone,,,
QS01CC,Icke-steroida antiinflammatoriska medel och antiinfektiva medel i kombination,"Antiinflammatory agents, non-steroids and antiinfectives in combination",,,
QS01CC01,Diklofenk och antiinfektiva,Diclofenac and antiinfectives,,,
QS01CC02,Indometacin och antiinfektiva medel,Indometacin and antiinfectives,,,
QS01E,Medel vid glaukom samt miotika,Antiglaucoma preparations and miotics,,,
QS01EA,Sympatomimetika vid glaukom,Sympathomimetics in glaucoma therapy,,,
QS01EA01,Adrenalin,Adrenaline,,,
QS01EA02,Dipivefrin,Dipivefrine,,,
QS01EA03,Apraklonidin,Apraclonidine,,,
QS01EA04,Klonidin,Clonidine,,,
QS01EA05,Brimonidin,Brimonidine,,,
QS01EA51,"Adrenalin, kombinationer","Adrenaline,  combinations",,,
QS01EA55,Brimonidin och ripasudil,Brimonidine and ripasudil,,,
QS01EB,Parasympatomimetika,Parasympathomimetics,,,
QS01EB01,Pilokarpin,Pilocarpine,,,
QS01EB02,Karbakol,Carbachol,,,
QS01EB03,Ekotiopat,Ecothiopate,,,
QS01EB04,Demekar,Demecarium,,,
QS01EB05,Fysostigmin,Physostigmine,,,
QS01EB06,Neostigmin,Neostigmine,,,
QS01EB07,Fluostigmin,Fluostigmine,,,
QS01EB08,Aceklidin,Aceclidine,,,
QS01EB09,Acetylkolin,Acetylcholine,,,
QS01EB10,Paraoxon,Paraoxon,,,
QS01EB51,"Pilokarpin, kombinationer","Pilocarpine, combinations",,,
QS01EB58,"Aceklidin, kombinationer","Aceclidine, combinations",,,
QS01EC,Karbanhydrashämmare,Carbonic anhydrase inhibitors,,,
QS01EC01,Acetazolamid,Acetazolamide,,,
QS01EC02,Diklofenamid,Diclofenamide,,,
QS01EC03,Dorzolamid,Dorzolamide,,,
QS01EC04,Brinzolamid,Brinzolamide,,,
QS01EC05,Metazolamid,methazolamide,,,
QS01EC54,"Brinzolamid, kombinationer","Brinzolamide, combinations",,,
QS01ED,Beta-receptorblockerande medel,Beta blocking agents,,,
QS01ED01,Timolol,Timolol,,,
QS01ED02,Betaxolol,Betaxolol,,,
QS01ED03,Levobunolol,Levobunolol,,,
QS01ED04,Metipranolol,Metipranolol,,,
QS01ED05,Karteolol,Carteolol,,,
QS01ED06,Befunolol,Befunolol,,,
QS01ED51,"Timolol, kombinationer","Timolol, combinations",,,
QS01ED52,"Betoxalol, kombinationer","Betaxolol, combinations",,,
QS01ED54,"Metipranolol, kombinationer","Metipranolol, combinations",,,
QS01ED55,"Karteolol, kombinationer","Carteolol, combinations",,,
QS01EE,Prostaglandinanaloger,Prostaglandin analogues,,,
QS01EE01,Latanoprost,Latanoprost,,,
QS01EE02,Unoproston,Unoprostone,,,
QS01EE03,Bimatoprost,Bimatoprost,,,
QS01EE04,Travoprost,Travoprost,,,
QS01EE05,Tafluprost,Tafluprost,,,
QS01EE06,Latanoprostenbunod,Latanoprostene bunod,,,
QS01EE51,Latanoprost och netarsudil,Latanoprost and netarsudil,,,
QS01EE52,Latanoprost och dorzolamid,Latanoprost and dorzolamide,,,
QS01EX,Övriga medel vid glaukom samt miotika,Other antiglaucoma preparations,,,
QS01EX01,Guanetidin,Guanethidine,,,
QS01EX02,Dapiprazol,Dapiprazole,,,
QS01EX05,Netarsudil,Netarsudil,,,
QS01EX06,Omidenepag,Omidenepag,,,
QS01EX07,Ripasudil,Ripasudil,,,
QS01F,Mydriatika och cykloplegika,Mydriatics and cycloplegics,,,
QS01FA,Antikolinergika,Anticholinergics,,,
QS01FA01,Atropin,Atropine,,,
QS01FA02,Skopolamin,Scopolamine,,,
QS01FA03,Metylskopolamin,Methylscopolamine,,,
QS01FA04,Cyklopentolat,Cyclopentolate,,,
QS01FA05,Homatropin,Homatropine,,,
QS01FA06,Tropikamid,Tropicamide,,,
QS01FA54,"Cyklopentolat, kombinationer","Cyclopentolate, combinations",,,
QS01FA56,"Tropikamid, kombinationer","Tropicamide, combinations",,,
QS01FB,"Sympatomimetika, exkl. medel vid glaukom","Sympathomimetics, excl. antiglaucoma preparations",,,
QS01FB01,Fenylefrin,Phenylephrine,,,
QS01FB02,Efedrin,Ephedrine,,,
QS01FB03,Ibopamin,Ibopamine,,,
QS01FB51,Fenylefrin och ketorolak,Phenylephrine and ketorolac,,,
QS01FB90,Oxedrin,Oxedrine,,,
QS01FB99,"Sympatomimetika, kombinationer","Sympathomimetics, combinations",,,
QS01G,Avsvällande medel och antiallergika,Decongestants and antiallergics,,,
QS01GA,Sympatomimetika som avsvällande medel,Sympathomimetics used as decongestants,,,
QS01GA01,Nafazolin,Naphazoline,,,
QS01GA02,Tetryzolin,Tetryzoline,,,
QS01GA03,Xylometazolin,Xylometazoline,,,
QS01GA04,Oximetazolin,Oxymetazoline,,,
QS01GA05,Fenylefrin,Phenylephrine,,,
QS01GA06,Oxedrin,Oxedrine,,,
QS01GA07,Brimonidin,Brimonidine,,,
QS01GA51,"Nafazolin, kombinationer","Naphazoline, combinations",,,
QS01GA52,"Tetryzolin, kombinationer","Tetryzoline, combinations",,,
QS01GA53,"Xylometazolin, kombinationer","Xylometazoline, combinations",,,
QS01GA55,"Fenylefrin, kombinationer",Phenylephrine combinations,,,
QS01GA56,"Oxedrin, kombinationer","Oxedrine, combinations",,,
QS01GX,Övriga antiallergika,Other antiallergics,,,
QS01GX01,Natriumkromoglikat,Cromoglicic acid,,,
QS01GX02,Levokabastin,Levocabastine,,,
QS01GX03,Spagluminsyra,Spaglumic acid,,,
QS01GX04,Nedokromil,Nedocromil,,,
QS01GX05,Lodoxamid,Lodoxamide,,,
QS01GX06,Emedastin,Emedastine,,,
QS01GX07,Azelastin,Azelastine,,,
QS01GX08,Ketotifen,Ketotifen,,,
QS01GX09,Olopatadin,Olopatadine,,,
QS01GX10,Epinastin,Epinastine,,,
QS01GX11,Alkaftadin,Alcaftadine,,,
QS01GX12,Cetirizin,Cetirizine,,,
QS01GX13,Bilastin,Bilastine,,,
QS01GX51,"Natriumkromoglikat, kombinationer","Cromoglicic acid, combinations",,,
QS01H,Lokalanestetika,Local anesthetics,,,
QS01HA,Lokalanestetika,Local anesthetics,,,
QS01HA01,Kokain,Cocaine,,,
QS01HA02,Oxibuprokain,Oxybuprocaine,,,
QS01HA03,Tetrakain,Tetracaine,,,
QS01HA04,Proximetakain,Proxymetacaine,,,
QS01HA05,Prokain,Procaine,,,
QS01HA06,Cinkokain,Cinchocaine,,,
QS01HA07,Lidokain,Lidocaine,,,
QS01HA08,Kloroprokain,Chloroprocaine,,,
QS01HA30,Kombinationer,Combinations,,,
QS01J,Diagnostiska medel,Diagnostic agents,,,
QS01JA,Färgämnen,Colouring agents,,,
QS01JA01,Fluorescein,Fluorescein,,,
QS01JA02,Bengalrosanatrium,Rose bengal sodium,,,
QS01JA51,"Fluorescein, kombinationer","Fluorescein, combinations",,,
QS01JX,Övriga diagnostiska medel vid ögonsjukdomar,Other ophthalmological diagnostic agents,,,
QS01K,Hjälpmedel vid operationer,Surgical aids,,,
QS01KA,Viskoelastiska substanser,Viscoelastic substances,,,
QS01KA01,Hyaluronsyra,Hyaluronic acid,,,
QS01KA02,Hypromellos,Hypromellose,,,
QS01KA51,"Hyaluronsyra, kombinationer","Hyaluronic acid, combinations",,,
QS01KX,Övriga hjälpmedel vid operationer,Other surgical aids,,,
QS01KX01,Kymotrypsin,Chymotrypsin,,,
QS01KX02,Trypanblått,Trypan blue,,,
QS01L,Medel vid kärlsjukdomar i ögat,Ocular vascular disorder agents,,,
QS01LA,Medel mot kärlnybildning,Antineovascularisation agents,,,
QS01LA01,Verteporfin,Verteporfin,,,
QS01LA02,Anekortav,Anecortave,,,
QS01LA03,Pegaptanib,Pegaptanib,,,
QS01LA04,Ranibizumab,Ranibizumab,,,
QS01LA05,Aflibercept,Aflibercept,,,
QS01LA06,Brolucizumab,Brolucizumab,,,
QS01LA07,Abicipar pegol,Abicipar pegol,,,
QS01LA08,Bevacizumab,Bevacizumab,,,
QS01LA09,Faricimab,Faricimab,,,
QS01X,Övriga medel vid ögonsjukdomar,Other ophthalmologicals,,,
QS01XA,Övriga medel vid ögonsjukdomar,Other ophthalmologicals,,,
QS01XA01,Guajazulen,Guaiazulen,,,
QS01XA02,Retinol,Retinol,,,
QS01XA03,"Natriumklorid, hyperton","Sodium chloride, hypertonic",,,
QS01XA04,Kaliumjodid,Potassium iodide,,,
QS01XA05,Natriumedetat,Sodium edetate,,,
QS01XA06,Etylmorfin,Ethylmorphine,,,
QS01XA07,Alum,Alum,,,
QS01XA08,Acetylcystein,Acetylcysteine,,,
QS01XA09,Jodoheparinat,Iodoheparinate,,,
QS01XA10,Inosin,Inosine,,,
QS01XA11,Nandrolon,Nandrolone,,,
QS01XA12,Dexapantenol,Dexpanthenol,,,
QS01XA13,Alteplas,Alteplase,,,
QS01XA14,Heparin,Heparin,,,
QS01XA15,Askorbinsyra,Ascorbic acid,,,
QS01XA18,Ciklosporin,Ciclosporin,,,
QS01XA19,Autologa limbala stamceller,"Limbal stems cells, autologous",,,
QS01XA20,Tårsubstitut och övriga indifferenta medel,Artificial tears and other indifferent preparations,,,
QS01XA21,Merkaptamin,Mercaptamine,,,
QS01XA22,Okriplasmin,Ocriplasmin,,,
QS01XA23,Sirolimus,Sirolimus,,,
QS01XA24,Cenegermin,Cenegermin,,,
QS01XA25,Lifitegrast,Lifitegrast,,,
QS01XA26,Riboflavin,Riboflavin,,,
QS01XA27,Voretigen-neparvovek,Voretigene neparvovec,,,
QS01XA28,Vareniklin,Varenicline,,,
QS01XA29,Sepofarsen,Sepofarsen,,,
QS01XA31,Pegcetakoplan,Pegcetacoplan,,,
QS01XA32,Avacinkaptad pegol,Avacincaptad pegol,,,
QS01XA33,Dikvafosol,Diquafosol,,,
QS01XA91,Pirenoxin,Pirenoxin,,,
QS02,Medel vid öronsjukdomar,Otologicals,,,
QS02A,Antiinfektiva medel,Antiinfectives,,,
QS02AA,Antiinfektiva medel,Antiinfectives,,,
QS02AA01,Kloramfenikol,Chloramphenicol,,,
QS02AA02,Nitrofural,Nitrofural,,,
QS02AA03,Borsyra,Boric acid,,,
QS02AA04,Aluminiumacetotartrat,Aluminium acetotartrate,,,
QS02AA05,Kliokinol,Clioquinol,,,
QS02AA06,Väteperoxid,Hydrogen peroxide,,,
QS02AA07,Neomycin,Neomycin,,,
QS02AA08,Tetracyklin,Tetracycline,,,
QS02AA09,Klorhexidin,Chlorhexidine,,,
QS02AA10,Ättiksyra,Acetic acid,,,
QS02AA11,Polymyxin B,Polymyxin B,,,
QS02AA12,Rifamycin,Rifamycin,,,
QS02AA13,Mikonazol,Miconazole,,,
QS02AA14,Gentamicin,Gentamicin,,,
QS02AA15,Ciprofloxacin,Ciprofloxacin,,,
QS02AA16,Ofloxacin,Ofloxacin,,,
QS02AA17,Fosfomycin,Fosfomycin,,,
QS02AA18,Cefmenoxim,Cefmenoxime,,,
QS02AA30,"Antiinfektiva medel, kombinationer","Antiinfectives, combinations",,,
QS02AA57,"Neomycin, kombinationer","Neomycin, combinations",,,
QS02B,Kortikosteroider,Corticosteroids,,,
QS02BA,Kortikosteroider,Corticosteroids,,,
QS02BA01,Hydrokortison,Hydrocortisone,,,
QS02BA03,Prednisolon,Prednisolone,,,
QS02BA06,Dexametason,Dexamethasone,,,
QS02BA07,Betametason,Betamethasone,,,
QS02BA08,Fluocinolonacetonid,Fluocinolone acetonide,,,
QS02BA99,"Kortikosteroider, kombinationer","Corticosteroids, combinations",,,
QS02C,Kortikosteroider i kombination med antiinfektiva,Corticosteroids and antiinfectives in combination,,,
QS02CA,Kortikosteroider i kombination med antiinfektiva,Corticosteroids and antiinfectives in combination,,,
QS02CA01,Prednisolon och antiinfektiva medel,Prednisolone and antiinfectives,,,
QS02CA02,Flumetason och medel mot infektioner,Flumetasone and antiinfectives,,,
QS02CA03,Hydrokortison och antiinfektiva medel,Hydrocortisone and antiinfectives,,,
QS02CA04,Triamcinolon och antiinfektiva,Triamcinolone and antiinfectives,,,
QS02CA05,Fluocinolonacetonid antiinfektiva,Fluocinolone acetonide and antiinfectives,,,
QS02CA06,Dexametason och antiinfektiva medel,Dexamethasone and antiinfectives,,,
QS02CA07,Fludrokortison och medel mot infektioner,Fludrocortisone and antiinfectives,,,
QS02CA90,Betametason och antiinfektiva medel,Betamethasone and anti-infectives,,,
QS02CA91,Mometason och antiinfektiva medel,Mometasone and anti-infectives,,,
QS02D,Övriga medel vid ögonsjukdomar,Other otologicals,,,
QS02DA,Analgetika och anestetika,Analgesics and anesthetics,,,
QS02DA01,Lidokain,Lidocaine,,,
QS02DA02,Kokain,Cocaine,,,
QS02DA03,Fenazon,Phenazone,,,
QS02DA04,Cinkokain,Cinchocaine,,,
QS02DA30,Kombinationer,Combinations,,,
QS02DC,Indifferenta medel,Indifferent preparations,,,
QS02Q,Antiparasitära medel,Antiparasitics,,,
QS02QA,Antiparasitära medel,Antiparasitics,,,
QS02QA01,Lindane,Lindane,,,
QS02QA02,Sulfiram,Sulfiram,,,
QS02QA03,Ivermektin,Ivermectin,,,
QS02QA51,"Lindane, kombinationer","Lindane, combinations",,,
QS03,Medel vid ögon- och öronsjukdomar,Ophthalmological and otological preparations,,,
QS03A,Antiinfektiva medel,Antiinfectives,,,
QS03AA,Antiinfektiva medel,Antiinfectives,,,
QS03AA01,Neomycin,Neomycin,,,
QS03AA02,Tetracyklin,Tetracycline,,,
QS03AA03,Polymyxin B,Polymyxin B,,,
QS03AA04,Klorhexidin,Chlorhexidine,,,
QS03AA05,Hexamidin,Hexamidine,,,
QS03AA06,Gentamicin,Gentamicin,,,
QS03AA07,Ciprofloxacin,Ciprofloxacin,,,
QS03AA08,Kloramfenikol,Chloramphenicol,,,
QS03AA30,"Antiinfektiva medel, kombinationer","Antiinfectives, combinations",,,
QS03B,Kortikosteroider,Corticosteroids,,,
QS03BA,Kortikosteroider,Corticosteroids,,,
QS03BA01,Dexametason,Dexamethasone,,,
QS03BA02,Prednisolon,Prednisolone,,,
QS03BA03,Betametason,Betamethasone,,,
QS03C,Kortikosteroider i kombination med antiinfektiva medel,Corticosteroids and antiinfectives in combination,,,
QS03CA,Kortikosteroider i kombination med antiinfektiva medel,Corticosteroids and antiinfectives in combination,,,
QS03CA01,Dexametason + antiinfektiva,Dexamethasone and antiinfectives,,,
QS03CA02,Prednisolon och antiinfektiva medel,Prednisolone and antiinfectives,,,
QS03CA04,Hydrokortison och antiinfektiva medel,Hydrocortisone and antiinfectives,,,
QS03CA05,Fludrokortison + antiinfektiva,Fludrocortisone and antiinfectives,,,
QS03CA06,Betametason och medel mot infektioner,Betamethasone and antiinfectives,,,
QS03CA07,Metylprednisolon och antiinfektiva,Methylprednisolone and antiinfectives,,,
QS03D,Övriga medel vid ögon- och öronsjukdomar,Other ophthalmological and otological preparations,,,
QV,Övrigt,Various,,,
QV01,Allergener,Allergens,,,
QV01A,Allergener,Allergens,,,
QV01AA,Allergenextrakt,Allergen extracts,,,
QV01AA01,Fjädrar,Feather,,,
QV01AA02,Gräspollen,Grass pollen,,,
QV01AA03,Husdammskvalster,House dust mites,,,
QV01AA04,Mögelsvampar och jästsvampar,Mould fungus and yeast fungus,,,
QV01AA05,Pollen från träd,Tree pollen,,,
QV01AA07,Insekter,Insects,,,
QV01AA08,Födoämnen,Food,,,
QV01AA09,Textilier,Textiles,,,
QV01AA10,Örter,Flowers,,,
QV01AA11,Djur,Animals,,,
QV01AA20,Övrigt,Various,,,
QV03,"Medel vid förgiftningar, överdoseringar m.m.",All other therapeutic products,,,
QV03A,"Medel vid förgiftningar, överdoseringar m.m.",All other therapeutic products,,,
QV03AB,Antidoter,Antidotes,,,
QV03AB01,Ipekakuanharot,Ipecacuanha,,,
QV03AB02,Nalorfin,Nalorphine,,,
QV03AB03,Edetat,Edetates,,,
QV03AB04,Pralidoxim,Pralidoxime,,,
QV03AB05,Prednisolon och prometazin,Prednisolone and promethazine,,,
QV03AB06,Tiosulfat,Thiosulfate,,,
QV03AB07,Apomorfin,Apomorphine,,,2014-01-21
QV03AB08,Natriumnitrit,Sodium nitrite,,,
QV03AB09,Dimerkaprol,Dimercaprol,,,
QV03AB13,Obidoxim,Obidoxime,,,
QV03AB14,Protamin,Protamine,,,
QV03AB15,Naloxon,Naloxone,,,
QV03AB16,Etanol,Ethanol,,,
QV03AB17,Metyltioninklorid,Methylthioninium chloride,,,
QV03AB18,Kaliumpermanganat,Potassium permanganate,,,
QV03AB19,Fysostigmin,Physostigmine,,,
QV03AB20,Kopparsulfat,Copper sulfate,,,
QV03AB21,Kaliumjodid,Potassium iodide,,,
QV03AB22,Amylnitrit,Amyl nitrite,,,
QV03AB23,Acetylcystein,Acetylcysteine,,,
QV03AB24,Digitalisantitoxin,Digitalis antitoxin,,,
QV03AB25,Flumazenil,Flumazenil,,,
QV03AB26,Metionin,Methionine,,,
QV03AB27,4-Dimetylaminofenol,4-dimethylaminophenol,,,
QV03AB29,Kolinesteras,Cholinesterase,,,
QV03AB31,Järn(III)ferrocyanid,Prussian blue,,,
QV03AB32,Glutation,Glutathione,,,
QV03AB33,Hydroxokobalamin,Hydroxocobalamin,,,
QV03AB34,Fomepizol,Fomepizole,,,
QV03AB35,Sugammadex,Sugammadex,,,
QV03AB36,Fentolamin,Phentolamine,,,
QV03AB37,Idarucizumab,Idarucizumab,,,
QV03AB38,Andexanet alfa,Andexanet alfa,,,
QV03AB54,Pralidoxim och atropin,Pralidoxime and atropine,,,
QV03AB90,Atipamezol,Atipamezole,,,
QV03AB91,Sarmazenil,Sarmazenil,,,
QV03AB92,Diprenorfin,Diprenorfin,,,
QV03AB93,Yohimbin,Yohimbine,,,
QV03AB94,Tolazolin,Tolazoline,,,
QV03AB95,Apomorfin,Apomorphine,,,
QV03AB96,Ropinirol,Ropinirole,,,
QV03AC,Medel vid järnförgiftning,Iron-chelating agents,,,
QV03AC01,Deferoxamin,Deferoxamine,,,
QV03AC02,Deferipron,Deferiprone,,,
QV03AC03,Deferasirox,Deferasirox,,,
QV03AE,Medel för behandling av hyperkalemi och hyperfosfatemi,Drugs for treatment of hyperkalemia and hypophosphatemia,,,
QV03AE01,Polystyrensulfonat,Polystyrene sulfonate,,,
QV03AE02,Sevelamer,Sevelamer,,,
QV03AE03,Lantankarbonat,Lanthanum carbonate,,,
QV03AE04,Kalciumacetat och magnesiumkarbonat,Calcium acetate and magnesium carbonate,,,
QV03AE05,Sukrojärn(III)oxihydroxid,Sucroferric oxyhydroxide,,,
QV03AE06,Kolestilan,Colestilan,,,
QV03AE07,Kalciumacetat,Calcium acetate,,,
QV03AE08,Järn(III)citrat,Ferric citrate,,,
QV03AE09,Patiromerkalcium,Patiromer calcium,,,
QV03AE10,Natriumzirkoniumcyklosilikat,Sodium zirconium cyclosilicate,,,
QV03AF,Medel mot toxicitet vid cytostatikabehandling,Detoxifying agents for antineoplastic treatment,,,
QV03AF01,Mesna,Mesna,,,
QV03AF02,Dexrazoxan,Dexrazoxane,,,
QV03AF03,Kalciumfolinat,Calcium folinate,,,
QV03AF04,Kalciumlevofolinat,Calcium levofolinate,,,
QV03AF05,Amifostin,Amifostine,,,
QV03AF06,Natriumfolinat,Sodium folinate,,,
QV03AF07,Rasburikas,Rasburicase,,,
QV03AF08,Palifermin,Palifermin,,,
QV03AF09,Glukarpidas,Glucarpidase,,,
QV03AF10,Natriumlevofolinat,Sodium levofolinate,,,
QV03AF11,Arginin och lysin,Arginine and lysine,,,
QV03AF12,Trilaciklib,Trilaciclib,,,
QV03AG,Medel för behandling av hyperkalcemi,Drugs for treatment of hypercalcemia,,,
QV03AG01,Natriumcellulosafosfater,Sodium cellulose phosphate,,,
QV03AG05,Natriumfosfat,Sodium phosphate,,,
QV03AH,Medel för behandling av hypoglykemi,Drugs for treatment of hypoglycemia,,,
QV03AH01,Diazoxid,Diazoxide,,,
QV03AK,Vävnadslim,Tissue adhesives,,,
QV03AM,Medel för embolisering,Drugs for embolisation,,,
QV03AN,Medicinska gaser,Medical gases,,,
QV03AN01,Syre,Oxygen,,,
QV03AN02,Koldioxid,Carbon dioxide,,,
QV03AN03,Helium,Helium,,,
QV03AN04,Kväve,Nitrogen,,,
QV03AN05,Medicinsk luft,Medical air,,,
QV03AX,Övriga terpeutiska produkter,Other therapeutic products,,,
QV03AX02,Nalfurafin,Nalfurafine,,,
QV03AX03,Kobicistat,Cobicistat,,,
QV03AX04,Difelikefalin,Difelikefalin,,,
QV03AZ,Nervdepressiva,Nerve depressants,,,
QV03AZ01,Etanol,Ethanol,,,
QV04,Diagnostiska medel,Diagnostic agents,,,
QV04B,Medel för urintest,Urine tests,,,
QV04C,Övriga diagnostiska medel,Other diagnostic agents,,,
QV04CA,Medel för diabetestest,Tests for diabetes,,,
QV04CA01,Tolbutamid,Tolbutamide,,,
QV04CA02,Glukos,Glucose,,,
QV04CB,Tester för fettabsorption,Tests for fat absorption,,,
QV04CB01,Vitamin A koncentrat,Vitamin A concentrates,,,
QV04CC,Medel för tömning av gallblåsan,Tests for bile duct patency,,,
QV04CC01,Sorbitol,Sorbitol,,,
QV04CC02,Magnesiumsulfat,Magnesium sulfate,,,
QV04CC03,Sinkalid,Sincalide,,,
QV04CC04,Ceruletid,Ceruletide,,,
QV04CD,Medel för hypofysfunktionsprov,Tests for pituitary function,,,
QV04CD01,Metyrapon,Metyrapone,,,
QV04CD03,Sermorelin,Sermorelin,,,
QV04CD04,Kortikorelin,Corticorelin,,,
QV04CD05,Somatorelin,Somatorelin,,,
QV04CD06,Macimorelin,Macimorelin,,,
QV04CE,Medel för leverfunktionstest,Tests for liver functional capacity,,,
QV04CE01,Galaktos,Galactose,,,
QV04CE02,Sulfobromoftalein,Sulfobromophthalein,,,
QV04CE03,Metacetin (C-13),Methacetin (C-13),,,
QV04CF,Tuberkulosdiagnostikum,Tuberculosis diagnostics,,,
QV04CF01,Tuberkulin,Tuberculin,,,
QV04CF02,"Mycobacterium tuberculosis, rekombinanta antigener","Mycobacterium tuberculosis, recombinant antigens",,,
QV04CG,Ventrikelsekretionstest,Tests for gastric secretion,,,
QV04CG01,Katjonbytarhartser,Cation exchange resins,,,
QV04CG02,Betazol,Betazole,,,
QV04CG03,Histaminfosfat,Histamine phosphate,,,
QV04CG04,Pentagastrin,Pentagastrin,,,
QV04CG05,Metyltioninklorid,Methylthioninium chloride,,,
QV04CG30,Koffein och natriumbensoat,Caffeine and sodium benzoate,,,
QV04CH,Test för njurfunktion och uretära sjukdomar,Tests for renal function and ureteral injuries,,,
QV04CH01,Inulin och andra polyfruktosaner,Inulin and other polyfructosans,,,
QV04CH02,Indigokarmin,Indigo carmine,,,
QV04CH03,Fenolrött,Phenolsulfonphthalein,,,
QV04CH04,Alsaktid,Alsactide,,,
QV04CH05,Relmapirazin,Relmapirazin,,,
QV04CH30,Aminohippursyra,Aminohippuric acid,,,
QV04CJ,Tyreoideafunktionstest,Tests for thyreoidea function,,,
QV04CJ01,Tyrotropin,Thyrotropin,,,
QV04CJ02,Protirelin,Protirelin,,,
QV04CK,Pankreasfunktionstest,Tests for pancreatic function,,,
QV04CK01,Sekretin,Secretin,,,
QV04CK02,Kolecystokinin,Pancreozymin (cholecystokinin),,,
QV04CK03,Bentiromid,Bentiromide,,,
QV04CL,Allergitest,Tests for allergic diseases,,,
QV04CM,Tester för fertilitetsstörningar,Tests for fertility disturbances,,,
QV04CM01,Gonadorelin,Gonadorelin,,,
QV04CQ,Test för juverinflammation,Tests for mastitis,,,
QV04CV,Test för kontroll av andningsfunktionen,Tests for respiratory function,,,
QV04CV01,Lobelin,Lobeline,,,
QV04CX,Övriga diagnostiska medel,Other diagnostic agents,,,
QV04CX01,Indocyaningrönt,Indocyanine green,,,
QV04CX02,Folsyra,Folic acid,,,
QV04CX03,Metakolin,Methacholine,,,
QV04CX04,Mannitol,Mannitol,,,
QV04CX05,Urea(C-13),Urea (C-13),,,
QV04CX06,Hexaminolevulinat,Hexaminolevulinate,,,
QV04CX07,Edrofonium,Edrophonium,,,
QV04CX08,Kolmonoxid,Carbon monoxide,,,
QV04CX09,Patentblått,Patent blue,,,
QV04CX10,Pafolacianin,Pafolacianine,,,
QV04CX11,Litiumklorid,Lithium chloride,,,
QV04CX12,Xenon,Xenon,,,
QV04CX13,Pegulicianin,Pegulicianine,,,
QV06,Näringspreparat,General nutrients,,,
QV06A,Dietpreparat för bantning,Diet formulations for treatment of obesity,,,
QV06AA,Lågenergidieter,Low-energy diets,,,
QV06B,Proteinsupplement,Protein supplements,,,
QV06C,Näringspreparat för barn,Infant formulas,,,
QV06CA,Medel vid fenylketonuri,Nutrients without phenylalanine,,,
QV06D,Övriga näringspreparat,Other nutrients,,,
QV06DA,"Kolhydrat-, protein-, mineral- och vitamintillskott, kombinationer","Carbohydrates/proteins/minerals/vitamins, combinations",,,
QV06DB,"Fett-, kolhydrat-, protein-, mineral och vitamintillskott","Fat/carbohydrates/proteins/minerals/vitamins, combinations",,,
QV06DC,Kolhydrater,Carbohydrates,,,
QV06DC01,Glukos,Glucose,,,
QV06DC02,Fruktos,Fructose,,,
QV06DD,"Aminosyror, inkl kombinationer med polypeptider","Amino acids, incl. combinations with polypeptides",,,
QV06DE,"Aminosyror-, kolhydrat-, mineral och vitamintillskott, kombinationer","Amino acids/carbohydrates/minerals/vitamins, combinations",,,
QV06DF,Mjölksubstitut,Milk substitutes,,,
QV06DX,Övriga kombinationer av näringsämnen,Other combinations of nutrients,,,
QV07,Tekniska hjälpmedel,All other non-therapeutic products,,,
QV07A,Tekniska hjälpmedel,All other non-therapeutic products,,,
QV07AA,Plåster,Plasters,,,
QV07AB,"Lösningar, spädningsvätskor och spolvätskor","Solvents and diluting agents, incl. irrigating solutions",,,
QV07AC,"Hjälpmedel vid transfusioner, infusioner m m","Blood transfusion, auxiliary products",,,
QV07AD,Hjälpmedel vid blodprov,"Blood tests, auxiliary products",,,
QV07AN,Inkontinenstillbehör,Incontinence equipment,,,
QV07AQ,Övriga icke-terapeutiska veterinära produkter,Other non-therapeutic veterinary products,,,
QV07AQ01,Lubabegron,Lubabegron,,,
QV07AQ02,Raktopamin,Ractopamin,,,
QV07AR,"Känslighetstester, -disker och tabletter","Sensitivity tests, discs and tablets",,,
QV07AS,Stomitillbehör,Stomi equipment,,,
QV07AT,Kosmetika,Cosmetics,,,
QV07AV,Tekniska desinfektionsmedel,Technical disinfectants,,,
QV07AX,Tvättmedel m.m.,Washing agents etc.,,,
QV07AY,Övriga icke terapeutiska hjälpmedel,Other non-therapeutic auxiliary products,,,
QV07AZ,Kemikalier och reagenser för analyser,Chemicals and reagents for analysis,,,
QV08,Kontrastmedel,Contrast media,,,
QV08A,Joderade röntgenkontrastmedel,"X-ray contrast media, iodinated",,,
QV08AA,"Vattenlösliga, högosmolära röntgenkontrastmedel med njuraffinitet","Watersoluble, nephrotropic, high osmolar x-ray contrast media",,,
QV08AA01,Amidotrizoinsyra,Diatrizoic acid,,,
QV08AA02,Metrizoinsyra,Metrizoic acid,,,
QV08AA03,Jodamid,Iodamide,,,
QV08AA04,Jotalamsyra,Iotalamic acid,,,
QV08AA05,Joxitalamsyra,Ioxitalamic acid,,,
QV08AA06,Jogliksyra,Ioglicic acid,,,
QV08AA07,Acetrizoinsyra,Acetrizoic acid,,,
QV08AA08,Jokarmsyra,Iocarmic acid,,,
QV08AA09,Metiodal,Methiodal,,,
QV08AA10,Diodon,Diodone,,,
QV08AB,"Vattenlösliga, lågosmolära röntgenkontrastmedel med njuraffinitet","Watersoluble, nephrotropic, low osmolar x-ray contrast media",,,
QV08AB01,Metrizamid,Metrizamide,,,
QV08AB02,Johexol,Iohexol,,,
QV08AB03,Joxaglinsyra,Ioxaglic acid,,,
QV08AB04,Jopamidol,Iopamidol,,,
QV08AB05,Jopromid,Iopromide,,,
QV08AB06,Jotrolan,Iotrolan,,,
QV08AB07,Joversol,Ioversol,,,
QV08AB08,Jopentol,Iopentol,,,
QV08AB09,Jodixanol,Iodixanol,,,
QV08AB10,Jomeprol,Iomeprol,,,
QV08AB11,Jobitridol,Iobitridol,,,
QV08AB12,Joxilan,Ioxilan,,,
QV08AC,Vattenlösliga röntgenkontrastmedel med leveraffinitet,"Watersoluble, hepatotropic x-ray contrast media",,,
QV08AC01,Jodoxamsyra,Iodoxamic acid,,,
QV08AC02,Jotroxinsyra,Iotroxic acid,,,
QV08AC03,Joglykamsyra,Ioglycamic acid,,,
QV08AC04,Adipiodon,Adipiodone,,,
QV08AC05,Jobensamsyra,Iobenzamic acid,,,
QV08AC06,Jopansyra,Iopanoic acid,,,
QV08AC07,Jocetamsyra,Iocetamic acid,,,
QV08AC08,Natriumjopodat,Sodium iopodate,,,
QV08AC09,Tyropanoinsyra,Tyropanoic acid,,,
QV08AC10,Kalciumjopodat,Calcium iopodate,,,
QV08AD,Vattenolösliga röntgenkontrastmedel,Non-watersoluble x-ray contrast media,,,
QV08AD01,Etylestrar av jodiserade fettsyror,Ethyl esters of iodised fatty acids,,,
QV08AD02,Jopydol,Iopydol,,,
QV08AD03,Propyljodon,Propyliodone,,,
QV08AD04,Jofendylat,Iofendylate,,,
QV08B,Röntgenkontrastmedel utan jod,"X-ray contrast media, non-iodinated",,,
QV08BA,Bariumsulfat,Barium sulfate containing x-ray contrast media,,,
QV08BA01,Bariumsulfat,Barium sulfate with suspending agents,,,
QV08BA02,Bariumsulfat,Barium sulfate without suspending agents,,,
QV08C,Kontrastmedel för magnetisk resonanstomografi,Magnetic resonance imaging contrast media,,,
QV08CA,Paramagnetiska kontrastmedel,Paramagnetic contrast media,,,
QV08CA01,Gadopentetsyra,Gadopentetic acid,,,
QV08CA02,Gadoterinsyra,Gadoteric acid,,,
QV08CA03,Gadodiamid,Gadodiamide,,,
QV08CA04,Gadoteridol,Gadoteridol,,,
QV08CA05,Mangafodipir,Mangafodipir,,,
QV08CA06,Gadoversetamid,Gadoversetamide,,,
QV08CA07,Järn(III)ammoniumcitrat,Ferric ammonium citrate,,,
QV08CA08,Gadobenat,Gadobenic acid,,,
QV08CA09,Gadobutrol,Gadobutrol,,,
QV08CA10,Gadoxetinsyra,Gadoxetic acid,,,
QV08CA11,Gadofosveset,Gadofosveset,,,
QV08CA12,Gadopiklenol,Gadopiclenol,,,
QV08CA13,Gadokvatran,Gadoquatrane,,,
QV08CB,Superparamagnetiska kontrastmedel,Superparamagnetic contrast media,,,
QV08CB01,Ferumoxsil,Ferumoxsil,,,
QV08CB02,Järnferrit med bärarpartiklar,Ferristene,,,
QV08CB03,"Järnoxid, nanopartiklar","Iron oxide, nanoparticles",,,
QV08CX,Övriga kontrastmedel för magnetisk resonanstomografi,Other magnetic resonance imaging contrast media,,,
QV08CX01,Perflubron,Perflubron,,,
QV08D,Kontrastmedel för ultraljudsundersökningar,Ultrasound contrast media,,,
QV08DA,Kontrastmedel för ultraljudsundersökningar,Ultrasound contrast media,,,
QV08DA01,"Perflutren, humana albuminmikrosfärer","Perflutren, human albumin microspheres",,,
QV08DA02,Mikropartiklar av galaktos,Microparticles of galactose,,,
QV08DA03,Perflenapent,Perflenapent,,,
QV08DA04,"Perflutren, fosfolipidmikrosfärer","Perflutren, phospholipid microspheres",,,
QV08DA05,"Svavelhexafluorid, fosfolipidmikrosfärer","Sulfur hexafluoride, phospholipid microspheres",,,
QV08DA06,"Perflubutan, fosfolipidmikrosfärer","Perflubutane, phospholipid microspheres",,,
QV09,Diagnostiska radiofarmaka,Diagnostic radiopharmaceuticals,,,
QV09A,Centrala nervsystemet,Central nervous system,,,
QV09AA,Teknetium(Tc-99m)föreningar,Technetium (Tc-99m) compounds,,,
QV09AA01,Teknetium(Tc-99m)exametazim,Technetium (Tc-99m) exametazime,,,
QV09AA02,Teknetium(Tc-99m)bicisatdihydroklorid,Technetium (Tc-99m) bicisate,,,
QV09AB,Jod(I-123)föreningar,Iodine (I-123) compounds,,,
QV09AB01,Jodjofetamin(123I),Iodine iofetamine (I-123),,,
QV09AB02,Jodjoloprid(I-123),Iodine iolopride (I-123),,,
QV09AB03,Jodjoflupan(I-123),Iodone ioflupane (I-123),,,
QV09AX,Övriga diagnostiska radiofarmaka för det centrala nervsystemet,Other central nervous system diagnostic radiopharmaceuticals,,,
QV09AX01,Indium(In-111)pentetat,Indium (In-111) pentetic acid,,,
QV09AX03,Jod (I-124) 2beta-karbometoxi-3beta-(4 jodofenyl)-tropan,Iodine (I-124) 2beta-carbomethoxy-3beta-(4 iodophenyl)-tropane,,,
QV09AX04,Flutemetamol(F-18),Flutemetamol (F-18),,,
QV09AX05,Florbetapir(F-18),Florbetapir (F-18),,,
QV09AX06,Florbetaben(F-18),Florbetaben (F-18),,,
QV09AX07,Flortaucipir(F-18),Flortaucipir (F-18),,,
QV09B,Skelett,Skeleton,,,
QV09BA,Teknetium(Tc-99m)föreningar,Technetium (Tc-99m) compounds,,,
QV09BA01,Teknetium(Tc-99m)oxidronsyra,Technetium (Tc-99m) oxidronic acid,,,
QV09BA02,Teknetium(Tc-99m)medronat,Technetium (Tc-99m) medronic acid,,,
QV09BA03,Teknetium(Tc-99m)pyrofosfat,Technetium (Tc-99m) pyrophosphate,,,
QV09BA04,Teknetium(Tc-99m)butedronsyra,Technetium (Tc-99m) butedronic acid,,,
QV09C,Renala systemet,Renal system,,,
QV09CA,Teknetium(Tc-99m)föreningar,Technetium (Tc-99m) compounds,,,
QV09CA01,Teknetium(Tc-99m)pentetsyra,Technetium (Tc-99m) pentetic acid,,,
QV09CA02,Teknetium(Tc-99m)succimer,Technetium (Tc-99m) succimer,,,
QV09CA03,Teknetium(Tc-99m)mertiatid,Technetium (Tc-99m) mertiatide,,,
QV09CA04,Teknetium(Tc-99m)gluceptat,Technetium (Tc-99m) gluceptate,,,
QV09CA05,Teknetium(Tc-99m)glukonat,Technetium (Tc-99m) gluconate,,,
QV09CA06,Teknetium(Tc-99m)etylendicystein,Technetium (Tc-99m) ethylenedicysteine,,,
QV09CX,Övriga diagnostiska radiofarmaka för det renala systemet,Other renal system diagnostic radiopharmaceuticals,,,
QV09CX01,Natriumjodhippurat(I-123),Sodium iodohippurate (I-123),,,
QV09CX02,Natriumjodhippurat(I-131),Sodium iodohippurate (I-131),,,
QV09CX03,Natriumjotalamat(I-125),Sodium iothalamate (I-125),,,
QV09CX04,Krom(Cr-51)edetat,Chromium (Cr-51) edetate,,,
QV09D,Hepatiska och retikuloendoteliala systemet,Hepatic and reticulo endothelial system,,,
QV09DA,Teknetium(Tc-99m)föreningar,Technetium (Tc-99m) compounds,,,
QV09DA01,Teknetium(Tc-99m)disofenin,Technetium (Tc-99m) disofenin,,,
QV09DA02,Teknetium(Tc-99m)etifenin,Technetium (Tc-99m) etifenin,,,
QV09DA03,Teknetium(Tc-99m)lidofenin,Technetium (Tc-99m) lidofenin,,,
QV09DA04,Teknetium(Tc-99m)mebrofenin,Technetium (Tc-99m) mebrofenin,,,
QV09DA05,Teknetium(Tc-99m)galtifenin,Technetium (Tc-99m) galtifenin,,,
QV09DB,"Teknetium(Tc-99m), partiklar och kolloider","Technetium (Tc-99m), particles and colloids",,,
QV09DB01,Teknetium(Tc-99m)nanokolloid,Technetium (Tc-99m) nanocolloid,,,
QV09DB02,Teknetium(Tc-99m)mikrokolloid,Technetium (Tc-99m) microcolloid,,,
QV09DB03,Teknetium(Tc-99m)millimikrosfärer,Technetium (Tc-99m) millimicrospheres,,,
QV09DB04,Teknetium(Tc-99m)tennkolloid,Technetium (Tc-99m) tin colloid,,,
QV09DB05,Teknetium(Tc-99m)svavelkolloid,Technetium (Tc-99m) sulfur colloid,,,
QV09DB06,Teknetium(Tc-99m)rheniumsulfidkolloid,Technetium (Tc-99m) rheniumsulfide colloid,,,
QV09DB07,Teknetium(Tc-99m)fytat,Technetium (Tc-99m) phytate,,,
QV09DX,Övriga radiofarmaka för diagnostik av det hepatiska och retikuloendoteliala systemet,Other hepatic and reticulo endothelial system diagnostic radiopharmaceuticals,,,
QV09DX01,Selenium(Se-75)tauroselcholsyra,Selenium (Se-75) tauroselcholic acid,,,
QV09E,Andningsorganen,Respiratory system,,,
QV09EA,"Teknetium(Tc-99m), inhalationer","Technetium (Tc-99m), inhalants",,,
QV09EA01,Teknetium(Tc-99m)pentetsyra,Technetium (Tc-99m) pentetic acid,,,
QV09EA02,Teknetium(Tc-99m)teknegas,Technetium (Tc-99m) technegas,,,
QV09EA03,Teknetium(Tc-99m)nanokolloid,Technetium (Tc-99m) nanocolloid,,,
QV09EB,"Teknetium(Tc-99m), partiklar för injektion","Technetium (Tc-99m), particles for injection",,,
QV09EB01,Teknetium(Tc-99m)makrosalb,Technetium (Tc-99m) macrosalb,,,
QV09EB02,Teknetium(Tc-99m)mikrosfärer,Technetium (Tc-99m) microspheres,,,
QV09EX,Övriga diagnostiska radiofarmaka för andningsorganen,Other respiratory system diagnostic radiopharmaceuticals,,,
QV09EX01,Krypton (Kr-81m) gas,Krypton (Kr-81m) gas,,,
QV09EX02,Xenon(Xe-127)gas,Xenon (Xe-127) gas,,,
QV09EX03,Xenon(Xe-133)gas,Xenon (Xe-133) gas,,,
QV09F,Tyreoidea,Thyroid,,,
QV09FX,Övriga diagnostiska radiofarmaka för tyreoidea,Various thyroid diagnostic radiopharmaceuticals,,,
QV09FX01,Teknetium(Tc-99m)perteknetat,Technetium (Tc-99m) pertechnetate,,,
QV09FX02,Natriumjodid(I-123),Sodium iodide (I-123),,,
QV09FX03,Natriumjodid(I-131),Sodium iodide (I-131),,,
QV09FX04,Natriumjodid(I-124),Sodium iodide (I-124),,,
QV09G,Hjärta och kretslopp,Cardiovascular system,,,
QV09GA,Teknetium(Tc-99m)föreningar,Technetium (Tc-99m) compounds,,,
QV09GA01,Teknetium(Tc-99m)sestamibi,Technetium (Tc-99m) sestamibi,,,
QV09GA02,Teknetium(Tc-99m)tetrofosmin,Technetium (Tc-99m) tetrofosmin,,,
QV09GA03,Teknetium(Tc-99m)teboroxim,Technetium (Tc-99m) teboroxime,,,
QV09GA04,"Teknetium(Tc-99m)albumin, humant",Technetium (Tc-99m) human albumin,,,
QV09GA05,Teknetium(Tc-99m)furifosmin,Technetium (Tc-99m) furifosmin,,,
QV09GA06,Teknetium(Tc-99m)tennmärkta celler,Technetium (Tc-99m) stannous agent labelled cells,,,
QV09GA07,Teknetium(Tc-99m)apcitid,Technetium (Tc-99m) apcitide,,,
QV09GB,Jod(I-125)föreningar,Iodine (I-125) compounds,,,
QV09GB01,Fibrinogen(I-125),Fibrinogen (I-125),,,
QV09GB02,Humant jod(I-125)albumin,Iodine (I-125) human albumin,,,
QV09GX,Övriga diagnostiska radiofarmaka för det kardiovaskulära systemet,Other cardiovascular system diagnostic radiopharmaceuticals,,,
QV09GX01,Tallium(Tl-201)klorid,Thallium (Tl-201) chloride,,,
QV09GX02,Indium(In-111)imikromab,Indium (In-111) imciromab,,,
QV09GX03,Natriumkromat(Cr-51),Sodium chromate (Cr-51),,,
QV09GX04,Rubidium(Rb-82)klorid,Rubidium (Rb-82) chloride,,,
QV09GX05,Ammoniak(N-13),Ammonia (N-13),,,
QV09GX06,Flurpiridaz(F-18),Flurpiridaz (F-18),,,
QV09H,Inflammations- och infektionsdetektion,Inflammation and infection detection,,,
QV09HA,Teknetium(Tc-99m)föreningar,Technetium (Tc-99m) compounds,,,
QV09HA01,"Teknetium(Tc-99m)immunglobulin, humant",Technetium (Tc-99m) human immunoglobulin,,,
QV09HA02,Teknetium(Tc-99m)exametazimmärkta celler,Technetium (Tc-99m) exametazime labelled cells,,,
QV09HA03,Teknetium(Tc-99m)antigranulocyt antikropp,Technetium (Tc-99m) antigranulocyte antibody,,,
QV09HA04,Teknetium(Tc-99m)sulesomab,Technetium (Tc-99m) sulesomab,,,
QV09HB,Indium(In-111)föreningar,Indium (In-111) compounds,,,
QV09HB01,Indium(In-111)oxin,Indium (In-111) oxinate labelled cells,,,
QV09HB02,Indium(In-111)tropolonatmärkta celler,Indium (In-111) tropolonate labelled cells,,,
QV09HX,Övriga diagnostiska radiofarmaka för inflammations- och infektionsdetektion,Other diagnostic radiopharmaceuticals for inflammation and infection detection,,,
QV09HX01,Gallium(Ga-67)citrat,Gallium (Ga-67) citrate,,,
QV09I,Tumördetektion,Tumour detection,,,
QV09IA,Teknetium(Tc-99m)föreningar,Technetium (Tc-99m) compounds,,,
QV09IA01,Teknetium(Tc-99m)antiCarcinoEmbryoAntigen antikropp,Technetium (Tc-99m) antiCarcinoEmbryonicAntigen antibody,,,
QV09IA02,Teknetium(Tc-99m)antimelanom antikropp,Technetium (Tc-99m) antimelanoma antibody,,,
QV09IA03,Teknetium(Tc-99m)pentavalent succimer,Technetium (Tc-99m) pentavalent succimer,,,
QV09IA04,Teknetium(Tc-99m)votumumab,Technetium (Tc-99m) votumumab,,,
QV09IA05,Teknetium(Tc-99m)depreotid,Technetium (Tc-99m) depreotide,,,
QV09IA06,Teknetium(Tc-99m)arcitumomab,Technetium (Tc-99m) arcitumomab,,,
QV09IA07,Teknetium(Tc-99m)hynik-oktreotid,Technetium (Tc-99m) hynic-octreotide,,,
QV09IA08,Teknetium(Tc-99m)etarfolatid,Technetium (Tc-99m) etarfolatide,,,
QV09IA09,Teknetium(Tc-99m)tilmanocept,Technetium (Tc-99m) tilmanocept,,,
QV09IA10,Teknetium(Tc-99m)trofolastatklorid,Technetium (Tc-99m) trofolastat chloride,,,
QV09IB,Indium(In-111)föreningar,Indium (In-111) compounds,,,
QV09IB01,Indium(In-111)pentetreotid,Indium (In-111) pentetreotide,,,
QV09IB02,Indium(In-111)satumomabpendetid,Indium (In-111) satumomab pendetide,,,
QV09IB03,Indium(In-111)antiovariumkarcinom antikropp,Indium (In-111) antiovariumcarcinoma antibody,,,
QV09IB04,Indium(In-111)kapromabpentid,Indium (In-111) capromab pendetide,,,
QV09IX,Övriga diagnostiska radiofarmaka för tumördetektion,Other diagnostic radiopharmaceuticals for tumour detection,,,
QV09IX01,Jobenguan(I-123),Iobenguane (I-123),,,
QV09IX02,Jobenguan(I-131),Iobenguane (I-131),,,
QV09IX03,Jod (I-125) CC49-monoklonal antikropp,Iodine (I-125) CC49-monoclonal antibody,,,
QV09IX04,Fludeoxiglukos(F-18),Fludeoxyglucose (F-18),,,
QV09IX05,Fluorodopa(F-18),Fluorodopa (F-18),,,
QV09IX06,Natriumfluorid(F-18),Sodium fluoride (F-18),,,
QV09IX07,Fluorokolin(F-18),Fluorocholine (F-18),,,
QV09IX08,Fluoroetylkolin(F-18),Fluoroethylcholine (F-18),,,
QV09IX09,Gallium(Ga-68)edotreotid,Gallium (Ga-68) edotreotide,,,
QV09IX10,Fluoroetyl-L-tyrosin(F-18),Fluoroethyl-L-tyrosine (F-18),,,
QV09IX11,Fluoroestradiol(F-18),Fluoroestradiol (F-18),,,
QV09IX12,Fluciklovin(F-18),Fluciclovine (F-18),,,
QV09IX13,Metionin(C-11),Methionine (C-11),,,
QV09IX14,Gallium(Ga-68)gozetotid,Gallium (Ga-68) gozetotide,,,
QV09IX15,Koppar(Cu-64)oxodotreotid,Copper (Cu-64) oxodotreotide,,,
QV09IX16,Piflufolastat(F-18),Piflufolastat (F-18),,,
QV09IX17,PSMA-1007 (F-18),PSMA-1007 (F-18),,,
QV09IX18,Flotufolastat(F-18),Flotufolastat (F-18),,,
QV09IX19,Vidoflufolastat(F-18),Vidoflufolastat (F-18),,,
QV09X,Övriga diagnostiska radiofarmaka,Other diagnostic radiopharmaceuticals,,,
QV09XA,Jod(I-131) föreningar,Iodine (I-131) compounds,,,
QV09XA01,Jod(I-131)norkolesterol,Iodine (I-131) norcholesterol,,,
QV09XA02,Jodokolesterol(I-131),Iodocholesterol (I-131),,,
QV09XA03,Jod(I-131)humanalbumin,Iodine (I-131) human albumin,,,
QV09XX,Diverse diagnostiska radiofarmaka,Various diagnostic radiopharmaceuticals,,,
QV09XX01,Cyanokobalamin(Co-57),Cobalt (Co-57) cyanocobalamine,,,
QV09XX02,Cyanokobalamin(Co-58),Cobalt (Co-58) cyanocobalamine,,,
QV09XX03,Selen(Se-75)norkolesterol,Selenium (Se-75) norcholesterol,,,
QV09XX04,Järn(Fe-59)citrat,Ferric (Fe-59) citrate,,,
QV10,Terapeutiska radiofarmaka,Therapeutic radiopharmaceuticals,,,
QV10A,Antiinflammatoriska medel,Antiinflammatory agents,,,
QV10AA,Yttrium(Y-90)föreningar,Yttrium (Y-90) compounds,,,
QV10AA01,Yttrium(Y-90)citratkolloid,Yttrium (Y-90) citrate colloid,,,
QV10AA02,Yttrium(Y-90)ferrihydroxidkolloid,Yttrium (Y-90) ferrihydroxide colloid,,,
QV10AA03,Yttrium(Y-90)silikatkolloid,Yttrium (Y-90) silicate colloid,,,
QV10AX,Övriga antiinflammatoriska terapeutiska radiofarmaka,Other antiinflammatory therapeutic radiopharmaceuticals,,,
QV10AX01,Fosfor(P-32)kromfosfatkolloid,Phosphorous (P-32) chromicphosphate colloid,,,
QV10AX02,Samarium(Sm-153)hydroxiapatitkolloid,Samarium (Sm-153) hydroxyapatite colloid,,,
QV10AX03,Dysprosium(Dy-165)kolloid,Dysprosium (Dy-165) colloid,,,
QV10AX04,Erbium(Er-169)citratkolloid,Erbium (Er-169) citrate colloid,,,
QV10AX05,Rhenium(Re-186)sulfidkolloid,Rhenium (Re-186) sulfide colloid,,,
QV10AX06,"Guld(Au-198), kolloidalt",Gold (Au-198) colloidal,,,
QV10B,Smärtlindring (ben-sökande ämnen),Pain palliation (bone seeking agents),,,
QV10BX,Diverse smärtlindrande radiofarmaka,Various pain palliation radiopharmaceuticals,,,
QV10BX01,Strontium(Sr-89)klorid,Strontium (Sr-89) chloride,,,
QV10BX02,Samarium(Sm-153)lexidronam,Samarium (Sm-153) lexidronam,,,
QV10BX03,Rhenium(Re-186)etidronsyra,Rhenium (Re-186) etidronic acid,,,
QV10X,Övriga terapeutiska radiofarmaka,Other therapeutic radiopharmaceuticals,,,
QV10XA,Jod(I-131) föreningar,Iodine (I-131) compounds,,,
QV10XA01,Natriumjodid(I-131),Sodium iodide (I-131),,,
QV10XA02,Jobenguan(I-131),Iobenguane (I-131),,,
QV10XA03,Jod(I-131)omburtamab,Iodine (I-131) omburtamab,,,
QV10XA04,Jod(I-131)apamistamab,Iodine (I-131) apamistamab,,,
QV10XA53,Tositumomab/jod(I-131)tositumomab,Tositumomab/iodine (I-131) tositumomab,,,
QV10XX,Diverse terapeutiska radiofarmaka,Various therapeutic radiopharmaceuticals,,,
QV10XX01,Natriumfosfat(P-32),Sodium phosphate (P-32),,,
QV10XX02,Ibritumomabtiuxetan(Y-90),Ibritumomab tiuxetan (Y-90),,,
QV10XX03,Radium(Ra-223)diklorid,Radium (Ra-223) dichloride,,,
QV10XX04,Lutetium(Lu-177)oxodotreotid,Lutetium (Lu-177) oxodotreotide,,,
QV10XX05,Lutetium(Lu-177)vipivotid tetraxetan,Lutetium (Lu-177) vipivotide tetraxetan,,,
QV20,Kirurgiska förband,Surgical dressings,,,
QV50,Övriga veterinära preparat,Other veterinary products,,,
QV50Q,Övriga veterinära preparat,Other veterinary products,,,
R,Andningsorgan,Respiratory system,,,
R01,Medel vid nässjukdomar,Nasal preparations,,,
R01A,Avsvällande och övriga medel för lokal behandling vid nässjukdomar,Decongestants and other nasal preparations for topical use,,,
R01AA,Sympatomimetika,"Sympathomimetics, plain",,,
R01AA02,Cyklopentamin,Cyclopentamine,,,
R01AA03,Efedrin,Ephedrine,,,
R01AA04,Fenylefrin,Phenylephrine,,,
R01AA05,Oximetazolin,Oxymetazoline,,,
R01AA06,Tetryzolin,Tetryzoline,,,
R01AA07,Xylometazolin,Xylometazoline,,,
R01AA08,Nafazolin,Naphazoline,,,
R01AA09,Tramazolin,Tramazoline,,,
R01AA10,Metizolin,Metizoline,,,
R01AA11,Tuaminoheptan,Tuaminoheptane,,,
R01AA12,Fenoxazolin,Fenoxazoline,,,
R01AA13,Tymazolin,Tymazoline,,,
R01AA14,Adrenalin,Adrenaline,,,
R01AA15,Indanazolin,Indanazoline,,,
R01AB,"Sympatomimetika, kombinationer exkl. kortikosteroider","Sympathomimetics, combinations excl. corticosteroids",,,
R01AB01,Fenylefrin,Phenylephrine,,,
R01AB02,Nafazolin,Naphazoline,,,
R01AB03,Tetryzolin,Tetryzoline,,,
R01AB05,Efedrin,Ephedrine,,,
R01AB06,Xylometazolin,Xylometazoline,,,
R01AB07,Oximetazolin,Oxymetazoline,,,
R01AB08,Tuaminoheptan,Tuaminoheptane,,,
R01AC,"Antiallergika, exkl. kortikosteroider","Antiallergic agents, excl. corticosteroids",,,
R01AC01,Natriumkromoglikat,Cromoglicic acid,,,
R01AC02,Levokabastin,Levocabastine,,,
R01AC03,Azelastin,Azelastine,,,
R01AC04,Antazolin,Antazoline,,,
R01AC05,Spagluminsyra,Spaglumic acid,,,
R01AC06,Tonzylamin,Thonzylamine,,,
R01AC07,Nedokromil,Nedocromil,,,
R01AC08,Olopatadin,Olopatadine,,,
R01AC51,"Natriumkromoglikat, kombinationer","Cromoglicic acid, combinations",,,
R01AD,Kortikosteroider,Corticosteroids,,,
R01AD01,Beklometason,Beclometasone,,,
R01AD02,Prednisolon,Prednisolone,,,
R01AD03,Dexametason,Dexamethasone,,,
R01AD04,Flunisolid,Flunisolide,,,
R01AD05,Budesonid,Budesonide,,,
R01AD06,Betametason,Betamethasone,,,
R01AD07,Tixokortol,Tixocortol,,,
R01AD08,Flutikason,Fluticasone,,,
R01AD09,Mometason,Mometasone,,,
R01AD10,Flutikasonfuroat,Fluticasone furoate,,,2012-12-13
R01AD11,Triamcinolon,Triamcinolone,,,
R01AD12,Flutikasonfuroat,Fluticasone furoate,,,
R01AD13,Ciklesonid,Ciclesonide,,,
R01AD52,"Prednisolon, kombinationer","Prednisolone, combinations",,,
R01AD53,"Dexametason, kombinationer","Dexamethasone, combinations",,,
R01AD57,"Tixokortol, kombinationer","Tixocortol, combinations",,,
R01AD58,"Flutikason, kombinationer","Fluticasone, combinations",,,
R01AD59,"Mometason, kombinationer","Mometasone, combinations",,,
R01AD60,"Hydrokortison, kombinationer","Hydrocortisone, combinations",,,
R01AX,Övriga medel vid nässjukdomar,Other nasal preparations,,,
R01AX01,Kalciumhexamintiocyanat,Calcium hexamine thiocyanate,,,
R01AX02,Retinol (vitamin A),Retinol,,,
R01AX03,Ipratropiumbromid,Ipratropium bromide,,,
R01AX04,Antazolin,Antazoline,,,1993-12-31
R01AX05,Ritiometan,Ritiometan,,,
R01AX06,Mupirocin,Mupirocin,,,
R01AX07,Hexamidin,Hexamidine,,,
R01AX08,Framycetin,Framycetin,,,
R01AX09,Hyaluronsyra,Hyaluronic acid,,,
R01AX10,Övrigt,Various,,,
R01AX30,Kombinationer,Combinations,,,
R01B,"Avsvällande medel, perorala",Nasal decongestants for systemic use,,,
R01BA,Sympatomimetika,Sympathomimetics,,,
R01BA01,Fenylpropanolamin,Phenylpropanolamine,,,
R01BA02,Pseudoefedrin,Pseudoephedrine,,,
R01BA03,Fenylefrin,Phenylephrine,,,
R01BA51,"Fenylpropanolamin, kombinationer","Phenylpropanolamine, combinations",,,
R01BA52,"Pseudoefedrin, kombinationer","Pseudoephedrine, combinations",,,
R01BA53,"Fenylefrin, kombinationer","Phenylephrine, combinations",,,
R02,Medel vid sjukdomar i strupe och svalg,Throat preparations,,,
R02A,Medel vid sjukdomar i strupe och svalg,Throat preparations,,,
R02AA,Antiseptika,Antiseptics,,,
R02AA01,Ambazon,Ambazone,,,
R02AA02,Dekvalinium,Dequalinium,,,
R02AA03,"2,4-Diklorobensylalkohol",Dichlorobenzyl alcohol,,,
R02AA05,Klorhexidin,Chlorhexidine,,,
R02AA06,Cetylpyridinium,Cetylpyridinium,,,
R02AA09,Bensetonium,Benzethonium,,,
R02AA10,Myristylbensalkon,Myristyl-benzalkonium,,,
R02AA11,Klorkinaldol,Chlorquinaldol,,,
R02AA12,Hexylresorcinol,Hexylresorcinol,,,
R02AA13,Akriflaviniumklorid,Acriflavinium chloride,,,
R02AA14,Hydroxikinolin,Oxyquinoline,,,
R02AA15,"Povidon, joderad",Povidone-iodine,,,
R02AA16,Bensalkonium,Benzalkonium,,,
R02AA17,Cetrimonium,Cetrimonium,,,
R02AA18,Hexamidin,Hexamidine,,,
R02AA19,Fenol,Phenol,,,
R02AA20,Övrigt,Various,,,
R02AA21,Oktenidin,Octenidine,,,
R02AB,Antibiotika,Antibiotics,,,
R02AB01,Neomycin,Neomycin,,,
R02AB02,Tyrotricin,Tyrothricin,,,
R02AB03,Fusafungin,Fusafungine,,,
R02AB04,Bacitracin,Bacitracin,,,
R02AB30,Gramicidin,Gramicidin,,,
R02AD,Lokalanestetika,"Anesthetics, local",,,
R02AD01,Bensokain,Benzocaine,,,
R02AD02,Lidokain,Lidocaine,,,
R02AD03,Kokain,Cocaine,,,
R02AD04,Dyklonin,Dyclonine,,,
R02AD05,Ambroxol,Ambroxol,,,
R02AX,Övriga medel vid sjukdomar i strupe och svalg,Other throat preparations,,,
R02AX01,Flurbiprofen,Flurbiprofen,,,
R02AX02,Ibuprofen,Ibuprofen,,,
R02AX03,Bensydamin,Benzydamine,,,
R03,Medel vid obstruktiva luftvägssjukdomar,Drugs for obstructive airway diseases,,,
R03A,"Adrenergika, inhalationer","Adrenergics, inhalants",,,
R03AA,Alfa- och beta-adrenoreceptoragonister,Alpha- and beta-adrenoreceptor agonists,,,
R03AA01,Adrenalin,Adrenaline,,,
R03AB,Icke-selektiva beta-adrenoceptor agonister,Non-selective beta-adrenoreceptor agonists,,,
R03AB02,Isoprenalin,Isoprenaline,,,
R03AB03,Orkiprenalin,Orciprenaline,,,
R03AC,Selektiva beta-2-stimulerande medel,Selective beta-2-adrenoreceptor agonists,,,
R03AC02,Salbutamol,Salbutamol,,,
R03AC03,Terbutalin,Terbutaline,,,
R03AC04,Fenoterol,Fenoterol,,,
R03AC05,Rimiterol,Rimiterol,,,
R03AC06,Hexoprenalin,Hexoprenaline,,,
R03AC07,Isoetarin,Isoetarine,,,
R03AC08,Pirbuterol,Pirbuterol,,,
R03AC09,Tretokinol,Tretoquinol,,,
R03AC10,Karbuterol,Carbuterol,,,
R03AC11,Tulobuterol,Tulobuterol,,,
R03AC12,Salmeterol,Salmeterol,,,
R03AC13,Formoterol,Formoterol,,,
R03AC14,Klenbuterol,Clenbuterol,,,
R03AC15,Reproterol,Reproterol,,,
R03AC16,Prokaterol,Procaterol,,,
R03AC17,Bitolterol,Bitolterol,,,
R03AC18,Indakaterol,Indacaterol,,,
R03AC19,Olodaterol,Olodaterol,,,
R03AH,Kombinationer av adrenergika,Combinations of adrenergics,,,
R03AK,"Adrenergika i kombination med kortikosteroider eller övriga medel, exkl. antikolinergika","Adrenergics in combination with corticosteroids or other drugs, excl. anticholinergics",,,
R03AK01,Adrenalin och övriga medel vid obstruktiva luftvägssjukdomar,Adrenaline and other drugs for obstructive airway diseases,,,
R03AK02,Isoprenalin och övriga medel vid obstruktiva luftvägssjukdomar,Isoprenaline and other drugs for obstructive airway diseases,,,
R03AK03,Fenoterol och övriga medel vid obstruktiva luftvägssjukdomar,Fenoterol and other drugs for obstructive airway diseases,,,2013-12-31
R03AK04,Salbutamol och natriumkromoglikat,Salbutamol and sodium cromoglicate,,,
R03AK05,Reproterol  och natriumkromoglikat,Reproterol and sodium cromoglicate,,,
R03AK06,Salmeterol och flutikason,Salmeterol and fluticasone,,,
R03AK07,Formoterol och budesonid,Formoterol and budesonide,,,
R03AK08,Formoterol och beklometason,Formoterol and beclometasone,,,
R03AK09,Formoterol och mometason,Formoterol and mometasone,,,
R03AK10,Vilanterol och flutikasonfuroat,Vilanterol and fluticasone furoate,,,
R03AK11,Formoterol och flutikason,Formoterol and fluticasone,,,
R03AK12,Salmeterol och budesonid,Salmeterol and budesonide,,,
R03AK13,Salbutamol och beklometason,Salbutamol and beclometasone,,,
R03AK14,Indakaterol och mometason,Indaceterol and mometasone,,,
R03AK15,Salbutamol och budesonid,Salbutamol and budesonide,,,
R03AL,Adrenergika i kombination med antikolinergika inkl. trippelkombinationer med kortikosteroider,Adrenergics in combinations with anticholinergics incl. triple combinations with corticosteroids,,,
R03AL01,Fenoterol och ipratropiumbromid,Fenoterol and ipratropium bromide,,,
R03AL02,Salbutamol och ipratropiumbromid,Salbutamol and ipratropium bromide,,,
R03AL03,Vilanterol och umeklidiniumbromid,Vilanterol and umeclidinium bromide,,,
R03AL04,Indakaterol och glykopyrroniumbromid,Indacaterol and glycopyrronium bromide,,,
R03AL05,Formoterol och aklidiniumbromid,Formoterol and aclidinium bromide,,,
R03AL06,Olodaterol och tiotropiumbromid,Olodaterol and tiotropium bromide,,,
R03AL07,Formoterol och glykopyrroniumbromid,Formoterol and glycopyrronium bromide,,,
R03AL08,"Vilanterol, umeklidiniumbromid och flutikasonfuroat","Vilanterol, umeclidinium bromide and fluticasone furoate",,,
R03AL09,"Formoterol, glykopyrroniumbromid och beklometason","Formoterol, glycopyrronium bromide and beclometasone",,,
R03AL10,Formoterol och tiotropiumbromid,Formoterol and tiotropium bromide,,,
R03AL11,"Formoterol, glykopyrroniumbromid och budesonid","Formoterol, glycopyrronium bromide and budesonide",,,
R03AL12,"Indakaterol, glykopyrroniumbromid och mometason","Indacaterol, glycopyrronium bromide and mometasone",,,
R03B,"Övriga medel vid obstruktiva luftvägssjukdomar, inhalationer","Other drugs for obstructive airway diseases, inhalants",,,
R03BA,Glukokortikoider,Glucocorticoids,,,
R03BA01,Beklometason,Beclometasone,,,
R03BA02,Budesonid,Budesonide,,,
R03BA03,Flunisolid,Flunisolide,,,
R03BA04,Betametason,Betamethasone,,,
R03BA05,Flutikason,Fluticasone,,,
R03BA06,Triamcinolon,Triamcinolone,,,
R03BA07,Mometason,Mometasone,,,
R03BA08,Ciklesonid,Ciclesonide,,,
R03BA09,Flutikasonfuroat,Fluticasone furoate,,,
R03BB,Antikolinergika,Anticholinergics,,,
R03BB01,Ipratropiumbromid,Ipratropium bromide,,,
R03BB02,Oxitropiumbromid,Oxitropium bromide,,,
R03BB03,Stramonimedel,Stramoni preparations,,,
R03BB04,Tiotropiumbromid,Tiotropium bromide,,,
R03BB05,Aklidiniumbromid,Aclidinium bromide,,,
R03BB06,Glykopyrroniumbromid,Glycopyrronium bromide,,,
R03BB07,Umeklidiniumbromid,Umeclidinium bromide,,,
R03BB08,Revefenacin,Revefenacin,,,
R03BB54,"Tiotropiumbromid, kombinationer","Tiotropium bromide, combinations",,,
R03BC,"Antiallergika, exkl. kortikosteroider","Antiallergic agents, excl. corticosteroids",,,
R03BC01,Natriumkromoglikat,Cromoglicic acid,,,
R03BC03,Nedokromil,Nedocromil,,,
R03BX,"Övriga medel vid obstruktiva luftvägssjukdomar, inhalationer","Other drugs for obstructive airway diseases, inhalants",,,
R03BX01,Fenspirid,Fenspiride,,,
R03BX02,Ensifentrin,Ensifentrine,,,
R03C,Adrenergika för systemiskt bruk,Adrenergics for systemic use,,,
R03CA,Alfa- och beta-adrenoreceptoragonister,Alpha- and beta-adrenoreceptor agonists,,,
R03CA02,Efedrin,Ephedrine,,,
R03CB,Icke-selektiva beta-adrenoceptor agonister,Non-selective beta-adrenoreceptor agonists,,,
R03CB01,Isoprenalin,Isoprenaline,,,
R03CB02,Metoxifenamin,Methoxyphenamine,,,
R03CB03,Orkiprenalin,Orciprenaline,,,
R03CB51,"Isoprenalin, kombinationer","Isoprenaline, combinations",,,
R03CB53,"Orkiprenalin, kombinationer","Orciprenaline, combinations",,,
R03CC,Selektiva beta-2-stimulerande medel,Selective beta-2-adrenoreceptor agonists,,,
R03CC02,Salbutamol,Salbutamol,,,
R03CC03,Terbutalin,Terbutaline,,,
R03CC04,Fenoterol,Fenoterol,,,
R03CC05,Hexoprenalin,Hexoprenaline,,,
R03CC06,Isoetarin,Isoetarine,,,
R03CC07,Pirbuterol,Pirbuterol,,,
R03CC08,Prokaterol,Procaterol,,,
R03CC09,Tretokinol,Tretoquinol,,,
R03CC10,Karbuterol,Carbuterol,,,
R03CC11,Tulobuterol,Tulobuterol,,,
R03CC12,Bambuterol,Bambuterol,,,
R03CC13,Klenbuterol,Clenbuterol,,,
R03CC14,Reproterol,Reproterol,,,
R03CC15,Formoterol,Formoterol,,,
R03CC53,"Terbutalin, kombinationer","Terbutaline, combinations",,,
R03CC63,Klenbuterol och ambroxol,Clenbuterol and ambroxol,,,
R03CK,Adrenergika och andra medel vid obstruktiva luftvägssjukdomar,Adrenergics and other drugs for obstructive airway diseases,,,
R03D,Övriga systemiska medel för obstruktiva lungsjukdomar,Other systemic drugs for obstructive airway diseases,,,
R03DA,Xantiner,Xanthines,,,
R03DA01,Diprofyllin,Diprophylline,,,
R03DA02,Kolinteofyllinat,Choline theophyllinate,,,
R03DA03,Proxifyllin,Proxyphylline,,,
R03DA04,Teofyllin,Theophylline,,,
R03DA05,Aminofyllin,Aminophylline,,,
R03DA06,Etamifyllin,Etamiphylline,,,
R03DA07,Teobromin,Theobromine,,,
R03DA08,Bamifyllin,Bamifylline,,,
R03DA09,Acefyllinpiperazin,Acefylline piperazine,,,
R03DA10,Bufyllin,Bufylline,,,
R03DA11,Doxofyllin,Doxofylline,,,
R03DA12,Mepyraminteofyllinacetat,Mepyramine theophyllinacetate,,,
R03DA20,Kombinationer av xantinderivat,Combinations of xanthines,,,
R03DA51,"Diprofyllin, kombinationer","Diprophylline, combinations",,,
R03DA54,"Teofyllin, kombinationer, exkl. neuroleptika","Theophylline, combinations excl. psycholeptics",,,
R03DA55,"Aminofyllin, kombinationer","Aminophylline, combinations",,,
R03DA57,"Teobromin, kombinationer","Theobromine, combinations",,,
R03DA74,"Teofyllin, kombinationer med neuroleptika","Theophylline, combinations with psycholeptics",,,
R03DB,Xantiner och adrenergika,Xanthines and adrenergics,,,
R03DB01,Diprofyllin och adrenergika,Diprophylline and adrenergics,,,
R03DB02,Kolinteofyllinat och adrenergika,Choline theophyllinate and adrenergics,,,
R03DB03,Proxyfyllin och adrenergika,Proxyphylline and adrenergics,,,
R03DB04,Teofyllin och adrenergika,Theophylline and adrenergics,,,
R03DB05,Aminofyllin och adrenergika,Aminophylline and adrenergics,,,
R03DB06,Etamifyllin och adrenergika,Etamiphylline and adrenergics,,,
R03DC,Leukotrienreceptorantagonister,Leukotriene receptor antagonists,,,
R03DC01,Zafirlukast,Zafirlukast,,,
R03DC02,Pranlukast,Pranlukast,,,
R03DC03,Montelukast,Montelukast,,,
R03DC04,Ibudilast,Ibudilast,,,
R03DC53,"Montelukast, kombinationer","Montelukast, combinations",,,
R03DX,Övriga systemiska medel för obstruktiva lungsjukdomar,Other systemic drugs for obstructive airway diseases,,,
R03DX01,Amlexanox,Amlexanox,,,
R03DX02,Eprozinol,Eprozinol,,,
R03DX03,Fenspirid,Fenspiride,,,
R03DX04,Ibudilast,Ibudilast,,,2001-12-31
R03DX05,Omalizumab,Omalizumab,,,
R03DX06,Seratrodast,Seratrodast,,,
R03DX07,Roflumilast,Roflumilast,,,
R03DX08,Reslizumab,Reslizumab,,,
R03DX09,Mepolizumab,Mepolizumab,,,
R03DX10,Benralizumab,Benralizumab,,,
R03DX11,Tezepelumab,Tezepelumab,,,
R03DX12,Depemokimab,Depemokimab,,,
R05,Medel mot hosta och förkylning,Cough and cold preparations,,,
R05C,"Expektorantia, exkl. kombinationer med hostdämpande medel","Expectorants, excl. combinations with cough suppressants",,,
R05CA,"Expektorantia, exkl. mukolytika",Expectorants,,,
R05CA01,Tyloxapol,Tyloxapol,,,
R05CA02,Kaliumjodid,Potassium iodide,,,
R05CA03,Guaifenesin,Guaifenesin,,,
R05CA04,Ipekakuanharot,Ipecacuanha,,,
R05CA05,"Läkemalva, rot",Altheae radix,,,
R05CA06,Senega,Senega,,,
R05CA07,Antimonpentasulfid,Antimony pentasulfide,,,
R05CA08,Kreosot,Creosote,,,
R05CA09,Guajakolsulfonat,Guaiacolsulfonate,,,
R05CA10,Kombinationer,Combinations,,,
R05CA11,Levoverbenon,Levoverbenone,,,
R05CA12,"Murgröna, blad",Hederae helicis folium,,,
R05CA13,Cineol,Cineole,,,
R05CB,Mukolytika,Mucolytics,,,
R05CB01,Acetylcystein,Acetylcysteine,,,
R05CB02,Bromhexin,Bromhexine,,,
R05CB03,Karbocystein,Carbocisteine,,,
R05CB04,Eprazinon,Eprazinone,,,
R05CB05,Mesna,Mesna,,,
R05CB06,Ambroxol,Ambroxol,,,
R05CB07,Sobrerol,Sobrerol,,,
R05CB08,Domiodol,Domiodol,,,
R05CB09,Letostein,Letosteine,,,
R05CB10,Kombinationer,Combinations,,,
R05CB11,Stepronin,Stepronin,,,
R05CB12,Tiopronin,Tiopronin,,,2016-12-31
R05CB13,Dornas alfa (deoxiribonukleas),Dornase alfa (desoxyribonuclease),,,
R05CB14,Neltenexin,Neltenexine,,,
R05CB15,Erdostein,Erdosteine,,,
R05CB16,Mannitol,Mannitol,,,
R05D,"Hosthämmande medel, exkl kombinationer med expektorantia","Cough suppressants, excl. combinations with expectorants",,,
R05DA,Opiumalkaloider och derivat,Opium alkaloids and derivatives,,,
R05DA01,Etylmorfin,Ethylmorphine,,,
R05DA03,Hydrokodon,Hydrocodone,,,
R05DA04,Kodein,Codeine,,,
R05DA05,Opiumalkaloider med morfin,Opium alkaloids with morphine,,,
R05DA06,Normetadon,Normethadone,,,
R05DA07,Noskapin,Noscapine,,,
R05DA08,Folkodin,Pholcodine,,,
R05DA09,Dextrometorfan,Dextromethorphan,,,
R05DA10,Tebakon,Thebacon,,,
R05DA11,Dimemorfan,Dimemorfan,,,
R05DA12,Acetyldihydrokodein,Acetyldihydrocodeine,,,
R05DA13,Butamirat,Butamirate,,,2012-12-13
R05DA14,Fedrilat,Fedrilate,,,2012-12-13
R05DA15,Zipeprol,Ziperol,,,2012-12-13
R05DA16,Dibunat,Dibunate,,,2012-12-13
R05DA17,Droxipropin,Droxipropin,,,2012-12-13
R05DA20,Kombinationer,Combinations,,,
R05DB,Övriga hostdämpande medel,Other cough suppressants,,,
R05DB01,Bensonatat,Benzonatate,,,
R05DB02,Benproperin,Benproperine,,,
R05DB03,Klobutinol,Clobutinol,,,
R05DB04,Isoaminil,Isoaminile,,,
R05DB05,Pentoxiverin,Pentoxyverine,,,
R05DB07,Oxolamin,Oxolamine,,,
R05DB09,Oxeladin,Oxeladin,,,
R05DB10,Klofedanol,Clofedanol,,,
R05DB11,Pipazetat,Pipazetate,,,
R05DB12,Bibenzoniumbromid,Bibenzonium bromide,,,
R05DB13,Butamirat,Butamirate,,,
R05DB14,Fedrilat,Fedrilate,,,
R05DB15,Zipeprol,Zipeprol,,,
R05DB16,Dibunat,Dibunate,,,
R05DB17,Droxypropin,Droxypropine,,,
R05DB18,Prenoxdiazin,Prenoxdiazine,,,
R05DB19,Dropropizin,Dropropizine,,,
R05DB20,Kombinationer,Combinations,,,
R05DB21,Kloperastin,Cloperastine,,,
R05DB22,Meprotixol,Meprotixol,,,
R05DB23,Piperidion,Piperidione,,,
R05DB24,Tipepidin,Tipepidine,,,
R05DB25,Morklofon,Morclofone,,,
R05DB26,Nepinalon,Nepinalone,,,
R05DB27,Levodropropizin,Levodropropizine,,,
R05DB28,Dimetoxanat,Dimethoxanate,,,
R05DB29,Gefapixant,Gefapixant,,,
R05DX,Övriga hostdämpande medel,Other cough suppressants,,,2012-12-13
R05DX01,Meprotixol,Meprotixol,,,1993-12-31
R05F,Hosthämmande medel i kombination med expektorantia,"Cough suppressants and expectorants, combinations",,,
R05FA,Opiumderivat och expektorantia,Opium derivatives and expectorants,,,
R05FA01,Opiumderivat och mukolytika,Opium derivatives and mucolytics,,,
R05FA02,Opiumderivat och expektorantia,Opium derivatives and expectorants,,,
R05FB,Övriga hosthämmande medel i kombination med expektorantia,Other cough suppressants and expectorants,,,
R05FB01,Hosthämmande medel och mukolytika,Cough suppressants and mucolytics,,,
R05FB02,"Hosthämmande medel i kombination med expektorantia, exkl mukolytika",Cough suppressants and expectorants,,,
R05X,Övriga medel mot förkylning,Other cold preparations,,,
R06,Antihistaminer för systemiskt bruk,Antihistamines for systemic use,,,
R06A,Antihistaminer för systemiskt bruk,Antihistamines for systemic use,,,
R06AA,Aminoalkyletrar,Aminoalkyl ethers,,,
R06AA01,Bromdifenhydramin,Bromazine,,,
R06AA02,Difenhydramin,Diphenhydramine,,,
R06AA04,Klemastin,Clemastine,,,
R06AA06,Klorfenoxamin,Chlorphenoxamine,,,
R06AA07,Difenylpyralin,Diphenylpyraline,,,
R06AA08,Karbinoxamin,Carbinoxamine,,,
R06AA09,Doxylamin,Doxylamine,,,
R06AA10,Trimetobenzamid,Trimethobenzamide,,,
R06AA11,Dimenhydrinat,Dimenhydrinate,,,
R06AA52,"Difenhydramin, kombinationer","Diphenhydramine, combinations",,,
R06AA54,"Klemastin, kombinationer","Clemastine, combinations",,,
R06AA56,"Klorfenoxamin, kombinationer","Chlorphenoxamine, combinations",,,
R06AA57,"Difenylpyralin, kombinationer","Diphenylpyraline, combinations",,,
R06AA59,"Doxylamin, kombinationer","Doxylamine, combinations",,,
R06AA61,"Dimenhydrinat, kombinationer","Dimenhydrinate, combinations",,,
R06AB,"Alkylaminer, substituerade",Substituted alkylamines,,,
R06AB01,Bromfeniramin,Brompheniramine,,,
R06AB02,Dexklorfeniramin,Dexchlorpheniramine,,,
R06AB03,Dimetinden,Dimetindene,,,
R06AB04,Klorfenamin,Chlorphenamine,,,
R06AB05,Feniramin,Pheniramine,,,
R06AB06,Dexbromfeniramin,Dexbrompheniramine,,,
R06AB07,Talastin,Talastine,,,
R06AB51,"Bromfeniramin, kombinationer","Brompheniramine, combinations",,,
R06AB52,"Dexklorfeniramin, kombinationer","Dexchlorpheniramine, combinations",,,
R06AB54,"Klorfenamin, kombinationer","Chlorphenamine, combinations",,,
R06AB56,"Dexbromfeniramin, kombinationer","Dexbrompheniramine, combinations",,,
R06AC,"Etylendiaminer, substituerade",Substituted ethylene diamines,,,
R06AC01,Mepyramin,Mepyramine,,,
R06AC02,Histapyrrodin,Histapyrrodine,,,
R06AC03,Kloropyramin,Chloropyramine,,,
R06AC04,Tripelennamin,Tripelennamine,,,
R06AC05,Metapyrilen,Methapyrilene,,,
R06AC06,Tonzylamin,Thonzylamine,,,
R06AC52,"Histapyrrodin, kombinationer","Histapyrrodine, combinations",,,
R06AC53,"Kloropyramin, kombinationer","Chloropyramine, combinations",,,
R06AD,Fentiazinderivat,Phenothiazine derivatives,,,
R06AD01,Alimemazin,Alimemazine,,,
R06AD02,Prometazin,Promethazine,,,
R06AD03,Tietylperazin,Thiethylperazine,,,
R06AD04,Metdilazin,Methdilazine,,,
R06AD05,Hydroxietylprometazin,Hydroxyethylpromethazine,,,
R06AD06,Tiazinam,Thiazinam,,,
R06AD07,Mekitazin,Mequitazine,,,
R06AD08,Oxomemazin,Oxomemazine,,,
R06AD09,Isotipendyl,Isothipendyl,,,
R06AD52,"Prometazin, kombinationer","Promethazine, combinations",,,
R06AD55,"Hydroxietylprometazin, kombinationer","Hydroxyethylpromethazine, combinations",,,
R06AE,Piperazinderivat,Piperazine derivatives,,,
R06AE01,Buklizin,Buclizine,,,
R06AE02,Cinnarizin,Cinnarizine,,,2012-12-13
R06AE03,Cyklizin,Cyclizine,,,
R06AE04,Klorcyklizin,Chlorcyclizine,,,
R06AE05,Meklozin,Meclozine,,,
R06AE06,Oxatomid,Oxatomide,,,
R06AE07,Cetirizin,Cetirizine,,,
R06AE09,Levocetirizin,Levocetirizine,,,
R06AE51,"Buklizin, kombinationer","Buclizine, combinations",,,
R06AE53,"Cyklizin, kombinationer","Cyclizine, combinations",,,
R06AE55,"Meklozin, kombinationer","Meclozine, combinations",,,
R06AK,Kombinationer av antihistaminer,Combinations of antihistamines,,,
R06AX,Övriga antihistaminer för systemiskt bruk,Other antihistamines for systemic use,,,
R06AX01,Bamipin,Bamipine,,,
R06AX02,Cyproheptadin,Cyproheptadine,,,
R06AX03,Tenalidin,Thenalidine,,,
R06AX04,Fenindamin,Phenindamine,,,
R06AX05,Antazolin,Antazoline,,,
R06AX07,Triprolidin,Triprolidine,,,
R06AX08,Pyrrobutamin,Pyrrobutamine,,,
R06AX09,Azatadin,Azatadine,,,
R06AX11,Astemizol,Astemizole,,,
R06AX12,Terfenadin,Terfenadine,,,
R06AX13,Loratadin,Loratadine,,,
R06AX15,Mebhydrolin,Mebhydrolin,,,
R06AX16,Deptropin,Deptropine,,,
R06AX17,Ketotifen,Ketotifen,,,
R06AX18,Akrivastin,Acrivastine,,,
R06AX19,Azelastin,Azelastine,,,
R06AX21,Tritokvalin,Tritoqualine,,,
R06AX22,Ebastin,Ebastine,,,
R06AX23,Pimetixen,Pimethixene,,,
R06AX24,Epinastin,Epinastine,,,
R06AX25,Mizolastin,Mizolastine,,,
R06AX26,Fexofenadin,Fexofenadine,,,
R06AX27,Desloratadin,Desloratadine,,,
R06AX28,Rupatadin,Rupatadine,,,
R06AX29,Bilastin,Bilastine,,,
R06AX31,Kifenadin,Quifenadine,,,
R06AX32,Sekifenadin,Sequifenadine,,,
R06AX53,"Tenalidin, kombinationer","Thenalidine, combinations",,,
R06AX58,"Pyrrobutamin, kombinationer","Pyrrobutamine, combinations",,,
R07,Övriga medel vid sjukdomar i andningsorganen,Other respiratory system products,,,
R07A,Övriga medel vid sjukdomar i andningsorganen,Other respiratory system products,,,
R07AA,Ytaktiva medel (lunga),Lung surfactants,,,
R07AA01,Kolfoskeril,Colfosceril palmitate,,,
R07AA02,Naturliga fosfolipider,Natural phospholipids,,,
R07AA30,Kombinationer,Combinations,,,
R07AB,Andningsstimulerande medel,Respiratory stimulants,,,
R07AB01,Doxapram,Doxapram,,,
R07AB02,Niketamid,Nikethamide,,,
R07AB03,Pentetrazol,Pentetrazol,,,
R07AB04,Etamivan,Etamivan,,,
R07AB05,Bemegrid,Bemegride,,,
R07AB06,Pretkamid,Prethcamide,,,
R07AB07,Almitrin,Almitrine,,,
R07AB08,Dimeflin,Dimefline,,,
R07AB09,Mepixanox,Mepixanox,,,
R07AB52,"Niketamid, kombinationer","Nikethamide, combinations",,,
R07AB53,"Pentetrazol, kombinationer","Pentetrazol, combinations",,,
R07AX,Övriga medel vid sjukdomar i andningsorganen,Other respiratory system products,,,
R07AX01,Kväveoxid,Nitric oxide,,,
R07AX02,Ivakaftor,Ivacaftor,,,
R07AX30,Ivakaftor och lumakaftor,Ivacaftor and lumacaftor,,,
R07AX31,Ivakaftor och tezakaftor,Ivacaftor and tezacaftor,,,
R07AX32,"Ivakaftor, tezakaftor och elexakaftor","Ivacaftor, tezacaftor and elexacaftor",,,
R07AX33,"Deutivakaftor, tezakaftor och vanzakaftor","Deutivacaftor, tezacaftor and vanzacaftor",,,
S,Ögon och öron,Sensory organs,,,
S01,Medel vid ögonsjukdomar,Ophthalmologicals,,,
S01A,Antiinfektiva medel,Antiinfectives,,,
S01AA,Antibiotika,Antibiotics,,,
S01AA01,Kloramfenikol,Chloramphenicol,,,
S01AA02,Klortetracyklin,Chlortetracycline,,,
S01AA03,Neomycin,Neomycin,,,
S01AA04,Oxitetracyklin,Oxytetracycline,,,
S01AA05,Tyrotricin,Tyrothricin,,,
S01AA07,Framycetin,Framycetin,,,
S01AA09,Tetracyklin,Tetracycline,,,
S01AA10,Natamycin,Natamycin,,,
S01AA11,Gentamicin,Gentamicin,,,
S01AA12,Tobramycin,Tobramycin,,,
S01AA13,Fusidinsyra,Fusidic acid,,,
S01AA14,Bensylpenicillin,Benzylpenicillin,,,
S01AA15,Dihydrostreptomycin,Dihydrostreptomycin,,,
S01AA16,Rifamycin,Rifamycin,,,
S01AA17,Erytromycin,Erythromycin,,,
S01AA18,Polymyxin B,Polymyxin B,,,
S01AA19,Ampicillin,Ampicillin,,,
S01AA20,Antibiotika i kombination med andra läkemedel,Antibiotics in combination with other drugs,,,
S01AA21,Amikacin,Amikacin,,,
S01AA22,Mikronomicin,Micronomicin,,,
S01AA23,Netilmicin,Netilmicin,,,
S01AA24,Kanamycin,Kanamycin,,,
S01AA25,Azidamfenikol,Azidamfenicol,,,
S01AA26,Azitromycin,Azithromycin,,,
S01AA27,Cefuroxim,Cefuroxime,,,
S01AA28,Vankomycin,Vancomycin,,,
S01AA29,Dibekacin,Dibekacin,,,
S01AA30,Kombinationer av olika antibiotika,Combinations of different antibiotics,,,
S01AA31,Cefmenoxim,Cefmenoxime,,,
S01AA32,Bacitracin,Bacitracin,,,
S01AB,Sulfonamider,Sulfonamides,,,
S01AB01,Sulfametizol,Sulfamethizole,,,
S01AB02,Sulfafurazol,Sulfafurazole,,,
S01AB03,Sulfadikramid,Sulfadicramide,,,
S01AB04,Sulfacetamid,Sulfacetamide,,,
S01AB05,Sulfafenazol,Sulfafenazol,,,
S01AD,Antivirala medel,Antivirals,,,
S01AD01,Idoxuridin,Idoxuridine,,,
S01AD02,Trifluridin,Trifluridine,,,
S01AD03,Aciklovir,Aciclovir,,,
S01AD04,Trifluridin,Trifluridine,,,2012-12-13
S01AD05,Interferon,Interferon,,,
S01AD06,Vidarabin,Vidarabine,,,
S01AD07,Famciklovir,Famciclovir,,,
S01AD08,Fomiversen,Fomivirsen,,,
S01AD09,Ganciklovir,Ganciclovir,,,
S01AE,Fluorokinoloner,Fluoroquinolones,,,
S01AE01,Ofloxacin,Ofloxacin,,,
S01AE02,Norfloxacin,Norfloxacin,,,
S01AE03,Ciprofloxacin,Ciprofloxacin,,,
S01AE04,Lomefloxacin,Lomefloxacin,,,
S01AE05,Levofloxacin,Levofloxacin,,,
S01AE06,Gatifloxacin,Gatifloxacin,,,
S01AE07,Moxifloxacin,Moxifloxacin,,,
S01AE08,Besifloxacin,Besifloxacin,,,
S01AE09,Tosufloxacin,Tosufloxacin,,,
S01AX,Övriga antiinfektiva medel,Other antiinfectives,,,
S01AX01,Kvicksilverföreningar,Mercury compounds,,,
S01AX02,Silverföreningar,Silver compounds,,,
S01AX03,Zinkföreningar,Zinc compounds,,,
S01AX04,Nitrofural,Nitrofural,,,
S01AX05,Bibrokatol,Bibrocathol,,,
S01AX06,Resorcinol,Resorcinol,,,
S01AX07,Natriumborat,Sodium borate,,,
S01AX08,Hexamidin,Hexamidine,,,
S01AX09,Klorhexidin,Chlorhexidine,,,
S01AX10,Natriumpropionat,Sodium propionate,,,
S01AX11,Ofloxacin,Ofloxacin,,,2012-12-31
S01AX12,Norfloxacin,Norfloxacin,,,2012-12-31
S01AX13,Ciprofloxacin,Ciprofloxacin,,,2012-12-31
S01AX14,Dibrompropamidin,Dibrompropamidine,,,
S01AX15,Propamidin,Propamidine,,,
S01AX16,Pikloxydin,Picloxydine,,,
S01AX17,Lomefloxacin,Lomefloxacin,,,2012-12-31
S01AX18,"Povidon, joderad",Povidone-iodine,,,
S01AX19,Levofloxacin,Levofloxacin,,,2012-12-31
S01AX21,Gatifloxacin,Gatifloxacin,,,2012-12-31
S01AX22,Moxifloxacin,Moxifloxacin,,,2012-12-31
S01AX23,Besifloxacin,Besifloxacin,,,2012-12-31
S01AX24,Polihexanid,Polihexanide,,,
S01AX25,Lotilaner,Lotilaner,,,
S01AX26,Cetexonium,Cethexonium,,,
S01B,Antiinflammatoriska medel,Antiinflammatory agents,,,
S01BA,Kortikosteroider,"Corticosteroids, plain",,,
S01BA01,Dexametason,Dexamethasone,,,
S01BA02,Hydrokortison,Hydrocortisone,,,
S01BA03,Kortison,Cortisone,,,
S01BA04,Prednisolon,Prednisolone,,,
S01BA05,Triamcinolon,Triamcinolone,,,
S01BA06,Betametason,Betamethasone,,,
S01BA07,Fluorometolon,Fluorometholone,,,
S01BA08,Medryson,Medrysone,,,
S01BA09,Klobetason,Clobetasone,,,
S01BA10,Alklometason,Alclometasone,,,
S01BA11,Desonid,Desonide,,,
S01BA12,Formokortal,Formocortal,,,
S01BA13,Rimexolon,Rimexolone,,,
S01BA14,Loteprednol,Loteprednol,,,
S01BA15,Fluocinolonacetonid,Fluocinolone acetonide,,,
S01BA16,Difluprednat,Difluprednate,,,
S01BA17,Klobetasol,Clobetasol,,,
S01BB,Kortikosteroider och mydriatika i kombination,Corticosteroids and mydriatics in combination,,,
S01BB01,Hydrokortison och mydratikum,Hydrocortisone and mydriatics,,,
S01BB02,Prednisolon och mydriaktika,Prednisolone and mydriatics,,,
S01BB03,Fluorometolon och mydriatika,Fluorometholone and mydriatics,,,
S01BB04,Betametason och mydriatika,Betamethasone and mydriatics,,,
S01BC,Icke-steroida antiinflammatoriska medel,"Antiinflammatory agents, non-steroids",,,
S01BC01,Indometacin,Indometacin,,,
S01BC02,Oxifenbutazon,Oxyphenbutazone,,,
S01BC03,Diklofenak,Diclofenac,,,
S01BC04,Flurbiprofen,Flurbiprofen,,,
S01BC05,Ketorolak,Ketorolac,,,
S01BC06,Piroxikam,Piroxicam,,,
S01BC07,Bendazak,Bendazac,,,
S01BC08,Salicylsyra,Salicylic acid,,,
S01BC09,Pranoprofen,Pranoprofen,,,
S01BC10,Nepafenak,Nepafenac,,,
S01BC11,Bromfenak,Bromfenac,,,
S01C,Antiinflammatoriska och antiinfektiva medel i kombination,Antiinflammatory agents and antiinfectives in combination,,,
S01CA,Kortikosteroider i kombination med antiinfektiva medel,Corticosteroids and antiinfectives in combination,,,
S01CA01,Dexametason och antiinfektiva medel,Dexamethasone and antiinfectives,,,
S01CA02,Prednisolon och antiinfektiva medel,Prednisolone and antiinfectives,,,
S01CA03,Hydrokortison och antiinfektiva medel,Hydrocortisone and antiinfectives,,,
S01CA04,Fluokortolon och antiinfektiva medel,Fluocortolone and antiinfectives,,,
S01CA05,Betametason och antiinfektiva medel,Betamethasone and antiinfectives,,,
S01CA06,Fludrokortison och antiinfektiva medel,Fludrocortisone and antiinfectives,,,
S01CA07,Fluorometolon och antiinfektiva medel,Fluorometholone and antiinfectives,,,
S01CA08,Metylprednisolon och antiinfektiva medel,Methylprednisolone and antiinfectives,,,
S01CA09,Klorprednison och antiinfektiva medel,Chloroprednisone and antiinfectives,,,
S01CA10,Fluocinolonacetonid och antiinfektiva medel,Fluocinolone acetonide and antiinfectives,,,
S01CA11,Klobetason och antiinfektiva medel,Clobetasone and antiinfectives,,,
S01CA12,Loteprednol och antiinfektiva medel,Loteprednol and antiinfectives,,,
S01CB,Kortikosteroider/antiinfektiva/mydriatika i kombination,Corticosteroids/antiinfectives/mydriatics in combination,,,
S01CB01,Dexametason,Dexamethasone,,,
S01CB02,Prednisolon,Prednisolone,,,
S01CB03,Hydrokortison,Hydrocortisone,,,
S01CB04,Betametason,Betamethasone,,,
S01CB05,Fluorometolon,Fluorometholone,,,
S01CC,Icke-steroida antiinflammatoriska medel och antiinfektiva medel i kombination,"Antiinflammatory agents, non-steroids and antiinfectives in combination",,,
S01CC01,Diklofenak och antiinfektiva medel,Diclofenac and antiinfectives,,,
S01CC02,Indometacin och antiinfektiva medel,Indometacin and antiinfectives,,,
S01E,Medel vid glaukom samt miotika,Antiglaucoma preparations and miotics,,,
S01EA,Sympatomimetika vid glaukom,Sympathomimetics in glaucoma therapy,,,
S01EA01,Adrenalin,Adrenaline,,,
S01EA02,Dipivefrin,Dipivefrine,,,
S01EA03,Apraklonidin,Apraclonidine,,,
S01EA04,Klonidin,Clonidine,,,
S01EA05,Brimonidin,Brimonidine,,,
S01EA51,"Adrenalin, kombinationer","Adrenaline,  combinations",,,
S01EA55,Brimonidin och ripasudil,Brimonidine and ripasudil,,,
S01EB,Parasympatomimetika,Parasympathomimetics,,,
S01EB01,Pilokarpin,Pilocarpine,,,
S01EB02,Karbakol,Carbachol,,,
S01EB03,Ekotiopat,Ecothiopate,,,
S01EB04,Demekar,Demecarium,,,
S01EB05,Fysostigmin,Physostigmine,,,
S01EB06,Neostigmin,Neostigmine,,,
S01EB07,Fluostigmin,Fluostigmine,,,
S01EB08,Aceklidin,Aceclidine,,,
S01EB09,Acetylkolin,Acetylcholine,,,
S01EB10,Paraoxon,Paraoxon,,,
S01EB51,"Pilokarpin, kombinationer","Pilocarpine, combinations",,,
S01EB58,"Aceklidin, kombinationer","Aceclidine, combinations",,,
S01EC,Karbanhydrashämmare,Carbonic anhydrase inhibitors,,,
S01EC01,Acetazolamid,Acetazolamide,,,
S01EC02,Diklofenamid,Diclofenamide,,,
S01EC03,Dorzolamid,Dorzolamide,,,
S01EC04,Brinzolamid,Brinzolamide,,,
S01EC05,Metazolamid,methazolamide,,,
S01EC54,"Brinzolamid, kombinationer","Brinzolamide, combinations",,,
S01ED,Beta-receptorblockerande medel,Beta blocking agents,,,
S01ED01,Timolol,Timolol,,,
S01ED02,Betaxolol,Betaxolol,,,
S01ED03,Levobunolol,Levobunolol,,,
S01ED04,Metipranolol,Metipranolol,,,
S01ED05,Karteolol,Carteolol,,,
S01ED06,Befunolol,Befunolol,,,
S01ED51,"Timolol, kombinationer","Timolol, combinations",,,
S01ED52,"Betoxalol, kombinationer","Betaxolol, combinations",,,
S01ED54,"Metipranolol, kombinationer","Metipranolol, combinations",,,
S01ED55,"Karteolol, kombinationer","Carteolol, combinations",,,
S01EE,Prostaglandinanaloger,Prostaglandin analogues,,,
S01EE01,Latanoprost,Latanoprost,,,
S01EE02,Unoproston,Unoprostone,,,
S01EE03,Bimatoprost,Bimatoprost,,,
S01EE04,Travoprost,Travoprost,,,
S01EE05,Tafluprost,Tafluprost,,,
S01EE06,Latanoprostenbunod,Latanoprostene bunod,,,
S01EE51,Latanoprost och netarsudil,Latanoprost and netarsudil,,,
S01EE52,Latanoprost och dorzolamid,Latanoprost and dorzolamide,,,
S01EX,Övriga medel vid glaukom samt miotika,Other antiglaucoma preparations,,,
S01EX01,Guanetidin,Guanethidine,,,
S01EX02,Dapiprazol,Dapiprazole,,,
S01EX03,Latanoprost,Latanoprost,,,2003-12-31
S01EX04,Unoproston,Unoprostone,,,2003-12-31
S01EX05,Netarsudil,Netarsudil,,,
S01EX06,Omidenepag,Omidenepag,,,
S01EX07,Ripasudil,Ripasudil,,,
S01F,Mydriatika och cykloplegika,Mydriatics and cycloplegics,,,
S01FA,Antikolinergika,Anticholinergics,,,
S01FA01,Atropin,Atropine,,,
S01FA02,Skopolamin,Scopolamine,,,
S01FA03,Metylskopolamin,Methylscopolamine,,,
S01FA04,Cyklopentolat,Cyclopentolate,,,
S01FA05,Homatropin,Homatropine,,,
S01FA06,Tropikamid,Tropicamide,,,
S01FA54,"Cyklopentolat, kombinationer","Cyclopentolate, combinations",,,
S01FA56,"Tropikamid, kombinationer","Tropicamide, combinations",,,
S01FB,"Sympatomimetika, exkl. medel vid glaukom",Sympathomimetics excl. antiglaucoma preparations,,,
S01FB01,Fenylefrin,Phenylephrine,,,
S01FB02,Efedrin,Ephedrine,,,
S01FB03,Ibopamin,Ibopamine,,,
S01FB51,Fenylefrin och ketorolak,Phenylephrine and ketorolac,,,
S01G,Avsvällande medel och antiallergika,Decongestants and antiallergics,,,
S01GA,Sympatomimetika som avsvällande medel,Sympathomimetics used as decongestants,,,
S01GA01,Nafazolin,Naphazoline,,,
S01GA02,Tetryzolin,Tetryzoline,,,
S01GA03,Xylometazolin,Xylometazoline,,,
S01GA04,Oximetazolin,Oxymetazoline,,,
S01GA05,Fenylefrin,Phenylephrine,,,
S01GA06,Oxedrin,Oxedrine,,,
S01GA07,Brimonidin,Brimonidine,,,
S01GA51,"Nafazolin, kombinationer","Naphazoline, combinations",,,
S01GA52,"Tetryzolin, kombinationer","Tetryzoline, combinations",,,
S01GA53,"Xylometazolin, kombinationer","Xylometazoline, combinations",,,
S01GA55,"Fenylefrin, kombinationer","Phenylephrine, combinations",,,
S01GA56,"Oxedrin, kombinationer","Oxedrine, combinations",,,
S01GX,Övriga antiallergika,Other antiallergics,,,
S01GX01,Natriumkromoglikat,Cromoglicic acid,,,
S01GX02,Levokabastin,Levocabastine,,,
S01GX03,Spagluminsyra,Spaglumic acid,,,
S01GX04,Nedokromil,Nedocromil,,,
S01GX05,Lodoxamid,Lodoxamide,,,
S01GX06,Emedastin,Emedastine,,,
S01GX07,Azelastin,Azelastine,,,
S01GX08,Ketotifen,Ketotifen,,,
S01GX09,Olopatadin,Olopatadine,,,
S01GX10,Epinastin,Epinastine,,,
S01GX11,Alkaftadin,Alcaftadine,,,
S01GX12,Cetirizin,Cetirizine,,,
S01GX13,Bilastin,Bilastine,,,
S01GX51,"Natriumkromoglikat, kombinationer","Cromoglicic acid, combinations",,,
S01H,Lokalanestetika,Local anesthetics,,,
S01HA,Lokalanestetika,Local anesthetics,,,
S01HA01,Kokain,Cocaine,,,
S01HA02,Oxibuprokain,Oxybuprocaine,,,
S01HA03,Tetrakain,Tetracaine,,,
S01HA04,Proximetakain,Proxymetacaine,,,
S01HA05,Prokain,Procaine,,,
S01HA06,Cinkokain,Cinchocaine,,,
S01HA07,Lidokain,Lidocaine,,,
S01HA08,Kloroprokain,Chloroprocaine,,,
S01HA30,Kombinationer,Combinations,,,
S01J,Diagnostiska medel,Diagnostic agents,,,
S01JA,Färgämnen,Colouring agents,,,
S01JA01,Fluorescein,Fluorescein,,,
S01JA02,Bengalrosanatrium,Rose bengal sodium,,,
S01JA51,"Fluorescein, kombinationer","Fluorescein, combinations",,,
S01JX,Övriga diagnostiska medel vid ögonsjukdomar,Other ophthalmological diagnostic agents,,,
S01K,Hjälpmedel vid operationer,Surgical aids,,,
S01KA,Viskoelastiska substanser,Viscoelastic substances,,,
S01KA01,Hyaluronsyra,Hyaluronic acid,,,
S01KA02,Hypromellos,Hypromellose,,,
S01KA51,"Hyaluronsyra, kombinationer","Hyaluronic acid, combinations",,,
S01KX,Övriga hjälpmedel vid operationer,Other surgical aids,,,
S01KX01,Kymotrypsin,Chymotrypsin,,,
S01KX02,Trypanblått,Trypan blue,,,
S01L,Medel vid kärlsjukdomar i ögat,Ocular vascular disorder agents,,,
S01LA,Medel mot kärlnybildning,Antineovascularisation agents,,,
S01LA01,Verteporfin,Verteporfin,,,
S01LA02,Anekortav,Anecortave,,,
S01LA03,Pegaptanib,Pegaptanib,,,
S01LA04,Ranibizumab,Ranibizumab,,,
S01LA05,Aflibercept,Aflibercept,,,
S01LA06,Brolucizumab,Brolucizumab,,,
S01LA07,Abicipar pegol,Abicipar pegol,,,
S01LA08,Bevacizumab,Bevacizumab,,,
S01LA09,Faricimab,Faricimab,,,
S01X,Övriga medel vid ögonsjukdomar,Other ophthalmologicals,,,
S01XA,Övriga medel vid ögonsjukdomar,Other ophthalmologicals,,,
S01XA01,Guajazulen,Guaiazulen,,,
S01XA02,Retinol (vitamin A),Retinol,,,
S01XA03,"Natriumklorid, hyperton","Sodium chloride, hypertonic",,,
S01XA04,Kaliumjodid,Potassium iodide,,,
S01XA05,Natriumedetat,Sodium edetate,,,
S01XA06,Etylmorfin,Ethylmorphine,,,
S01XA07,Alum,Alum,,,
S01XA08,Acetylcystein,Acetylcysteine,,,
S01XA09,Jodoheparinat,Iodoheparinate,,,
S01XA10,Inosin,Inosine,,,
S01XA11,Nandrolon,Nandrolone,,,
S01XA12,Dexpantenol,Dexpanthenol,,,
S01XA13,Alteplas,Alteplase,,,
S01XA14,Heparin,Heparin,,,
S01XA15,Askorbinsyra (vitamin C),Ascorbic acid,,,
S01XA16,Anekortav,Anecortave,,,2006-12-31
S01XA18,Ciklosporin,Ciclosporin,,,
S01XA19,Autologa limbala stamceller,"Limbal stems cells, autologous",,,
S01XA20,Tårsubstitut och övriga indifferenta medel,Artificial tears and other indifferent preparations,,,
S01XA21,Merkaptamin,Mercaptamine,,,
S01XA22,Okriplasmin,Ocriplasmin,,,
S01XA23,Sirolimus,Sirolimus,,,
S01XA24,Cenegermin,Cenegermin,,,
S01XA25,Lifitegrast,Lifitegrast,,,
S01XA26,Riboflavin,Riboflavin,,,
S01XA27,Voretigen-neparvovek,Voretigene neparvovec,,,
S01XA28,Vareniklin,Varenicline,,,
S01XA29,Sepofarsen,Sepofarsen,,,
S01XA31,Pegcetakoplan,Pegcetacoplan,,,
S01XA32,Avacinkaptad pegol,Avacincaptad pegol,,,
S01XA33,Dikvafosol,Diquafosol,,,
S02,Medel vid öronsjukdomar,Otologicals,,,
S02A,Antiinfektiva medel,Antiinfectives,,,
S02AA,Antiinfektiva medel,Antiinfectives,,,
S02AA01,Kloramfenikol,Chloramphenicol,,,
S02AA02,Nitrofural,Nitrofural,,,
S02AA03,Borsyra,Boric acid,,,
S02AA04,Aluminiumacetotartrat,Aluminium acetotartrate,,,
S02AA05,Kliokinol,Clioquinol,,,
S02AA06,Väteperoxid,Hydrogen peroxide,,,
S02AA07,Neomycin,Neomycin,,,
S02AA08,Tetracyklin,Tetracycline,,,
S02AA09,Klorhexidin,Chlorhexidine,,,
S02AA10,Ättiksyra,Acetic acid,,,
S02AA11,Polymyxin B,Polymyxin B,,,
S02AA12,Rifamycin,Rifamycin,,,
S02AA13,Mikonazol,Miconazole,,,
S02AA14,Gentamicin,Gentamicin,,,
S02AA15,Ciprofloxacin,Ciprofloxacin,,,
S02AA16,Ofloxacin,Ofloxacin,,,
S02AA17,Fosfomycin,Fosfomycin,,,
S02AA18,Cefmenoxim,Cefmenoxime,,,
S02AA30,"Antiinfektiva medel, kombinationer","Antiinfectives, combinations",,,
S02B,Kortikosteroider,Corticosteroids,,,
S02BA,Kortikosteroider,Corticosteroids,,,
S02BA01,Hydrokortison,Hydrocortisone,,,
S02BA03,Prednisolon,Prednisolone,,,
S02BA06,Dexametason,Dexamethasone,,,
S02BA07,Betametason,Betamethasone,,,
S02BA08,Fluocinolonacetonid,Fluocinolone acetonide,,,
S02C,Kortikosteroider i kombination med antiinfektiva medel,Corticosteroids and antiinfectives in combination,,,
S02CA,Kortikosteroider i kombination med antiinfektiva medel,Corticosteroids and antiinfectives in combination,,,
S02CA01,Prednisolon och antiinfektiva medel,Prednisolone and antiinfectives,,,
S02CA02,Flumetason och antiinfektiva medel,Flumetasone and antiinfectives,,,
S02CA03,Hydrokortison och antiinfektiva medel,Hydrocortisone and antiinfectives,,,
S02CA04,Triamcinolon och antiinfektiva medel,Triamcinolone and antiinfectives,,,
S02CA05,Fluocinolonacetonid och antiinfektiva medel,Fluocinolone acetonide and antiinfectives,,,
S02CA06,Dexametason och antiinfektiva medel,Dexamethasone and antiinfectives,,,
S02CA07,Fludrokortison och antiinfektiva medel,Fludrocortisone and antiinfectives,,,
S02D,Övriga medel vid öronsjukdomar,Other otologicals,,,
S02DA,Analgetika och anestetika,Analgesics and anesthetics,,,
S02DA01,Lidokain,Lidocaine,,,
S02DA02,Kokain,Cocaine,,,
S02DA03,Fenazon,Phenazone,,,
S02DA04,Cinkokain,Cinchocaine,,,
S02DA30,Kombinationer,Combinations,,,
S02DC,Indifferenta medel,Indifferent preparations,,,
S03,Medel vid ögon- och öronsjukdomar,Ophthalmological and otological preparations,,,
S03A,Antiinfektiva medel,Antiinfectives,,,
S03AA,Antiinfektiva medel,Antiinfectives,,,
S03AA01,Neomycin,Neomycin,,,
S03AA02,Tetracyklin,Tetracycline,,,
S03AA03,Polymyxin B,Polymyxin B,,,
S03AA04,Klorhexidin,Chlorhexidine,,,
S03AA05,Hexamidin,Hexamidine,,,
S03AA06,Gentamicin,Gentamicin,,,
S03AA07,Ciprofloxacin,Ciprofloxacin,,,
S03AA08,Kloramfenikol,Chloramphenicol,,,
S03AA30,"Antiinfektiva, kombinationer","Antiinfectives, combinations",,,
S03B,Kortikosteroider,Corticosteroids,,,
S03BA,Kortikosteroider,Corticosteroids,,,
S03BA01,Dexametason,Dexamethasone,,,
S03BA02,Prednisolon,Prednisolone,,,
S03BA03,Betametason,Betamethasone,,,
S03C,Kortikosteroider i kombination med antiinfektiva medel,Corticosteroids and antiinfectives in combination,,,
S03CA,Kortikosteroider i kombination med antiinfektiva medel,Corticosteroids and antiinfectives in combination,,,
S03CA01,Dexametason och antiinfektiva medel,Dexamethasone and antiinfectives,,,
S03CA02,Prednisolon och antiinfektiva medel,Prednisolone and antiinfectives,,,
S03CA04,Hydrokortison och antiinfektiva medel,Hydrocortisone and antiinfectives,,,
S03CA05,Fludrokortison och antiinfektiva medel,Fludrocortisone and antiinfectives,,,
S03CA06,Betametason och antiinfektiva medel,Betamethasone and antiinfectives,,,
S03CA07,Metylprednisolon och antiinfektiva,Methylprednisolone and antiinfectives,,,
S03D,Övriga medel vid ögon- och öronsjukdomar,Other ophthalmological and otological preparations,,,
V,Övrigt,Various,,,
V01,Allergener,Allergens,,,
V01A,Allergener,Allergens,,,
V01AA,Allergenextrakt,Allergen extracts,,,
V01AA01,Fjädrar,Feather,,,
V01AA02,Gräspollen,Grass pollen,,,
V01AA03,Husdammskvalster,House dust mites,,,
V01AA04,Mögelsvampar och jästsvampar,Mould fungus and yeast fungus,,,
V01AA05,Pollen från träd,Tree pollen,,,
V01AA07,Insekter,Insects,,,
V01AA08,Födoämnen,Food,,,
V01AA09,Textilier,Textiles,,,
V01AA10,Örter,Flowers,,,
V01AA11,Djur,Animals,,,
V01AA20,Övrigt,Various,,,
V03,"Medel vid förgiftningar, överdoseringar m.m.",All other therapeutic products,,,
V03A,"Medel vid förgiftningar, överdoseringar m.m.",All other therapeutic products,,,
V03AB,Medel vid förgiftningar,Antidotes,,,
V03AB01,Ipekakuanharot,Ipecacuanha,,,
V03AB02,Nalorfin,Nalorphine,,,
V03AB03,Edetat,Edetates,,,
V03AB04,Pralidoxim,Pralidoxime,,,
V03AB05,Prednisolon och prometazin,Prednisolone and promethazine,,,
V03AB06,Tiosulfat,Thiosulfate,,,
V03AB08,Natriumnitrit,Sodium nitrite,,,
V03AB09,Dimerkaprol,Dimercaprol,,,
V03AB13,Obidoxim,Obidoxime,,,
V03AB14,Protamin,Protamine,,,
V03AB15,Naloxon,Naloxone,,,
V03AB16,Etanol,Ethanol,,,
V03AB17,Metyltioninklorid,Methylthioninium chloride,,,
V03AB18,Kaliumpermanganat,Potassium permanganate,,,
V03AB19,Fysostigmin,Physostigmine,,,
V03AB20,Kopparsulfat,Copper sulfate,,,
V03AB21,Kaliumjodid,Potassium iodide,,,
V03AB22,Amylnitrit,Amyl nitrite,,,
V03AB23,Acetylcystein,Acetylcysteine,,,
V03AB24,Digitalisantitoxin,Digitalis antitoxin,,,
V03AB25,Flumazenil,Flumazenil,,,
V03AB26,Metionin,Methionine,,,
V03AB27,4-Dimetylaminofenol,4-dimethylaminophenol,,,
V03AB28,Kalciumfolinat,Calcium folinate,,,1993-12-31
V03AB29,Kolinesteras,Cholinesterase,,,
V03AB31,Järn(III)ferrocyanid,Prussian blue,,,
V03AB32,Glutation,Glutathione,,,
V03AB33,Hydroxokobalamin,Hydroxocobalamin,,,
V03AB34,Fomepizol,Fomepizole,,,
V03AB35,Sugammadex,Sugammadex,,,
V03AB36,Fentolamin,Phentolamine,,,
V03AB37,Idarucizumab,Idarucizumab,,,
V03AB38,Andexanet alfa,Andexanet alfa,,,
V03AB54,Pralidoxim och atropin,Pralidoxime and atropine,,,
V03AC,Medel vid järnförgiftning,Iron chelating agents,,,
V03AC01,Deferoxamin,Deferoxamine,,,
V03AC02,Deferipron,Deferiprone,,,
V03AC03,Deferasirox,Deferasirox,,,
V03AE,Medel för behandling av hyperkalemi och hyperfosfatemi,Drugs for treatment of hyperkalemia and hyperphosphatemia,,,
V03AE01,Polystyrensulfonat,Polystyrene sulfonate,,,
V03AE02,Sevelamer,Sevelamer,,,
V03AE03,Lantankarbonat,Lanthanum carbonate,,,
V03AE04,Kalciumacetat och magnesiumkarbonat,Calcium acetate and magnesium carbonate,,,
V03AE05,Sukrojärn(III)oxihydroxid,Sucroferric oxyhydroxide,,,
V03AE06,Kolestilan,Colestilan,,,
V03AE07,Kalciumacetat,Calcium acetate,,,
V03AE08,Järn(III)citrat,Ferric citrate,,,
V03AE09,Patiromerkalcium,Patiromer calcium,,,
V03AE10,Natriumzirkoniumcyklosilikat,Sodium zirconium cyclosilicate,,,
V03AF,Medel mot toxicitet vid cytostatikabehandling,Detoxifying agents for antineoplastic treatment,,,
V03AF01,Mesna,Mesna,,,
V03AF02,Dexrazoxan,Dexrazoxane,,,
V03AF03,Kalciumfolinat,Calcium folinate,,,
V03AF04,Kalciumlevofolinat,Calcium levofolinate,,,
V03AF05,Amifostin,Amifostine,,,
V03AF06,Natriumfolinat,Sodium folinate,,,
V03AF07,Rasburikas,Rasburicase,,,
V03AF08,Palifermin,Palifermin,,,
V03AF09,Glukarpidas,Glucarpidase,,,
V03AF10,Natriumlevofolinat,Sodium levofolinate,,,
V03AF11,Arginin och lysin,Arginine and lysine,,,
V03AF12,Trilaciklib,Trilaciclib,,,
V03AG,Medel för behandling av hyperkalcemi,Drugs for treatment of hypercalcemia,,,
V03AG01,Natriumcellulosafosfater,Sodium cellulose phosphate,,,
V03AG02,Dinatriumetidronat,Etidronic acid,,,1992-12-31
V03AG03,Klodronat,Clodronic acid,,,1992-12-31
V03AG04,Pamidronat,Pamidronic acid,,,1992-12-31
V03AG05,Natriumfosfat,Sodium phosphate,,,
V03AH,Medel för behandling av hypoglykemi,Drugs for treatment of hypoglycemia,,,
V03AH01,Diazoxid,Diazoxide,,,
V03AJ,Medel vid rökavvänjning,Anti-smoking agents,,,2012-12-13
V03AJ01,Nikotin,Nicotine,,,1993-12-31
V03AK,Vävnadslim,Tissue adhesives,,,
V03AM,Medel för embolisering,Drugs for embolisation,,,
V03AN,Medicinska gaser,Medical gases,,,
V03AN01,Syre,Oxygen,,,
V03AN02,Koldioxid,Carbon dioxide,,,
V03AN03,Helium,Helium,,,
V03AN04,Kväve,Nitrogen,,,
V03AN05,Medicinsk luft,Medical air,,,
V03AX,Övriga terapeutiska produkter,Other therapeutic products,,,
V03AX02,Nalfurafin,Nalfurafine,,,
V03AX03,Kobicistat,Cobicistat,,,
V03AX04,Difelikefalin,Difelikefalin,,,
V03AZ,Nervdepressiva,Nerve depressants,,,
V03AZ01,Etanol,Ethanol,,,
V04,Diagnostiska medel,Diagnostic agents,,,
V04A,Kontrastmedel,Contrast media,,,2012-12-13
V04AA,Bariumsulfat,Barium sulphate,,,2012-12-13
V04AA01,Bariumsulfat,Barium sulphate with suspending agents,,,1993-12-31
V04AB,Alifatiska jodföreningar,Aliphatic iodine compounds,,,2012-12-13
V04AB02,Metiodal,Methiodal,,,1993-12-31
V04AC,Dijodpyridonderivat,Diiodopyridone derivatives,,,2012-12-13
V04AC01,Diodon,Diodone,,,1993-12-31
V04AC02,Propyljodon,Propyliodone,,,1993-12-31
V04AC03,Jodpydol,Iopydol,,,1993-12-31
V04AD,Trijodbensenderivat,Triiodobenzene derivatives,,,2012-12-13
V04AD01,Jocetamsyra,Iocetamic acid,,,1993-12-31
V04AD02,Jopansyra,Iopanoic acid,,,1993-12-31
V04AD03,Jopodsyra,Sodium iopodate,,,1993-12-31
V04AD04,Tyropanoinsyra,Tyropanoic acid,,,1993-12-31
V04AE,Trijodbensoesyraderivat,Triiodobenzoic acid derivates,,,2012-12-13
V04AE01,Adipiodon,Adipiodone,,,1993-12-31
V04AE02,Amidotrizoinsyra,Diatrizoic acid,,,1993-12-31
V04AE03,Joglykamsyra,Ioglycamic acid,,,1993-12-31
V04AE04,Metrizoinsyra,Metrizoic acid,,,1993-12-31
V04AE05,Metrizamid,Metrizamide,,,1993-12-31
V04AE06,Jodamid,Iodamide,,,1993-12-31
V04AE07,Jobensamsyra,Iobenzamic acid,,,1993-12-31
V04AE08,Jotroxinsyra,Iotroxic acid,,,1993-12-31
V04AF,Trijodtalamidderivat,Triiodophthalamic acid derivatives,,,2012-12-13
V04AF01,Jotalamsyra,Iotalamic acid,,,1993-12-31
V04AF02,Jokarmsyra,Iocarmic acid,,,1993-12-31
V04AF03,Joxitalamsyra,Ioxitalamic acid,,,1993-12-31
V04AF04,Johexol,Iohexol,,,1993-12-31
V04AF05,Joxaglinsyra,Ioxaglic acid,,,1993-12-31
V04AF06,Jopamidol,Iopamidol,,,1993-12-31
V04AF07,Jopromid,Iopromide,,,1993-12-31
V04AF10,Jotrolan,Iotrolan,,,1993-12-31
V04AF11,Jopentol,Iopentol,,,1993-12-31
V04AF12,Joversol,Ioversol,,,1993-12-31
V04AF13,Jodixanol,Iodixanol,,,2012-12-13
V04AX,Övriga kontrastmedel,Other contrast media,,,2012-12-13
V04AX01,Jodfendylat,Iofendylate,,,1993-12-31
V04AX02,Gadopentetsyra,Gadopentetic acid,,,1993-12-31
V04AX04,Gadodiamid,Gadodiamide,,,2012-12-13
V04AX05,Gadoteriol,Gadoteriol,,,2012-12-13
V04B,Medel för urintest,Urine tests,,,
V04C,Övriga diagnostiska medel,Other diagnostic agents,,,
V04CA,Medel för diabetestest,Tests for diabetes,,,
V04CA01,Tolbutamid,Tolbutamide,,,
V04CA02,Glukos,Glucose,,,
V04CB,Tester för fettabsorption,Tests for fat absorption,,,
V04CB01,Vitamin A koncentrat,Vitamin A concentrates,,,
V04CC,Medel för tömning av gallblåsan,Tests for bile duct patency,,,
V04CC01,Sorbitol,Sorbitol,,,
V04CC02,Magnesiumsulfat,Magnesium sulfate,,,
V04CC03,Sinkalid,Sincalide,,,
V04CC04,Ceruletid,Ceruletide,,,
V04CD,Medel för hypofysfunktionsprov,Tests for pituitary function,,,
V04CD01,Metyrapon,Metyrapone,,,
V04CD03,Sermorelin,Sermorelin,,,
V04CD04,Kortikorelin,Corticorelin,,,
V04CD05,Somatorelin,Somatorelin,,,
V04CD06,Macimorelin,Macimorelin,,,
V04CE,Medel för leverfunktionstest,Tests for liver functional capacity,,,
V04CE01,Galaktos,Galactose,,,
V04CE02,Sulfobromoftalein,Sulfobromophthalein,,,
V04CE03,Metacetin (C-13),Methacetin (C-13),,,
V04CF,Tuberkulosdiagnostikum,Tuberculosis diagnostics,,,
V04CF01,Tuberkulin,Tuberculin,,,
V04CF02,"Mycobacterium tuberculosis, rekombinanta antigener","Mycobacterium tuberculosis, recombinant antigens",,,
V04CG,Ventrikelsekretionstest,Tests for gastric secretion,,,
V04CG01,Katjonbytarhartser,Cation exchange resins,,,
V04CG02,Betazol,Betazole,,,
V04CG03,Histaminfosfat,Histamine phosphate,,,
V04CG04,Pentagastrin,Pentagastrin,,,
V04CG05,Metyltioninklorid,Methylthioninium chloride,,,
V04CG30,Koffein och natriumbensoat,Caffeine and sodium benzoate,,,
V04CH,Test för njurfunktion och uretära sjukdomar,Tests for renal function and ureteral injuries,,,
V04CH01,Inulin och andra polyfruktosaner,Inulin and other polyfructosans,,,
V04CH02,Indigokarmin,Indigo carmine,,,
V04CH03,Fenolrött,Phenolsulfonphthalein,,,
V04CH04,Alsaktid,Alsactide,,,
V04CH05,Relmapirazin,Relmapirazin,,,
V04CH30,Aminohippursyra,Aminohippuric acid,,,
V04CH31,Polyfruktosan-S,Polyfructosan,,,2012-12-13
V04CJ,Tyreoideafunktionstest,Tests for thyreoidea function,,,
V04CJ01,Tyrotropin,Thyrotropin,,,
V04CJ02,Protirelin,Protirelin,,,
V04CK,Pankreasfunktionstest,Tests for pancreatic function,,,
V04CK01,Sekretin,Secretin,,,
V04CK02,Kolecystokinin,Pancreozymin (cholecystokinin),,,
V04CK03,Bentiromid,Bentiromide,,,
V04CL,Allergitest,Tests for allergic diseases,,,
V04CM,Tester för fertilitetsstörningar,Tests for fertility disturbances,,,
V04CM01,Gonadorelin,Gonadorelin,,,
V04CX,Övriga diagnostiska medel,Other diagnostic agents,,,
V04CX01,Indocyaningrönt,Indocyanine green,,,
V04CX02,Folsyra,Folic acid,,,
V04CX03,Metakolin,Methacholine,,,
V04CX04,Mannitol,Mannitol,,,
V04CX05,Urea(C-13),Urea (C-13),,,
V04CX06,Hexaminolevulinat,Hexaminolevulinate,,,
V04CX07,Edrofonium,Edrophonium,,,
V04CX08,Kolmonoxid,Carbon monoxide,,,
V04CX09,Patentblått,Patent blue,,,
V04CX10,Pafolacianin,Pafolacianine,,,
V04CX11,Litiumklorid,Lithium chloride,,,
V04CX12,Xenon,Xenon,,,
V04CX13,Pegulicianin,Pegulicianine,,,
V04D,Radiofarmaceutisk diagnostika,Diagnostic radiopharmaceuticals,,,2012-12-13
V06,Näringspreparat,General nutrients,,,
V06A,Dietpreparat för bantning,Diet formulations for treatment of obesity,,,
V06AA,Lågenergidieter,Low-energy diets,,,
V06B,Proteinsupplement,Protein supplements,,,
V06C,Näringspreparat för barn,Infant formulas,,,
V06CA,Medel vid fenylketonuri,Nutrients without phenylalanine,,,
V06D,Övriga näringspreparat,Other nutrients,,,
V06DA,"Kolhydrat-, protein-, mineral- och vitamintillskott, kombinationer","Carbohydrates/proteins/minerals/vitamins, combinations",,,
V06DB,"Fett-, kolhydrat-, protein-, mineral och vitamintillskott","Fat/carbohydrates/proteins/minerals/vitamins, combinations",,,
V06DC,Kolhydrater,Carbohydrates,,,
V06DC01,Glukos,Glucose,,,
V06DC02,Fruktos,Fructose,,,
V06DD,"Aminosyror, inkl kombinationer med polypeptider","Amino acids, incl. combinations with polypeptides",,,
V06DE,"Aminosyror-, kolhydrat-, mineral och vitamintillskott, kombinationer","Amino acids/carbohydrates/minerals/vitamins, combinations",,,
V06DF,Mjölksubstitut,Milk substitutes,,,
V06DX,Övriga kombinationer av näringsämnen,Other combinations of nutrients,,,
V07,Tekniska hjälpmedel,All other non-therapeutic products,,,
V07A,Tekniska hjälpmedel,All other non-therapeutic products,,,
V07AA,Plåster,Plasters,,,
V07AB,"Lösningar, spädningsvätskor och spolvätskor","Solvents and diluting agents, incl. irrigating solutions",,,
V07AC,"Hjälpmedel vid transfusioner, infusioner m m","Blood transfusion, auxiliary products",,,
V07AD,Hjälpmedel vid blodprov,"Blood tests, auxiliary products",,,
V07AN,Inkontinenstillbehör,Incontinence equipment,,,
V07AR,"Känslighetstester, -disker och tabletter","Sensitivity tests, discs and tablets",,,
V07AS,Stomitillbehör,Stomi equipment,,,
V07AT,Kosmetika,Cosmetics,,,
V07AV,Tekniska desinfektionsmedel,Technical disinfectants,,,
V07AX,Tvättmedel m.m.,Washing agents etc.,,,
V07AY,Övriga icke terapeutiska hjälpmedel,Other non-therapeutic auxiliary products,,,
V07AZ,Kemikalier och reagenser för analyser,Chemicals and reagents for analysis,,,
V08,Kontrastmedel,Contrast media,,,
V08A,Joderade röntgenkontrastmedel,"X-ray contrast media, iodinated",,,
V08AA,"Vattenlösliga, högosmolära röntgenkontrastmedel med njuraffinitet","Watersoluble, nephrotropic, high osmolar x-ray contrast media",,,
V08AA01,Amidotrizoinsyra,Diatrizoic acid,,,
V08AA02,Metrizoinsyra,Metrizoic acid,,,
V08AA03,Jodamid,Iodamide,,,
V08AA04,Jotalamsyra,Iotalamic acid,,,
V08AA05,Joxitalamsyra,Ioxitalamic acid,,,
V08AA06,Jogliksyra,Ioglicic acid,,,
V08AA07,Acetrizoinsyra,Acetrizoic acid,,,
V08AA08,Jokarmsyra,Iocarmic acid,,,
V08AA09,Metiodal,Methiodal,,,
V08AA10,Diodon,Diodone,,,
V08AB,"Vattenlösliga, lågosmolära röntgenkontrastmedel med njuraffinitet","Watersoluble, nephrotropic, low osmolar x-ray contrast media",,,
V08AB01,Metrizamid,Metrizamide,,,
V08AB02,Johexol,Iohexol,,,
V08AB03,Joxaglinsyra,Ioxaglic acid,,,
V08AB04,Jopamidol,Iopamidol,,,
V08AB05,Jopromid,Iopromide,,,
V08AB06,Jotrolan,Iotrolan,,,
V08AB07,Joversol,Ioversol,,,
V08AB08,Jopentol,Iopentol,,,
V08AB09,Jodixanol,Iodixanol,,,
V08AB10,Jomeprol,Iomeprol,,,
V08AB11,Jobitridol,Iobitridol,,,
V08AB12,Joxilan,Ioxilan,,,
V08AC,Vattenlösliga röntgenkontrastmedel med leveraffinitet,"Watersoluble, hepatotropic x-ray contrast media",,,
V08AC01,Jodoxamsyra,Iodoxamic acid,,,
V08AC02,Jotroxinsyra,Iotroxic acid,,,
V08AC03,Joglykamsyra,Ioglycamic acid,,,
V08AC04,Adipiodon,Adipiodone,,,
V08AC05,Jobensamsyra,Iobenzamic acid,,,
V08AC06,Jopansyra,Iopanoic acid,,,
V08AC07,Jocetamsyra,Iocetamic acid,,,
V08AC08,Natriumjopodat,Sodium iopodate,,,
V08AC09,Tyropanoinsyra,Tyropanoic acid,,,
V08AC10,Kalciumjopodat,Calcium iopodate,,,
V08AD,Vattenolösliga röntgenkontrastmedel,Non-watersoluble x-ray contrast media,,,
V08AD01,Etylestrar av jodiserade fettsyror,Ethyl esters of iodised fatty acids,,,
V08AD02,Jopydol,Iopydol,,,
V08AD03,Propyljodon,Propyliodone,,,
V08AD04,Jofendylat,Iofendylate,,,
V08B,Röntgenkontrastmedel utan jod,"X-ray contrast media, non-iodinated",,,
V08BA,Bariumsulfat,Barium sulfate containing x-ray contrast media,,,
V08BA01,Bariumsulfat,Barium sulfate with suspending agents,,,
V08BA02,Bariumsulfat,Barium sulfate without suspending agents,,,
V08C,Kontrastmedel för magnetisk resonanstomografi,Magnetic resonance imaging contrast media,,,
V08CA,Paramagnetiska kontrastmedel,Paramagnetic contrast media,,,
V08CA01,Gadopentetsyra,Gadopentetic acid,,,
V08CA02,Gadoterinsyra,Gadoteric acid,,,
V08CA03,Gadodiamid,Gadodiamide,,,
V08CA04,Gadoteridol,Gadoteridol,,,
V08CA05,Mangafodipir,Mangafodipir,,,
V08CA06,Gadoversetamid,Gadoversetamide,,,
V08CA07,Järn(III)ammoniumcitrat,Ferric ammonium citrate,,,
V08CA08,Gadobenat,Gadobenic acid,,,
V08CA09,Gadobutrol,Gadobutrol,,,
V08CA10,Gadoxetinsyra,Gadoxetic acid,,,
V08CA11,Gadofosveset,Gadofosveset,,,
V08CA12,Gadopiklenol,Gadopiclenol,,,
V08CA13,Gadokvatran,Gadoquatrane,,,
V08CB,Superparamagnetiska kontrastmedel,Superparamagnetic contrast media,,,
V08CB01,Ferumoxsil,Ferumoxsil,,,
V08CB02,Järnferrit med bärarpartiklar,Ferristene,,,
V08CB03,"Järnoxid, nanopartiklar","Iron oxide, nanoparticles",,,
V08CX,Övriga kontrastmedel för magnetisk resonanstomografi,Other magnetic resonance imaging contrast media,,,
V08CX01,Perflubron,Perflubron,,,
V08D,Kontrastmedel för ultraljudsundersökningar,Ultrasound contrast media,,,
V08DA,Kontrastmedel för ultraljudsundersökningar,Ultrasound contrast media,,,
V08DA01,"Perflutren, humana albuminmikrosfärer","Perflutren, human albumin microspheres",,,
V08DA02,Mikropartiklar av galaktos,Microparticles of galactose,,,
V08DA03,Perflenapent,Perflenapent,,,
V08DA04,"Perflutren, fosfolipidmikrosfärer","Perflutren, phospholipid microspheres",,,
V08DA05,"Svavelhexafluorid, fosfolipidmikrosfärer","Sulfur hexafluoride, phospholipid microspheres",,,
V08DA06,"Perflubutan, fosfolipidmikrosfärer","Perflubutane, phospholipid microspheres",,,
V09,Diagnostiska radiofarmaka,Diagnostic radiopharmaceuticals,,,
V09A,Centrala nervsystemet,Central nervous system,,,
V09AA,Teknetium(Tc-99m)föreningar,Technetium (Tc-99m) compounds,,,
V09AA01,Teknetium(Tc-99m)exametazim,Technetium (Tc-99m) exametazime,,,
V09AA02,Teknetium(Tc-99m)bicisatdihydroklorid,Technetium (Tc-99m) bicisate,,,
V09AB,Jod(I-123)föreningar,Iodine (I-123) compounds,,,
V09AB01,Jodjofetamin(I-123),Iodine iofetamine (I-123),,,
V09AB02,Jodjoloprid(I-123),Iodine iolopride (I-123),,,
V09AB03,Jodjoflupan(I-123),Iodone ioflupane (I-123),,,
V09AX,Övriga diagnostiska radiofarmaka för det centrala nervsystemet,Other central nervous system diagnostic radiopharmaceuticals,,,
V09AX01,Indium(In-111)pentetat,Indium (In-111) pentetic acid,,,
V09AX02,Fludeoxyglukos (F-18),Fludeoxyglucose (F-18),,,2004-12-31
V09AX03,Jod (I-124) 2beta-karbometoxi-3beta-(4 jodofenyl)-tropan,Iodine (I-124) 2beta-carbomethoxy-3beta-(4 iodophenyl)-tropane,,,
V09AX04,Flutemetamol(F-18),Flutemetamol (F-18),,,
V09AX05,Florbetapir(F-18),Florbetapir (F-18),,,
V09AX06,Florbetaben(F-18),Florbetaben (F-18),,,
V09AX07,Flortaucipir(F-18),Flortaucipir (F-18),,,
V09B,Skelett,Skeleton,,,
V09BA,Teknetium(Tc-99m)föreningar,Technetium (Tc-99m) compounds,,,
V09BA01,Teknetium(Tc-99m)oxidronsyra,Technetium (Tc-99m) oxidronic acid,,,
V09BA02,Teknetium(Tc-99m)medronat,Technetium (Tc-99m) medronic acid,,,
V09BA03,Teknetium(Tc-99m)pyrofosfat,Technetium (Tc-99m) pyrophosphate,,,
V09BA04,Teknetium(Tc-99m)butedronsyra,Technetium (Tc-99m) butedronic acid,,,
V09C,Renala systemet,Renal system,,,
V09CA,Teknetium(Tc-99m)föreningar,Technetium (Tc-99m) compounds,,,
V09CA01,Teknetium(Tc-99m)pentetsyra,Technetium (Tc-99m) pentetic acid,,,
V09CA02,Teknetium(Tc-99m)succimer,Technetium (Tc-99m) succimer,,,
V09CA03,Teknetium(Tc-99m)mertiatid,Technetium (Tc-99m) mertiatide,,,
V09CA04,Teknetium(Tc-99m)gluceptat,Technetium (Tc-99m) gluceptate,,,
V09CA05,Teknetium(Tc-99m)glukonat,Technetium (Tc-99m) gluconate,,,
V09CA06,Teknetium(Tc-99m)etylendicystein,Technetium (Tc-99m) ethylenedicysteine,,,
V09CX,Övriga diagnostiska radiofarmaka för det renala systemet,Other renal system diagnostic radiopharmaceuticals,,,
V09CX01,Natriumjodhippurat(I-123),Sodium iodohippurate (I-123),,,
V09CX02,Natriumjodhippurat(I-131),Sodium iodohippurate (I-131),,,
V09CX03,Natriumjotalamat(I-125),Sodium iothalamate (I-125),,,
V09CX04,Krom(Cr-51)edetat,Chromium (Cr-51) edetate,,,
V09D,Hepatiska och retikuloendoteliala systemet,Hepatic and reticulo endothelial system,,,
V09DA,Teknetium(Tc-99m)föreningar,Technetium (Tc-99m) compounds,,,
V09DA01,Teknetium(Tc-99m)disofenin,Technetium (Tc-99m) disofenin,,,
V09DA02,Teknetium(Tc-99m)etifenin,Technetium (Tc-99m) etifenin,,,
V09DA03,Teknetium(Tc-99m)lidofenin,Technetium (Tc-99m) lidofenin,,,
V09DA04,Teknetium(Tc-99m)mebrofenin,Technetium (Tc-99m) mebrofenin,,,
V09DA05,Teknetium(Tc-99m)galtifenin,Technetium (Tc-99m) galtifenin,,,
V09DB,"Teknetium(Tc-99m), partiklar och kolloider","Technetium (Tc-99m), particles and colloids",,,
V09DB01,Teknetium(Tc-99m)nanokolloid,Technetium (Tc-99m) nanocolloid,,,
V09DB02,Teknetium(Tc-99m)mikrokolloid,Technetium (Tc-99m) microcolloid,,,
V09DB03,Teknetium(Tc-99m)millimikrosfärer,Technetium (Tc-99m) millimicrospheres,,,
V09DB04,Teknetium(Tc-99m)tennkolloid,Technetium (Tc-99m) tin colloid,,,
V09DB05,Teknetium(Tc-99m)svavelkolloid,Technetium (Tc-99m) sulfur colloid,,,
V09DB06,Teknetium(Tc-99m)rheniumsulfidkolloid,Technetium (Tc-99m) rheniumsulfide colloid,,,
V09DB07,Teknetium(Tc-99m)fytat,Technetium (Tc-99m) phytate,,,
V09DX,Övriga radiofarmaka för diagnostik av det hepatiska och retikuloendoteliala systemet,Other hepatic and reticulo endothelial system diagnostic radiopharmaceuticals,,,
V09DX01,Selenium(Se-75)tauroselcholsyra,Selenium (Se-75) tauroselcholic acid,,,
V09E,Andningsorganen,Respiratory system,,,
V09EA,"Teknetium(Tc-99m), inhalationer","Technetium (Tc-99m), inhalants",,,
V09EA01,Teknetium(Tc-99m)pentetsyra,Technetium (Tc-99m) pentetic acid,,,
V09EA02,Teknetium(Tc-99m)teknegas,Technetium (Tc-99m) technegas,,,
V09EA03,Teknetium(Tc-99m)nanokolloid,Technetium (Tc-99m) nanocolloid,,,
V09EB,"Teknetium(Tc-99m), partiklar för injektion","Technetium (Tc-99m), particles for injection",,,
V09EB01,Teknetium(Tc-99m)makrosalb,Technetium (Tc-99m) macrosalb,,,
V09EB02,Teknetium(Tc-99m)mikrosfärer,Technetium (Tc-99m) microspheres,,,
V09EX,Övriga diagnostiska radiofarmaka för andningsorganen,Other respiratory system diagnostic radiopharmaceuticals,,,
V09EX01,Krypton (Kr-81m) gas,Krypton (Kr-81m) gas,,,
V09EX02,Xenon(Xe-127)gas,Xenon (Xe-127) gas,,,
V09EX03,Xenon(Xe-133)gas,Xenon (Xe-133) gas,,,
V09F,Tyreoidea,Thyroid,,,
V09FX,Övriga diagnostiska radiofarmaka för tyreoidea,Various thyroid diagnostic radiopharmaceuticals,,,
V09FX01,Teknetium(Tc-99m)perteknetat,Technetium (Tc-99m) pertechnetate,,,
V09FX02,Natriumjodid(I-123),Sodium iodide (I-123),,,
V09FX03,Natriumjodid(I-131),Sodium iodide (I-131),,,
V09FX04,Natriumjodid(I-124),Sodium iodide (I-124),,,
V09G,Hjärta och kretslopp,Cardiovascular system,,,
V09GA,Teknetium(Tc-99m)föreningar,Technetium (Tc-99m) compounds,,,
V09GA01,Teknetium(Tc-99m)sestamibi,Technetium (Tc-99m) sestamibi,,,
V09GA02,Teknetium(Tc-99m)tetrofosmin,Technetium (Tc-99m) tetrofosmin,,,
V09GA03,Teknetium(Tc-99m)teboroxim,Technetium (Tc-99m) teboroxime,,,
V09GA04,"Teknetium(Tc-99m)albumin, humant",Technetium (Tc-99m) human albumin,,,
V09GA05,Teknetium(Tc-99m)furifosmin,Technetium (Tc-99m) furifosmin,,,
V09GA06,Teknetium(Tc-99m)tennmärkta celler,Technetium (Tc-99m) stannous agent labelled cells,,,
V09GA07,Teknetium(Tc-99m)apcitid,Technetium (Tc-99m) apcitide,,,
V09GB,Jod(I-125)föreningar,Iodine (I-125) compounds,,,
V09GB01,Fibrinogen(I-125),Fibrinogen (I-125),,,
V09GB02,Humant jod(I-125)albumin,Iodine (I-125) human albumin,,,
V09GX,Övriga diagnostiska radiofarmaka för det kardiovaskulära systemet,Other cardiovascular system diagnostic radiopharmaceuticals,,,
V09GX01,Tallium(Tl-201)klorid,Thallium (Tl-201) chloride,,,
V09GX02,Indium(In-111)imikromab,Indium (In-111) imciromab,,,
V09GX03,Natriumkromat(Cr-51),Sodium chromate (Cr-51),,,
V09GX04,Rubidium(Rb-82)klorid,Rubidium (Rb-82) chloride,,,
V09GX05,Ammoniak(N-13),Ammonia (N-13),,,
V09GX06,Flurpiridaz(F-18),Flurpiridaz (F-18),,,
V09H,Inflammations- och infektionsdetektion,Inflammation and infection detection,,,
V09HA,Teknetium(Tc-99m)föreningar,Technetium (Tc-99m) compounds,,,
V09HA01,"Teknetium(Tc-99m)immunglobulin, humant",Technetium (Tc-99m) human immunoglobulin,,,
V09HA02,Teknetium(Tc-99m)exametazimmärkta celler,Technetium (Tc-99m) exametazime labelled cells,,,
V09HA03,Teknetium(Tc-99m)antigranulocyt antikropp,Technetium (Tc-99m) antigranulocyte antibody,,,
V09HA04,Teknetium(Tc-99m)sulesomab,Technetium (Tc-99m) sulesomab,,,
V09HB,Indium(In-111)föreningar,Indium (In-111) compounds,,,
V09HB01,Indium(In-111)oxin,Indium (In-111) oxinate labelled cells,,,
V09HB02,Indium(In-111)tropolonatmärkta celler,Indium (In-111) tropolonate labelled cells,,,
V09HX,Övriga diagnostiska radiofarmaka för inflammations- och infektionsdetektion,Other diagnostic radiopharmaceuticals for inflammation and infection detection,,,
V09HX01,Gallium(Ga-67)citrat,Gallium (Ga-67) citrate,,,
V09I,Tumördetektion,Tumour detection,,,
V09IA,Teknetium(Tc-99m)föreningar,Technetium (Tc-99m) compounds,,,
V09IA01,Teknetium(Tc-99m)antiCarcinoEmbryoAntigen antikropp,Technetium (Tc-99m) antiCarcinoEmbryonicAntigen antibody,,,
V09IA02,Teknetium(Tc-99m)antimelanom antikropp,Technetium (Tc-99m) antimelanoma antibody,,,
V09IA03,Teknetium(Tc-99m)pentavalent succimer,Technetium (Tc-99m) pentavalent succimer,,,
V09IA04,Teknetium(Tc-99m)votumumab,Technetium (Tc-99m) votumumab,,,
V09IA05,Teknetium(Tc-99m)depreotid,Technetium (Tc-99m) depreotide,,,
V09IA06,Teknetium(Tc-99m)arcitumomab,Technetium (Tc-99m) arcitumomab,,,
V09IA07,Teknetium(Tc-99m)hynik-oktreotid,Technetium (Tc-99m) hynic-octreotide,,,
V09IA08,Teknetium(Tc-99m)etarfolatid,Technetium (Tc-99m) etarfolatide,,,
V09IA09,Teknetium(Tc-99m)tilmanocept,Technetium (Tc-99m) tilmanocept,,,
V09IA10,Teknetium(Tc-99m)trofolastatklorid,Technetium (Tc-99m) trofolastat chloride,,,
V09IB,Indium(In-111)föreningar,Indium (In-111) compounds,,,
V09IB01,Indium(In-111)pentetreotid,Indium (In-111) pentetreotide,,,
V09IB02,Indium(In-111)satumomabpendetid,Indium (In-111) satumomab pendetide,,,
V09IB03,Indium(In-111)antiovariumkarcinom antikropp,Indium (In-111) antiovariumcarcinoma antibody,,,
V09IB04,Indium(In-111)kapromabpentid,Indium (In-111) capromab pendetide,,,
V09IX,Övriga diagnostiska radiofarmaka för tumördetektion,Other diagnostic radiopharmaceuticals for tumour detection,,,
V09IX01,Jobenguan(I-123),Iobenguane (I-123),,,
V09IX02,Jobenguan(I-131),Iobenguane (I-131),,,
V09IX03,Jod (I-125) CC49-monoklonal antikropp,Iodine (I-125) CC49-monoclonal antibody,,,
V09IX04,Fludeoxiglukos(F-18),Fludeoxyglucose (F-18),,,
V09IX05,Fluorodopa(F-18),Fluorodopa (F-18),,,
V09IX06,Natriumfluorid(F-18),Sodium fluoride (F-18),,,
V09IX07,Fluorokolin(F-18),Fluorocholine (F-18),,,
V09IX08,Fluoroetylkolin(F-18),Fluoroethylcholine (F-18),,,
V09IX09,Gallium(Ga-68)edotreotid,Gallium (Ga-68) edotreotide,,,
V09IX10,Fluoroetyl-L-tyrosin(F-18),Fluoroethyl-L-tyrosine (F-18),,,
V09IX11,Fluoroestradiol(F-18),Fluoroestradiol (F-18),,,
V09IX12,Fluciklovin(F-18),Fluciclovine (F-18),,,
V09IX13,Metionin(C-11),Methionine (C-11),,,
V09IX14,Gallium(Ga-68)gozetotid,Gallium (Ga-68) gozetotide,,,
V09IX15,Koppar(Cu-64)oxodotreotid,Copper (Cu-64) oxodotreotide,,,
V09IX16,Piflufolastat(F-18),Piflufolastat (F-18),,,
V09IX17,PSMA-1007 (F-18),PSMA-1007 (F-18),,,
V09IX18,Flotufolastat(F-18),Flotufolastat (F-18),,,
V09IX19,Vidoflufolastat(F-18),Vidoflufolastat (F-18),,,
V09X,Övriga diagnostiska radiofarmaka,Other diagnostic radiopharmaceuticals,,,
V09XA,Jod(I-131) föreningar,Iodine (I-131) compounds,,,
V09XA01,Jod(I-131)norkolesterol,Iodine (I-131) norcholesterol,,,
V09XA02,Jodokolesterol(I-131),Iodocholesterol (I-131),,,
V09XA03,Jod(I-131)humanalbumin,Iodine (I-131) human albumin,,,
V09XA53,Jod (I-131) tositumomab,Iodine (I-131) tositumomab,,,2012-12-13
V09XX,Diverse diagnostiska radiofarmaka,Various diagnostic radiopharmaceuticals,,,
V09XX01,Cyanokobalamin(Co-57),Cobalt (Co-57) cyanocobalamine,,,
V09XX02,Cyanokobalamin(Co-58),Cobalt (Co-58) cyanocobalamine,,,
V09XX03,Selen(Se-75)norkolesterol,Selenium (Se-75) norcholesterol,,,
V09XX04,Järn(Fe-59)citrat,Ferric (Fe-59) citrate,,,
V10,Terapeutiska radiofarmaka,Therapeutic radiopharmaceuticals,,,
V10A,Antiinflammatoriska medel,Antiinflammatory agents,,,
V10AA,Yttrium(Y-90)föreningar,Yttrium (Y-90) compounds,,,
V10AA01,Yttrium(Y-90)citratkolloid,Yttrium (Y-90) citrate colloid,,,
V10AA02,Yttrium(Y-90)ferrihydroxidkolloid,Yttrium (Y-90) ferrihydroxide colloid,,,
V10AA03,Yttrium(Y-90)silikatkolloid,Yttrium (Y-90) silicate colloid,,,
V10AX,Övriga antiinflammatoriska terapeutiska radiofarmaka,Other antiinflammatory therapeutic radiopharmaceuticals,,,
V10AX01,Fosfor(P-32)kromfosfatkolloid,Phosphorous (P-32) chromicphosphate colloid,,,
V10AX02,Samarium(Sm-153)hydroxiapatitkolloid,Samarium (Sm-153) hydroxyapatite colloid,,,
V10AX03,Dysprosium(Dy-165)kolloid,Dysprosium (Dy-165) colloid,,,
V10AX04,Erbium(Er-169)citratkolloid,Erbium (Er-169) citrate colloid,,,
V10AX05,Rhenium(Re-186)sulfidkolloid,Rhenium (Re-186) sulfide colloid,,,
V10AX06,"Guld(Au-198), kolloidalt",Gold (Au-198) colloidal,,,
V10B,Smärtlindring (ben-sökande ämnen),Pain palliation (bone seeking agents),,,
V10BX,Diverse smärtlindrande radiofarmaka,Various pain palliation radiopharmaceuticals,,,
V10BX01,Strontium(Sr-89)klorid,Strontium (Sr-89) chloride,,,
V10BX02,Samarium(Sm-153)lexidronam,Samarium (Sm-153) lexidronam,,,
V10BX03,Rhenium(Re-186)etidronsyra,Rhenium (Re-186) etidronic acid,,,
V10X,Övriga terapeutiska radiofarmaka,Other therapeutic radiopharmaceuticals,,,
V10XA,Jod(I-131) föreningar,Iodine (I-131) compounds,,,
V10XA01,Natriumjodid(I-131),Sodium iodide (I-131),,,
V10XA02,Jobenguan(I-131),Iobenguane (I-131),,,
V10XA03,Jod(I-131)omburtamab,Iodine (I-131) omburtamab,,,
V10XA04,Jod(I-131)apamistamab,Iodine (I-131) apamistamab,,,
V10XA53,Tositumomab/jod(I-131)tositumomab,Tositumomab/iodine (I-131) tositumomab,,,
V10XX,Diverse terapeutiska radiofarmaka,Various therapeutic radiopharmaceuticals,,,
V10XX01,Natriumfosfat(P-32),Sodium phosphate (P-32),,,
V10XX02,Ibritumomabtiuxetan(Y-90),Ibritumomab tiuxetan (Y-90),,,
V10XX03,Radium(Ra-223)diklorid,Radium (Ra-223) dichloride,,,
V10XX04,Lutetium(Lu-177)oxodotreotid,Lutetium (Lu-177) oxodotreotide,,,
V10XX05,Lutetium(Lu-177)vipivotid tetraxetan,Lutetium (Lu-177) vipivotide tetraxetan,,,
V20,Kirurgiska förband,Surgical dressings,,,
