code,label,label_en,parent_code,valid_from,valid_to
A03A,"Intrakraniell kirurgi för tumör, mycket komplicerat","Intracranial surgery for central nervous system tumour, w MCC",,,
A03E,"Intrakraniell kirurgi för tumör, ej komplicerat","Intracranial surgery for central nervous system tumour, w/o CC",,,
A04N,"Åtgärd för ej rupturerat aneurysm, kärlmissbildning och infarkt","Surgery of intracranial aneurysm, vascular anomaly or hemangioma",,,
A05N,Intrakraniell kirurgi för kroniskt subduralhematom,Surgery of chronic subdural hematoma,,,
A08A,"Annan intrakraniell kärlkirurgi, mycket komplicerat","Other intracranial vascular surgery, w MCC",,,
A08E,"Annan intrakraniell kärlkirurgi, ej komplicerat","Other intracranial vascular surgery, w/o CC",,,
A09A,"Intrakraniell shuntkirurgi, mycket komplicerat","Intracranial cerebrospinal fluid shunt surgery, w MCC",,,
A09E,"Intrakraniell shuntkirurgi, ej komplicerat","Intracranial cerebrospinal fluid shunt surgery, w/o CC",,,
A10A,"Annan kraniotomi vid traumadiagnos, mycket komplicerat","Other craniotomy for trauma, w MCC",,,
A10C,"Annan kraniotomi vid traumadiagnos, komplicerat","Other craniotomy for trauma, w CC",,,
A10E,"Annan kraniotomi vid traumadiagnos, ej komplicerat","Other craniotomy for trauma, w/o CC",,,
A11A,"Annan kraniotomi utan traumadiagnos, mycket komplicerat","Other craniotomy except trauma, w MCC",,,
A11E,"Annan kraniotomi utan traumadiagnos, ej komplicerat","Other craniotomy except for trauma, w/o CC",,,
A15O,"Intrakraniella åtgärder, öppenvård","Craniotomy, short therapy",,,
A16N,Stereotaktisk intrakraniell strålbehandling,Stereotactic intracranial radiotherapy,,,
A16O,"Stereotaktisk intrakraniell strålbehandling, öppenvård","Stereotactic intracranial radiotherapy, short therapy",,,
A20O,"Implantation/byte av nervstimulator, öppenvård","Insertion or replacement of nervous system central stimulation device, short therapy",,,
A21N,Inläggning av intrakraniell och vagal nervstimuleringsutrustning,Insertion of intracranial or vagal nerve stimulator,,,
A22N,Implantation/byte av annan nervstimuleringsutrustning,Insertion or replacement of nervous system central stimulation device,,,
A25N,Operationer på ryggmärg och närliggande vävnad,Spinal procedures,,,
A25O,"Operationer på ryggmärg och närliggande vävnad, öppenvård","Spinal procedures, short therapy",,,
A28C,"Operationer på extrakraniella kärl, komplicerat","Extracranial vascular procedures, w CC",,,
A28E,"Operationer på extrakraniella kärl, ej komplicerat","Extracranial vascular procedures, w/o CC",,,
A28O,"Operationer på extrakraniella kärl, öppenvård","Extracranial vascular procedures, short therapy",,,
A29N,Operationer på karpaltunnel,Carpal tunnel release,,,
A29O,"Operationer på karpaltunnel, öppenvård","Carpal tunnel release, short therapy",,,
A35A,"Operation vid sjukdom i hjärna och andra delar av nervsystemet, mycket komplicerat","Peripheral and cranial nerve and other nervous system procedures, w MCC",,,
A35C,"Operation vid sjukdom i hjärna och andra delar av nervsystemet, komplicerat","Peripheral and cranial nerve and other nervous system procedures, w CC",,,
A35E,"Operation vid sjukdom i hjärna och andra delar av nervsystemet, ej komplicerat","Peripheral and cranial nerve and other nervous system procedures, w/o CC",,,
A35O,"Operation vid sjukdom i hjärna och andra delar av nervsystemet, öppenvård","Peripheral and cranial nerve and other nervous system procedures, short therapy",,,
A39N,Åtgärder under större anestesi vid neurologiska problem utom infektioner & tumörer,"General anaesthesia for neurological problem, except infections and tumours",,,
A40A,"Sjukdomar och skador i ryggmärgen, mycket komplicerat","Spinal disorders and injuries, w MCC",,,
A40C,"Sjukdomar och skador i ryggmärgen, komplicerat","Spinal disorders and injuries, w CC",,,
A40E,"Sjukdomar och skador i ryggmärgen, ej komplicerat","Spinal disorders and injuries, w/o CC",,,
A40O,Läkarbesök vid sjukdomar och skador i ryggmärgen,Doctor visits for spinal disorders and injuries,,,
A40S,"Läkarbesök vid sjukdomar och skador i ryggmärgen, komplicerat primärvård","Doctor visits for spinal disorders and injuries, w CC, primary care",,,
A40T,"Läkarbesök vid sjukdomar och skador i ryggmärgen, ej komplicerat primärvård","Doctor visits for spinal disorders and injuries, w/o CC, primary care",,,
A43A,"Tumörer i nervsystemet, mycket komplicerat","Nervous system neoplasms, w MCC",,,
A43C,"Tumörer i nervsystemet, komplicerat","Nervous system neoplasms, w CC",,,
A43E,"Tumörer i nervsystemet, ej komplicerat","Nervous system neoplasms, w/o CC",,,
A43P,"Läkarbesök vid tumörer i nervsystemet, komplicerat","Doctor visits for neoplasms in the nervous system, w CC",,,
A43Q,"Läkarbesök vid tumörer i nervsystemet, ej komplicerat","Doctor visits for neoplasms in the nervous system, w/o CC",,,
A43S,"Läkarbesök vid tumörer i nervsystemet, komplicerat primärvård","Doctor visits for neoplasms in the nervous system, w CC, primary care",,,
A43T,"Läkarbesök vid tumörer i nervsystemet, ej komplicerat primärvård","Doctor visits for neoplasms in the nervous system, w/o CC, primary care",,,
A44A,"Degenerativa sjukdomar i nervsystemet, mycket komplicerat","Degenerative nervous system disorders, w MCC",,,
A44E,"Degenerativa sjukdomar i nervsystemet, ej komplicerat","Degenerative nervous system disorders, w/o CC",,,
A44O,Läkarbesök vid degenerativa sjukdomar i nervsystemet,"Doctor visits for degenerative nervous system disorders, short therapy",,,
A44S,"Läkarbesök vid degenerativa sjukdomar i nervsystemet, komplicerat primärvård","Doctor visits for degenerative nervous system disorders, w CC, primary care",,,
A44T,"Läkarbesök vid degenerativa sjukdomar i nervsystemet, ej komplicerat primärvård","Doctor visits for degenerative nervous system disorders, w/o CC, primary care",,,
A45C,"Multipel scleros och cerebellär ataxi, komplicerat","Multiple sclerosis and cerebellar ataxia, w CC",,,
A45E,"Multipel scleros och cerebellär ataxi, ej komplicerat","Multiple sclerosis and cerebellar ataxia, w/o CC",,,
A45O,Läkarbesök vid multipel scleros och cerebellär ataxi,"Multiple sclerosis and cerebellar ataxia, short therapy",,,
A45S,"Läkarbesök vid multipel scleros och cerebellär ataxi, komplicerat primärvård","Doctor visits for multiple sclerosis and cerebellar ataxia, w CC, primary care",,,
A45T,"Läkarbesök vid multipel scleros och cerebellär ataxi, ej komplicerat primärvård","Doctor visits for multiple sclerosis and cerebellar ataxia, w/o CC, primary care",,,
A46A,"Specifika kärlsjukdomar i hjärnan, mycket komplicerat","Specific cerebrovascular disorders except TIA, w MCC",,,
A46C,"Specifika kärlsjukdomar i hjärnan, komplicerat","Specific cerebrovascular disorders except TIA, with thrombolysis, w/o CC",,,
A46E,"Specifika kärlsjukdomar i hjärnan, ej komplicerat","Specific cerebrovascular disorders except TIA, w/o CC",,,
A46O,Läkarbesök vid specifika kärlsjukdomar i hjärnan,Doctor visits for specific cerebrovascular disorders,,,
A46S,"Läkarbesök vid specifika kärlsjukdomar i hjärnan, komplicerat primärvård","Doctor visits for specific cerebrovascular disorders except TIA, w CC, primary care",,,
A46T,"Läkarbesök vid specifika kärlsjukdomar i hjärnan, ej komplicerat primärvård","Doctor visits for specific cerebrovascular disorders except TIA, w/o CC, primary care",,,
A47N,TIA och ocklusion av precerebrala artärer,Transient ischemic attac and precerebral occlusions,,,
A47O,Läkarbesök vid TIA och ocklusion av precerebrala artärer,Doctor visits for transient ischemic attack and precerebral occlusion,,,
A47R,"Läkarbesök vid TIA och ocklusion av precerebrala artärer, primärvård","Doctor visits for transient ischemic attack and precerebral occlusion, primary care",,,
A50N,Ospecifika kärlsjukdomar i hjärnan,"Nonspecific cerebrovascular disorders, w/o CC",,,
A50O,Läkarbesök vid ospecifika kärlsjukdomar i hjärnan,Doctor visits for nonspecific cerebrovascular disorders,,,
A50R,"Läkarbesök vid ospecifika kärlsjukdomar i hjärnan, primärvård","Doctor visits for nonspecific cerebrovascular disorders, primary care",,,
A51A,"Sjukdomar i hjärnnerver och perifera nerver, mycket komplicerat","Cranial and peripheral nerve disorders, w MCC",,,
A51C,"Sjukdomar i hjärnnerver och perifera nerver, komplicerat","Cranial and peripheral nerve disorders, w CC",,,
A51E,"Sjukdomar i hjärnnerver och perifera nerver, ej komplicerat","Cranial and peripheral nerve disorders, w/o CC",,,
A51O,Läkarbesök vid sjukdomar i hjärnnerver och perifera nerver,"Cranial and peripheral nerve disorders, short therapy",,,
A51S,"Läkarbesök vid sjukdomar i hjärnnerver och perifera nerver, komplicerat primärvård","Doctor visits for cranial and peripheral nerve diseases, w CC, primary care",,,
A51T,"Läkarbesök vid sjukdomar i hjärnnerver och perifera nerver, ej komplicerat primärvård","Doctor visits for cranial and peripheral nerve diseases, w/o CC, primary care",,,
A52A,"Infektioner i nervsystemet exkl virusmeningit, mycket komplicerat","Nervous system infections except viral meningitis, w MCC",,,
A52E,"Infektioner i nervsystemet exkl virusmeningit, ej komplicerat","Nervous system infections except viral meningitis, w/o CC",,,
A52O,Läkarbesök vid infektioner i nervsystemet exkl virusmeningit,Doctor visits for nervous system infections except viral meningitis,,,
A52S,"Läkarbesök vid infektioner i nervsystemet exkl virusmeningit, komplicerat primärvård","Doctor visits for nervous system infections except viral meningitis, w CC, primary care",,,
A52T,"Läkarbesök vid infektioner i nervsystemet exkl virusmeningit, ej komplicerat primärvård","Doctor visits for nervous system infections except viral meningitis, w/o CC, primary care",,,
A53C,"Virusmeningit, komplicerat","Viral meningitis, w CC",,,
A53E,"Virusmeningit, ej komplicerat","Viral meningitis, w/o CC",,,
A53O,Läkarbesök vid virusmeningit,Doctor visits for viral meningitis,,,
A53S,"Läkarbesök vid virusmeningit, komplicerat primärvård","Doctor visits for viral meningitis, w CC, primary care",,,
A53T,"Läkarbesök vid virusmeningit, ej komplicerat primärvård","Doctor visits for viral meningitis, w/o CC, primary care",,,
A55C,"Icke-traumatisk stupor och koma, komplicerat","Nontraumatic stupor and coma, w CC",,,
A55E,"Icke-traumatisk stupor och koma, ej komplicerat","Nontraumatic stupor and coma, w/o CC",,,
A55O,Läkarbesök vid icke-traumatisk stupor och koma,Doctor visits for nontraumatic stupor and coma,,,
A55S,"Läkarbesök vid icke-traumatisk stupor och koma, komplicerat primärvård","Doctor visits for nontraumatic stupor and coma, w CC, primary care",,,
A55T,"Läkarbesök vid icke-traumatisk stupor och koma, ej komplicerat primärvård","Doctor visits for nontraumatic stupor and coma, w/o CC, primary care",,,
A56A,"Kramper och huvudvärk, mycket komplicerat","Seizure and headache, age w MCC",,,
A56C,"Kramper och huvudvärk, komplicerat","Seizure and headache, age w CC",,,
A56E,"Kramper och huvudvärk, ej komplicerat","Seizure and headache, age w/o CC",,,
A56P,"Läkarbesök vid kramper och huvudvärk, komplicerat","Doctor visits for seizure and headache, w CC",,,
A56Q,"Läkarbesök vid kramper och huvudvärk, ej komplicerat","Doctor visits for seizure and headache, w/o CC",,,
A57R,"Läkarbesök vid kramper, primärvård","Doctor visits for seizures, primary care",,,
A58R,"Läkarbesök vid huvudvärk och migrän, primärvård","Doctor visits for headache and migraine, primary care",,,
A60A,"Allvarlig traumatisk hjärnskada, mycket komplicerat","Severe traumatic brain injury, w MCC",,,
A60E,"Allvarlig traumatisk hjärnskada, ej komplicerat","Severe traumatic brain injury, w/o CC",,,
A60O,Läkarbesök vid allvarlig traumatisk hjärnskada,Doctor visits for severe traumatic brain injury,,,
A60S,"Läkarbesök vid allvarlig traumatisk hjärnskada, komplicerat primärvård","Doctor visits for severe traumatic brain injury, w CC, primary care",,,
A60T,"Läkarbesök vid allvarlig traumatisk hjärnskada, ej komplicerat primärvård","Doctor visits for severe traumatic brain injury, w/o CC, primary care",,,
A61C,"Traumatisk hjärnskada, komplicerat","Traumatic brain injury, w CC",,,
A61E,"Traumatisk hjärnskada, ej komplicerat","Traumatic brain injury, w/o CC",,,
A61O,Läkarbesök vid traumatisk hjärnskada,Doctor visits for traumatic brain injury,,,
A61S,"Läkarbesök vid traumatisk hjärnskada, komplicerat primärvård","Doctor visits for traumatic brain injury, w CC, primary care",,,
A61T,"Läkarbesök vid traumatisk hjärnskada, ej komplicerat primärvård","Doctor visits for traumatic brain injury, w/o CC, primary care",,,
A62C,"Hjärnskakning, komplicerat","Concussion, w CC",,,
A62E,"Hjärnskakning, ej komplicerat","Concussion, w/o CC",,,
A62O,Läkarbesök vid hjärnskakning,Doctor visits for concussion,,,
A62S,"Läkarbesök vid hjärnskakning, komplicerat primärvård","Doctor visits for concussion, w CC, primary care",,,
A62T,"Läkarbesök vid hjärnskakning, ej komplicerat primärvård","Doctor visits for concussion, w/o CC, primary care",,,
A69A,"Andra sjukdomar i nervsystemet, mycket komplicerat","Other disorders of the nervous system, w MCC",,,
A69C,"Andra sjukdomar i nervsystemet, komplicerat","Other disorders of the nervous system, w CC",,,
A69E,"Andra sjukdomar i nervsystemet, ej komplicerat","Other disorders of the nervous system, w/o CC",,,
A69L,"Slutenvård för sjukdomar i nervsystemet, primärvård","Inpatient care for diseases in the nervous system, primary care",,,
A75O,"CNS-katetrar, öppenvård","CNS catheter procedure, short therapy",,,
A76O,"Algologiska blockader, resurskrävande, öppenvård","Demanding blockade of nerve for pain, short therapy",,,
A77O,"Algologiska blockader, övriga, öppenvård","Blockade of nerve for pain, short therapy",,,
A79O,"Läkemedelstillförsel i CNS, öppenvård","Direct CNS medication, short therapy",,,
A80O,"Lumbalpunktion, besök","Lumbal puncture, short therapy",,,
A81O,"Elektroencefalografier, besök","EEG, short therapy",,,
A82O,"Elektromyo- och neurografier, besök","EMG or ENG, short therapy",,,
A83O,"Inställning av inopererade stimulatorer/shuntar, besök","Adjustment of implanted CNS stimulator or shunt, short therapy",,,
A89O,"Läkemedelstillförsel intravasalt vid sjukdomar i nervsystemet, öppenvård","Intravascular drug administration for diseases in the nervous system, short therapy",,,
A89R,"Läkemedelstillförsel intravasalt vid sjukdomar i nervsystemet, primärvård","Intravascular drug administration for diseases in the nervous system, primary care",,,
A92R,"Hembesök vid demenssjukdom och kognitiv störning, primärvård","Home visits for dementia and cognitive impairment, primary care",,,
A93R,"Hembesök för övriga sjukdomar i nervsystemet, primärvård","Other home visits for diseases in the nervous system, primary care",,,
A97O,Sjuksköterskebesök vid sjukdomar i nervsystemet,Nurse visits for diseases in the nervous system,,,
A97R,"Sjuksköterskebesök vid sjukdomar i nervsystemet, primärvård","Nurse visits for diseases of the nervous system, primary care",,,
A99P,"Övriga läkarbesök vid sjukdomar i nervsystemet, komplicerat","Other doctor visits for diseases in the nervous system, w CC",,,
A99Q,"Övriga läkarbesök vid sjukdomar i nervsystemet, ej komplicerat","Other doctor visits for diseases in the nervous system, w/o CC",,,
A99R,"Övriga läkarbesök vid sjukdomar i nervsystemet, primärvård","Other doctor visits for diseases in the nervous system, primary care",,,
A99U,"Teambesök/konferens vid sjukdomar i nervsystemet, primärvård","Team visits/conferences for diseases in the nervous system, primary care",,,
A99W,"Läkarvård på distans vid sjukdomar i nervsystemet, primärvård","Doctor letters or telephone contacts for neurological diseases, primary care",,,
A99X,Teambesök/konferens vid sjukdomar i nervsystemet,Team visits/conferences for diseases in the nervous system,,,
A99Z,Läkarvård på distans vid sjukdomar i nervsystemet,"Doctor letters or telephone contacts for neurological diseases, primary care",,,
B01N,Andra större operationer på ögat,Major eye procedures,,,
B04N,Operationer på näthinna,Retinal procedures,,,
B04O,"Operationer på näthinna, öppenvård","Retinal procedures, short therapy",,,
B06O,"Hornhinnetransplantation, öppenvård","Transplantation of cornea, short therapy",,,
B07O,"Större operation för högt ögontryck, öppenvård","Major procedure on intraocular pressure, short therapy",,,
B08O,"Annan operation för högt ögontryck, öppenvård","Laser procedures on iris and chamber angle, short therapy",,,
B09C,"Operationer i orbita, komplicerat","Orbital OR procedures, w CC",,,
B09E,"Operationer i orbita, ej komplicerat","Orbital OR procedures, w/o CC",,,
B09O,"Operationer i orbita, öppenvård","Orbital OR procedures, short therapy",,,
B12N,Linsoperationer utom discission av sekundär katarakt,Lens procedures with or without vitrectomy,,,
B12P,"Bilateral linsoperation utom discission av sekundär katarakt, öppenvård","Bilateral lens procedures with or without vitrectomy, short therapy",,,
B12Q,"Linsoperation, ensidigt och UNS, utom discission av sekundär katarakt, öppenvård","Unilateral lens procedures with or without vitrectomy, short therapy",,,
B15C,"Operation för skelning och andra operationer vid problem i ögonregionen, komplicerat","Extraocular procedures except orbit, w CC",,,
B15E,"Operation för skelning och andra operationer vid problem i ögonregionen, ej komplicerat","Strabismus surgery and other extraocular procedures except orbit, w/o CC",,,
B16O,"Operation för skelning , öppenvård","Strabismus surgery, short therapy",,,
B17O,"Andra operationer vid problem i ögonregionen, öppenvård","Extraocular procedures except orbit, short therapy",,,
B20C,"Intraokulära operationer utom på näthinna och lins, komplicerat","Intraocular procedures except retina and lens, w CC",,,
B20E,"Intraokulära operationer utom på näthinna och lins, ej komplicerat","Intraocular procedures except retina and lens, w/o CC",,,
B20O,"Intraokulära operationer utom på näthinna och lins, öppenvård","Other intraocular procedures except on retina and lens, short therapy",,,
B29N,Lokal strålbehandling av ögat,Brachytherapy to eye,,,
B30N,Skada kring öga,Injury in the eye region,,,
B30O,Läkarbesök vid skada kring öga,Doctor visits for injury in the eye region,,,
B31N,Akuta ögoninfektioner,Acute major eye infections,,,
B31O,Läkarbesök vid akuta ögoninfektioner,Doctor visits for acute eye infections,,,
B35N,Neurologiska ögonsjukdomar,Neurological eye diseases,,,
B35O,Läkarbesök vid neurologiska ögonsjukdomar,Doctor visits for neurological eye diseases,,,
B35R,"Läkarbesök vid neurologiska ögonsjukdomar, primärvård","Doctor visits for neurological eye diseases, primary care",,,
B39C,"Andra ögonsjukdomar, komplicerat","Other disorders of the eye, w CC",,,
B39E,"Andra ögonsjukdomar, ej komplicerat","Other disorders of the eye, w/o CC",,,
B69L,"Slutenvård för sjukdomar i öga och närliggande organ, primärvård","Inpatient care for diseases in the eye region, primary care",,,
B75O,"Ögondiagnostik med större undersökning, besök","Major diagnostic ophtalmologic test, short therapy",,,
B76O,"Ögondiagnostik med biopsi, besök","Eye biopsy, short therapy",,,
B77O,"Ögondiagnostik med annan undersökning, besök","Other diagnostic ophtalmologic test, short therapy",,,
B77R,"Ögondiagnostik med annan undersökning , primärvård","Other diagnostic ophtalmological test, primary care",,,
B78O,"Läkemedelstillförsel i ögonregionen, besök","Medication to eye, short therapy",,,
B79O,"Fotodynamisk behandling vid makuladegeneration, öppenvård","Photodynamic therapy of macular degeneration, short therapy",,,
B80O,"Ögonåtgärder, terapeutiska, besök","Therapeutic eye procedure, short therapy",,,
B80R,"Ögonåtgärder, terapeutiska , primärvård","Therapeutic eye procedures, primary care",,,
B81O,"Ögonfotografering, besök","Eye photography, short therapy",,,
B93R,"Hembesök för sjukdomar i öga och närliggande organ, primärvård","Home visits for diseases in the eye region, primary care",,,
B97O,Sjuksköterskebesök vid sjukdomar i ögonregionen,"Nurse visits for diseases in the eye region, primary care",,,
B97R,"Sjuksköterskebesök vid sjukdomar i ögonregionen, primärvård","Nurse visits for diseases in the eye region, primary care",,,
B99O,Övriga läkarbesök vid sjukdomar i ögonregionen,"Other doctors visits for diseases in the eye region, short therapy",,,
B99R,"Övriga läkarbesök vid sjukdomar i ögonregionen, primärvård","Other doctor visits for diseases in the eye region, primary care",,,
B99U,"Teambesök/konferens vid sjukdomar i ögonregionen, primärvård","Team visits/conferences for diseases in the eye region, primary care",,,
B99W,"Läkarvård på distans vid sjukdomar i ögonregionen, primärvård","Letters or telephone contacts for ophtalmological problems, primary care",,,
B99X,Teambesök/konferens vid sjukdomar i ögonregionen,"Team visits/conferences for ophtalmological diseases, short therapy",,,
B99Z,Läkarvård på distans vid sjukdomar i ögonregionen,Letters or telephone contacts for ophtalmological diseases,,,
C01C,"Trakeostomi/mikrovaskulärt transplantat vid öron-, näsa-, mun- och halssjukdomar, komplicerat","Tracheostomy for face, mouth and throat diagnoses, w CC or laryngectomy",,,
C01E,"Trakeostomi/mikrovaskulärt transplantat vid öron-, näsa-, mun- och halssjukdomar, ej komplicerat","Tracheostomy for face, mouth and throat diagnoses, w/o CC",,,
C02N,Insättning av kokleaimplantat,Insertion of cochlear implant,,,
C02O,"Insättning av kokleaimplantat, öppenvård","Swe - Insättning av kokleaimplantat, öppenvård",,,
C03P,"Bilateral uppgradering/inkoppling av talprocessor för kokleaimplantat, öppenvård","Bilateral upgrading/connection of speech processor for cochlear implant, short therapy, w CC",,,
C03Q,"Ensidig uppgradering/inkoppling av talprocessor för kokleaimplantat,öppenvård","Unilateral upgrading/connection of speech processor for cochlear implant, short therapy, w/o CC",,,
C05N,Andra större operationer på huvud eller hals,Other major operations on head and neck,,,
C06N,Avlägsnande av parotisspottkörtel,Parotidectomy,,,
C07N,Andra spottkörteloperationer,Salivary gland procedures except parotidectomy,,,
C08O,"Operationer på spottkörtel exkl avlägsnande, öppenvård","Salivary gland procedures except parotidectomy, short therapy",,,
C09N,Operation av kluven läpp och gom,Cleft lip and palate repair,,,
C10N,Operationer på bihålor,Sinus procedures,,,
C10O,"Operationer på bihålor, öppenvård","Sinus procedure, short therapy",,,
C11N,Insättning av benförankrad hörapparat,Insertion of osseous hearing aid,,,
C11O,"Insättning av benförankrad hörapparat, öppenvård","Insertion of osseous hearing aid, short therapy",,,
C12N,Transkutant benförankrat hörselimplantat,Transcutaneous bone-anchored hearing implant,,,
C12P,"Bilateralt transkutant benförankrat hörselimplantat, öppenvård","Bilateral transcutaneous bone-anchored hearing implant, short therapy",,,
C12Q,"Ensidig transkutant benförankrat hörselimplantat, öppenvård","Unilateral transcutaneous bone-anchored hearing implant, short therapy",,,
C13N,Operationer på hörselben och andra benstrukturer i örat,"Mastoid, temporal bone and inner ear procedures",,,
C13O,"Operationer på hörselben och andra benstrukturer i örat, öppenvård","Mastoid, temporal bone and inner ear procedures, short therapy",,,
C15N,"Diverse operationer vid öron-, näsa-, mun- och halssjukdomar","Miscellaneous ear, nose , mouth and throat procedures",,,
C15O,"Diverse operationer vid öron-, näsa-, mun- och halssjukdomar, öppenvård","Miscellaneous major ear, nose , mouth and throat procedures, short therapy",,,
C16O,"Diverse små operationer vid öron-, näsa-, mun- och halssjukdomar, öppenvård","Other minor ear, nose , mouth and throat procedures, short therapy",,,
C17N,Operation för sömnapnésyndrom,Simple correction of obstructive apnoea,,,
C17O,"Operation för sömnapnésyndrom, öppenvård",Simple correction of obstructive apnoea,,,
C18N,Näsplastiker,Rhinoplasty,,,
C18O,"Näsplastiker, öppenvård","Rhinoplasty, short therapy",,,
C22N,Operation på tonsiller och adenoid,Tonsillectomy and/or adenoidectomy only,,,
C22O,"Operationer på tonsiller och adenoid, öppenvård","Operations on tonsils or adenoids, short therapy",,,
C29N,"Andra operationer vid sjukdomar vid öron-, näsa-, mun- och halssjukdomar","Other major ear, nose, mouth and throat OR procedures",,,
C29O,"Andra operationer vid öron-, näsa-, mun- och halssjukdomar, öppenvård","Other major ear, nose, mouth and throat OR procedures, short therapy",,,
C30A,"Maligna och oklara tumörer vid öron-, näsa-, mun- och halssjukdomar, mycket komplicerat","Ear, nose, mouth and throat malignancy, w MCC",,,
C30C,"Maligna och oklara tumörer i öron-, näsa-, mun- och halsregionen, komplicerat","Ear, nose, mouth and throat malignancy, w CC",,,
C30E,"Maligna och oklara tumörer i öron-, näsa-, mun- och halsregionen, ej komplicerat","Ear, nose, mouth and throat malignancy, w/o CC",,,
C30O,"Läkarbesök vid maligna och oklara tumörer i öron-, näsa-, mun- och halsregionen","Doctor visits for ear, nose, mouth and throat malignancies",,,
C30S,"Läkarbesök vid maligna och oklara tumörer i öron-, näsa-, mun- och halsregionen, komplicerat primärvård","Doctor visits for ear, nose, mouth and throat malignancies, w CC, primary care",,,
C30T,"Läkarbesök vid maligna och oklara tumörer i öron-, näsa-, mun- och halsregionen, ej komplicerat primärvård","Doctor visits for ear, nose, mouth and throat malignancies, w/o CC, primary care",,,
C31C,"Balansproblem, yrsel, komplicerat","Dysequilibrium, w CC",,,
C31E,"Balansproblem, yrsel, ej komplicerat","Dysequilibrium, w/o CC",,,
C31O,"Läkarbesök vid balansproblem, yrsel",Doctor visits for dysequilibrium,,,
C31S,"Läkarbesök vid balansproblem, yrsel, komplicerat primärvård","Doctor visits for dysequilibrium, w CC, primary care",,,
C31T,"Läkarbesök vid balansproblem, yrsel, ej komplicerat primärvård","Doctor visits for dysequilibrium, w/o CC, primary care",,,
C32N,Näsblödning,Epistaxis,,,
C32O,Läkarbesök vid näsblödning,Doctor visits for epistaxis,,,
C32R,"Läkarbesök vid näsblödning, primärvård","Doctor visits for epistaxis, primary care",,,
C33N,Epiglottit,Epiglottitis,,,
C35C,"Infektioner i övre luftvägar och öron, komplicerat","Otitis media and upper respiratory infections, w CC",,,
C35E,"Infektioner i övre luftvägar och öron, ej komplicerat","Otitis media and upper respiratory infections, w/o CC",,,
C35O,Läkarbesök vid infektioner i övre luftvägar och öron,Doctor visits for infections in the ears and upper airways,,,
C36N,Krupp och laryngotrakeit,Viral croup and laryngotracheitis,,,
C36O,Läkarbesök vid krupp och laryngotrakeit,Doctor visits for viral croup and laryngothracheitis,,,
C36R,"Läkarbesök vid krupp och laryngotrakeit, primärvård","Doctor visits for viral croup and laryngothracheitis, primary care",,,
C37C,"Sömnstörningsutredning, komplicerat","Obstructive sleep apnoea syndrom, w CC",,,
C37E,"Sömnstörningsutredning, ej komplicerat","Obstructive sleep apnoea syndrom, w/o CC",,,
C37O,Läkarbesök vid sömnstörningar,Doctor visits for sleep disorders,,,
C37S,"Läkarbesök vid obstruktivt sömnapnésyndrom, komplicerat primärvård","Doctor visits for obstructive sleep apnoea syndrome, w CC, primary care",,,
C37T,"Läkarbesök vid obstruktivt sömnapnésyndrom, ej komplicerat primärvård","Doctor visits for obstructive sleep apnoea syndrome, w/o CC, primary care",,,
C40C,"Nästrauma och näsdeformitet, komplicerat","Nasal trauma and deformity, w CC",,,
C40E,"Nästrauma och näsdeformitet, ej komplicerat","Nasal trauma and deformity, w/o CC",,,
C40O,Läkarbesök vid nästrauma och näsdeformitet,Doctor visits for nasal trauma and deformity,,,
C40S,"Läkarbesök vid nästrauma och näsdeformitet, komplicerat primärvård","Doctor visits for nasal trauma and deformity, w CC, primary care",,,
C40T,"Läkarbesök vid nästrauma och näsdeformitet, ej komplicerat primärvård","Doctor visits for nasal trauma and deformity, w/o CC, primary care",,,
C41R,"Läkarbesök vid infektioner i övre luftvägar, >17 år, primärvård","Doctor visits for infections in upper respiratory tract, age >17, primary care",,,
C42R,"Läkarbesök vid infektioner i övre luftvägar, 0-17 år, primärvård","Doctor visits for infections in upper respiratory tract, age 0-17, primary care",,,
C43R,"Läkarbesök vid infektioner i öron, >17 år, primärvård","Doctor visits for ear infections, age >17, primary care",,,
C44R,"Läkarbesök vid infektioner i öron, 0-17 år, primärvård","Doctor visits for ear infections, age 0-17, primary care",,,
C48C,"Andra sjukdomar i öron-, näsa-, mun- och halsregionen, >17 år, komplicerat","Other ear, nose, mouth and throat diagnoses, age >17, w CC",,,
C48E,"Andra sjukdomar i öron-, näsa-, mun- och halsregionen, >17 år, ej komplicerat","Other ear, nose, mouth and throat diagnoses, age >17, w/o CC",,,
C48O,"Läkarbesök vid andra sjukdomar i öron-, näsa-, mun- och halsregionen, >17 år","Doctor visits for other ear, nose, mouth and throat diseases, age >17",,,
C49N,"Andra sjukdomar i öron-, näsa-, mun- och halsregionen, 0-17 år","Other ear, nose, mouth and throat diagnoses, age 0-17",,,
C49O,"Läkarbesök vid andra sjukdomar i öron-, näsa-, mun- och halsregionen, 0-17 år","Doctor visits for other ear, nose, mouth and throat diseases, age 0-17",,,
C50N,Operationer i munhålan,Mouth procedures,,,
C50O,"Operationer i munhålan, öppenvård","Mouth procedures, short therapy",,,
C51R,"Läkarbesök vid öronsjukdomar, >17 år, primärvård","Doctor visits for ear diseases, age >17, primary care",,,
C52R,"Läkarbesök vid öronsjukdomar, 0-17 år, primärvård","Doctor visits for ear diseases, age 0-17, primary care",,,
C53R,"Läkarbesök vid öron-, näsa-, mun- och halssjukdomar, >17 år, primärvård","Doctor visits for nose, mouth and throat diseases, age >17, primary care",,,
C54R,"Läkarbesök vid öron-, näsa-, mun- och halssjukdomar, 0-17 år, primärvård","Doctor visits for nose, mouth and throat diseases, age 0-17, primary care",,,
C55A,"Tand- & munhålesjukdomar utom tandextrakt & restaurering, mycket komplicerat","Dental and oral dis except extractions and restorations, w MCC",,,
C55C,"Tand- & munhålesjukdomar utom tandextrakt & restaurering, komplicerat","Dental and oral dis except extractions and restorations, w CC",,,
C55E,"Tand- & munhålesjukdomar utom tandextrakt & restaurering, ej komplicerat","Dental and oral dis except extractions and restorations, w/o CC",,,
C56N,Tandextraktion eller restaurering,Dental extractions and restorations,,,
C56O,"Tandextraktion eller restaurering, öppenvård","Dental extractions and restorations, short therapy",,,
C69L,"Slutenvård för sjukdomar i öron-, näsa-, mun- och halsregionen, primärvård","Inpatient care for diseases in ear, nose, mouth and throat, primary care",,,
C70O,"Endoskopi av övre luftvägar, öppenvård","Endoscopy of upper respiratory tract, short therapy",,,
C70R,"Endoskopi av övre luftvägar, primärvård","Endoscopy of upper respiratory tract, primary care",,,
C75O,"Öron-, näsa-, mun- och halsåtgärder, större, öppenvård","Major ear, nose and throat procedure, short therapy",,,
C76O,"Sömnapnéutredning, öppenvård","Sleep apnoea examination, short therapy",,,
C77O,"Undersökning av dysfagi och icke-språklig oralmotorik, besök","Examination of mouth and throat motor functions, short therapy",,,
C78O,"Öron-, näsa-, mun- och halsbiopsier, besök","Ear, nose and mouth biopsy, short therapy",,,
C79O,"Öron-, näsa-, mun- och halsincisioner och suturer, öppenvård","Incisions and sutures for ear, nose and throat lesions, short therapy",,,
C79R,"Öron-, näsa-, mun- och halsincisioner och suturer, primärvård","Incisions and sutures for ear, nose and throat lesions, short therapy",,,
C80O,"Öron-, näsa-, mun- och halsåtgärder, övriga, besök","Other ear, nose and throat procedures, short therapy",,,
C80R,"Öron-, näsa-, mun- och halsåtgärder, övriga, primärvård","Other ear, nose and throat procedures, short therapy",,,
C81O,"Hörselförbättrande åtgärder, besök","Hearing improving intervention, short therapy",,,
C81R,"Hörselförbättrande åtgärder, primärvård","Hearing improving interventions, primary care",,,
C82O,"Icke-operativa åtgärder vid kokleaimplantat, besök","Assisting procedure for cochlear implant, short therapy",,,
C82R,"Icke-operativa åtgärder vid kokleaimplantat, primärvård","Assisting procedures for cochlear implant, primary care",,,
C83O,"Audiometri, resurskrävande, besök","Major audiometry, short therapy",,,
C84O,"Audiometri, övrig, besök","Minor audiometry, short therapy",,,
C85P,"Bilateral uppgradering/inkoppling av transkutant benförankrat hörselimplantat, öppenvård","Bilateral upgrading/connection of transcutaneous osseous hearing implant, short therapy",,,
C85Q,"Ensidig uppgradering/inkoppling av transkutant benförankrat hörselimplantat, öppenvård","Unilateral upgrading/connection of transcutaneous osseous hearing implant, short therapy",,,
C93R,"Hembesök för sjukdomar i öron-, näsa-, mun- och halsregionen, primärvård","Home visits for diseases in ear, nose, mouth and throat, primary care",,,
C97O,"Sjuksköterskebesök vid sjukdomar i öron-, näsa-, mun- och halsregionen",Nurse visits for diseases in the ENT region,,,
C97R,"Sjuksköterskebesök vid sjukdomar i öron-, näsa-, mun- och halsregionen, primärvård","Nurse visits for diseases in the ENT region, primary care",,,
C99O,"Övriga läkarbesök vid sjukdomar i öron-, näsa-, mun- och halsregionen","Other doctor visits for ear, nose and throat problems, short therapy",,,
C99R,"Övriga läkarbesök vid sjukdomar i öron-, näsa-, mun- och halsregionen, primärvård","Other doctor visits for diseases in the ENT region, primary care",,,
C99U,"Teambesök/konferens vid sjukdomar i öron-, näsa-, mun- och halsregionen, primärvård","Team visits/conferences for diseases in the ENT region, primary care",,,
C99W,"Läkarvård på distans vid sjukdomar i öron-, näsa-, mun- och halsregionen, primärvård","Doctor letters or telepohone contacts for diseases in the ENT region, primary care",,,
C99X,"Teambesök/konferens vid sjukdomar i öron-, näsa-, mun- och halsregionen","Team visits/conferences with team of care providers for diseases in the ENT region, short therapy",,,
C99Z,"Läkarvård på distans vid sjukdomar i öron-, näsa-, mun- och halsregionen",Doctor letters or telephone contacts for diseases in the ENT region,,,
D01N,Lungtransplantation,Lung transplantation,,,
D10A,"Större toraxoperationer, mycket komplicerat","Major thorax procedures, w MCC",,,
D10E,"Större toraxoperationer, ej komplicerat","Major thorax procedures, w/o CC",,,
D10O,"Större toraxoperationer, öppenvård","Major thorax procedures, short therapy",,,
D19A,"Andra operationer vid sjukdomar i andningsorganen, mycket komplicerat","Other respiratory system OR procedures, w MCC",,,
D19C,"Andra operationer vid sjukdomar i andningsorganen, komplicerat","Other respiratory system OR procedures, w CC",,,
D19E,"Andra operationer vid sjukdomar i andningsorganen, ej komplicerat","Other respiratory system OR procedures, w/o CC",,,
D19O,"Andra operationer vid sjukdomar i andningsorganen, öppenvård","Other respiratory system OR procedures, short therapy",,,
D20N,Respiratorbehandling för sjukdomar i andningsorganen,"Respiratory system diagnosis with respirator therapy, w/o CC",,,
D21N,Behandling med CPAP/BiPAP,"Respiratory system diagnosis with PEEP therapy, w/o CC",,,
D22O,"Respiratorbehandling för sjukdomar i andningsorganen, öppenvård","Respiratory system diagnosis with respirator therapy, short therapy",,,
D30A,"Lungemboli, mycket komplicerat","Pulmonary embolism, w MCC",,,
D30C,"Lungemboli, komplicerat","Pulmonary embolism, w CC",,,
D30E,"Lungemboli, ej komplicerat","Pulmonary embolism, w/o CC",,,
D30O,Läkarbesök vid lungemboli,Doctor visits for pulmonary embolism,,,
D30S,"Läkarbesök vid lungemboli, komplicerat primärvård","Doctor visits for pulmonary embolism, w CC, primary care",,,
D30T,"Läkarbesök vid lungemboli, ej komplicerat primärvård","Doctor visits for pulmonary embolism, w/o CC, primary care",,,
D31A,"Infektioner & inflammationer i andningsorganen, >17 år, mycket komplicerat","Respiratory infections and inflammations, age >17, w MCC",,,
D31C,"Infektioner & inflammationer i andningsorganen, >17 år, komplicerat","Respiratory infections and inflammations, age >17, w CC",,,
D31E,"Infektioner & inflammationer i andningsorganen, >17 år, ej komplicerat","Respiratory infections and inflammations, age >17, w/o CC",,,
D31O,"Läkarbesök vid infektioner & inflammationer i andningsorganen, >17 år","Respiratory infections and inflammations, age >17, short therapy",,,
D31S,"Läkarbesök vid infektioner & inflammationer i andningsorganen komplicerat, >17 år, primärvård","Doctor visits for respiratory infections and inflammations, w CC, age >17, primary care",,,
D31T,"Läkarbesök vid infektioner & inflammationer i andningsorganen, >17 år, ej komplicerat primärvård","Doctor visits for respiratory infections and inflammations, age >17, w/o CC, primary care",,,
D32C,"Infektioner & inflammationer i andningsorganen, 0-17 år, komplicerat","Respiratory infections and inflammations, age 0-17, w CC",,,
D32E,"Infektioner & inflammationer i andningsorganen, 0-17 år, ej komplicerat","Respiratory infections and inflammations, age 0-17, w/o CC",,,
D32O,"Läkarbesök vid infektioner & inflammationer i andningsorganen, 0-17 år","Doctor visits for respiratory infections and inflammations, age 0-17",,,
D32S,"Läkarbesök vid infektioner & inflammationer i andningsorganen, 0-17 år, komplicerat primärvård","Doctor visits for respiratory infections and inflammations, age 0-17, w CC, primary care",,,
D32T,"Läkarbesök vid infektioner & inflammationer i andningsorganen, 0-17 år, ej komplicerat primärvård","Doctor visits for respiratory infections and inflammations, age 0-17, w/o CC, primary care",,,
D35A,"Tumörer i andningsorganen, mycket komplicerat","Respiratory neoplasms, w MCC",,,
D35C,"Tumörer i andningsorganen, komplicerat","Respiratory neoplasms, w CC",,,
D35E,"Tumörer i andningsorganen, ej komplicerat","Respiratory neoplasms, w/o CC",,,
D35O,Läkarbesök vid tumörer i andningsorganen,"Doctor visits for respiratory neoplasms, short therapy",,,
D35S,"Läkarbesök vid tumörer i andningsorganen, komplicerat primärvård","Doctor visits for respiratory neoplasms, w CC, primary care",,,
D35T,"Läkarbesök vid tumörer i andningsorganen, ej komplicerat primärvård","Doctor visits for respiratory neoplasms, w/o CC, primary care",,,
D40A,"Allvarliga toraxskador, mycket komplicerat","Major thorax trauma, w MCC",,,
D40C,"Allvarliga toraxskador, komplicerat","Major thorax trauma, w CC",,,
D40E,"Allvarliga toraxskador, ej komplicerat","Major thorax trauma, w/o CC",,,
D40O,Läkarbesök vid allvarliga toraxskador,Doctor visits for major thorax trauma,,,
D40S,"Läkarbesök vid allvarliga toraxskador, komplicerat primärvård","Doctor visits for major thorax trauma, w CC, primary care",,,
D40T,"Läkarbesök vid allvarliga toraxskador, ej komplicerat primärvård","Doctor visits for major thorax trauma, w/o CC, primary care",,,
D41A,"Pleurautgjutning, mycket komplicerat","Pleural effusion, w MCC",,,
D41C,"Pleurautgjutning, komplicerat","Pleural effusion, w CC",,,
D41E,"Pleurautgjutning, ej komplicerat","Pleural effusion, w/o CC",,,
D41O,Läkarbesök vid pleurautgjutning,Doctor visits for pleural effusion,,,
D41S,"Läkarbesök vid pleurautgjutning, komplicerat primärvård","Doctor visits for pleural effusion, w CC, primary care",,,
D41T,"Läkarbesök vid pleurautgjutning, ej komplicerat primärvård","Doctor visits for pleural effusion, w/o CC, primary care",,,
D42A,"Pneumotorax, mycket komplicerat","Pneumothorax, w MCC",,,
D42C,"Pneumotorax, komplicerat","Pneumothorax, w CC",,,
D42E,"Pneumotorax, ej komplicerat","Pneumothorax, w/o CC",,,
D42O,Läkarbesök vid pneumotorax,Doctor visits for pneumothorax,,,
D42S,"Läkarbesök vid pneumotorax, komplicerat primärvård","Doctor visits for pneumothorax, w CC, primary care",,,
D42T,"Läkarbesök vid pneumotorax, ej komplicerat primärvård","Doctor visits for pneumothorax, w/o CC, primary care",,,
D45A,"Lungödem och respirationssvikt, mycket komplicerat","Pulmonary edema and respiratory failure, w MCC",,,
D45C,"Lungödem och respirationssvikt, komplicerat","Pulmonary edema and respiratory failure, w CC",,,
D45E,"Lungödem och respirationssvikt, ej komplicerat","Pulmonary edema and respiratory failure, w/o CC",,,
D45O,Läkarbesök vid lungödem och respirationssvikt,Doctor visits for pulmonary edema and respiratory failure,,,
D45S,"Läkarbesök vid lungödem och respirationssvikt, komplicerat primärvård","Doctor visits for pulmonary edema and respiratory failure, w CC, primary care",,,
D45T,"Läkarbesök vid lungödem och respirationssvikt, ej komplicerat primärvård","Doctor visits for pulmonary edema and respiratory failure, w/o CC, primary care",,,
D46A,"Kroniska obstruktiva lungsjukdomar, mycket komplicerat","Chronic obstructive pulmonary diseases, w MCC",,,
D46C,"Kroniska obstruktiva lungsjukdomar, komplicerat","Chronic obstructive pulmonary disease, w CC",,,
D46E,"Kroniska obstruktiva lungsjukdomar, ej komplicerat","Chronic obstructive pulmonary disease, w/o CC",,,
D46O,Läkarbesök vid kroniska obstruktiva lungsjukdomar,"Doctor visits for chronic obstructive pulmonary diseases, short therapy",,,
D46S,"Läkarbesök vid kroniska obstruktiva lungsjukdomar, komplicerat primärvård","Doctor visits for chronic obstructive pulmonary diseases, w CC, primary care",,,
D46T,"Läkarbesök vid kroniska obstruktiva lungsjukdomar, ej komplicerat primärvård","Doctor visits for chronic obstructive pulmonary diseases, w/o CC, primary care",,,
D47A,"Lunginflammation, mycket komplicerat","Simple pneumonia and pleurisy, w MCC",,,
D47C,"Lunginflammation, komplicerat","Simple pneumonia and pleurisy, w CC",,,
D47E,"Lunginflammation, ej komplicerat","Simple pneumonia and pleurisy, w/o CC",,,
D47O,Läkarbesök vid lunginflammation,Doctor visits for simple pneumonia and pleurisy,,,
D47S,"Läkarbesök vid lunginflammation, komplicerat primärvård","Doctor visits for simple pneumonia and pleurisy, w CC, primary care",,,
D47T,"Läkarbesök vid lunginflammation, ej komplicerat primärvård","Doctor visits for simple pneumonia and pleurisy, w/o CC, primary care",,,
D48A,"Interstitiella lungsjukdomar, mycket komplicerat","Interstitial lung disease, w MCC",,,
D48E,"Interstitiella lungsjukdomar, ej komplicerat","Interstitial lung disease, w/o CC",,,
D48O,Läkarbesök vid interstitiella lungsjukdomar,Doctor visits for interstitial lung diseases,,,
D48S,"Läkarbesök vid interstitiella lungsjukdomar, komplicerat primärvård","Doctor visits for interstitial lung diseases, w CC, primary care",,,
D48T,"Läkarbesök vid interstitiella lungsjukdomar, ej komplicerat primärvård","Doctor visits for interstitial lung diseases, w/o CC, primary care",,,
D49A,"Bronkit och astma, mycket komplicerat","Bronchitis and asthma, w MCC",,,
D49C,"Bronkit och astma, komplicerat","Bronchitis and asthma, w CC",,,
D49E,"Bronkit och astma, ej komplicerat","Bronchitis and asthma, w/o CC",,,
D49O,Läkarbesök vid bronkit och astma,Doctor visits for bronchitis and asthma,,,
D49S,"Läkarbesök vid bronkit och astma, komplicerat primärvård","Doctor visits for bronchitis and asthma, w CC, primary care",,,
D49T,"Läkarbesök vid bronkit och astma, ej komplicerat primärvård","Doctor visits for bronchitis and asthma, w/o CC, primary care",,,
D50A,"Onormala fynd och symtom i andningsorganen, mycket komplicerat","Respiratory signs and symtoms, w MCC",,,
D50C,"Onormala fynd och symtom i andningsorganen, komplicerat","Respiratory signs and symtoms, w CC",,,
D50E,"Onormala fynd och symtom i andningsorganen, ej komplicerat","Respiratory signs and symptoms, w/o CC",,,
D50O,Läkarbesök vid onormala fynd och symtom i andningsorganen,Doctor visits for respiratory signs and symptoms,,,
D50S,"Läkarbesök vid onormala fynd och symtom i andningsorganen, komplicerat primärvård","Doctor visits for respiratory signs and symptoms, w CC, primary care",,,
D50T,"Läkarbesök vid onormala fynd och symtom i andningsorganen, ej komplicerat primärvård","Doctor visits for respiratory signs and symptoms, w/o CC, primary care",,,
D68L,"Slutenvård för pneumoni eller kronisk obstruktiv lungsjukdom (KOL), primärvård","Inpatient care for pneumonia or chronic obstructive pulmonary disease (COPD), primary care",,,
D69A,"Andra sjukdomar i andningsorganen, mycket komplicerat","Other respiratory system diagnoses, w MCC",,,
D69C,"Andra sjukdomar i andningsorganen, komplicerat","Other respiratory system diagnoses, w CC",,,
D69E,"Andra sjukdomar i andningsorganen, ej komplicerat","Other respiratory system diagnoses, w/o CC",,,
D69L,"Slutenvård för sjukdomar i andningsorganen, primärvård","Inpatient care for respiratory system diseases, primary care",,,
D70O,"Endoskopi av nedre luftvägar, öppenvård","Endoscopy of lower respiratory tract, short therapy",,,
D75O,"Lungfunktionsundersökningar, besök","Minor lung function investigations, short therapy",,,
D75R,"Lungfunktionsundersökningar, primärvård","Minor spirometry, primary care",,,
D76O,"Toraxpunktion, öppenvård","Thorax puncture, short therapy",,,
D77O,"Lungmedicinska åtgärder, besök","Other respiratory system interventions, short therapy",,,
D89O,"Läkemedelstillförsel intravasalt vid sjukdomar i andningsorganen, öppenvård","Intravascular drug administration for respiratory diseases, short therapy",,,
D89R,"Läkemedelstillförsel intravasalt vid sjukdomar i andningsorganen, primärvård","Intravascular drug administration for respiratory diseases, primary care",,,
D93R,"Hembesök för sjukdomar i andningsorganen, primärvård","Home visits for respiratory diseases, primary care",,,
D97O,Sjuksköterskebesök vid sjukdomar i andningsorganen,Nurse visits for respiratory diseases,,,
D97R,"Sjuksköterskebesök vid sjukdomar i andningsorganen, primärvård","Nurse visits for respiratory diseases, primary care",,,
D99O,Övriga läkarbesök vid sjukdomar i andningsorganen,"Doctor visits for respiratory diseases, short therapy",,,
D99R,"Övriga läkarbesök vid sjukdomar i andningsorganen, primärvård","Other doctor visits for respiratory diseases, primary care",,,
D99U,"Teambesök/konferens vid sjukdomar i andningsorganen, primärvård","Team visits/conferences for respiratory diseases, primary care",,,
D99W,"Läkarvård på distans vid sjukdomar i andningsorganen, primärvård","Doctor letters or telephone contacts for respiratory diseases, primary care",,,
D99X,Teambesök/konferens vid sjukdomar i andningsorganen,"Team visits/conferences for respiratory diseases, short therapy",,,
D99Z,Läkarvård på distans vid sjukdomar i andningsorganen,Doctor letters or telephone contacts for respiratory diseases,,,
E01N,Hjärttransplantation och assisterad cirkulation,Heart transplantation and ventricular assist device,,,
E02N,Operation av torakalt aortaaneurysm,OR procedure for thoracic aortic aneurysm,,,
E03N,Perkutan implantation av hjärtklaff,Percutaneous heart valve implantation,,,
E04C,"Operation av hjärtklaffar, komplicerat","Heart valve operations, w CC",,,
E04E,"Operation av hjärtklaffar, ej komplicerat","Heart valve operations, w/o CC",,,
E04O,"Operation av hjärtklaffar, öppenvård","Cardiac valve procedures with cardiac catheterization, short therapy",,,
E06N,Koronar bypass-operation med kateterisering,Other coronary bypass with cathetherization,,,
E07A,"Koronar bypass-operation, mycket komplicerat","Coronary bypass, w MCC",,,
E07E,"Koronar bypass-operation, ej komplicerat","Other coronary bypass without cathetherization, w/o CC",,,
E07O,"Koronar bypass-operation, öppenvård","Coronary bypass without cardiac catheterization, short therapy",,,
E10A,"Större kardiovaskulära operationer, mycket komplicerat","Major cardiovascular procedures, w MCC",,,
E10E,"Större kardiovaskulära operationer, ej komplicerat","Major cardiovascular procedures, w/o CC",,,
E10O,"Större kardiovaskulära operationer, öppenvård","Major cardiovascular procedures, short therapy",,,
E15A,"Andra kardiotorakala operationer, mycket komplicerat","Other cardiothoracic procedures, w MCC",,,
E15C,"Andra kardiotorakala operationer, komplicerat","Other cardiothoracic procedures, w CC",,,
E15E,"Andra kardiotorakala operationer, ej komplicerat","Other cardiothoracic procedures, w/o CC",,,
E15O,"Andra kardiotorakala operationer, öppenvård","Other cardiothoracic procedures, short therapy",,,
E16N,Andra perkutana kardiovaskulära åtgärder och hyperterm perfusion,Other percutaneous cardiovascular procedures and hyperthermic perfusion,,,
E17C,"Perkutan ablation för hjärtarytmi, komplicerat","Percutaneous ablations for cardiac arrhythmia, w CC",,,
E17E,"Perkutan ablation för hjärtarytmi, ej komplicerat","Percutaneous ablations for cardiac arrhythmia, w/o CC",,,
E17O,"Perkutan ablation för hjärtarytmi, öppenvård","Percutaneous ablations for cardiac arrhythmia, short therapy",,,
E18N,Perkutan vidgning av kranskärl vid hjärtinfarkt,PCI with myocardial infarction,,,
E19A,"Perkutan vidgning av kranskärl, ej hjärtinfarkt, mycket komplicerat","PCI without myocardial infarction, w MCC",,,
E19E,"Perkutan vidgning av kranskärl, ej hjärtinfarkt, ej komplicerat","PCI without myocardial infarction, w/o CC",,,
E20A,"Amputationer pga cirkulationssjukdomar, andra delar än övre extremitet eller tå, mycket komplicerat","Amputation for circulatory system disorders except upper limb and toe, w MCC",,,
E20E,"Amputationer pga cirkulationssjukdomar, andra delar än övre extremitet eller tå, ej komplicerat","Amputation for circulatory system disorders except upper limb and toe, w/o CC",,,
E20O,"Amputationer pga cirkulationssjukdomar, andra delar än övre extremitet eller tå, öppenvård","Amputation for circulatory system disorders except upper limb and toe, short therapy",,,
E21C,"Amputationer av övre extremitet eller tå pga cirkulationssjukdomar, komplicerat","Upper limb and toe amputation for circulatory system disorders, w CC",,,
E21E,"Amputationer av övre extremitet eller tå pga cirkulationssjukdomar, ej komplicerat","Upper limb and toe amputation for circulatory system disorder, w/o CC",,,
E21O,"Amputationer av övre extremitet eller tå pga cirkulationssjukdomar, öppenvård","Upper limb and toe amputation for circulatory system disorder, short therapy",,,
E22O,"Annan perkutan kardiovaskulär åtgärd, öppenvård","Other percutaneous cardiovascular procedures, short therapy",,,
E25A,"Insättning eller byte av defibrillator, mycket komplicerat","Implantation or replacement of cardiac defibrillator, w MCC",,,
E25E,"Insättning eller byte av defibrillator, ej komplicerat","Implantation or replacement of cardiac defibrillator, w/o CC",,,
E25O,"Insättning eller byte av defibrillator, öppenvård","Insertion or replacement of internal defibrillator, short therapy",,,
E26A,"Insättning eller byte av permanent pacemaker eller loop recorder, mycket komplicerat","Insertion or replacement of permanent cardiac pacemaker or loop recorder, w MCC",,,
E26C,"Insättning eller byte av permanent pacemaker eller loop recorder, komplicerat","Insertion or replacement of permanent cardiac pacemaker or loop recorder, w CC",,,
E26E,"Insättning eller byte av permanent pacemaker eller loop recorder, ej komplicerat","Insertion or replacement of permanent cardiac pacemaker or loop recorder, w/o CC",,,
E26O,"Insättning eller byte av permanent pacemaker eller loop recorder, öppenvård","Insertion or replacement of permanent cardiac pacemaker or loop recorder, short therapy",,,
E27A,"Borttagande av permanent pacemaker eller defibrillator, mycket komplicerat","Removal of permanent cardiac pacemaker or defibrillator, w MCC",,,
E27E,"Borttagande av permanent pacemaker eller defibrillator, ej komplicerat","Removal of permanent cardiac pacemaker or defibrillator, w/o CC",,,
E27O,"Borttagande av permanent pacemaker eller defibrillator, öppenvård","Removal of permanent cardiac pacemaker or defibrillator, short therapy",,,
E30N,Invasiva åtgärder vid perifer venös insufficiens,Vein ligation and stripping,,,
E30O,"Invasiva åtgärder vid perifer venös insufficiens, öppenvård","Vein ligation and stripping, short therapy",,,
E35N,Övriga operationer på kärl,Other vascular procedures,,,
E35O,"Övriga operationer på kärl, öppenvård","Other vascular procedures, short therapy",,,
E39C,"Andra operationer vid sjukdomar i cirkulationsorganen, komplicerat","Other circulatory system OR procedures, w CC",,,
E39E,"Andra operationer vid sjukdomar i cirkulationsorganen, ej komplicerat","Other circulatory system OR procedures, w/o CC",,,
E39O,"Andra åtgärder vid sjukdomar i cirkulationsorganen, öppenvård","Other circulatory system OR procedures, short therapy",,,
E40A,"Cirkulationssjukdomar med hjärtinfarkt, med kardiovaskulär komplikation, mycket komplicerat","Other circulatory disorders with acute myocardial infarction and cardiovascular complication, alive at 4th day of care, w MCC",,,
E40E,"Cirkulationssjukdomar med hjärtinfarkt, med kardiovaskulär komplikation, ej komplicerat","Other circulatory disorders with acute myocardial infarction and cardiovascular complication, alive at 4th day of care, w/o CC",,,
E41A,"Cirkulationssjukdomar med hjärtinfarkt, utan kardiovaskulär komplikation, mycket komplicerat","Other circulatory disorders with acute myocardial infarction without cardiovascular complication, alive at 4th day of care, w MCC",,,
E41C,"Cirkulationssjukdomar med hjärtinfarkt, utan kardiovaskulär komplikation, komplicerat","Other circulatory diseases with acute myocardial infarction without cardiovascular complication, alive at 4th day of care, w CC",,,
E41E,"Cirkulationssjukdomar med hjärtinfarkt, utan kardiovaskulär komplikation, ej komplicerat","Other circulatory diseases with acute myocardial infarction without cardiovascular complication, alive at 4th day of care, w/o CC",,,
E41O,Läkarbesök vid cirkulationssjukdomar med hjärtinfarkt,Doctor visits for circulatory diseases with acute myocardial infarction,,,
E41S,"Läkarbesök vid cirkulationssjukdomar med hjärtinfarkt, utan kardiovaskulär komplikation, komplicerat primärvård","Doctor visits for circulatory diseases with myocardial infarction, without cardiovascular complication, w CC, primary care",,,
E41T,"Läkarbesök vid cirkulationssjukdomar med hjärtinfarkt, utan kardiovaskulär komplikation, ej komplicerat primärvård","Doctor visits for circulatory diseases with myocardial infarction, without cardiovascular complication, w/o CC, primary care",,,
E42N,"Cirkulationssjukdomar med hjärtinfarkt, avliden inom 3 dygn","Other circulatory disorders with acute myocardial infarction, death within first 3 days of care",,,
E43A,"Allvarliga cirkulationssjukdomar med hjärtkateterisering, mycket komplicerat","Diagnostic percutaneous cardiac procedures with circulatory complex diagnosis, w MCC",,,
E43E,"Allvarliga cirkulationssjukdomar med hjärtkateterisering, ej komplicerat","Diagnostic percutaneous cardiac procedures with circulatory complex diagnosis, w/o CC",,,
E44A,"Andra cirkulationssjukdomar med hjärtkateterisering, mycket komplicerat","Circulatory diseases except acute myocardial infarction, with emergency cardiac catheterization, w MCC",,,
E44E,"Andra cirkulationssjukdomar med hjärtkateterisering, ej komplicerat","Diagnostic percutaneous cardiac procedures without circulatory complex diagnosis, w/o CC",,,
E45O,"Cirkulationssjukdomar med hjärtkateterisering, öppenvård","Diagnostic percutaneous cardiac procedures, short therapy",,,
E46A,"Akut och subakut endokardit, mycket komplicerat","Acute and subacute endocarditis, w MCC",,,
E46C,"Akut och subakut endokardit, komplicerat","Acute and subacute endocarditis, w CC",,,
E46E,"Akut och subakut endokardit, ej komplicerat","Acute and subacute endocarditis, w/o CC",,,
E46O,Läkarbesök vid akut och subakut endokardit,Doctor visits for acute and subacute endocarditis,,,
E47A,"Hjärtsvikt och chock, mycket komplicerat","Heart failure and shock, w MCC",,,
E47E,"Hjärtsvikt och chock, ej komplicerat","Heart failure and shock, w/o CC",,,
E47O,Läkarbesök vid hjärtsvikt och chock,"Doctor visits for heart failure and shock, short therapy",,,
E47S,"Läkarbesök vid hjärtsvikt och chock, komplicerat primärvård","Heart failure and shock, w CC, primary care",,,
E47T,"Läkarbesök vid hjärtsvikt och chock, ej komplicerat primärvård","Heart failure and shock, w/o CC, primary care",,,
E48A,"Hjärtstillestånd, oförklarat, mycket komplicerat","Cardiac arrest, unexplained, w MCC",,,
E48E,"Hjärtstillestånd, oförklarat, ej komplicerat","Cardiac arrest, unexplained, w/o CC",,,
E48O,"Läkarbesök vid hjärtstillestånd, oförklarat","Doctor visits for cardiac arrest, unexplained",,,
E48R,"Läkarbesök vid hjärtstillestånd, oförklarat, primärvård","Doctor visits for cardiac arrest, unexplained, primary care",,,
E50C,"Tromboflebit i djupa vener, komplicerat","Deep vein thrombophlebitis, w CC",,,
E50E,"Tromboflebit i djupa vener, ej komplicerat","Deep vein thrombophlebitis, w/o CC",,,
E50O,Läkarbesök vid tromboflebit i djupa vener,Doctor visits for deep vein thrombophlebitis,,,
E50R,"Läkarbesök vid tromboflebit i djupa vener, primärvård","Doctor visits for deep vein thrombophlebitis, primary care",,,
E51A,"Sjukdomar i perifera kärl, mycket komplicerat","Peripheral vascular disorders, w MCC",,,
E51C,"Sjukdomar i perifera kärl, komplicerat","Peripheral vascular disorders, w CC",,,
E51E,"Sjukdomar i perifera kärl, ej komplicerat","Peripheral vascular disorders, w/o CC",,,
E51O,Läkarbesök vid sjukdomar i perifera kärl,"Peripheral vascular disorders, short therapy",,,
E51S,"Läkarbesök vid sjukdomar i perifera kärl, komplicerat primärvård","Doctor visits for peripheral vascular disorders, w CC, primary care",,,
E51T,"Läkarbesök vid sjukdomar i perifera kärl, ej komplicerat primärvård","Doctor visits for peripheral vascular disorders, w/o CC, primary care",,,
E52A,"Hjärtsjukdomar pga ateroskleros, mycket komplicerat","Atherosclerotic heart disease, w MCC",,,
E52E,"Hjärtsjukdomar pga ateroskleros, ej komplicerat","Atherosclerotic heart disease, w/o CC",,,
E52O,Läkarbesök vid hjärtsjukdomar pga ateroskleros,"Doctor visits for heart diseseas due to atherosclerosis, short therapy",,,
E52S,"Läkarbesök vid hjärtsjukdomar pga ateroskleros, komplicerat primärvård","Doctor visits for atherosclerotic heart disease, w CC, primary care",,,
E52T,"Läkarbesök vid hjärtsjukdomar pga ateroskleros, ej komplicerat primärvård","Doctor visits for atherosclerotic heart disease, w/o CC, primary care",,,
E53A,"Hypertoni, mycket komplicerat","Hypertension, w MCC",,,
E53C,"Hypertoni, komplicerat","Hypertension, w CC",,,
E53E,"Hypertoni, ej komplicerat","Hypertension, w/o CC",,,
E53O,Läkarbesök vid hypertoni,"Doctor visits for hypertension, short therapy",,,
E53S,"Läkarbesök vid hypertoni, komplicerat primärvård","Doctor visits for hypertension, w CC, primary care",,,
E53T,"Läkarbesök vid hypertoni, ej komplicerat primärvård","Doctor visits for hypertension, w/o CC, primary care",,,
E60A,"Sjukdomar i hjärtklaffar och medfödda hjärtsjukdomar, >17 år, mycket komplicerat","Cardiac congenital and valvular disorders age, >17, w MCC",,,
E60C,"Sjukdomar i hjärtklaffar och medfödda hjärtsjukdomar, >17 år, komplicerat","Cardiac congenital and valvular disorders age, >17, w CC",,,
E60E,"Sjukdomar i hjärtklaffar och medfödda hjärtsjukdomar, >17 år, ej komplicerat","Cardiac congenital and valvular disorders age, >17, w/o CC",,,
E60O,"Läkarbesök vid sjukdomar i hjärtklaffar och medfödda hjärtsjukdomar, >17 år","Doctor visits for cardiac congenital and valvular diseases, age >17",,,
E60S,"Läkarbesök vid sjukdomar i hjärtklaffar och medfödda hjärtsjukdomar, >17 år, komplicerat primärvård","Doctor visits for cardiac congenital and valvular diseases, age >17, w CC, primary care",,,
E60T,"Läkarbesök vid sjukdomar i hjärtklaffar och medfödda hjärtsjukdomar, >17 år, ej komplicerat primärvård","Doctor visits for cardiac congenital and valvular diseases, age >17, w/o CC, primary care",,,
E61C,"Sjukdomar i hjärtklaffar och medfödda hjärtsjukdomar, 0-17 år, komplicerat","Cardiac congenital and valvular disorders, age 0-17, w CC",,,
E61E,"Sjukdomar i hjärtklaffar och medfödda hjärtsjukdomar, 0-17 år, ej komplicerat","Cardiac congenital and valvular disorders, age 0-17, w/o CC",,,
E61P,"Läkarbesök vid sjukdomar i hjärtklaffar och medfödda hjärtsjukdomar, 0-17 år, komplicerat","Doctor visits for cardiac congenital and valvular diseases, age 0-17, w CC",,,
E61Q,"Läkarbesök vid sjukdomar i hjärtklaffar och medfödda hjärtsjukdomar, 0-17 år, ej komplicerat","Doctor visits for cardiac congenital and valvular diseases, age 0-17, w/o CC",,,
E61S,"Läkarbesök vid sjukdomar i hjärtklaffar och medfödda hjärtsjukdomar, 0-17 år, komplicerat primärvård","Doctor visits for cardiac congenital and valvular diseases, age 0-17, w CC, primary care",,,
E61T,"Läkarbesök vid sjukdomar i hjärtklaffar och medfödda hjärtsjukdomar, 0-17 år, ej komplicerat primärvård","Doctor visits for cardiac congenital and valvular diseases, age 0-17, w/o CC, primary care",,,
E63O,Kardiovaskulära åtgärder utan patientkontakt,Cardiovascular procedure without patient contact,,,
E65C,"Hjärtarytmier och överledningsstörningar, komplicerat","Cardiac arrhythmia and conduction disorders, w CC",,,
E65E,"Hjärtarytmier och överledningsstörningar, ej komplicerat","Cardiac arrhythmia and conduction disorders, w/o CC",,,
E65O,Läkarbesök vid hjärtarytmier och överledningsstörningar,"Cardiac arrhythmia and conduction disorders, short therapy",,,
E65S,"Läkarbesök vid hjärtarytmier och överledningsstörningar, komplicerat primärvård","Doctor visits for cardiac arrhythmia and conduction disorders, w CC, primary care",,,
E65T,"Läkarbesök vid hjärtarytmier och överledningsstörningar, ej komplicerat primärvård","Doctor visits for cardiac arrhythmia and conduction disorders, w/o CC, primary care",,,
E66N,Angina pectoris,Angina pectoris,,,
E66O,Läkarbesök vid angina pectoris,Doctor visits for angina pectoris,,,
E66S,"Läkarbesök vid angina pectoris, komplicerat primärvård","Doctor visits for angina pectoris, w CC, primary care",,,
E66T,"Läkarbesök vid angina pectoris, ej komplicerat primärvård","Doctor visits for angina pectoris, w/o CC, primary care",,,
E67C,"Synkope och kollaps, komplicerat","Syncope and collapse, w CC",,,
E67E,"Synkope och kollaps, ej komplicerat","Syncope and collapse, w/o CC",,,
E67O,Läkarbesök vid synkope och kollaps,Doctor visits for syncope and collapse,,,
E67S,"Läkarbesök vid synkope och kollaps, komplicerat primärvård","Doctor visits for syncope and collapse, w CC, primary care",,,
E67T,"Läkarbesök vid synkope och kollaps, ej komplicerat primärvård","Doctor visits for syncope and collapse, w/o CC, primary care",,,
E68A,"Bröstsmärtor, ej angina pectoris, mycket komplicerat","Chest pain, not angina pectoris, w MCC",,,
E68E,"Bröstsmärtor, ej angina pectoris, ej komplicerat","Chest pain, not angina pectoris, w/o CC",,,
E68O,"Läkarbesök vid bröstsmärtor, ej angina pectoris","Doctor visits for chest pain, no angina pectoris",,,
E68R,"Läkarbesök vid bröstsmärtor, ej angina pectoris, primärvård","Doctor visits for chest pain, no angina pectoris, primary care",,,
E69A,"Andra cirkulationssjukdomar, mycket komplicerat","Other circulatory system diseases, w MCC",,,
E69C,"Andra cirkulationssjukdomar, komplicerat","Other circulatory system diseases, w CC",,,
E69E,"Andra cirkulationssjukdomar, ej komplicerat","Other circulatory system diseases, w/o CC",,,
E69L,"Slutenvård för sjukdomar i cirkulationsorganen, primärvård","Inpatient care for circulatory system diseases, primary care",,,
E74L,"Slutenvård för hjärtsvikt, primärvård","Inpatient care for heart failure, primary care",,,
E76O,"Elkonvertering, öppenvård","Cardioversion, short therapy",,,
E77O,"Sklerosering/embolisering av andra mindre kärl, öppenvård","Closure of other minor blood vessels, short therapy",,,
E78O,"Kardiell stimulering transesofagealt, öppenvård","Transesophageal cardiac stimulation, short therapy",,,
E79O,"Kombinerade hjärtundersökningar, besök","Combined cardiac examination, short therapy",,,
E80O,"Långtidsmonitorering av EKG eller blodtryck, besök","Long term blood pressure and ECG monitoring, short therapy",,,
E80R,"Långtidsmonitorering av EKG eller blodtryck , primärvård","Long term blood pressure and ECG monitoring, primary care",,,
E82O,"Arbetsprov, besök","Cardiac ergometry, short therapy",,,
E83O,"Ekokardiografi, besök","Cardiac ultrasonography, short therapy",,,
E84O,"Kärlfysiologiska undersökningar, besök","Examination of circulatory physiology, short therapy",,,
E84R,"Kärlfysiologiska undersökningar, primärvård","Examination of circulatory physiology, primary care",,,
E86O,"Kärlbiopsier, besök","Blood vessel biopsy, short therapy",,,
E87O,"Ultraljud av kärl, besök","Blood vessel ultrasonography, short therapy",,,
E90R,"Hembesök för arytmi, primärvård","Home visits for arrhythmia, primary care",,,
E91R,"Hembesök för hypertoni, primärvård","Home visits for hypertension, primary care",,,
E92R,"Hembesök för hjärtsvikt, primärvård","Home visits for heart failure, primary care",,,
E93R,"Hembesök för sjukdomar i cirkulationsorganen, primärvård","Other home visits for diseases in the circulatory system, primary care",,,
E97O,Sjuksköterskebesök vid sjukdomar i cirkulationsorganen,Nurse visits for diseases in the circulatory organs,,,
E97R,"Sjuksköterskebesök vid sjukdomar i cirkulationsorganen, primärvård","Nurse visits for diseases of the circulatory organs, primary care",,,
E99O,Övriga läkarbesök vid sjukdomar i cirkulationsorganen,"Other doctor visits for diseaes in the circulatory organs, short therapy",,,
E99R,"Övriga läkarbesök vid sjukdomar i cirkulationsorganen, primärvård","Other doctor visits for diseases in the circulatory organs, primary care",,,
E99U,"Teambesök/konferens vid sjukdomar i cirkulationsorganen, primärvård","Team visits/conferences for diseases in the circulatory organs, primary care",,,
E99W,"Läkarvård på distans vid sjukdomar i cirkulationsorganen, primärvård","Doctor letters or telephone contacts for diseaes in the circulatory organs, primary care",,,
E99X,Teambesök/konferens vid sjukdomar i cirkulationsorganen,"Team visits/conferences for diseaes in the circulatory organs, short therapy",,,
E99Z,Läkarvård på distans vid sjukdomar i cirkulationsorganen,Doctor letters or telephone contacts for diseaes in the circulatory organs,,,
F01A,"Rektal resektion och exstirpation, mycket komplicerat","Rectal resection, w MCC",,,
F01C,"Rektal resektion och exstirpation, komplicerat","Rectal resection, w CC",,,
F01E,"Rektal resektion och exstirpation, ej komplicerat","Rectal resection, w/o CC",,,
F01O,"Rektal resektion och exstirpation, öppenvård","Rectal resection, short therapy",,,
F05A,"Större tunn- och tjocktarmsoperationer, mycket komplicerat","Major small and large bowel procedures, w MCC",,,
F05C,"Större tunn- och tjocktarmsoperationer, komplicerat","Major small and large bowel procedures, w CC",,,
F05E,"Större tunn- och tjocktarmsoperationer, ej komplicerat","Major small and large bowel procedures, w/o CC",,,
F05O,"Större tunn- och tjocktarmsoperationer, öppenvård","Major small and large bowel procedures, short therapy",,,
F07A,"Adherenslösning och delning av brid, mycket komplicerat","Peritoneal adhesiolysis, w MCC",,,
F07C,"Adherenslösning och delning av brid, komplicerat","Peritoneal adhesiolysis, w CC",,,
F07E,"Adherenslösning och delning av brid, ej komplicerat","Peritoneal adhesiolysis, w/o CC",,,
F07O,"Adherenslösning och delning av brid, öppenvård","Peritoneal adhesiolysis, short therapy",,,
F09A,"Mindre tunn- och tjocktarmsoperationer, mycket komplicerat","Small and large bowel procedures, w MCC",,,
F09C,"Mindre tunn- och tjocktarmsoperationer, komplicerat","Small and large bowel procedures, w CC",,,
F09E,"Mindre tunn- och tjocktarmsoperationer, ej komplicerat","Small and large bowel procedures, w/o CC",,,
F09O,"Mindre tunn- och tjocktarmsoperationer, öppenvård","Small and large bowel procedures, short therapy",,,
F11A,"Större operationer på magsäck, matstrupe och tolvfingertarm, mycket komplicerat","Major stomach, esophageal and duodenal procedures, age >17, w MCC",,,
F11E,"Större operationer på magsäck, matstrupe och tolvfingertarm, ej komplicerat","Major stomach, esophageal and duodenal procedures, w/o CC",,,
F12C,"Andra operationer på magsäck, matstrupe och tolvfingertarm, komplicerat","Other stomach, esophageal and duodenal procedures, w CC",,,
F12E,"Andra operationer på magsäck, matstrupe och tolvfingertarm, ej komplicerat","Other stomach, esophageal and duodenal procedures, w/o CC",,,
F13O,"Operationer på magsäck, matstrupe och tolvfingertarm, öppenvård","Stomach, esophageal and duodenal procedures, short therapy",,,
F15A,"Operationer i analregionen, stomirevisioner och andra mindre tarmingrepp, mycket komplicerat","Minor intestinal procedures, w MCC",,,
F15C,"Operationer i analregionen, stomirevisioner och andra mindre tarmingrepp, komplicerat","Minor intestinal procedure, w CC",,,
F15E,"Operationer i analregionen, stomirevisioner och andra mindre tarmingrepp, ej komplicerat","Minor intestinal procedures, w/o CC",,,
F15O,"Operationer i analregionen, stomirevisioner och andra mindre tarmingrepp, öppenvård","Minor intestinal procedures, short therapy",,,
F20C,"Operationer av andra bråck än inguinala och femorala, >17 år, komplicerat","Hernia procedures except inguinal and femoral, age >17, w CC",,,
F20E,"Operationer av andra bråck än inguinala och femorala, >17 år, ej komplicerat","Hernia procedures except inguinal and femoral, age >17, w/o CC",,,
F20O,"Operationer av andra bråck än inguinala och femorala, öppenvård","Hernia procedures except inguinal and femoral, short therapy",,,
F23C,"Operationer av inguinala och femorala bråck, >17 år, komplicerat","Inguinal and femoral hernia procedures, age >17, w CC",,,
F23E,"Operationer av inguinala och femorala bråck, >17 år, ej komplicerat","Inguinal and femoral hernia procedures, age >17, w/o CC",,,
F24O,"Operationer av unilaterala inguinala och femorala bråck, öppenvård","Inguinal and femoral hernia procedures, short therapy",,,
F25O,"Operation av ljumskbråck, bilateralt eller kombinerat med annan bråckoperation, öppenvård","Inguinal and femoral hernia procedures, bilateral or combined with other hernia procedure, short therapy",,,
F26C,"Bråckoperationer, 0-17 år, komplicerat","Hernia procedures, age 0-17, w CC",,,
F26E,"Bråckoperationer, 0-17 år, ej komplicerat","Hernia procedures, age 0-17, w/o CC",,,
F30C,"Appendektomi, komplicerat","Appendectomy, w CC",,,
F30E,"Appendektomi, ej komplicerat","Appendectomy, w/o CC",,,
F30O,"Appendektomi, öppenvård","Appendectomy, short therapy",,,
F35A,"Andra operationer vid sjukdomar i mage och tarm, mycket komplicerat","Other digestive system OR procedures, w MCC",,,
F35C,"Andra operationer vid sjukdomar i mage och tarm, komplicerat","Other digestive system OR procedures, w CC",,,
F35E,"Andra operationer vid sjukdomar i mage och tarm, ej komplicerat","Other digestive system OR procedures, w/o CC",,,
F35O,"Andra operationer vid sjukdomar i mage och tarm, öppenvård","Other digestive system OR procedures, short therapy",,,
F39A,"Tumörer i matsmältningsorganen, mycket komplicerat","Digestive malignancy, w MCC",,,
F39C,"Tumörer i matsmältningsorganen, komplicerat","Digestive malignancy, w CC",,,
F39E,"Tumörer i matsmältningsorganen, ej komplicerat","Digestive malignancy, w/o CC",,,
F39P,"Läkarbesök vid tumörer i matsmältningsorganen, komplicerat","Doctor visits for digestive malignancies, w CC",,,
F39Q,"Läkarbesök vid tumörer i matsmältningsorganen, ej komplicerat","Doctor visits for digestive malignancies, w/o CC",,,
F39S,"Läkarbesök vid tumörer i matsmältningsorganen, komplicerat primärvård","Doctor visits for digestive malignancies, w CC, primary care",,,
F39T,"Läkarbesök vid tumörer i matsmältningsorganen, ej komplicerat primärvård","Doctor visits for digestive malignancies, w/o CC, primary care",,,
F40A,"Magsår och gastrointestinal blödning, mycket komplicerat","Peptic ulcer or GI-haemorrhage, w MCC",,,
F40C,"Magsår och gastrointestinal blödning, komplicerat","Peptic ulcer or GI-haemorrhage, w CC",,,
F40E,"Magsår och gastrointestinal blödning, ej komplicerat","Peptic ulcer or GI-haemorrhage, w/o CC",,,
F40O,Läkarbesök vid magsår och gastrointestinal blödning,Doctor visits for peptic ulcer and gastrointestinal haemorrhage,,,
F40S,"Läkarbesök vid magsår och gastrointestinal blödning, komplicerat primärvård","Doctor visits for peptic ulcer and gastrointestinal haemorrhage, w CC, primary care",,,
F40T,"Läkarbesök vid magsår och gastrointestinal blödning, ej komplicerat primärvård","Doctor visits for peptic ulcer and gastrointestinal haemorrhage, w/o CC, primary care",,,
F43A,"Inflammatorisk tarmsjukdom, mycket komplicerat","Inflammatory bowel disease, w MCC",,,
F43C,"Inflammatorisk tarmsjukdom, komplicerat","Inflammatory bowel disease, w CC",,,
F43E,"Inflammatorisk tarmsjukdom, ej komplicerat","Inflammatory bowel disease, w/o CC",,,
F43O,Läkarbesök vid inflammatorisk tarmsjukdom,"Doctor visits for inflammatory bowel disease, short therapy",,,
F43S,"Läkarbesök vid inflammatorisk tarmsjukdom, komplicerat primärvård","Doctor visits for inflammatory bowel disease, w CC, primary care",,,
F43T,"Läkarbesök vid inflammatorisk tarmsjukdom, ej komplicerat primärvård","Doctor visits for inflammatory bowel disease, w/o CC, primary care",,,
F45C,"Passagehinder i mag-tarmkanalen, komplicerat","GI-obstruction, w CC",,,
F45E,"Passagehinder i mag-tarmkanalen, ej komplicerat","GI-obstruction, w/o CC",,,
F45O,Läkarbesök vid passagehinder i mag-tarmkanalen,Doctor visits for gastrointestinal obstruction,,,
F45S,"Läkarbesök vid passagehinder i mag-tarmkanalen, komplicerat primärvård","Doctor visits for gastrointestinal obstruction, w CC, primary care",,,
F45T,"Läkarbesök vid passagehinder i mag-tarmkanalen, ej komplicerat primärvård","Doctor visits for gastrointestinal obstruction, w/o CC, primary care",,,
F50A,"Buksmärtor, >17 år, mycket komplicerat","Miscellaneous digestive disorders, age >17, w MCC",,,
F50C,"Buksmärtor, >17 år, komplicerat","Miscellaneous digestive disorders, age >17, w CC",,,
F50E,"Buksmärtor, >17 år, ej komplicerat","Miscellaneous digestive disorders, age >17, w/o CC",,,
F50O,"Läkarbesök vid buksmärtor, >17 år, öppenvård","Doctor visits for miscellaneous digestive disorders, age >17",,,
F50R,"Läkarbesök vid buksmärtor, >17 år, primärvård","Doctor visits for miscellaneous digestive disorders, age >17, primary care",,,
F51C,"Buksmärtor, 0-17 år, komplicerat","Miscellaneous digestive disorders, age 0-17, w CC",,,
F51E,"Buksmärtor, 0-17 år, ej komplicerat","Miscellaneous digestive disorders, age 0-17, w/o CC",,,
F51O,"Läkarbesök vid buksmärtor, 0-17 år, öppenvård","Doctor visits for miscellaneous digestive disorders, age 0-17, short therapy",,,
F51R,"Läkarbesök vid buksmärtor, 0-17 år, primärvård","Doctor visits for miscellaneous digestive disorders, age 0-17, primary care",,,
F52A,"Gastroenterit, >17 år, mycket komplicerat","Gastroenteritis, age >17, w MCC",,,
F52C,"Gastroenterit, >17 år, komplicerat","Gastroenteritis, age >17, w CC",,,
F52E,"Gastroenterit, >17 år, ej komplicerat","Gastroenteritis, age >17, w/o CC",,,
F52O,"Läkarbesök vid gastroenterit, >17 år, öppenvård","Doctor visits for gastroenteritis, age >17, short therapy",,,
F52R,"Läkarbesök vid gastroenterit, >17 år, primärvård","Doctor visits for gastroenteritis, age >17, primary care",,,
F53C,"Gastroenterit, 0-17 år, komplicerat","Gastroenteritis, age 0-17, w CC",,,
F53E,"Gastroenterit, 0-17 år, ej komplicerat","Gastroenteritis, age 0-17, w/o CC",,,
F53O,"Läkarbesök vid gastroenterit, 0-17 år, öppenvård","Doctor visits for gastroenteritis, age 0-17, short therapy",,,
F53R,"Läkarbesök vid gastroenterit, 0-17 år, primärvård","Doctor visits for gastroenteritis, age 0-17, primary care",,,
F59A,"Andra diagnoser i matsmältningsorganen, mycket komplicerat","Other digestive system diagnoses, w MCC",,,
F59C,"Andra diagnoser i matsmältningsorganen, komplicerat","Other digestive system diagnoses, w CC",,,
F59E,"Andra diagnoser i matsmältningsorganen, ej komplicerat","Other digestive system diagnoses, w/o CC",,,
F65O,"Endoskopisk inläggning av gastrointestinal stent, öppenvård","Endoscopic insertion of stent to gastrointestinal tract, short therapy",,,
F66O,"Terapeutisk enteroskopi, öppenvård","Therapeutic enteroscopy, short therapy",,,
F67O,"Terapeutisk endoskopi av övre gastrointestinalkanalen, öppenvård","Therapeutic endoscopy of upper gastrointestinal tract, short therapy",,,
F68O,"Endoskopisk hemorrojdbehandling, besök","Sclerotherapy/ligature of haemorrhoids, short therapy",,,
F68R,"Endoskopisk hemorrojdbehandling, primärvård","Sclerotherapy/ligature of haemorrhoids, primary care",,,
F69L,"Slutenvård för sjukdomar i matsmältningsorganen, primärvård","Inpatient care for digestive system diseases, primary care",,,
F69O,"Annan terapeutisk rektoskopi, öppenvård","Therapeutic rectoscopy, short therapy",,,
F70O,"Enteroskopi, öppenvård","Enteroscopy, short therapy",,,
F71P,"Koloskopi, komplicerat, öppenvård","Colonoscopy, w CC, short therapy",,,
F71Q,"Koloskopi, ej komplicerat, öppenvård","Colonoscopy, w/o CC, short therapy",,,
F72P,"Endoskopi av övre gastrointestinalkanalen, komplicerat, öppenvård","Endoscopy of upper gastrointestinal tract, w CC, short therapy",,,
F72Q,"Endoskopi av övre gastrointestinalkanalen, ej komplicerat, öppenvård","Endoscopy of upper gastrointestinal tract, w/o CC, short therapy",,,
F73O,"Rektosigmoideoskopi, öppenvård","Rectosigmoideoscopy, short therapy",,,
F74P,"Kombinerad gastrointestinal endoskopi, komplicerat, öppenvård","Combined gastrointestinal endoscopy, w CC, short therapy",,,
F74Q,"Kombinerad gastrointestinal endoskopi, ej komplicerat, öppenvård","Combined gastrointestinal endoscopy, w/o CC, short therapy",,,
F75O,"Mindre tarm- och bukåtgärder, öppenvård","Minor intestinal or abdominal intervention, short therapy",,,
F76O,"Gastrointestinala funktionstester, besök","Gastrointestinal physiologic test, short therapy",,,
F77O,"Punktion/biopsi andra bukorgan, öppenvård","Puncture or biopsy of abdominal organ without endoscopy, short therapy",,,
F79O,"Gastrointestinala sonder och katetrar, öppenvård","Gastrointestinal tube or catheter interventions, short therapy",,,
F79R,"Gastrointestinala sonder och katetrar, primärvård","Gastrointestinal tubes and catheteters, primary care",,,
F89O,"Läkemedelstillförsel intravasalt vid sjukdomar i matsmältningsorganen, öppenvård","Intravascular administration of drugs for digestive system diseases, short therapy",,,
F89R,"Läkemedelstillförsel intravasalt vid sjukdomar i matsmältningsorganen, primärvård","Intravascular administration of drugs for digestive system diseases, primary care",,,
F93R,"Hembesök för sjukdomar i matsmältningsorganen, primärvård","Home visits for digestive system diseases, primary care",,,
F97O,Sjuksköterskebesök vid sjukdomar i matsmältningsorganen,Nurse visits for digestive system diseases,,,
F97R,"Sjuksköterskebesök vid sjukdomar i matsmältningsorganen, primärvård","Nurse visits for digestive system diseases, primary care",,,
F99P,"Övriga läkarbesök vid sjukdomar i matsmältningsorganen, komplicerat","Other doctor visits for digestive system diseases, w CC",,,
F99Q,"Övriga läkarbesök vid sjukdomar i matsmältningsorganen, ej komplicerat","Other doctor visits for digestive system diseases, w/o CC",,,
F99R,"Övriga läkarbesök vid sjukdomar i matsmältningsorganen, primärvård","Other doctor visits for digestive system diseases, primary care",,,
F99U,"Teambesök/konferens vid sjukdomar i matsmältningsorganen, primärvård","Team visits/conferences for digestive system diseases, primary care",,,
F99W,"Läkarvård på distans vid sjukdomar i matsmältningsorganen, primärvård","Doctor letters or telephone contacts for digestive system diseases, primary care",,,
F99X,Teambesök/konferens vid sjukdomar i matsmältningsorganen,Team visits/conferences for gastrointestinal diseases,,,
F99Z,Läkarvård på distans vid sjukdomar i matsmältningsorganen,Doctor letters or telephone contacts for gastrointestinal diseases,,,
G01N,Levertransplantation,Liver transplantation,,,
G02N,Pankreastransplantation med eller utan njurtransplantation,Pancreas transplantation with our without kidney transplantation,,,
G05A,"Pankreas-, lever- eller shuntoperationer, mycket komplicerat","Pancreas, liver and shunt procedures, w MCC",,,
G05C,"Pankreas-, lever- eller shuntoperationer, komplicerat","Pancreas, liver and shunt procedures, w CC",,,
G05E,"Pankreas-, lever- eller shuntoperationer, ej komplicerat","Pancreas, liver and shunt procedures, w/o CC",,,
G05O,"Pankreas-, lever- eller shuntoperationer, öppenvård","Pancreas, liver and shunt procedures, short therapy",,,
G06A,"Gallvägsoperationer utom enbart kolecystektomi, mycket komplicerat","Biliary tract procedures, cholecystectomy, w MCC",,,
G06C,"Gallvägsoperationer utom enbart kolecystektomi, komplicerat","Biliary tract procedures, cholecystectomy, w CC",,,
G06E,"Gallvägsoperationer utom enbart kolecystektomi, ej komplicerat","Biliary tract procedures, cholecystectomy, w/o CC",,,
G10C,"Kolecystektomi med exploration av koledokus, komplicerat","Cholecystectomy with exploration of choledochus, w CC",,,
G10E,"Kolecystektomi med exploration av koledokus, ej komplicerat","Cholecystectomy with exploration of choledochus, w/o CC",,,
G11A,"Kolecystektomi, öppen, utan exploration av koledokus, mycket komplicerat","Open cholecystectomy without exploration of choledochus, w MCC",,,
G11C,"Kolecystektomi, öppen, utan exploration av koledokus, komplicerat","Open cholecystectomy without exploration of choledochus, w CC",,,
G11E,"Kolecystektomi, öppen, utan exploration av koledokus, ej komplicerat","Open cholecystectomy without exploration of choledochus, w/o CC",,,
G12A,"Laparo-/endoskopiska galloperationer, mycket komplicerat","Endoscopic or laparoscopic operation on gallbladder, w MCC",,,
G12C,"Laparo-/endoskopiska galloperationer, komplicerat","Endoscopic or laparoscopic operation on gallbladder, w CC",,,
G12E,"Laparo-/endoskopiska galloperationer, ej komplicerat","Endoscopic or laparoscopic procedures on biliary tract, w/o CC",,,
G13O,"Kolecystektomi och gallvägsoperationer, öppenvård","Endoscopic or laparoscopic procedures on biliary tract, short therapy",,,
G20A,"Diagnostiska operationer på lever och gallvägar vid malign sjukdom, mycket komplicerat","Hepatobiliary diagnostic procedures for malignancy, w MCC",,,
G20E,"Diagnostiska operationer på lever och gallvägar vid malign sjukdom, ej komplicerat","Hepatobiliary diagnostic procedure for malignancy, w/o CC",,,
G21A,"Diagnostiska operationer på lever och gallvägar vid benign sjukdom, mycket komplicerat","Hepatobiliary diagnostic procedures for non-malignancy, w MCC",,,
G21C,"Diagnostiska operationer på lever och gallvägar vid benign sjukdom, komplicerat","Hepatobiliary diagnostic procedures for non-malignancy, w CC",,,
G21E,"Diagnostiska operationer på lever och gallvägar vid benign sjukdom, ej komplicerat","Hepatobiliary diagnostic procedures for non-malignancy, w/o CC",,,
G22O,"Diagnostiska operationer på lever och gallvägar, öppenvård","Hepatobiliary diagnostic procedures, short therapy",,,
G29C,"Andra operationer vid sjukdomar i lever, gallvägar och pankreas, komplicerat","Other hepatobiliary or pancreas OR procedures, w CC",,,
G29E,"Andra operationer vid sjukdomar i lever, gallvägar och pankreas, ej komplicerat","Other hepatobiliary or pancreas OR procedures, w/o CC",,,
G29O,"Andra operationer vid sjukdomar i lever, gallvägar och pankreas, öppenvård","Other hepatobiliary or pancreas OR procedures, short therapy",,,
G30A,"Cirros och alkoholhepatit, mycket komplicerat","Cirrhosis and alcoholic hepatitis, w MCC",,,
G30C,"Cirros och alkoholhepatit, komplicerat","Cirrhosis and alcoholic hepatitis, w CC",,,
G30E,"Cirros och alkoholhepatit, ej komplicerat","Cirrhosis and alcoholic hepatitis, w/o CC",,,
G30O,Läkarbesök vid cirros och alkoholhepatit,Doctor visits for cirrhosis and alcoholic hepatitis,,,
G30S,"Läkarbesök vid cirros och alkoholhepatit, komplicerat primärvård","Doctor visits for cirrhosis and alcoholic hepatitis, w CC, primary care",,,
G30T,"Läkarbesök vid cirros och alkoholhepatit, ej komplicerat primärvård","Doctor visits for cirrhosis and alcoholic hepatitis, w/o CC, primary care",,,
G33A,"Tumörer i pancreas, lever och gallvägar, mycket komplicerat","Malignancy of hepatobiliary system or pancreas, w MCC",,,
G33C,"Tumörer i pancreas, lever och gallvägar, komplicerat","Malignancy of hepatobiliary system or pancreas, selective internal radiation therapy (SIRT), w CC",,,
G33E,"Tumörer i pancreas, lever och gallvägar, ej komplicerat","Malignancy of hepatobiliary system or pancreas, w/o CC",,,
G33O,"Läkarbesök vid tumörer i pancreas, lever och gallvägar",Doctor visits for malignancy of hepatobiliary system or pancreas,,,
G33S,"Läkarbesök vid tumörer i pancreas, lever och gallvägar, komplicerat primärvård","Doctor visits for malignancy of hepatobiliary system or pancreas, w CC, primary care",,,
G33T,"Läkarbesök vid tumörer i pancreas, lever och gallvägar, ej komplicerat primärvård","Doctor visits for malignancy of hepatobiliary system or pancreas, w/o CC, primary care",,,
G35A,"Sjukdomar i pankreas utom malignitet, mycket komplicerat","Disorders of pancreas except malignancy, w MCC",,,
G35C,"Sjukdomar i pankreas utom malignitet, komplicerat","Disorders of pancreas except malignancy, w CC",,,
G35E,"Sjukdomar i pankreas utom malignitet, ej komplicerat","Diseases in the pancreas except malignancy, w/o CC",,,
G35O,Läkarbesök vid sjukdomar i pankreas utom malignitet,Doctor visits for diseases of pancreas except malignancy,,,
G35R,"Läkarbesök vid sjukdomar i pankreas utom malignitet, primärvård","Doctor visits for diseases of pancreas except malignancy, primary care",,,
G38A,"Sjukdomar i lever utom malign tumör, cirros och alkoholhepatit, mycket komplicerat","Disorders of liver except malignancy, cirrhosis and alcohol hepatitis, w MCC",,,
G38C,"Sjukdomar i lever utom malign tumör, cirros och alkoholhepatit, komplicerat","Disorders of liver except malignancy, cirrhosis and alcohol hepatitis, w CC",,,
G38E,"Sjukdomar i lever utom malign tumör, cirros och alkoholhepatit, ej komplicerat","Diseases in the liver except malignancy, cirrhosis and alcohol hepatitis, w/o CC",,,
G38O,"Läkarbesök vid sjukdomar i lever utom malign tumör, cirros och alkoholhepatit","Doctor visits for diseases in the liver except malignancy, cirrhosis and alcohol hepatitis, w/o CC",,,
G38R,"Läkarbesök vid sjukdomar i lever utom malign tumör, cirros och alkoholhepatit, primärvård","Doctor visits for diseases of liver except malignancy, cirrhosis and alcohol hepatitis, primary care",,,
G40A,"Gallvägssjukdomar, mycket komplicerat","Disorders of biliary tract, w MCC",,,
G40C,"Gallvägssjukdomar, komplicerat","Disorders of biliary tract, w CC",,,
G40E,"Gallvägssjukdomar, ej komplicerat","Disorders of biliary tract, w/o CC",,,
G69L,"Slutenvård för sjukdomar i lever, gallvägar och bukspottkörtel, primärvård","Inpatient care for diseases of the liver, bile ducts and pancreas, primary care",,,
G70O,"Endoskopisk inläggning av stent i gallvägar, öppenvård","Endoscopic insertion of stent to biliary tract, short therapy",,,
G71O,"Terapeutisk endoskopisk gallvägsundersökning, öppenvård","Therapeutic endoscopy of biliary tract, short therapy",,,
G72O,"Endoskopisk gallvägsundersökning, öppenvård","Endoscopy of biliary tract, short therapy",,,
G78O,"Punktion/biopsi lever/gallvägar/pankreas, öppenvård","Punction/biopsy of liver/bile ducts/pancreas, short therapy",,,
G93R,"Hembesök för sjukdomar i lever, gallvägar och bukspottkörtel, primärvård","Home visits for diseases of the liver, bile ducts and pancreas, primary care",,,
G97O,"Sjuksköterskebesök vid sjukdomar i lever, gallvägar och bukspottkörtel","Nurse visits for diseases of the liver, bile ducts and pancreas",,,
G97R,"Sjuksköterskebesök vid sjukdomar i lever, gallvägar och bukspottkörtel, primärvård","Nurse visits for diseases of the liver, bile ducts and pancreas, primary care",,,
G99O,"Övriga läkarbesök vid sjukdomar i lever, gallvägar och bukspottkörtel","Other doctor visits for hepatobiliary and pancreatic diseases, short therapy",,,
G99R,"Övriga läkarbesök vid sjukdomar i lever, gallvägar och bukspottkörtel, primärvård","Other doctor visits for diseases of the liver, bile ducts and pancreas, primary care",,,
G99U,"Teambesök/konferens vid sjukdomar i lever, gallvägar och bukspottkörtel, primärvård","Team visits/conferences for diseases of the liver, bile ducts and pancreas, primary care",,,
G99W,"Läkarvård på distans vid sjukdomar i lever, gallvägar och bukspottkörtel, primärvård","Doctor letters or telephone conctact for diseases of the liver, bile ducts and pancreas, primary care",,,
G99X,"Teambesök/konferens vid sjukdomar i lever, gallvägar och bukspottkörtel","Team visits/conferences for heptobiliary and pancreatic diseases, short therapy",,,
G99Z,"Läkarvård på distans vid sjukdomar i lever, gallvägar och bukspottkörtel",Doctor letters or telephone contacts for heptobiliary and pancreatic diseases,,,
H00N,Dubbelsidiga eller multipla ledoperationer på extremiteter,Bilateral or multiple major joint procedures of extremities,,,
H01N,Sekundära ledproteser i höft samt replantationer bäcken/höft/lår,"Hip secondary prosthesis procedures, w/o CC",,,
H02C,"Primära ledproteser höft komplicerat eller vid fraktur, komplicerat","Hip primary prosthesis procedures or with fracture, w CC",,,
H02E,"Primära ledproteser i höft, ej komplicerat","Hip primary prosthesis procedure, w/o CC",,,
H03N,Sekundära ledproteser samt replantationer i knä/fotled,Knee/ankle secondary prosthesis procedures,,,
H04N,Primära ledproteser i knä/fotled,Knee/ankle primary prosthesis procedures,,,
H06O,"Ledproteser på nedre extremitet, öppenvård","Major joint procedures of lower extremity, not reoperation, short therapy",,,
H08C,"Operationer på höft och femur utom på större led, 0-17 år, komplicerat","Hip and femur procedures except major joint, age 0-17, w CC",,,
H08E,"Operationer på höft och femur utom på större led, 0-17 år, ej komplicerat","Hip and femur procedures except major joint, age 0-17, w/o CC",,,
H08O,"Operationer på höft och femur utom på större led, öppenvård","Hip and femur procedures except major joint, short therapy",,,
H09N,"Amputation för sjukdomar i muskler, ben eller bindväv",Amputation for musculoskeletal system and connective tissue disorders,,,
H09O,"Amputation för sjukdomar i muskler, ben eller bindväv, öppenvård","Amputation for musculoskeletal system and connective tissue disorder, short therapy",,,
H10O,"Större knäoperationer, öppenvård","Major knee procedures, short therapy",,,
H12O,"Andra knäoperationer, öppenvård","Other knee procedures, short therapy",,,
H13A,"Knäoperationer utom diagnostiska artroskopier, mycket komplicerat","Knee procedures except diagnostic arthroscopies, w MCC",,,
H13C,"Knäoperationer utom diagnostiska artroskopier, komplicerat","Other knee procedures except diagnostic arthroscopies, w CC",,,
H13E,"Knäoperationer utom diagnostiska artroskopier, ej komplicerat","Knee procedures except diagnostic arthroscopies, w/o CC",,,
H14N,Fotoperationer,Foot procedures,,,
H14O,"Fotoperationer, öppenvård","Foot procedures, short therapy",,,
H16C,"Lokal excision och avlägsnande av internt fixationsmtrl i höft och lår, komplicerat","Local excision and removal of internal fixation devices of hip and femur, w CC",,,
H16E,"Lokal excision och avlägsnande av internt fixationsmtrl i höft och lår, ej komplicerat","Local excision and removal of internal fixation devices of hip and femur, w/o CC",,,
H16O,"Lokal excision och avlägsnande av internt fixationsmtrl i höft och lår, öppenvård","Local excision and removal of internal fixing devices of hip and femur, short therapy",,,
H17C,"Större operationer på bäcken, höft och femur utom ledproteser, >17 år, komplicerat","Major pelvic, hip and femur procedures, except joint prostheses, age >17, w CC",,,
H17E,"Större operationer på bäcken, höft och femur utom ledproteser, >17 år, ej komplicerat","Major pelvic, hip and femur procedures, age >17, w/o CC",,,
H18C,"Andra operationer på bäcken, höft och femur utom ledproteser, >17 år, komplicerat","Pelvic, hip and femur procedures except major joint, age >17, w CC",,,
H18E,"Andra operationer på bäcken, höft och femur utom ledproteser, >17 år, ej komplicerat","Pelvic, hip and femur procedures except major joint, age >17, w/o CC",,,
H20C,"Spinal korrektion eller kombinerad ryggradsfusion, komplicerat","Combined anterior/posterior spinal fusion, w CC",,,
H20E,"Spinal korrektion eller kombinerad ryggradsfusion, ej komplicerat","Combined anterior/posterior spinal fusion, w/o CC",,,
H21C,"Annan ryggradsfusion, komplicerat","Other spinal fusion, w CC",,,
H21E,"Annan ryggradsfusion, ej komplicerat","Other spinal fusion, w/o CC",,,
H24C,"Andra rygg- och halsoperationer, komplicerat","Back and neck procedures except spinal fusion, w CC",,,
H24E,"Andra rygg- och halsoperationer, ej komplicerat","Back and neck procedures except spinal fusion, w/o CC",,,
H25O,"Rygg- och halsoperationer, öppenvård","Back and neck procedures, short therapy",,,
H26A,"Större reimplantationer eller ledprotesoperationer på övre extremitet, mycket komplicerat","Major joint and limb reattachment procedures of upper extremities, w MCC",,,
H26E,"Större reimplantationer eller ledprotesoperationer på övre extremitet, ej komplicerat","Major joint and limb reattachment procedures of upper extremities, w/o CC",,,
H26O,"Större reimplantationer eller ledprotesoperationer på övre extremitet, öppenvård","Major joint and limb reattachment procedures of upper extremities, short therapy",,,
H27N,Större operationer på skuldra/armbåge eller andra armoperationer vid skelettumör,"Major shoulder/elbow procedures, or other upper extremity procedures, w CC",,,
H27O,"Större operationer på skuldra/armbåge, öppenvård","Major shoulder/elbow procedures, or other upper extremity procedures, short therapy",,,
H28N,Andra armoperationer,"Shoulder, elbow or forearm procedures, except major joint procedures, w/o CC",,,
H28O,"Andra armoperationer, öppenvård","Shoulder, elbow or forearm procedures, except major joint procedures, short therapy",,,
H29N,Större tum- & ledoperationer eller andra hand- & handledsoperationer vid skelettumör eller syndaktyli,"Hand or wrist procedures, w CC",,,
H29O,"Större tum- & ledoperationer, öppenvård","Major thumb or joint procedures, or other hand or wrist procedures, short therapy",,,
H30N,Hand- och handledsoperationer utom på större leder,"Hand or wrist procedures except major joint procedures, w/o CC",,,
H30O,"Hand- och handledsoperationer utom på större leder, öppenvård","Hand or wrist procedures, except major joint procedures, short therapy",,,
H36A,"Operationer på fotled, underben eller överarm, >17 år, mycket komplicerat","Lower extremity and humerus procedures except hip, foot, femur, age >17, w MCC",,,
H36C,"Operationer på fotled, underben eller överarm, >17 år, komplicerat","Lower extremity and humerus procedures except hip, foot, femur, age >17, w CC",,,
H36E,"Operationer på fotled, underben eller överarm, >17 år, ej komplicerat","Lower extremity and humerus procedures except hip, foot, femur, age >17, w/o CC",,,
H37C,"Operationer på fotled, underben eller överarm, 0-17 år, komplicerat","Lower extremity and humerus procedures except hip, foot, femur, age 0-17, w CC",,,
H37E,"Operationer på fotled, underben eller överarm, 0-17 år, ej komplicerat","Lower extremity and humerus procedures except hip, foot, femur, age 0-17, w/o CC",,,
H38O,"Operationer på fotled, underben eller överarm, öppenvård","Lower extremity and humerus procedures except hip, foot, femur, short therapy",,,
H41N,Lokal excision och avlägsnande av internt fixationsmtrl utom i höft och lår,Local excision and removal of internal fixing devices except hip and femur,,,
H41O,"Lokal excision och avlägsnande av internt fixationsmtrl utom i höft och lår, öppenvård","Local excision and removal of internal fixing devices except hip and femur, short therapy",,,
H42C,"Biopsier från muskel, ben och bindväv, komplicerat","Biopsies of musculoskeletal system and connective tissue, w CC",,,
H42E,"Biopsier från muskel, ben och bindväv, ej komplicerat","Biopsies of musculoskeletal system and connective tissue, w/o CC",,,
H42O,"Biopsier från muskel, ben och bindväv, öppenvård","Biopsies of musculoskeletal system and connective tissue, short therapy",,,
H43A,"Sårrevision och hudtransplantation för sjukdomar i muskler, ben och bindväv utom hand, mycket komplicerat","Wound debridement and skin graft except hand, for musculoskeletal and connective tissue diseases, w MCC",,,
H43C,"Sårrevision och hudtransplantation för sjukdomar i muskler, ben och bindväv utom hand, komplicerat","Wound debridement and skin graft except hand, for musculoskeletal and connective tissue diseases, w CC",,,
H43E,"Sårrevision och hudtransplantation för sjukdomar i muskler, ben och bindväv utom hand, ej komplicerat","Wound debridement and skin graft except hand, for musculoskeletal and connective tissue diseases, w/o CC",,,
H43O,"Sårrevision och hudtransplantation för sjukdomar i muskler, ben och bindväv utom hand, öppenvård","Wound debridement and skin graft except hand, for musculoskeletal and connective tissue diseases, short therapy",,,
H44C,"Bindvävsoperationer, komplicerat","Soft tissue procedures, w CC",,,
H44E,"Bindvävsoperationer, ej komplicerat","Soft tissue procedures, w/o CC",,,
H44O,"Bindvävsoperationer, öppenvård","Soft tissue procedures, short therapy",,,
H45C,"Diagnostisk artroskopi, komplicerat","Diagnostic arthroscopy, w CC",,,
H45E,"Diagnostisk artroskopi, ej komplicerat","Diagnostic arthroscopy, w/o CC",,,
H45O,"Diagnostisk artroskopi, öppenvård","Arthroscopy, short therapy",,,
H49C,"Andra operationer vid sjukdomar i muskler, ben & bindväv, komplicerat","Other musculoskeletal system and connective tissue OR procedures, w CC",,,
H49E,"Andra operationer vid sjukdomar i muskler, ben & bindväv, ej komplicerat","Other musculoskeletal system and connective tissue OR procedures, w/o CC",,,
H49O,"Andra operationer vid sjukdomar i muskler, ben & bindväv, öppenvård","Other musculoskeletal system and connective tissue OR procedures, short therapy",,,
H50N,Lårbensfrakturer,Fractures of femur,,,
H50O,Läkarbesök vid lårbensfrakturer,Doctor visits for fractures of femur,,,
H50R,"Läkarbesök vid lårbensfrakturer, primärvård","Doctor visits for fractures of femur, primary care",,,
H51A,"Höft- och bäckenfrakturer, mycket komplicerat","Fractures of hip and pelvis, w MCC",,,
H51C,"Höft- och bäckenfrakturer, komplicerat","Fractures of hip and pelvis, w CC",,,
H51E,"Höft- och bäckenfrakturer, ej komplicerat","Fractures of hip and pelvis, w/o CC",,,
H51O,Läkarbesök vid höft- och bäckenfrakturer,Doctor visits for fractures of hip and pelvis,,,
H51S,"Läkarbesök vid höft- och bäckenfrakturer, komplicerat primärvård","Doctor visits for fractures of hip and pelvis, w CC, primary care",,,
H51T,"Läkarbesök vid höft- och bäckenfrakturer, ej komplicerat primärvård","Doctor visits for fractures of hip and pelvis, w/o CC, primary care",,,
H52C,"Höftledsluxation och distortion av höft, bäcken eller lår, komplicerat","Sprains, strains, and dislocations of hip, pelvis and thigh, w CC",,,
H52E,"Höftledsluxation och distortion av höft, bäcken eller lår, ej komplicerat","Sprains, strains, and dislocations of hip, pelvis and thigh, w/o CC",,,
H52O,"Läkarbesök vid höftledsluxation och distortion av höft, bäcken eller lår","Doctor visits for sprains, strains, and dislocations of hip, pelvis and thigh",,,
H52S,"Läkarbesök vid höftledsluxation och distortion av höft, bäcken eller lår, komplicerat primärvård","Doctor visits for sprains, strains, and dislocations of hip, pelvis and thigh, w CC, primary care",,,
H52T,"Läkarbesök vid höftledsluxation och distortion av höft, bäcken eller lår, ej komplicerat primärvård","Doctor visits for sprains, strains, and dislocations of hip, pelvis and thigh, w/o CC, primary care",,,
H53A,"Osteomyelit, mycket komplicerat","Osteomyelitis, w MCC",,,
H53C,"Osteomyelit, komplicerat","Osteomyelitis, w CC",,,
H53E,"Osteomyelit, ej komplicerat","Osteomyelitis, w/o CC",,,
H53O,Läkarbesök vid osteomyelit,Doctor visits for osteomyelitis,,,
H53S,"Läkarbesök vid osteomyelit, komplicerat primärvård","Doctor visits for osteomyelitis, w CC, primary care",,,
H53T,"Läkarbesök vid osteomyelit, ej komplicerat primärvård","Doctor visits for osteomyelitis, w/o CC, primary care",,,
H54A,"Maligna tumörer i muskel, bindväv och skelett samt patologiska frakturer, mycket komplicerat","Pathological fractures and musculoskeletal and connective tissue malignancy, w MCC",,,
H54C,"Maligna tumörer i muskel, bindväv och skelett samt patologiska frakturer, komplicerat","Pathological fractures and musculoskeletal and connective tissue malignancy, w CC",,,
H54E,"Maligna tumörer i muskel, bindväv och skelett samt patologiska frakturer, ej komplicerat","Pathological fractures and musculoskeletal and connective tissue malignancy, w/o CC",,,
H54O,"Läkarbesök vid maligna tumörer i muskel, bindväv och skelett samt patologiska frakturer",Doctor visits for pathological fractures and musculoskeletal and connective tissue malignancy,,,
H54S,"Läkarbesök vid maligna tumörer i muskel, bindväv och skelett samt patologiska frakturer, komplicerat primärvård","Doctor visits for pathological fractures and musculoskeletal and connective tissue malignancies , w CC, primary care",,,
H54T,"Läkarbesök vid maligna tumörer i muskel, bindväv och skelett samt patologiska frakturer, ej komplicerat primärvård","Doctor visits for pathological fractures and musculoskeletal and connective tissue malignancies. w/o CC, primary care",,,
H55C,"Bindvävssjukdomar och vaskuliter, komplicerat","Connective tissue disorders or vasculitis, w CC",,,
H55E,"Bindvävssjukdomar och vaskuliter, ej komplicerat","Connective tissue disorders or vasculitis, w/o CC",,,
H55O,Läkarbesök vid bindvävssjukdomar och vaskuliter,Doctor visits for connective tissue disorders or vasculitis,,,
H55S,"Läkarbesök vid bindvävssjukdomar och vaskuliter, komplicerat primärvård","Connective tissue disorders or vasculitis, w CC, primary care",,,
H55T,"Läkarbesök vid bindvävssjukdomar och vaskuliter, ej komplicerat primärvård","Connective tissue disorders or vasculitis, w/o CC, primary care",,,
H56A,"Infektiösa artriter och bursiter, mycket komplicerat","Infectious arthritis or bursitis, w MCC",,,
H56C,"Infektiösa artriter och bursiter, komplicerat","Infectious arthritis or bursitis, w CC",,,
H56E,"Infektiösa artriter och bursiter, ej komplicerat","Infectious arthritis or bursitis, w/o CC",,,
H56O,Läkarbesök vid infektiösa artriter och bursiter,Doctor visits for infectious arthritis or bursitis,,,
H56S,"Läkarbesök vid infektiösa artriter och bursiter, komplicerat primärvård","Doctor visits for infectious arthritis or bursitis, w CC, primary care",,,
H56T,"Läkarbesök vid infektiösa artriter och bursiter, ej komplicerat primärvård","Doctor visits for infectious arthritis or bursitis, w/o CC, primary care",,,
H57A,"Specifika inflammatoriska artropatier, mycket komplicerat","Specific inflammatory arthropathy, w MCC",,,
H57C,"Specifika inflammatoriska artropatier, komplicerat","Specific inflammatory arthropathy, w CC",,,
H57E,"Specifika inflammatoriska artropatier, ej komplicerat","Specific inflammatory arthropathy, w/o CC",,,
H57O,Läkarbesök vid specifika inflammatoriska artropatier,Doctor visits for specific inflammatory arthropathy,,,
H57S,"Läkarbesök vid specifika inflammatoriska artropatier, komplicerat primärvård","Doctor visits for specific inflammatory arthropathy, w CC, primary care",,,
H57T,"Läkarbesök vid specifika inflammatoriska artropatier, ej komplicerat primärvård","Doctor visits for specific inflammatory arthropathy, w/o CC, primary care",,,
H58C,"Andra artriter, komplicerat","Other arthritis, w CC",,,
H58E,"Andra artriter, ej komplicerat","Other arthritis, w/o CC",,,
H58O,Läkarbesök vid andra artriter,Doctor visits for other arthritis,,,
H58S,"Läkarbesök vid andra artriter, komplicerat primärvård","Doctor visits for other arthritis, w CC, primary care",,,
H58T,"Läkarbesök vid andra artriter, ej komplicerat primärvård","Doctor visits for other arthritis, w/o CC, primary care",,,
H59C,"Artroser, komplicerat","Arthrosis, w CC",,,
H59E,"Artroser, ej komplicerat","Arthrosis, w/o CC",,,
H59O,Läkarbesök vid artroser,"Doctor visits for specific inflammatory arthropathy, short therapy",,,
H59S,"Läkarbesök vid artroser, komplicerat primärvård","Doctor visits for arthrosis, w CC, primary care",,,
H59T,"Läkarbesök vid artroser, ej komplicerat primärvård","Doctor visits for arthrosis, w/o CC, primary care",,,
H60A,"Medicinska ryggsjukdomar, mycket komplicerat","Medical back problems, w MCC",,,
H60C,"Medicinska ryggsjukdomar, komplicerat","Medical back problems, w CC",,,
H60E,"Medicinska ryggsjukdomar, ej komplicerat","Medical back problems, w/o CC",,,
H60O,Läkarbesök vid medicinska ryggsjukdomar,Doctor visits for medical back problems,,,
H60S,"Läkarbesök vid medicinska ryggsjukdomar, komplicerat primärvård","Doctor visits for medical back problems, w CC, primary care",,,
H60T,"Läkarbesök vid medicinska ryggsjukdomar, ej komplicerat primärvård","Doctor visits for medical back problems, w/o CC, primary care",,,
H61C,"Andra bensjukdomar, komplicerat","Other bone diseases and specific arthropathies, w CC",,,
H61E,"Andra bensjukdomar, ej komplicerat","Other bone diseases and specific arthropathies, w/o CC",,,
H61O,Läkarbesök vid andra bensjukdomar,Doctor visits for bone diseases and specific arthropathies,,,
H61S,"Läkarbesök vid andra bensjukdomar, komplicerat primärvård","Doctor visits for bone diseases and specific arthropathies, w CC, primary care",,,
H61T,"Läkarbesök vid andra bensjukdomar, ej komplicerat primärvård","Doctor visits for bone diseases and specific arthropathies, w/o CC, primary care",,,
H62N,"Symtom från muskulatur, ben och bindväv",Signs and symptoms of musculoskeletal system and connective tissue,,,
H62O,"Läkarbesök vid symtom från muskulatur, ben och bindväv",Doctor visits for signs and symptoms from musculoskeletal system and connective tissue,,,
H62R,"Läkarbesök vid symtom från muskulatur, ben och bindväv, primärvård","Doctor visits for signs and symptoms of musculoskeletal system and connective tissue, primary care",,,
H63C,"Bursit, tendinit och myosit, komplicerat","Tendonitis, myositis and bursitits w CC",,,
H63E,"Bursit, tendinit och myosit, ej komplicerat","Tendonitis, myositis and bursitis, w/o CC",,,
H63O,"Läkarbesök vid bursit, tendinit och myosit","Tendonitis, myositis and bursitis, short therapy",,,
H63S,"Läkarbesök vid bursit, tendinit och myosit, komplicerat primärvård","Doctor visits for tendonitis, myositis and bursitis, w CC, primary care",,,
H63T,"Läkarbesök vid bursit, tendinit och myosit, ej komplicerat primärvård","Doctor visits for tendonitis, myositis and bursitis, w/o CC, primary care",,,
H64C,"Sekundära sjukdomar i muskler, ben & bindväv, komplicerat","Secondary musculoskeletal system and connective tissue diseases, w CC",,,
H64E,"Sekundära sjukdomar i muskler, ben & bindväv, ej komplicerat","Secondary musculoskeletal system and connective tissue diseases, w/o CC",,,
H64O,"Läkarbesök vid sekundära sjukdomar i muskler, ben & bindväv",Doctor visits for secondary musculoskeletal system and connective tissue diseases,,,
H64S,"Läkarbesök vid sekundära sjukdomar i muskler, ben & bindväv, komplicerat primärvård","Doctor visits for secondary musculoskeletal system and connective tissue diseases, w CC, primary care",,,
H64T,"Läkarbesök vid sekundära sjukdomar i muskler, ben & bindväv, ej komplicerat primärvård","Doctor visits for secondary musculoskeletal system and connective tissue diseases, w/o CC, primary care",,,
H65C,"Fraktur, stukning el luxation i underarm, hand el fot, komplicerat","Fracture, sprain, strain or dislocation of forearm, hand or foot, w CC",,,
H65E,"Fraktur, stukning el luxation i underarm, hand el fot, ej komplicerat","Fracture, sprain, strain or dislocation of forearm, hand or foot, w/o CC",,,
H65O,"Läkarbesök vid fraktur, stukning el luxation i underarm, hand el fot","Doctor visits for fracture, sprain, strain or dislocation of forearm, hand or foot",,,
H65S,"Läkarbesök vid fraktur, stukning el luxation i underarm, hand el fot, komplicerat primärvård","Doctor visits for fracture, sprain, strain or dislocation of forearm, hand or foot, w CC, primary care",,,
H65T,"Läkarbesök vid fraktur, stukning el luxation i underarm, hand el fot, ej komplicerat primärvård","Doctor visits for fracture, sprain, strain or dislocation of forearm, hand or foot, w/o CC, primary care",,,
H66C,"Fraktur, stukning el luxation i överarm eller underben exkl fot, >17 år, komplicerat","Fracture, sprain, strain or dislocation of upper arm or lower leg excluding foot, age >17, w CC",,,
H66E,"Fraktur, stukning el luxation i överarm eller underben exkl fot, >17 år, ej komplicerat","Fracture, sprain, strain or dislocation of upper arm or lower leg excluding foot, age >17, w/o CC",,,
H66P,"Läkarbesök vid fraktur, stukning el luxation i överarm eller underben exkl fot, >17 år, komplicerat","Doctor visits for fracture, sprain, strain or dislocation of upper arm or lower leg excluding foot, age >17, w CC",,,
H66Q,"Läkarbesök vid fraktur, stukning el luxation i överarm eller underben exkl fot, >17 år, ej komplicerat","Doctor visits for fracture, sprain, strain or dislocation of upper arm or lower leg excluding foot, age >17, w/o CC",,,
H66S,"Läkarbesök vid fraktur, stukning el luxation i överarm eller underben exkl fot, >17 år, komplicerat primärvård","Doctor visits for fracture, sprain, strain or dislocation of upper arm or lower leg excluding foot, age >17, w CC, primary care",,,
H66T,"Läkarbesök vid fraktur, stukning el luxation i överarm eller underben exkl fot, >17 år, ej komplicerat primärvård","Doctor visits for fracture, sprain, strain or dislocation of upper arm or lower leg excluding foot, age >17, w/o CC, primary care",,,
H67C,"Fraktur, stukning el luxation i överarm eller underben exkl fot, 0-17 år, komplicerat","Fracture, sprain, strain or dislocation of upper arm or lower leg excluding foot, age 0-17, w CC",,,
H67E,"Fraktur, stukning el luxation i överarm eller underben exkl fot, 0-17 år, ej komplicerat","Fracture, sprain, strain or dislocation of upper arm or lower leg excluding foot, age 0-17,w/o CC",,,
H67O,"Läkarbesök vid fraktur, stukning el luxation i överarm eller underben exkl fot, 0-17 år","Doctor visits for fracture, sprain, strain or dislocation of upper arm or lower leg excluding foot, age 0-17",,,
H67S,"Läkarbesök vid fraktur, stukning el luxation i överarm eller underben exkl fot, 0-17 år, komplicerat primärvård","Doctor visits for fracture, sprain, strain or dislocation of upper arm or lower leg excluding foot, age 0-17, w CC, primary care",,,
H67T,"Läkarbesök vid fraktur, stukning el luxation i överarm eller underben exkl fot, 0-17 år, ej komplicerat primärvård","Doctor visits for fracture, sprain, strain or dislocation of upper arm or lower leg excluding foot, age 0-17, w/o CC, primary care",,,
H68L,"Slutenvård för osteoporotiska eller traumatiska frakturer, primärvård","Inpatient care for osteoporotic or traumatic fractures, primary care",,,
H69C,"Andra sjukdomar i muskler, ben & bindväv, komplicerat","Other musculoskeletal system and connective tissue diseases, w CC",,,
H69E,"Andra sjukdomar i muskler, ben & bindväv, ej komplicerat","Other musculoskeletal system and connective tissue diseases, w/o CC",,,
H69L,"Slutenvård för sjukdomar i muskler, skelett och bindväv, primärvård","Inpatient care for musculoskeletal system and connective tissue diseases, primary care",,,
H75O,"Sluten ledoperation eller frakturreposition, öppenvård","Closed intervention on joint or reposition of fracture, short therapy",,,
H75R,"Sluten ledoperation eller frakturreposition, primärvård","Closed intervention on joint or reposition of fracture, primary care",,,
H77O,"Ledpunktion av djupare leder eller ledspolning, besök","Puncture of deep joint or rinsing of joint, short therapy",,,
H78O,"Punktionsbiopsi rörelseapparatens mjukdelar, besök","Musculoskeletal puncture for biopsy, short therapy",,,
H79O,"Mjukdelsincisioner, mindre resurskrävande, öppenvård","Minor incision of musculoskeletal soft tissue, short therapy",,,
H80O,"Läkemedelstillförsel intraartikulärt, besök","Intra articular medication, short therapy",,,
H80R,"Läkemedelstillförsel intraartikulärt, primärvård","Intraarticular medication, primary care",,,
H81O,"Ortopedisk bandagering med cirkulärgips, besök","Orthopaedic bandage of extremity, short therapy",,,
H81R,"Ortopedisk bandagering med cirkulärgips, primärvård","Orthopaedic bandage of extremity with custom molded cast, primary care",,,
H82O,"Extraktion av externt fixationsmaterial, öppenvård","Extraction of external fixation, short therapy",,,
H83O,"Ortopedisk bandagering med gipsskena, besök","Orthopaedic bandage with custom molded splint, short therapy",,,
H83R,"Ortopedisk bandagering med gipsskena, primärvård","Orthopaedic bandage with custom molded splint, primary care",,,
H84O,"Implantation av skelettmarkör, öppenvård","Implantation of skeletal marker, short therapy",,,
H85O,"Ledpunktion, övriga leder, besök","Puncture of other joint, short therapy",,,
H87O,"Ortopedisk bandagering, ej gips, besök","Other orthopaedic bandage, no plaster cast, short therapy",,,
H87R,"Ortopedisk bandagering, ej gips, primärvård","Other orthopaedic bandage, no plaster cast, primary care",,,
H88O,"Ortos för övriga leder, besök","Orthosis of other joint, short therapy",,,
H88R,"Ortos för övriga leder, primärvård","Orthosis of other joint, primary care",,,
H89O,"Läkemedelstillförsel intravasalt vid sjukdomar i muskler, skelett och bindväv, öppenvård","Intravascular drug administration for diseases of muscles, bones and connective tissue, short therapy",,,
H89R,"Läkemedelstillförsel intravasalt vid sjukdomar i muskler, skelett och bindväv, primärvård","Intravascular drug administration for diseases of muscles, bones and connective tissue, primary care",,,
H93R,"Hembesök för sjukdomar i muskler, skelett och bindväv, primärvård","Home visits for diseases of muscles, bones and connective tissue, primary care",,,
H97O,"Sjuksköterskebesök vid sjukdomar i muskler, skelett och bindväv","Nurse visits for diseases of muscles, bones and connective tissue",,,
H97R,"Sjuksköterskebesök vid sjukdomar i muskler, skelett och bindväv, primärvård","Nurse visits for diseases of muscles, bones and connective tissue, primary care",,,
H99P,"Övriga läkarbesök vid sjukdomar i muskler, skelett och bindväv, komplicerat","Other doctor visits for diseases of muscles, bones and connective tissue, w CC",,,
H99Q,"Övriga läkarbesök vid sjukdomar i muskler, skelett och bindväv, ej komplicerat","Other doctor visits for diseases of muscles, bones and connective tissue, w/o CC",,,
H99R,"Övriga läkarbesök vid sjukdomar i muskler, skelett och bindväv, primärvård","Other doctor visits for diseases of muscles, bones and connective tissue, primary care",,,
H99U,"Teambesök/konferens vid sjukdomar i muskler, skelett och bindväv, primärvård","Team visits/conferences for diseases of muscles, bones and connective tissue, primary care",,,
H99W,"Läkarvård på distans vid sjukdomar i muskler, skelett och bindväv, primärvård","Doctor letters or telephone contacts for diseases of muscles, bones and connective tissue, primary care",,,
H99X,"Teambesök/konferens vid sjukdomar i muskler, skelett och bindväv","Team visits/conferences for diseases of muscles, bones and connective tissue, short therapy",,,
H99Z,"Läkarvård på distans vid sjukdomar i muskler, skelett och bindväv","Doctor letters and telephone contacts for diseases of muscles, bones and connective tissue",,,
J01C,"Hudtranspl & revision för hudulcus el cellulit, komplicerat","Skin graft and/or debridement for skin ulcer or cellulitis, w CC",,,
J01E,"Hudtranspl & revision för hudulcus el cellulit, ej komplicerat","Skin graft and/or debridement for skin ulcer or cellulitis, w/o CC",,,
J03C,"Hudtranspl & revision utom för hudulcus el cellulit, komplicerat","Skin graft and/or debridement except for skin ulcer or cellulitis, w CC",,,
J03E,"Hudtranspl & revision utom för hudulcus el cellulit, ej komplicerat","Skin graft and/or debridement except for skin ulcer or cellulitis, w/o CC",,,
J04O,"Hudtranspl & revision, öppenvård","Skin graft and/or debridement for skin ulcer or cellulitis, short therapy",,,
J10N,Perianala & pilonidala operationer,Perianal and pilonidal procedures,,,
J10O,"Perianala & pilonidala operationer, öppenvård","Perianal and pilonidal procedures, short therapy",,,
J20C,"Plastikkirurgiska operationer i hud och underhud, komplicerat","Skin and subcutaneous tissue plastic procedures, w CC",,,
J20E,"Plastikkirurgiska operationer i hud och underhud, ej komplicerat","Skin and subcutaneous tissue plastic procedures, w/o CC",,,
J20O,"Plastikkirurgiska operationer i hud och underhud, öppenvård","Skin and subcutaneous tissue plastic procedures, short therapy",,,
J39A,"Andra operationer vid sjukdomar i hud och underhud, mycket komplicerat","Other skin and subcutaneous tissue procedures, w MCC",,,
J39C,"Andra operationer vid sjukdomar i hud och underhud, komplicerat","Other skin and subcutaneous tissue procedures, w CC",,,
J39E,"Andra operationer vid sjukdomar i hud och underhud, ej komplicerat","Other skin and subcutaneous tissue procedures, w/o CC",,,
J39O,"Andra operationer vid sjukdomar i hud och underhud, öppenvård","Other skin and subcutaneous tissue procedures, short therapy",,,
J40C,"Kroniska hudsår, komplicerat","Chronic skin ulcers, w CC",,,
J40E,"Kroniska hudsår, ej komplicerat","Chronic skin ulcers, w/o CC",,,
J40O,Läkarbesök vid kroniska hudsår,"Chronic skin ulcers, short therapy",,,
J40S,"Läkarbesök vid kroniska hudsår, komplicerat primärvård","Doctor visits for chronic skin ulcers, w CC, primary care",,,
J40T,"Läkarbesök vid kroniska hudsår, ej komplicerat primärvård","Doctor visits for chronic skin ulcers, w/o CC, primary care",,,
J45A,"Svåra hudsjukdomar inkl malignt melanom, mycket komplicerat","Major skin disorders including malignant melanoma, w MCC",,,
J45C,"Svåra hudsjukdomar inkl malignt melanom, komplicerat","Major skin disorders including malignant melanoma, w CC",,,
J45E,"Svåra hudsjukdomar inkl malignt melanom, ej komplicerat","Major skin disorders including malignant melanoma, w/o CC",,,
J45O,Läkarbesök vid svåra hudsjukdomar inkl malignt melanom,Doctor visits for major skin disreases including malignant melanoma,,,
J45S,"Läkarbesök vid svåra hudsjukdomar inkl malignt melanom, komplicerat primärvård","Doctor visits for major skin diseases including malignant melanoma, w CC, primary care",,,
J45T,"Läkarbesök vid svåra hudsjukdomar inkl malignt melanom, ej komplicerat primärvård","Doctor visits for major skin diseases including malignant melanoma, w/o CC, primary care",,,
J50A,"Inflammation i hud & underhud, mycket komplicerat","Cellulitis, w MCC",,,
J50C,"Inflammation i hud & underhud, komplicerat","Cellulitis, w CC",,,
J50E,"Inflammation i hud & underhud, ej komplicerat","Cellulitis, w/o CC",,,
J50O,Läkarbesök vid inflammation i hud & underhud,Doctor visits for cellulitis,,,
J50S,"Läkarbesök vid inflammation i hud & underhud, komplicerat primärvård","Doctor visits for cellulitis, w CC, primary care",,,
J50T,"Läkarbesök vid inflammation i hud & underhud, ej komplicerat primärvård","Doctor visits for cellulitis, w/o CC, primary care",,,
J55A,"Ytlig skada, >17 år, mycket komplicerat","Trauma to the skin and subcutaneous tissue, w MCC",,,
J55C,"Ytlig skada, >17 år, komplicerat","Trauma to the skin and subcutaneous tissue, age >17, w CC",,,
J55E,"Ytlig skada, >17 år, ej komplicerat","Trauma to the skin and subcutaneous tissue, age >17, w/o CC",,,
J55O,"Läkarbesök vid ytlig skada, >17 år","Doctor visits for trauma to the skin and subcutaneous tissue, age >17",,,
J55S,"Läkarbesök vid ytlig skada, >17 år, komplicerat primärvård","Doctor visits for trauma to the skin and subcutaneous tissue, age >17, w CC, primary care",,,
J55T,"Läkarbesök vid ytlig skada, >17 år, ej komplicerat primärvård","Doctor visits for trauma to the skin and subcutaneous tissue, age >17, w/o CC, primary care",,,
J56N,"Ytlig skada, 0-17 år","Trauma to the skin and subcutaneous tissue, age 0-17, w/o CC",,,
J56O,"Läkarbesök vid ytlig skada, 0-17 år","Doctor visits for trauma to the skin and subcutaneous tissue, age 0-17",,,
J56S,"Läkarbesök vid ytlig skada, 0-17 år, komplicerat primärvård","Doctor visits for trauma to the skin and subcutaneous tissue, age 0-17, w CC, primary care",,,
J56T,"Läkarbesök vid ytlig skada, 0-17 år, ej komplicerat primärvård","Doctor visits for trauma to the skin and subcutaneous tissue, age 0-17, w/o CC, primary care",,,
J60A,"Lättare hudsjukdomar, hudtumörer inkl skivepitelcancer, mycket komplicerat","Minor skin disorders, skin tumours including squamous cell carcinoma, w MCC",,,
J60C,"Lättare hudsjukdomar, hudtumörer inkl skivepitelcancer, komplicerat","Minor skin disorders, skin tumours including squamous cell carcinoma, w CC",,,
J60E,"Lättare hudsjukdomar, hudtumörer inkl skivepitelcancer, ej komplicerat","Minor skin disorders, skin tumours including squamous cell carcinoma, w/o CC",,,
J69L,"Slutenvård för sjukdomar i hud och underhud, primärvård","Inpatient care for skin and subcutaneous tissue diseases, primary care",,,
J75O,"Diagnostik och behandling med ljus, resurskrävande, besök","Diagnostic or therapeutic major intervention using light, short therapy",,,
J76O,"Hudingrepp, större utom excision/biopsi, öppenvård","Major dermatologic intervention, except excision/biopsy, short therapy",,,
J77O,"Hudexcisioner i huvud-halsregionen & andra större, öppenvård","Extended skin excision in the head and neck region, short therapy",,,
J78O,"Övriga hudexcisioner och biopsier, öppenvård","Skin excision and biopsy, short therapy",,,
J79O,"Hudingrepp, övriga, öppenvård","Other minor dermatologic interventions, short therapy",,,
J79R,"Hudingrepp, övriga, primärvård","Other minor dermatological intervention, primary care",,,
J80O,"Medicinsk badbehandling och smörjning, besök","Medical bath therapy and lubrication of skin, short therapy",,,
J80R,"Medicinsk badbehandling och smörjning, primärvård","Medical bath therapy and lubrication of skin, primary care",,,
J81O,"Hudsår, omläggning eller annan behandling, besök","Dressing of wound of skin, short therapy",,,
J81R,"Hudsår, omläggning eller annan behandling, primärvård","Dressing of wound of skin, primary care",,,
J93R,"Hembesök för sjukdomar i hud och underhud, primärvård","Home visits for diseases of the skin and subcutaneous tissue, primary care",,,
J97O,Sjuksköterskebesök vid sjukdomar i hud och underhud,Nurse visits for diseases of the skin and subcutaneous tissue,,,
J97R,"Sjuksköterskebesök vid sjukdomar i hud och underhud, primärvård","Nurse visits for diseases of the skin and subcutaneous tissue, primary care",,,
J99P,"Övriga läkarbesök vid sjukdomar i hud och underhud, komplicerat","Other doctor visits for diseases of the skin and subcutaneous tissue, w CC",,,
J99Q,"Övriga läkarbesök vid sjukdomar i hud och underhud, ej komplicerat","Other doctor visits for diseases of the skin and subcutaneous tissue, w/o CC",,,
J99R,"Övriga läkarbesök vid sjukdomar i hud och underhud, primärvård","Other doctor visits for diseases of the skin and subcutaneous tissue, primary care",,,
J99U,"Teambesök/konferens vid sjukdomar i hud och underhud, primärvård","Team visits/conferences for diseases of the skin and subcutaneous tissue, primary care",,,
J99W,"Läkarvård på distans vid sjukdomar i hud och underhud, primärvård","Doctor letters or telephone contacts for diseases of the skin and subcutaneous tissue, primary care",,,
J99X,Teambesök/konferens vid sjukdomar i hud och underhud,"Team visits/conferences for dermatologic diseases, short therapy",,,
J99Z,Läkarvård på distans vid sjukdomar i hud och underhud,Doctor letters or telephone contacts for dermatologic diseases,,,
K01N,Mastektomi med annan rekonstruktion,Mastectomy and other reconstruction of breast,,,
K02N,Total mastektomi för malign tumör,"Total mastectomy for malignancy, w/o CC",,,
K02O,"Total mastektomi för malign tumör, öppenvård","Total mastectomy for malignancy, short therapy",,,
K03O,"Rekonstruktion eller annan plastik av bröst, öppenvård","Reconstruction of breast, short therapy",,,
K04N,Subtotal mastektomi för malign tumör,"Subtotal mastectomy for malignancy, w/o CC",,,
K04O,"Subtotal mastektomi för malign tumör, öppenvård","Subtotal mastectomy for malignancy, short therapy",,,
K05N,Större eller komplicerad bröstrekonstruktion,Complicated reconstruction of breast with or without mastectomy,,,
K06N,Annan bröstrekonstruktion,Other reconstruction of breast,,,
K10N,Bröstoperationer för benignt tillstånd utom biopsi & lokal excision,Breast procedures for non-malignancy except biopsy and local excision,,,
K10O,"Bröstoperationer för benignt tillstånd utom biopsi & lokal excision, öppenvård","Breast procedures for non-malignancy except biopsy and local excision, short therapy",,,
K11N,Bröstbiopsi & lokal excision för benignt tillstånd,Breast biopsy and local excision for non-malignancy,,,
K11O,"Bröstbiopsi & lokal excision för benignt tillstånd, öppenvård","Breast biopsy and local excision for non-malignancy, short therapy",,,
K19N,Andra operationer vid bröstkörtelsjukdom,Other procedures for mammary gland diseases,,,
K19O,"Andra operationer vid bröstkörtelsjukdom, öppenvård","Other procedures for mammary gland diseases, short therapy",,,
K20C,"Maligna bröstsjukdomar, komplicerat","Malignant breast diseases, w CC",,,
K20E,"Maligna bröstsjukdomar, ej komplicerat","Malignant breast diseases, w/o CC",,,
K20O,Läkarbesök vid maligna bröstsjukdomar,"Malignant breast diseases, short therapy",,,
K20S,"Läkarbesök vid maligna bröstsjukdomar, komplicerat primärvård","Doctor visits for malignant breast diseases, w CC, primary care",,,
K20T,"Läkarbesök vid maligna bröstsjukdomar, ej komplicerat primärvård","Doctor visits for malignant breast diseases, w/o CC, primary care",,,
K30N,Benigna bröstsjukdomar,Non-malignant breast diseases,,,
K69L,"Slutenvård för sjukdomar i bröstkörtel, primärvård","Inpatient care for mammary gland diseases, primary care",,,
K75O,"Incision/punktion bröst, besök","Incision and puncture of breast, short therapy",,,
K89O,"Läkemedelstillförsel intravasalt vid bröstkörtelsjukdomar, öppenvård","Intravascular drug administration for mammary gland diseases, short therapy",,,
K89R,"Läkemedelstillförsel intravasalt vid bröstkörtelsjukdomar, primärvård","Intravascular drug administration for mammary gland diseases, primary care",,,
K93R,"Hembesök för sjukdomar i bröstkörtel, primärvård","Home visits for mammary gland diseases, primary care",,,
K97O,Sjuksköterskebesök vid bröstkörtelsjukdomar,Nurse visit for mammary gland diseases,,,
K97R,"Sjuksköterskebesök vid bröstkörtelsjukdomar, primärvård","Nurse visits for mammary gland diseases, primary care",,,
K99O,Övriga läkarbesök vid bröstkörtelsjukdomar,"Other doctor visits for mammary gland diseases, short therapy",,,
K99R,"Övriga läkarbesök vid bröstkörtelsjukdomar, primärvård","Other doctor visits for mammary gland diseases, primary care",,,
K99U,"Teambesök/konferens vid bröstkörtelsjukdomar, primärvård","Team visits/conferences for mammary gland diseases, primary care",,,
K99W,"Läkarvård på distans vid bröstkörtelsjukdomar, primärvård","Doctor letters or telephone contacts for mammary gland diseases, primary care",,,
K99X,Teambesök/konferens vid bröstkörtelsjukdomar,"Team visits/conferences for mammary gland diseases, short therapy",,,
K99Z,Läkarvård på distans vid bröstkörtelsjukdomar,Doctor letters or telephone contacts for mammary gland diseases,,,
L01C,"Amputation av nedre extrem för endokrina, nutritiva & metabola sjukdomar, komplicerat","Amputation of lower limb for endocrine, nutritional, and metabolic diseases, w CC",,,
L01E,"Amputation av nedre extrem för endokrina, nutritiva & metabola sjukdomar, ej komplicerat","Amputation of lower limb for endocrine, nutritional, and metabolic diseases, w/o CC",,,
L01O,"Amputation av nedre extrem för endokrina, nutritiva & metabola sjukdomar, öppenvård","Amputation of lower limb for endocrine, nutritional and metabolic diseases, short therapy",,,
L05N,Hypofys- och binjureoperationer,Adrenal and pituitary gland procedures,,,
L05O,"Hypofys- och binjureoperationer, öppenvård","Adrenal and pituitary procedures, short therapy",,,
L08A,"Mag-tarmoperationer mot fetma, mycket komplicerat","Gastrointestinal procedures for obesity, w MCC",,,
L08C,"Mag-tarmoperationer mot fetma, komplicerat","Gastrointestinal procedures for obesity, w CC",,,
L08E,"Mag-tarmoperationer mot fetma, ej komplicerat","Gastrointestinal procedures for obesity, w/o CC",,,
L08O,"Mag-tarmoperationer mot fetma, öppenvård","Gastrointestinal procedures for obesity, short therapy",,,
L10N,Andra operationer vid fetma,Other procedures for obesity,,,
L10O,"Andra operationer vid fetma, öppenvård","Other procedures for obesity, short therapy",,,
L20C,"Bisköldkörteloperationer, komplicerat","Parathyroid procedures, w CC",,,
L20E,"Bisköldkörteloperationer, ej komplicerat","Parathyroid procedures, w/o CC",,,
L20O,"Bisköldkörteloperationer, öppenvård","Parathyroid procedures, short therapy",,,
L25C,"Sköldkörteloperationer, komplicerat","Thyroid procedures, w CC",,,
L25E,"Sköldkörteloperationer, ej komplicerat","Thyroid procedures, w/o CC",,,
L25O,"Sköldkörteloperationer, öppenvård","Thyroid procedures, short therapy",,,
L39C,"Andra operationer för endokrin, nutrit & metab sjukdomar, komplicerat","Other endocrine, nutritional or metabolic disease OR procedures, w CC",,,
L39E,"Andra operationer för endokrin, nutrit & metab sjukdomar, ej komplicerat","Other endocrine, nutritional and metabolic disease OR procedures, w/o CC",,,
L39O,"Andra operationer för endokrin, nutrit & metab sjukdomar, öppenvård","Other endocrine, nutritional and metabolic disease OR procedures, short therapy",,,
L41A,"Diabetes, >17 år, mycket komplicerat","Diabetes, age >17, w MCC",,,
L41C,"Diabetes, >17 år, komplicerat","Diabetes, age >17, w CC",,,
L41E,"Diabetes, >17 år, ej komplicerat","Diabetes, age >17, w/o CC",,,
L41O,"Läkarbesök vid diabetes, >17 år, öppenvård","Doctor visits for diabetes, age >17, short therapy",,,
L41S,"Läkarbesök vid diabetes, >17 år, komplicerat primärvård","Doctor visits for diabetes, age >17, w CC, primary care",,,
L41T,"Läkarbesök vid diabetes,>17 år, ej komplicerat primärvård","Doctor visits for diabetes, age >17, w/o CC, primary care",,,
L42N,"Diabetes, 0- 17 år",Diabetes age 0-17,,,
L42O,"Läkarbesök vid diabetes, 0- 17 år, öppenvård","Doctor visits for diabetes, age 0-17, short therapy",,,
L42S,"Läkarbesök vid diabetes, 0-17 år, komplicerat primärvård","Doctor visits for diabetes, age 0-17, w CC, primary care",,,
L42T,"Läkarbesök vid diabetes, 0-17 år, ej komplicerat primärvård","Doctor visits for diabetes, age 0-17, w/o CC, primary care",,,
L50A,"Nutritionssjukdomar och diverse metabola sjukdomar, mycket komplicerat","Nutritional and miscellaneous metabolic diseases, w MCC",,,
L50C,"Nutritionssjukdomar och diverse metabola sjukdomar, komplicerat","Nutritional and miscellaneous metabolic diseases, w CC",,,
L50E,"Nutritionssjukdomar och diverse metabola sjukdomar, ej komplicerat","Nutritional and miscellaneous metabolic diseases, w/o CC",,,
L50O,Läkarbesök vid nutritionssjukdomar och diverse metabola sjukdomar,Doctor visits for nutritional and miscellaneous metabolic disorders,,,
L50S,"Läkarbesök vid nutritionssjukdomar och diverse metabola sjukdomar, komplicerat primärvård","Doctor visits for nutritional and miscellaneous metabolic disorders, w CC, primary care",,,
L50T,"Läkarbesök vid nutritionssjukdomar och diverse metabola sjukdomar, ej komplicerat primärvård","Doctor visits for nutritional and miscellaneous metabolic disorders, w/o CC, primary care",,,
L55N,Medfödda ämnesomsättningsrubbingar,Inborn errors of metabolism,,,
L55O,Läkarbesök vid medfödda ämnesomsättningsrubbingar,Doctor visits for inborn errors of metabolism,,,
L55S,"Läkarbesök vid medfödda ämnesomsättningsrubbingar, komplicerat primärvård","Doctor visits for inborn errors of metabolism, w CC, primary care",,,
L55T,"Läkarbesök vid medfödda ämnesomsättningsrubbingar, ej komplicerat primärvård","Doctor visits for inborn errors of metabolism, w/o CC, primary care",,,
L60A,"Endokrina sjukdomar, mycket komplicerat","Endocrine disorders, w MCC",,,
L60C,"Endokrina sjukdomar, komplicerat","Endocrine disorders, w CC",,,
L60E,"Endokrina sjukdomar, ej komplicerat","Endocrine disorders, w/o CC",,,
L69L,"Slutenvård för sjukdomar i ämnesomsättning, hormoner, primärvård","Inpatient care for endocrine diseases, primary care",,,
L75O,"Fettsugning, öppenvård","Liposuction, short therapy",,,
L76O,"Hormonprofiler, besök","Hormone profile determination, short therapy",,,
L77O,"Punktion av endokrina organ, besök","Puncture of endocrine organ, short therapy",,,
L78O,"Metabola undersökningar, besök","Metabolic examination, short therapy",,,
L78R,"Metabola undersökningar, primärvård","Metabolic examinations, primary care",,,
L79O,"Endokrintest, resurskrävande, öppenvård","Diagnostic major endocrine test, short therapy",,,
L80O,"Endokrintest, övriga, besök","Diagnostic minor endocrine test, short therapy",,,
L81O,"Nutritionsåtgärder, besök","Nutritional intervention, short therapy",,,
L81R,"Nutritionsåtgärder, primärvård","Nutritional interventions, primary care",,,
L93R,"Hembesök för sjukdomar i ämnesomsättning, hormoner, primärvård","Home visits for endocrine diseases, primary care",,,
L97O,Sjuksköterskebesök vid endokrina och metabola sjukdomar,Nurse visits for endocrine and metabolic diseases,,,
L97R,"Sjuksköterskebesök vid endokrina och metabola sjukdomar, primärvård","Nurse visits for endocrine and metabolic diseases, primary care",,,
L99O,Övriga läkarbesök vid endokrina och metabola sjukdomar,"Other doctor visits for endocrine and metabolic diseases, short therapy",,,
L99R,"Övriga läkarbesök vid endokrina och metabola sjukdomar, primärvård","Other doctor visits for endocrine and metabolic diseases, primary care",,,
L99U,"Teambesök/konferens vid endokrina och metabola sjukdomar, primärvård","Team visits/conferences for endocrine and metabolic diseases, primary care",,,
L99W,"Läkarvård på distans vid endokrina och metabola sjukdomar, primärvård","Doctor letters or telephone contacts for endocrine and metabolic diseases, primary care",,,
L99X,Teambesök/konferens vid endokrina och metabola sjukdomar,"Team visits/conferences for endocrine and metabolic diseases, short therapy",,,
L99Z,Läkarvård på distans vid endokrina och metabola sjukdomar,Doctor letters or telephone contacts for endocrine and metabolic diseases,,,
M01C,"Njurtransplantation, komplicerat","Kidney transplantation, w CC",,,
M01E,"Njurtransplantation, ej komplicerat","Kidney transplantation, w/o CC",,,
M05A,"Njur-, urinledar- & större blåsoperation för tumörer, mycket komplicerat","Kidney, ureter and major bladder procedures for neoplasms, w MCC",,,
M05C,"Njur-, urinledar- & större blåsoperation för tumörer, komplicerat","Kidney, ureter and major bladder procedures for neoplasms, w CC",,,
M05E,"Njur-, urinledar- & större blåsoperation för tumörer, ej komplicerat","Kidney, ureter and major bladder procedures for neoplasms, w/o CC",,,
M06C,"Njur-, urinledar- & större blåsoperation för benign sjukdom, komplicerat","Kidney, ureter and major bladder procedures for non-neoplasms, w CC",,,
M06E,"Njur-, urinledar- & större blåsoperation för benign sjukdom, ej komplicerat","Kidney, ureter and major bladder procedures for non-neoplasms, w/o CC",,,
M07O,"Njur-, urinledar- & större blåsoperation, öppenvård","Kidney, ureter and major bladder procedures, short therapy",,,
M08N,Insättning/revision/uttag av artificiell uretrasfinkter,Artificial urethral sphincter procedure,,,
M10C,"Mindre urinblåsoperationer, komplicerat","Minor bladder procedures, w CC",,,
M10E,"Mindre urinblåsoperationer, ej komplicerat","Minor bladder procedures, w/o CC",,,
M10O,"Mindre urinblåsoperationer, öppenvård","Minor bladder procedures, short therapy",,,
M15C,"Transuretrala operationer, komplicerat","Transurethral procedures, w CC",,,
M15E,"Transuretrala operationer, ej komplicerat","Transurethral procedures, w/o CC",,,
M15O,"Transuretrala operationer, öppenvård","Transurethral procedures, short therapy",,,
M20N,Uretrala operationer,Urethral procedures,,,
M20O,"Uretrala operationer, öppenvård","Urethral procedures, short therapy",,,
M23N,CVK för hemodialys,Insertion of catheter for hemodialysis,,,
M24N,AV-fistel för hemodialys,Construction of arteriovenous fistula for hemodialysis,,,
M25N,Kateter för peritonealdialys,Insertion of catheter for peritoneal dialysis,,,
M26O,"Accessåtgärder för dialys, öppenvård","Access procedures for dialysis, short therapy",,,
M29A,"Andra operationer vid njur- & urinvägsproblem, mycket komplicerat","Other kidney and urinary tract OR procedures, w MCC",,,
M29C,"Andra operationer vid njur- & urinvägsproblem, komplicerat","Other kidney and urinary tract OR procedures, w CC",,,
M29E,"Andra operationer vid njur- & urinvägsproblem, ej komplicerat","Other kidney and urinary tract OR procedures, w/o CC",,,
M29O,"Andra operationer vid njur- & urinvägsproblem, öppenvård","Other kidney and urinary tract OR procedures, short therapy",,,
M31A,"Njursvikt, mycket komplicerat","Kidney failure, w MCC",,,
M31C,"Njursvikt, komplicerat","Kidney failure, w CC",,,
M31E,"Njursvikt, ej komplicerat","Kidney failure, w/o CC",,,
M31O,Läkarbesök vid njursvikt,Doctor visits for kidney failure,,,
M31S,"Läkarbesök vid njursvikt, komplicerat primärvård","Doctor visits for kidney failure, w CC, primary care",,,
M31T,"Läkarbesök vid njursvikt, ej komplicerat primärvård","Doctor visits for kidney failure, w/o CC, primary care",,,
M32N,"Dialysförberedelse, dialysbehandling","Renal dialysis, including preparations",,,
M32O,"Dialysförberedelse, dialysbehandling, öppenvård","Renal dialysis, including preparations, short therapy",,,
M32R,"Dialysförberedelse, dialysbehandling, primärvård","Renal dialysis, including preparations, primary care",,,
M35A,"Njur- och urinvägstumörer, mycket komplicerat","Kidney and urinary tract neoplasms, w MCC",,,
M35C,"Njur- och urinvägstumörer, komplicerat","Kidney and urinary tract neoplasms, w CC",,,
M35E,"Njur- och urinvägstumörer, ej komplicerat","Kidney and urinary tract neoplasms, w/o CC",,,
M35O,Läkarbesök vid njur- och urinvägstumörer,"Kidney and urinary tract neoplasms, short therapy",,,
M35S,"Läkarbesök vid njur- och urinvägstumörer, komplicerat primärvård","Doctor visits for kidney and urinary tract neoplasms, w CC, primary care",,,
M35T,"Läkarbesök vid njur- och urinvägstumörer, ej komplicerat primärvård","Doctor visits for kidney and urinary tract neoplasms, w/o CC, primary care",,,
M40A,"Njur- och urinvägsinfektioner, mycket komplicerat","Kidney and urinary tract infections, w MCC",,,
M40C,"Njur- och urinvägsinfektioner, komplicerat","Kidney and urinary tract infections, w CC",,,
M40E,"Njur- och urinvägsinfektioner, ej komplicerat","Kidney and urinary tract infections, w/o CC",,,
M40L,"Slutenvård för urinvägsinfektion, primärvård","Inpatient care for urinary tract infection, primary care",,,
M40O,Läkarbesök vid njur- och urinvägsinfektioner,Doctor visits for kidney and urinary tract infections,,,
M40S,"Läkarbesök vid njur- och urinvägsinfektioner, komplicerat primärvård","Doctor visits for kidney and urinary tract infections, w CC, primary care",,,
M40T,"Läkarbesök vid njur- och urinvägsinfektioner, ej komplicerat primärvård","Doctor visits for kidney and urinary tract infections, w/o CC, primary care",,,
M45C,"Urinvägssten, komplicerat och litotripsi","Urinary stones w CC, and/or Extracorporeal Shock Wave Lithotripsy (ESWL)",,,
M45E,"Urinvägssten, ej komplicerat","Urinary stones, w/o CC",,,
M45O,Läkarbesök vid urinvägssten,Doctor visits for urinary stones,,,
M45S,"Läkarbesök vid urinvägssten, komplicerat primärvård","Doctor visits for urinary stones, w CC, primary care",,,
M45T,"Läkarbesök vid urinvägssten, ej komplicerat primärvård","Doctor visits for urinary stones, w/o CC, primary care",,,
M46O,"Litotripsi, öppenvård","Lithotripsy, short therapy",,,
M50C,"Symtom från njurar och urinvägar, komplicerat","Kidney and urinary tract signs and symptoms, w CC",,,
M50E,"Symtom från njurar och urinvägar, ej komplicerat","Kidney and urinary tract signs and symptoms, w/o CC",,,
M50O,Läkarbesök vid symtom från njurar och urinvägar,Doctor visits for kidney and urinary tract signs and symptoms,,,
M50S,"Läkarbesök vid symtom från njurar och urinvägar, komplicerat primärvård","Doctor visits for kidney and urinary tract signs and symptoms, w CC, primary care",,,
M50T,"Läkarbesök vid symtom från njurar och urinvägar, ej komplicerat primärvård","Doctor visits for kidney and urinary tract signs and symptoms, w/o CC, primary care",,,
M55N,Uretrastriktur,Urethral stricture,,,
M55O,Läkarbesök vid uretrastriktur,Doctor visits for urethral stricture,,,
M55R,"Läkarbesök vid uretrastriktur, primärvård","Doctor visits for urethral stricture, primary care",,,
M68A,"Andra njur- och urinvägssjukdomar, >17 år, mycket komplicerat","Other kidney and urinary tract diagnoses, age >17, w MCC",,,
M68C,"Andra njur- och urinvägssjukdomar, >17 år, komplicerat","Other kidney and urinary tract diagnoses, age >17, w CC",,,
M68E,"Andra njur- och urinvägssjukdomar, >17 år, ej komplicerat","Other kidney and urinary tract diagnoses, age >17, w/o CC",,,
M69L,"Slutenvård för sjukdomar i njure och urinvägar, primärvård","Inpatient care for kidney and urinary tract diseases, primary care",,,
M69N,"Andra njur- och urinvägssjukdomar, 0-17 år",Other kidney and urinary tract diagnoses age 0-17,,,
M70O,"Terapeutisk endoskopi av urinvägar, öppenvård","Therapeutic endoscopy of urinary tract, short therapy",,,
M71O,"Endoskopi av övre urinvägar, öppenvård","Endoscopy of upper urinary tract, short therapy",,,
M72O,"Endoskopi av nedre urinvägar, öppenvård","Endoscopy of lower urinary tract, short therapy",,,
M75O,"Punktion av njure och retroperitoneum, öppenvård","Puncture of kidney and retroperitoneal space, short therapy",,,
M76O,"Funktionsundersökningar av njurar och urinvägar, besök","Physiological urinary tract investigations, short therapy",,,
M76R,"Funktionsundersökningar av njurar och urinvägar, primärvård","Physiological urinary tract investigations, primary care",,,
M77O,"Urogenitala åtgärder, resurskrävande, öppenvård","Major urogenital intervention, short therapy",,,
M77R,"Urogenitala åtgärder, resurskrävande, primärvård","Major urogenital intervention, primary care",,,
M78O,"Urogenitala åtgärder, övriga, besök","Minor urogenital intervention, short therapy",,,
M78R,"Urogenitala åtgärder, övriga, primärvård","Minor urogenital interventions, primary care",,,
M89O,"Läkemedelstillförsel intravasalt vid sjukdomar i njure och urinvägar, öppenvård","Intravascular drug administration for kidney and urinary tract diseases, short therapy",,,
M89R,"Läkemedelstillförsel intravasalt vid sjukdomar i njure och urinvägar, primärvård","Intravascular drug administration for kidney and urinary tract diseases, primary care",,,
M93R,"Hembesök för sjukdomar i njure och urinvägar, primärvård","Home visits for kidney and urinary tract diseases, primary care",,,
M97O,Sjuksköterskebesök vid sjukdomar i njure och urinvägar,Nurse visits for kidney and urinary tract diseases,,,
M97R,"Sjuksköterskebesök vid sjukdomar i njure och urinvägar, primärvård","Nurse visits for diseases of the kidneys and urinary tract, primary care",,,
M99O,Övriga läkarbesök vid sjukdomar i njure och urinvägar,Other doctor visits for urinary tract diseases,,,
M99R,"Övriga läkarbesök vid sjukdomar i njure och urinvägar, primärvård","Home visits for kidney and urinary tract diseases, primary care",,,
M99U,"Teambesök/konferens vid sjukdomar i njure och urinvägar, primärvård","Team visits/conferences for kidney and urinary tract diseases, primary care",,,
M99W,"Läkarvård på distans vid sjukdomar i njure och urinvägar, primärvård","Doctor letters or telephone contacts for kidney and urinary tract diseases, primary care",,,
M99X,Teambesök/konferens vid sjukdomar i njure och urinvägar,Team visits/conferences for diseases in the kidneys and urinary tract,,,
M99Z,Läkarvård på distans vid sjukdomar i njure och urinvägar,Doctor letters or telephone contacts for diseases in the kidneys and urinary tract,,,
N01N,"Stor bäckenoperation vid sjukdomar i prostata, pung, penis etc",Major male pelvic procedure,,,
N01O,"Stor bäckenoperation vid sjukdomar i prostata, pung, penis etc, öppenvård","Major male pelvic procedure, short therapy",,,
N05N,Transuretral prostatektomi,Transurethral prostatectomy,,,
N05O,"Transuretral prostatektomi, öppenvård","Transurethral prostatectomy, short therapy",,,
N10C,"Testikeloperationer för tumör, komplicerat","Testes procedures for malignancy, w CC",,,
N10E,"Testikeloperationer för tumör, ej komplicerat","Testes procedures for malignancy, w/o CC",,,
N11C,"Testikeloperationer för benigna sjukdomar, komplicerat","Testes procedures for non-malignancy, w CC",,,
N11E,"Testikeloperationer för benigna sjukdomar, ej komplicerat","Testes procedures for non-malignancy, w/o CC",,,
N12O,"Testikeloperationer, öppenvård","Testes procedures, short therapy",,,
N15N,Penisoperationer,Penis procedures,,,
N15O,"Penisoperationer, öppenvård","Penis procedures, short therapy",,,
N20N,Omskärelse,"Circumcision, age 0-17",,,
N20O,"Omskärelse, öppenvård","Circumcision, short therapy",,,
N20R,"Omskärelse, primärvård","Circumcision, primary care",,,
N21N,Resektion eller ligatur av sädesledare för sterilisering,"Sterilization, male",,,
N21O,"Resektion eller ligatur av sädesledare för sterilisering, öppenvård","Sterilization, male , short therapy",,,
N30C,"Andra operationer vid tumör i prostata, pung etc, komplicerat","Other male reproductive system OR procedures for malignancy, w CC",,,
N30E,"Andra operationer vid tumör i prostata, pung etc, ej komplicerat","Other male reproductive system OR procedures for malignancy, w/o CC",,,
N31N,"Andra operationer vid benign sjukdom i prostata, pung etc",Other male reproductive system OR procedures except for malignancy,,,
N32O,"Andra operationer vid sjukdom i prostata, pung etc, öppenvård","Other male reproductive system OR procedures, short therapy",,,
N40C,"Tumör i prostata, pung etc, komplicerat","Malignancy in the male reproductive system, w CC",,,
N40E,"Tumör i prostata, pung etc, ej komplicerat","Malignancy in the male reproductive system, w/o CC",,,
N40O,"Läkarbesök vid tumör i prostata, pung etc.","Doctor visits for malignancy in the male reproductive system, short therapy",,,
N40S,"Läkarbesök vid tumör i prostata, pung etc, komplicerat primärvård","Doctor visits for malignancy in the male reproductive system, w CC, primary care",,,
N40T,"Läkarbesök vid tumör i prostata, pung etc, ej komplicerat primärvård","Doctor visits for malignancy in the male reproductive system, w/o CC, primary care",,,
N45N,Benign prostatahypertrofi,"Benign prostatic hypertrophy, w/o CC",,,
N45O,Läkarbesök vid benign prostatahypertrofi,Doctor visits for benign prostatic hypertrophy,,,
N45R,"Läkarbesök vid benign prostatahypertrofi, primärvård","Doctor visits for benign prostatic hypertrophy, primary care",,,
N50C,"Inflammation/infektion i pung, penis etc, komplicerat","Inflammation of the male reproductive system, w CC",,,
N50E,"Inflammation/infektion i pung, penis etc, ej komplicerat","Inflammation of the male reproductive system, w/o CC",,,
N50O,"Läkarbesök vid inflammation/infektion i pung, penis etc",Doctor visits for inflammation of the male reproductive system,,,
N50S,"Läkarbesök vid inflammation/infektion i pung, penis etc, komplicerat primärvård","Doctor visits for inflammation of the male reproductive system, w CC, primary care",,,
N50T,"Läkarbesök vid inflammation/infektion i pung, penis etc, ej komplicerat primärvård","Doctor visits for inflammation of the male reproductive system, w/o CC, primary care",,,
N59N,"Andra sjukdomar i pung, penis etc",Other male reproductive system diagnoses,,,
N69L,"Slutenvård för sjukdomar i prostata, pung, penis etc, primärvård","Inpatient care for male reproductive system diseases, primary care",,,
N75O,"Biopsi av prostata, penis etc, besök","Biopsy of male genital organs, short therapy",,,
N89O,"Läkemedelstillförsel intravasalt vid sjukdomar i prostata, pung, penis etc, öppenvård","Intravascular drug administration for male reproductive system diseases, short therapy",,,
N89R,"Läkemedelstillförsel intravasalt vid sjukdomar i prostata, pung, penis etc, primärvård","Intravascular drug administration for male reproductive system diseases, primary care",,,
N93R,"Hembesök vid sjukdomar i prostata, pung, penis etc, primärvård","Home visits for for male reproductive system diseases, primary care",,,
N97O,"Sjuksköterskebesök vid sjukdomar i prostata, pung, penis etc",Nurse visits for male reproductive system diseases,,,
N97R,"Sjuksköterskebesök vid sjukdomar i prostata, pung, penis etc, primärvård","Nurse visits for male reproductive system diagnoses, primary care",,,
N99P,"Läkarbesök vid andra sjukdomar i pung, penis etc, komplicerat","Doctor visits for other diseases in the male reproductive system, w CC",,,
N99Q,"Läkarbesök vid andra sjukdomar i pung, penis etc, ej komplicerat","Doctor visits for male reproductive system diseases, w/o CC",,,
N99R,"Läkarbesök vid andra sjukdomar i pung, penis etc., primärvård","Doctor visits for male reproductive system diseases, primary care",,,
N99U,"Teambesök/konferens vid sjukdomar i prostata, pung, penis, etc, primärvård","Team visits/conferences for male reproductive system diagnoses, primary care",,,
N99W,"Läkarvård på distans vid sjukdomar i prostata, pung, penis, etc, primärvård","Doctor letters or telephone contacts for male reproductive system diagnoses, primary care",,,
N99X,"Teambesök/konferens vid sjukdomar i prostata, pung, penis, etc",Team visits/conferences for male reproductive system diagnoses,,,
N99Z,"Läkarvård på distans vid sjukdomar i prostata, pung, penis, etc",Doctor letters or telephone contacts for male reproductive system diagnoses,,,
O01N,"Radikal hysterektomi, vulvektomi och bäckenutrymning","Pelvic evisceration, radical hysterectomy and radical vulvectomy, w/o CC",,,
O01O,"Radikal hysterektomi, vulvektomi och bäckenutrymning, öppenvård","Pelvic evisceration, radical hysterectomy and radical vulvectomy, short therapy",,,
O02A,"Operationer på uterus och adnex för tumör utanför ovarier/adnex, mycket komplicerat","Uterine and adnexal procedures for non-ovarian/adnexal malignancy, w MCC",,,
O02C,"Operationer på uterus och adnex för tumör utanför ovarier/adnex, komplicerat","Uterine and adnexa procedures for non-ovarian/adnexal malignancies, w CC",,,
O02E,"Operationer på uterus och adnex för tumör utanför ovarier/adnex, ej komplicerat","Uterine and adnexa procedures for non-ovarian/adnexal malignancies, w/o CC",,,
O02O,"Operationer på uterus och adnex för tumör utanför ovarier/adnex, öppenvård","Uterine and adnexal procedures for non-ovarian/adnexal malignancy, short therapy",,,
O05N,Rekonstruktiva operationer vid prolaps i vagina,"Reconstructive, or other female reproductive system procedures",,,
O05O,"Rekonstruktiva operationer vid prolaps i vagina, öppenvård","Reconstructive, or other female reproductive system procedures, short therapy",,,
O10A,"Operationer på uterus och adnex för tumör i ovarier/adnex, mycket komplicerat","Uterine and adnexa procedures for ovarian or adnexal malignancies, w MCC",,,
O10C,"Operationer på uterus och adnex för tumör i ovarier/adnex, komplicerat","Uterine and adnexa procedures for ovarian or adnexal malignancies, w CC",,,
O10E,"Operationer på uterus och adnex för tumör i ovarier/adnex, ej komplicerat","Uterine and adnexa procedures for ovarian or adnexal malignancies, w/o CC",,,
O10O,"Operationer på uterus och adnex för tumör i ovarier/adnex, öppenvård","Uterine and adnexal procedures for ovarian or adnexal non-malignancy, short therapy",,,
O15C,"Operationer på uterus och adnex för benign sjukdom, komplicerat","Uterine and adnexa procedures for ovarian or adnexal non-malignancies, w CC",,,
O15E,"Operationer på uterus och adnex för benign sjukdom, ej komplicerat","Uterine and adnexa procedures for ovarian or adnexal non-malignancies, w/o CC",,,
O16O,"Större operationer på uterus och adnexa för benign sjukdom, öppenvård","Excision or reconstructive operation on female reproductive organs, short therapy",,,
O17O,"Övriga operationer på uterus och adnexa för benign sjukdom, öppenvård","Other uterine and adnexal procedures for non-malignancy, short therapy",,,
O18O,"Åtgärder för in vitro fertilisering, öppenvård","Intervention on embryo or ICSI, short therapy",,,
O20C,"Operationer på cervix, vagina och vulva, komplicerat","Vagina, cervix and vulva procedures, w CC",,,
O20E,"Operationer på cervix, vagina och vulva, ej komplicerat","Vagina, cervix and vulva procedures",,,
O20O,"Operationer på cervix, vagina och vulva, öppenvård","Vagina, cervix and vulva procedures, short therapy",,,
O25N,Gynekologisk laparoskopi,Gynecological laparoscopy,,,
O25O,"Gynekologisk laparoskopi, öppenvård","Gynecological laparoscopy or sterilization in laparotomy, short therapy",,,
O27N,Sterilisering,Laparoscopic or other endoscopic sterilization,,,
O27O,"Sterilisering, öppenvård","Laparoscopic or other endoscopic sterilization, short therapy",,,
O28C,"Skrapning och konisering för tumörer, komplicerat","Dilation and curettage, conization and radio-implant, for malignancy, w CC",,,
O28E,"Skrapning och konisering för tumörer, ej komplicerat","Dilation and curettage, conization and radio-implant, for malignancy, w/o CC",,,
O29N,"Skrapning och konisering, för benign sjukdom","Dilation and curettage, conization, for non-malignancy",,,
O30O,"Skrapning och konisering , öppenvård","Dilation and curettage, conization, for non-malignancy , short therapy",,,
O39C,"Andra operationer vid gynekologiska problem, komplicerat","Other female reproductive system OR procedures, w CC",,,
O39E,"Andra operationer vid gynekologiska problem, ej komplicerat","Other female reproductive system OR procedures, w/o CC",,,
O39O,"Andra operationer vid gynekologiska problem, öppenvård","Other female reproductive system OR procedures, short therapy",,,
O40A,"Tumörer i området adnexa-vulva, mycket komplicerat","Malignancy, female reproductive system, w MCC",,,
O40C,"Tumörer i området adnexa-vulva, komplicerat","Malignancy, female reproductive system, w CC",,,
O40E,"Tumörer i området adnexa-vulva, ej komplicerat","Malignancy, female reproductive system, w/o CC",,,
O40P,"Läkarbesök vid tumörer i området adnexa-vulva, komplicerat","Doctor visits for malignancy in the area of ??adnexa-vulva, w CC",,,
O40Q,"Läkarbesök vid tumörer i området adnexa-vulva, ej komplicerat","Doctor visits for malignancy in the area of ??adnexa-vulva, w/o CC",,,
O40S,"Läkarbesök vid tumörer i området adnexa-vulva, komplicerat primärvård","Doctor visits for malignancy in the area of ??adnexa-vulva, w CC, primary care",,,
O40T,"Läkarbesök vid tumörer i området adnexa-vulva, ej komplicerat primärvård","Doctor visits for malignancy in the area of ??adnexa-vulva, w/o CC, primary care",,,
O45C,"Infektion i området adnexa-vulva, komplicerat","Infections, female reproductive system, w CC",,,
O45E,"Infektion i området adnexa-vulva, ej komplicerat","Infections, female reproductive system, w/o CC",,,
O45O,Läkarbesök vid infektion i området adnexa-vulva,Doctor visits for infections in the area of ??adnexa-vulva,,,
O45S,"Läkarbesök vid infektion i området adnexa-vulva, komplicerat primärvård","Doctor visits for infections in the area of ??adnexa-vulva, w CC, primary care",,,
O45T,"Läkarbesök vid infektion i området adnexa-vulva, ej komplicerat primärvård","Doctor visits for infections in the area of ??adnexa-vulva, w/o CC, primary care",,,
O50C,"Menstruella störningar, endometrios och andra problem i området adnexa-vulva, komplicerat","Menstrual and other female reproductive system disorders, including endometriosis, w CC",,,
O50E,"Menstruella störningar, endometrios och andra problem i området adnexa-vulva, ej komplicerat","Menstrual and other female reproductive system disorders, including endometriosis, w/o CC",,,
O69L,"Slutenvård vid sjukdomar i området adnexa-vulva, primärvård","Inpatient care for menstrual and other female reproductive system disorders, primary care",,,
O70O,"Kolpo-, hystero-, falloposkopi, öppenvård","Endoscopy of female genital tract, short therapy",,,
O75O,"Reproduktionsmedicinska åtgärder, besök","Major reproductive medicine interventions, short therapy",,,
O76O,"Insemination, besök","Insemination, short therapy",,,
O77O,"Gynekologiska biopsier, besök","Gynecological biopsy with ultrasound quidance, short therapy",,,
O78O,"Gynekologiska övriga åtgärder, besök","Other gynecological interventions, short therapy",,,
O89O,"Läkemedelstillförsel intravasalt vid sjukdomar i området adnexa-vulva, öppenvård","Intravascular administration of drugs for diseases in the area of ??adnexa-vulva, short therapy",,,
O89R,"Läkemedelstillförsel intravasalt vid sjukdomar i området adnexa-vulva, primärvård","Intravascular administration of drugs for diseases in the area of ??adnexa-vulva, primary care",,,
O93R,"Hembesök vid sjukdomar i området adnexa-vulva, primärvård","Home visits for diseases in the area of ??adnexa-vulva, primary care",,,
O97O,Sjuksköterskebesök vid sjukdomar i området adnexa-vulva,Nurse visits for diseases in the area of ??adnexa-vulva,,,
O97R,"Sjuksköterskebesök vid sjukdomar i området adnexa-vulva, primärvård","Nurse visits for diseases in the area of ??adnexa-vulva, primary care",,,
O99P,"Övriga läkarbesök vid sjukdomar i området adnexa-vulva, komplicerat","Other doctor visits for diseases in the area of ??adnexa-vulva, w CC",,,
O99Q,"Övriga läkarbesök vid sjukdomar i området adnexa-vulva, ej komplicerat","Other doctor visits for diseases in the area of ??adnexa-vulva, w/o CC",,,
O99R,"Övriga läkarbesök vid sjukdomar i området adnexa-vulva, primärvård","Other doctor visits for diseases in the area of ??adnexa-vulva, primary care",,,
O99U,"Teambesök/konferens vid sjukdomar i området adnexa-vulva, primärvård","Team visits/conferences for diseases in the area of ??adnexa-vulva, primary care",,,
O99W,"Läkarvård på distans vid sjukdomar i området adnexa-vulva, primärvård","Doctor letters and telephone contacts for diseases in the area of ??adnexa-vulva, primary care",,,
O99X,Teambesök/konferens vid sjukdomar i området adnexa-vulva,"Team visits/conferences for diseases in the female reproductive system, short therapy",,,
O99Z,"Läkarvård på distans vid sjukdomar i området adnexa-vulva, öppenvård","Doctor letters or telephone contacts for diseases in the female reproductive system, short therapy",,,
P01A,"Kejsarsnitt, mycket komplicerat","Cesarean section, w MCC",,,
P01C,"Kejsarsnitt, komplicerat","Cesarean section, w CC",,,
P01E,"Kejsarsnitt, ej komplicerat","Cesarean section, w/o CC",,,
P01O,"Kejsarsnitt, öppenvård","Cesarean section, short therapy",,,
P05A,"Vaginal förlossning, mycket komplicerat","Vaginal delivery, w MCC",,,
P05C,"Vaginal förlossning, komplicerat","Vaginal delivery, w CC",,,
P05E,"Vaginal förlossning, ej komplicerat","Vaginal delivery, w/o CC",,,
P05O,"Vaginal förlossning, öppenvård","Vaginal delivery, short therapy",,,
P05S,"Vaginal förlossning, komplicerat primärvård","Vaginal delivery, w CC, primary care",,,
P05T,"Vaginal förlossning, ej komplicerat primärvård","Vaginal delivery, w/o CC, primary care",,,
P06N,"Vaginal förlossning, med sterilisering och/eller skrapning",Vaginal delivery with sterilization and/or dilation and curettage,,,
P10N,Operation av extrauterin graviditet,Operation for ectopic pregnancy,,,
P11N,Obstetriska problem med andra operationer el. andra åtgärder i större anestesi,Obstetrical problems with other OR procedures or other procedures in general anaesthesia,,,
P11O,Obstetriska problem med andra operationer el. andra åtgärder i större anestesi i öppenvård,"Obstetrical problems with other OR procedures or other procedures in general anaesthesia, short therapy",,,
P15C,"Sjukdomar i puerperiet utan operationer, komplicerat","Postpartum and post abortion diagnoses without OR procedures, w CC",,,
P15E,"Sjukdomar i puerperiet utan operationer, ej komplicerat","Postpartum and post abortion diagnoses without OR procedures, w/o CC",,,
P15O,Läkarbesök vid sjukdomar i puerperiet utan operationer,"Doctor visits for postpartum and post abortion diagnoses, without OR procedure",,,
P19C,"Hotande abort eller prematur födsel, komplicerat","Threatened abortion or premature delivery, w CC",,,
P19E,"Hotande abort eller prematur födsel, ej komplicerat","Threatened abortion or premature delivery, w/o CC",,,
P19O,Läkarbesök vid hotande abort eller prematur födsel,Doctor visits for threatened abortion or premature delivery,,,
P19R,"Läkarbesök vid hotande abort eller prematur födsel, primärvård","Doctor visits for threatened abortion or premature delivery, primary care",,,
P20C,"Extrauterin graviditet och missfall , komplicerat","Abortion without dilation and curettage, w CC",,,
P20E,"Extrauterin graviditet och missfall, ej komplicerat","Abortion without dilation and curettage, w/o CC",,,
P20O,"Extrauterin graviditet och missfall, öppenvård","Abortion without dilation and curettage, short therapy",,,
P21C,"Abort med evakuering eller hysterotomi, komplicerat","Abortion with dilation and curettage, aspiration curettage or hysterotomy, w CC",,,
P21E,"Abort med evakuering eller hysterotomi, ej komplicerat","Abortion with dilation and curettage, aspiration curettage or hysterotomy, w/o CC",,,
P22O,"Kirurgi vid abort eller efter förlossning, öppenvård","Surgery after abortion or child birth, short therapy",,,
P23O,"Farmakologisk eller spontan abort, öppenvård",Spontaneous or drug induced abortion,,,
P23R,"Farmakologisk eller spontan abort, primärvård","Pharmacological or spontaneous abortion, primary care",,,
P30N,Avstannat värkarbete,False labor,,,
P30O,Läkarbesök vid avstannat värkarbete,Doctor visits for false labor,,,
P40N,Komplicerade antepartumdiagnoser,"Other antepartum diagnoses with medical complications, w/o CC",,,
P40O,Läkarbesök vid komplicerade antepartumdiagnoser,Doctor visits for antepartum diagnoses with medical complications,,,
P49C,"Andra antepartumdiagnoser, komplicerat","Other antepartum diagnoses, w CC",,,
P49E,"Andra antepartumdiagnoser, ej komplicerat","Other antepartum diagnoses, w/o CC",,,
P69L,"Slutenvård för graviditet, förlossning och barnsängstid, primärvård","Inpatient care for pregnancy, childbirth and puerperium, primary care",,,
P75O,"Fosterdiagnostik, öppenvård","Puncture of fetus and placenta, short therapy",,,
P76O,"Obstetriskt ultraljud, besök","Obstetric ultrasonography, short therapy",,,
P76R,"Obstetriskt ultraljud, primärvård","Obstetric ultrasonography, primary care",,,
P93R,"Hembesök för graviditet, förlossning och barnsängstid, primärvård","Home visits during pregnancy, childbirth and puerperium, primary care",,,
P97O,"Sjuksköterskebesök vid graviditet, förlossning och barnsängstid","Nurse visits during pregnancy, childbirth and puerperium",,,
P97R,"Sjuksköterskebesök vid graviditet, förlossning och barnsängstid, primärvård","Nurse visits during pregnancy, childbirth and puerperium, primary care",,,
P99O,"Övriga läkarbesök vid graviditet, förlossning och barnsängstid","Other doctor visits during pregnancy, childbirth and puerperium, short therapy",,,
P99R,"Övriga läkarbesök vid graviditet, förlossning och barnsängstid, primärvård","Other doctor visits during pregnancy, childbirth and puerperium, primary care",,,
P99U,"Teambesök/konferens vid graviditet, förlossning och barnsängstid, primärvård","Team visits/conferences during during pregnancy, childbirth and puerperium, primary care",,,
P99W,"Läkarvård på distans vid graviditet, förlossning och barnsängstid, primärvård","Doctor letters or telephone contacts during pregnancy, childbirth and puerperium, primary care",,,
P99X,"Teambesök/konferens vid graviditet, förlossning och barnsängstid","Team visits/conferences for obstetrical problems, short therapy",,,
P99Z,"Läkarvård på distans vid graviditet, förlossning och barnsängstid",Doctor letters or telephone contacts for obstetrical problems,,,
Q05N,"Nyfödd, död inom 2 dygn eller överförd till annan enhet inom 5 dygn","Neonate, died within 2 days or transferred to other unit within 5 days",,,
Q10N,Eftervård för neonatala problem vid födelsevikt 1000 g eller mer,"Follow-up care of neonatal problems or delayed neonatal problem, birth weight 1000 g or more",,,
Q12N,Eftervård för neonatala problem vid födelsevikt under 1000 g,"Neonate, arrived during first two days of life, not treated in a NICU, remitted to other hospital with duration of treatment less than 5 days",,,
Q15N,"Nyfödd, födelsevikt under 1000 g","Neonate, birthweight under 1000 g",,,
Q20N,"Nyfödd, födelsevikt 1000-1499 g","Neonate, birthweight 1000-1499 g",,,
Q25N,"Nyfödd, födelsevikt 1500-2499 g, med multipla problem","Neonate, birthweight 1500-2499 g or other immaturity with multiple problems",,,
Q30N,"Nyfödd, födelsevikt 1500-2499 g, utan multipla problem","Neonate, birthweight 1500-2499 g or other immaturity without multiple problems",,,
Q35N,Respiratory distress syndrome hos prematur nyfödd,Respiratory distress syndrome of premature infant,,,
Q40N,"Nyfödd, med större operation","Neonate, with major operation",,,
Q45N,"Nyfödd, födelsevikt 2500 g eller mer, med multipla problem","Neonate, birthweight 2500 g or more, with multiple problems",,,
Q50N,Respiratory distress syndrome hos annan nyfödd,Respiratory distress syndrome of mature infant,,,
Q55N,"Nyfödd, födelsevikt 2500 g eller mer, med annat signifikant problem","Neonate, birthweight 2500 g or more, with other significant problem",,,
Q60N,Nyfödd utan allvarliga problem,Normal newborn,,,
Q69L,"Slutenvård för nyfödda och vissa perinatala tillstånd, primärvård","Inpatient care for newborns and some perinatal conditions, primary care",,,
Q93R,"Hembesök för nyfödda och vissa perinatala tillstånd, primärvård","Home visits for newborns and some perinatal conditions, primary care",,,
Q97O,Sjuksköterskebesök vid sjukdomar hos nyfödda,Nurse visits for diseases in newborns,,,
Q97R,"Sjuksköterskebesök vid sjukdomar hos nyfödda, primärvård","Nurse visits for diseases in newborns, primary care",,,
Q99O,Övriga läkarbesök vid sjukdomar hos nyfödda,"Other doctor visits for neonatal diseases, short therapy",,,
Q99R,"Övriga läkarbesök vid sjukdomar hos nyfödda, primärvård","Other doctor visits for diseases in newborns, primary care",,,
Q99U,"Teambesök/konferens vid sjukdomar hos nyfödda, primärvård","Team visits/conferences for diseases in newborns, primary care",,,
Q99W,"Läkarvård på distans vid sjukdomar hos nyfödda, primärvård","Doctor letters or telephone contacts for diseases in newborns, primary care",,,
Q99X,Teambesök/konferens vid sjukdomar hos nyfödda,Team visits/conferences for neonatal diseases,,,
Q99Z,Läkarvård på distans vid sjukdomar hos nyfödda,Doctor letters or telephone contacts for neonatal diseases,,,
R01N,Mjältextirpation,Splenectomy,,,
R05N,Annan åtgärd vid sjukdom i blod eller blodbildande organ,Other OR procedures of the blood and blood forming organs,,,
R05O,"Annan åtgärd för sjukdom i blod eller blodbildande organ, öppenvård","Other OR procedures of the blood and blood forming organs, short therapy",,,
R06A,"Anemi och andra sjukdomar i röda blodkroppar, >17 år, mycket komplicerat","Anemia and other red blood cell disorders, age >17, w MCC",,,
R06C,"Anemi och andra sjukdomar i röda blodkroppar, >17 år, komplicerat","Anemia and other red blood cell disorders, age >17, w CC",,,
R06E,"Anemi och andra sjukdomar i röda blodkroppar, >17 år, ej komplicerat","Anemia and other red blood cell disorders, age >17, w/o CC",,,
R06L,"Slutenvård för anemi, primärvård","Inpatient care for anaemia, primary care",,,
R06O,"Läkarbesök vid anemi och andra sjukdomar i röda blodkroppar, >17 år","Doctor visits for anemia and other red blood cell disorders, age >17",,,
R06S,"Läkarbesök vid anemi och andra sjukdomar i röda blodkroppar, >17 år, komplicerat primärvård","Doctor visits for anemia and other red blood cell disorders, age >17, w CC, primary care",,,
R06T,"Läkarbesök vid anemi och andra sjukdomar i röda blodkroppar, >17 år, ej komplicerat primärvård","Doctor visits for anemia and other red blood cell disorders, age >17, w/o CC, primary care",,,
R07N,"Anemi och andra sjukdomar i röda blodkroppar, 0-17 år","Anemia and other red blood cell disorders, age 0-17",,,
R07O,"Läkarbesök vid anemi och andra sjukdomar i röda blodkroppar, 0-17 år","Doctor visits for anemia and other red blood cell disorders, age 0-17",,,
R07R,"Läkarbesök vid anemi och andra sjukdomar i röda blodkroppar, 0-17 år, primärvård","Doctor visits for anemia and other red blood cell disorders, age 0-17, primary care",,,
R08C,"Koagulationsstörningar, komplicerat","Coagulation disorders, w CC",,,
R08E,"Koagulationsstörningar, ej komplicerat","Coagulation disorders, w/o CC",,,
R08O,Läkarbesök vid koagulationsstörningar,Doctor visits for coagulation disorders,,,
R08S,"Läkarbesök vid koagulationsstörningar, komplicerat primärvård","Doctor visits for coagulation disorders, w CC, primary care",,,
R08T,"Läkarbesök vid koagulationsstörningar, ej komplicerat primärvård","Doctor visits for coagulation disorders, w/o CC, primary care",,,
R09A,"Retikuloendoteliala- & immunologiska sjukdomar, mycket komplicerat","Reticuloendothelial and immunity disorders, w MCC",,,
R09C,"Retikuloendoteliala- & immunologiska sjukdomar, komplicerat","Reticuloendothelial and immunity disorders, w CC",,,
R09E,"Retikuloendoteliala- & immunologiska sjukdomar, ej komplicerat","Reticuloendothelial and immunity disorders, w/o CC",,,
R20N,"Allogen stamcellstransplantation, >17 år","Allogeneic stem cell transfer, age >17, w/o CC",,,
R21N,"Allogen stamcellstransplantation, 0-17 år","Allogeneic stem cell transfer, age 0-17, w/o CC",,,
R22O,"Allogen stamcellstransplantation, öppenvård","Allogeneic stem cell transfer, short therapy",,,
R23C,"Annan stamcellstransplantation, komplicerat","Other stem cell transfer, w CC",,,
R23E,"Annan stamcellstransplantation, ej komplicerat","Other stem cell transfer, w/o CC",,,
R23O,"Annan stamcellstransplantation, öppenvård","Other stem cell transfer, short therapy",,,
R26C,"Lymfom och leukemi med större operation, komplicerat","Lymphoma and leukemia with major OR procedure, w CC",,,
R26E,"Lymfom och leukemi med större operation, ej komplicerat","Lymphoma and leukemia with major OR procedure, w/o CC",,,
R27C,"Lymfom och icke-akut leukemi med andra operationer, komplicerat","Lymphoma and non-acute leukemia with other OR procedure, w CC",,,
R27E,"Lymfom och icke-akut leukemi med andra operationer, ej komplicerat","Lymphoma and non-acute leukemia with other OR procedure, w/o CC",,,
R28O,"Lymfom och leukemi med operation el. annan åtgärd i större anestesi, öppenvård","Lymphoma and non-acute leukemia with OR procedures, short therapy",,,
R29A,"Lymfom och icke-akut leukemi, mycket komplicerat","Lymphoma and non-acute leukemia, w MCC",,,
R29C,"Lymfom och icke-akut leukemi, komplicerat","Lymphoma and non-acute leukemia, w CC",,,
R29E,"Lymfom och icke-akut leukemi, ej komplicerat","Lymphoma and non-acute leukemia, w/o CC",,,
R29O,Läkarbesök vid lymfom och icke-akut leukemi,"Lymphoma and leukemia, short therapy",,,
R29S,"Läkarbesök vid lymfom och icke-akut leukemi, komplicerat primärvård","Doctor visits for lymphoma and non-acute leukemia, w CC, primary care",,,
R29T,"Läkarbesök vid lymfom och icke-akut leukemi, ej komplicerat primärvård","Doctor visits for lymphoma and non-acute leukemia, w/o CC, primary care",,,
R30A,"Akut leukemi utan större operation, >17 år, mycket komplicerat","Acute leukaemia without major OR procedure, age >17, w MCC",,,
R30C,"Akut leukemi utan större operation, >17 år, komplicerat","Acute leukaemia without major OR procedure, age >17, w CC",,,
R30E,"Akut leukemi utan större operation, >17 år, ej komplicerat","Acute leukaemia without major OR procedure, age >17, w/o CC",,,
R30O,"Läkarbesök vid akut leukemi utan större operation, >17 år","Doctor visits for acute leukaemia without major OR procedure, age >17",,,
R30S,"Läkarbesök vid akut leukemi, >17 år, komplicerat primärvård","Doctor visits for acute leukaemia, age >17, w CC, primary care",,,
R30T,"Läkarbesök vid akut leukemi, >17 år, ej komplicerat primärvård","Doctor visits for acute leukaemia, age >17, w/o CC, primary care",,,
R31C,"Akut leukemi utan större operation, 0-17 år, komplicerat","Acute leukaemia without major OR procedure, age 0-17, w CC",,,
R31E,"Akut leukemi utan större operation, 0-17 år, ej komplicerat","Acute leukaemia without major OR procedure, age 0-17, w/o CC",,,
R31O,"Läkarbesök vid akut leukemi utan större operation, 0-17 år","Doctor visits for acute leukaemia without major OR procedure, age 0-17",,,
R31S,"Läkarbesök vid akut leukemi, 0-17 år,komplicerat primärvård","Doctor visits for acute leukaemia, age 0-17, w CC, primary care",,,
R31T,"Läkarbesök vid akut leukemi, 0-17 år, ej komplicerat primärvård","Doctor visits for acute leukaemia, age 0-17, w/o CC, primary care",,,
R35N,"Myeloproliferativa sjukdomar, ospecificerade tumörer, med stor operation",Myeloproliferative diseases and unspecified neoplasms with major OR procedure,,,
R35O,"Myeloproliferativa sjukdomar, ospecificerade tumörer, med stor operation, öppenvård","Myeloproliferative diseases and unspecified neoplasms with major OR procedure, short therapy",,,
R36C,"Myeloproliferativa sjukdomar, ospecificerade tumörer, med annan operation, komplicerat","Myeloproliferative diseases and unspecified neoplasms with other OR procedure, w CC",,,
R36E,"Myeloproliferativa sjukdomar, ospecificerade tumörer, med annan operation, ej komplicerat","Myeloproliferative diseases and unspecified neoplasms with other OR procedure, w/o CC",,,
R36O,"Myeloproliferativa sjukdomar, ospecificerade tumörer, med annan operation el. åtgärd i större anestesi, öppenvård","Myeloproliferative diseases and unspecified neoplasms with other OR procedure in general anaesthesia, short therapy",,,
R40C,"Strålbehandling, komplicerat","Radiotherapy, w CC",,,
R40E,"Strålbehandling, ej komplicerat","Radiotherapy, w/o CC",,,
R50N,Kemoterapi vid akut leukemi som bidiagnos,Chemotherapy with acute leukaemia as secondary diagnosis,,,
R50O,"Kemoterapi vid akut leukemi som bidiagnos, öppenvård","Chemotherapy with acute leukaemia as secondary diagnosis, short therapy",,,
R51N,Kemoterapi utan akut leukemi som bidiagnos,Chemotherapy without acute leukaemia as secondary diagnosis,,,
R51O,"Kemoterapi utan akut leukemi som bidiagnos, öppenvård","Chemotherapy without acute leukaemia as secondary diagnosis, short therapy",,,
R60N,Malignitetsutredning,"History of malignancy without endoscopy, w/o CC",,,
R60O,Läkarbesök vid malignitetsutredning,Doctor visits for malignancy investigation,,,
R60R,"Läkarbesök vid malignitetsutredning, primärvård","Doctor visits for malignancy investigation, primary care",,,
R65A,"Myeloproliferativa sjukdomar och ospecificerade tumörer, mycket komplicerat","Myeloproliferative diseases and unspecified neoplasms, w MCC",,,
R65C,"Myeloproliferativa sjukdomar och ospecificerade tumörer, komplicerat","Myeloproliferative diseases and unspecified neoplasms, w CC",,,
R65E,"Myeloproliferativa sjukdomar och ospecificerade tumörer, ej komplicerat","Myeloproliferative diseases and unspecified neoplasms, w/o CC",,,
R69L,"Slutenvård för sjukdomar i blod, immunologiska rubbningar, primärvård","Inpatient care for blood diseases and immunological disorders, primary care",,,
R70L,"Slutenvård för sjukdomar i blodbildande organ och icke specifika tumörer, primärvård","Inpatient care for blood diseases and unspecified neoplasms , primary care",,,
R78O,"Transfusion av erytrocyter eller helblod, öppenvård","Transfusion of erythrocytes or blood, short therapy",,,
R78R,"Transfusion av erytrocyter eller helblod, primärvård","Transfusion of erythrocytes or blood, primary care",,,
R79O,"Annan transfusion och koagulationstester, öppenvård","Other transfusion and coagulation tests, short therapy",,,
R85O,"Afereser och blodcellseparationer, större, besök","Major aferesis or blood cell separation, short therapy",,,
R86O,"Afereser och blodcellseparationer, övriga, besök","Minor aferesis and blood cell separation, short therapy",,,
R89O,"Läkemedelstillförsel intravasalt vid blodsjukdomar, öppenvård","Intravascular drug administration for blood diseases, short therapy",,,
R89R,"Läkemedelstillförsel intravasalt vid blodsjukdomar, primärvård","Intravascular drug administration for blood diseases, primary care",,,
R91O,"Läkemedelstillförsel intravasalt vid myeloproliferativa sjukdomar, öppenvård","Intravascular drug administration for myeloproliferative diseases, short therapy",,,
R91R,"Läkemedelstillförsel intravasalt vid myeloproliferativa sjukdomar, primärvård","Intravascular drug administration for myeloproliferative diseases, primary care",,,
R93R,"Hembesök för sjukdomar i blod och immunologiska rubbningar, primärvård","Home visits for blood diseases and immunological disorders, primary care",,,
R94R,"Hembesök för sjukdomar i blodbildande organ och icke specifika tumörer, primärvård","Home visits for blood diseases and unspecified neoplasms , primary care",,,
R96O,Sjuksköterskebesök vid blodsjukdomar,Nurse visits for blood diseases,,,
R96R,"Sjuksköterskebesök vid blodsjukdomar, primärvård","Nurse visits for blood diseases, primary care",,,
R97O,Sjuksköterskebesök vid ospecifika tumörsjukdomar och blodcancer,Nurse visits for non-specific tumour diseases and blood cancer,,,
R97R,"Sjuksköterskebesök vid ospecifika tumörsjukdomar och blodcancer, primärvård","Nurse visits for non-specific tumor diseases and blood cancers, primary care",,,
R98O,Övriga läkarbesök vid blodsjukdomar,"Other doctor visits for hematological diseases, short therapy",,,
R98R,"Övriga läkarbesök vid blodsjukdomar, primärvård","Other doctor visits for blood diseases, primary care",,,
R98U,"Teambesök/konferens vid blodsjukdomar, primärvård","Team visits/conferences for blood diseases, primary care",,,
R98W,"Läkarvård på distans vid blodsjukdomar, primärvård","Doctor letters or telephone contacts for blood diseases, primary care",,,
R98X,Teambesök/konferens vid blodsjukdomar,"Team visits/conferences for hematological diseases, short therapy",,,
R98Z,Läkarvård på distans vid blodsjukdomar,Doctor letters or telephone contacts for hematological diseases,,,
R99O,Övriga läkarbesök vid ospecifika och hematologiska tumörsjukdomar,"Other doctor visits for unspecified neoplasms and hematologic malignancies, short therapy",,,
R99R,"Övriga läkarbesök vid ospecifika och hematologiska tumörsjukdomar, primärvård","Other doctor visits for non-specific tumour diseases and blood cancer, primary care",,,
R99U,"Teambesök/konferens vid ospecifika och hematologiska tumörsjukdomar, primärvård","Team visits/conferences for non-specific tumour diseases and blood cancer, primary care",,,
R99W,"Läkarvård på distans vid ospecifika och hematologiska tumörsjukdomar, primärvård","Doctor letters or telephone contacts for non-specific tumour diseases and blood cancer, primary care",,,
R99X,Teambesök/konferens vid ospecifika och hematologiska tumörsjukdomar,"Team visits/conferences for unspecified neoplasms and hematologic malignancies, short therapy",,,
R99Z,Läkarvård på distans vid ospecifika och hematologiska tumörsjukdomar,Doctor letters or telephone contacts for unspecified neoplasms and hematologic malignancies,,,
S01A,"Operationer el. andra åtgärder i större anestesi vid infektionssjukdomar, mycket komplicerat","Procedure for infectious and parasitic diseases, w MCC",,,
S01C,"Operationer el. andra åtgärder i större anestesi vid infektionssjukdomar, komplicerat","Procedure for infectious and parasitic diseases, w CC",,,
S01E,"Operationer el. andra åtgärder i större anestesi vid infektionssjukdomar, ej komplicerat","Procedures for infectious and parasitic diseases, w/o CC",,,
S01O,"Operationer el. andra åtgärder i större anestesi vid infektionssjukdomar, öppenvård","Procedures for infectious and parasitic diseases, short therapy",,,
S07N,HIV,HIV,,,
S07O,Läkarbesök vid hiv,Doctor visit for hiv,,,
S10A,"Sepsis, >17 år, mycket komplicerat","Septicemia, age >17, w MCC",,,
S10C,"Sepsis, >17 år, komplicerat","Septicemia, age >17, w CC",,,
S10E,"Sepsis, >17 år, ej komplicerat","Septicemia, age >17, w/o CC",,,
S10S,"Läkarbesök vid sepsis >17 år, komplicerat primärvård","Doctor visits for septicemia, age >17, w CC, primary care",,,
S10T,"Läkarbesök vid sepsis >17 år, ej komplicerat primärvård","Doctor visits for septicemia, age >17, w/o CC, primary care",,,
S11N,"Sepsis, 0-17 år","Septicemia, age 0-17, w/o CC",,,
S11S,"Sepsis, 0-17 år, komplicerat, primärvård","Septicemia, age 0-17, w CC, primary care",,,
S11T,"Sepsis, 0-17 år, ej komplicerat, primärvård","Septicemia, age 0-17, w/o CC, primary care",,,
S12O,Läkarbesök vid sepsis,Doctor visits for septicemia,,,
S20A,"Postoperativa & posttraumatiska infektioner, mycket komplicerat","Postoperative and post-traumatic infections, w MCC",,,
S20C,"Postoperativa & posttraumatiska infektioner, komplicerat","Postoperative and post-traumatic infections, w CC",,,
S20E,"Postoperativa & posttraumatiska infektioner, ej komplicerat","Postoperative and post-traumatic infections, w/o CC",,,
S20O,Läkarbesök vid postoperativa & posttraumatiska infektioner,Doctor visits for postoperative and post-traumatic infections,,,
S20S,"Läkarbesök vid postoperativa & posttraumatiska infektioner, komplicerat primärvård","Doctor visits for postoperative and post-traumatic infections, w CC, primary care",,,
S20T,"Läkarbesök vid postoperativa & posttraumatiska infektioner, ej komplicerat primärvård","Doctor visits for postoperative and post-traumatic infections, w/o CC, primary care",,,
S30A,"Feber av okänd orsak, mycket komplicerat","Fever of unknown origin, w MCC",,,
S30C,"Feber av okänd orsak, komplicerat","Fever of unknown origin, w CC",,,
S30E,"Feber av okänd orsak, ej komplicerat","Fever of unknown origin, w/o CC",,,
S30O,Läkarbesök vid feber av okänd orsak,Doctor visits for fever of unknown origin,,,
S30S,"Läkarbesök vid feber av okänd orsak, komplicerat primärvård","Doctor visits for fever of unknown origin, w CC, primary care",,,
S30T,"Läkarbesök vid feber av okänd orsak, ej komplicerat primärvård","Doctor visits for fever of unknown origin, w/o CC, primary care",,,
S40A,"Virusinfektioner, mycket komplicerat","Viral infections, w MCC",,,
S40C,"Virusinfektioner, komplicerat","Viral infections, w CC",,,
S40E,"Virusinfektioner, ej komplicerat","Viral infections, w/o CC",,,
S40O,Läkarbesök vid virusinfektioner,Doctor visits for viral infections,,,
S41R,"Läkarbesök vid influensa, primärvård",Doctor visits for influenza,,,
S42R,"Läkarbesök vid förkylning, primärvård","Doctor visits for common cold, primary care",,,
S43R,"Läkarbesök vid övriga virus infektioner, primärvård","Doctor visits for other viral infections, primary care",,,
S59A,"Andra infektioner och parasitära sjukdomar, mycket komplicerat","Other infectious and parasitic diseases, w MCC",,,
S59C,"Andra infektioner och parasitära sjukdomar, komplicerat","Other infectious and parasitic diseases, w CC",,,
S59E,"Andra infektioner och parasitära sjukdomar, ej komplicerat","Other infectious and parasitic diseases, w/o CC",,,
S69L,"Slutenvård för infektions- och parasitsjukdomar, primärvård","Inpatient care for other infectious and parasitic diseases, primary care",,,
S93R,"Hembesök för infektions- och parasitsjukdomar, primärvård","Home visits for other infectious and parasitic diseases, primary care",,,
S97O,Sjuksköterskebesök vid infektionssjukdomar,Nurse visits for infectious diseases,,,
S97R,"Sjuksköterskebesök vid infektionssjukdomar, primärvård","Nurse visits for infectious diseases, primary care",,,
S99O,Övriga läkarbesök vid infektionssjukdomar,"Other doctor visits for infectious diseases, short therapy",,,
S99R,"Övriga läkarbesök vid infektionssjukdomar, primärvård","Other doctor visits for infectious diseases, primary care",,,
S99U,"Teambesök/konferens vid infektionssjukdomar, primärvård","Team visits/conferences for infectious diseases, primary care",,,
S99W,"Läkarvård på distans vid infektionssjukdomar, primärvård","Doctor letters or telephone contacts for infectious diseases, primary care",,,
S99X,Teambesök/konferens vid infektionssjukdomar,"Team visits/conferences for infectious diseases, short therapy",,,
S99Z,Läkarvård på distans vid infektionssjukdomar,Doctor letters or telephone contacts for infectious diseases,,,
T01N,Operationer vid psykiska besvär,OR procedures with principal diagnos of mental illness or abuse,,,
T01O,"Operationer el. andra åtgärder i större anestesi vid psykiska besvär, öppenvård","OR procedure with principal diagnosis of mental illness, short therapy",,,
T10C,"Bipolära syndrom, < 60 år, komplicerat","Bipolar syndrome, age <60, w CC",,,
T10E,"Bipolära syndrom, < 60 år, ej komplicerat","Bipolar syndrome, age <60, w/o CC, primary care",,,
T10P,"Besök vid bipolära syndrom, < 60 år, komplicerat","Visits for bipolar syndrome, age <60, w CC",,,
T10Q,"Besök vid bipolära syndrom, < 60 år, ej komplicerat","Visits for bipolar syndrome, age <60, w/o CC",,,
T10S,"Bipolära syndrom, <60 år, komplicerat primärvård","Bipolar syndrome, age <60, w CC, primary care",,,
T10T,"Bipolära syndrom, <60 år, ej komplicerat primärvård","Bipolar syndrome, age <60, w/o CC, primary care",,,
T11C,"Bipolära syndrom, > 59 år, komplicerat","Bipolar syndrome, age >59, w CC",,,
T11E,"Bipolära syndrom, > 59 år, ej komplicerat","Bipolar syndrome, age >59, w/o CC",,,
T11P,"Besök vid bipolära syndrom, > 59 år, komplicerat","Visits for bipolar syndrome, age >59, w CC",,,
T11Q,"Besök vid bipolära syndrom, > 59 år, ej komplicerat","Visits for bipolar syndrome, age >59, w/o CC",,,
T11S,"Bipolära syndrom, >59 år, komplicerat primärvård","Bipolar syndrome, age >59, w CC, primary care",,,
T11T,"Bipolära syndrom, >59 år, ej komplicerat primärvård","Bipolar syndrome, age >59, w/o CC, primary care",,,
T12C,"Övriga förstämningssyndrom, < 60 år, komplicerat","Other affective disorders, age <60, w CC",,,
T12E,"Övriga förstämningssyndrom, < 60 år, ej komplicerat","Other affective disorders, age <60, w/o CC",,,
T12P,"Besök vid övriga förstämningssyndrom, < 60 år, komplicerat","Visits for other affective disorders, age <60, w CC",,,
T12Q,"Besök vid övriga förstämningssyndrom, < 60 år, ej komplicerat","Visits for other affective disorders, age <60, w/o CC",,,
T12S,"Övriga förstämningssyndrom, < 60 år, komplicerat primärvård","Other affective disorders, age <60, w CC, primary care",,,
T12T,"Övriga förstämningssyndrom, < 60 år, ej komplicerat primärvård","Other affective disorders, age <60, w/o CC, primary care",,,
T13A,"Övriga förstämningssyndrom, > 59 år, mycket komplicerat","Other affective disorders, age >59, w MCC",,,
T13C,"Övriga förstämningssyndrom, > 59 år, komplicerat","Other affective disorders, age >59, w CC",,,
T13E,"Övriga förstämningssyndrom, > 59 år, ej komplicerat","Other affective disorders, age >59, w/o CC",,,
T13P,"Besök vid övriga förstämningssyndrom, > 59 år, komplicerat","Visits for other affective disorders, age >59, w CC",,,
T13Q,"Besök vid övriga förstämningssyndrom, > 59 år, ej komplicerat","Visits for other affective disorders, age >59, w/o CC",,,
T13S,"Övriga förstämningssyndrom, > 59 år, komplicerat primärvård","Other affective disorders, age >59, w CC, primary care",,,
T13T,"Övriga förstämningssyndrom, > 59 år, ej komplicerat primärvård","Other affective disorders, age >59, w/o CC, primary care",,,
T15C,"Ångestsyndrom, komplicerat","Anxiety syndrome, w CC",,,
T15E,"Ångestsyndrom, ej komplicerat","Anxiety syndrome, w/o CC",,,
T15P,"Besök vid ångestsyndrom, komplicerat","Visits for anxiety syndrome, w CC",,,
T15Q,"Besök vid ångestsyndrom, ej komplicerat","Visits for anxiety syndrome, w/o CC",,,
T15S,"Ångestsyndrom, komplicerat primärvård","Anxiety syndrome, w CC, primary care",,,
T15T,"Ångestsyndrom, ej komplicerat primärvård","Anxiety syndrome, w/o CC, primary care",,,
T16C,"Maladaptiva stressreaktioner, icke akuta tillstånd, komplicerat","Maladaptive stress reactions, non-acute, w CC",,,
T16E,"Maladaptiva stressreaktioner, icke akuta tillstånd, ej komplicerat","Maladaptive stress reactions, non-acute, w/o CC",,,
T16P,"Besök vid maladaptiva stressreaktioner, icke akuta tillstånd, komplicerat","Visits for maladaptive stress reactions, non-acute, w CC",,,
T16Q,"Besök vid maladaptiva stressreaktioner, icke akuta tillstånd, ej komplicerat","Visits for maladaptive stress reactions, non-acute, w/o CC",,,
T16S,"Maladaptiva stressreaktioner, icke akuta tillstånd, komplicerat primärvård","Maladaptive stress reactions, non-acute, w CC, primary care",,,
T16T,"Maladaptiva stressreaktioner, icke akuta tillstånd, ej komplicerat primärvård","Maladaptive stress reactions, non-acute, w/o CC, primary care",,,
T17C,"Maladaptiva stressreaktioner, akuta tillstånd, komplicerat","Maladaptive stress reactions, acute, w CC",,,
T17E,"Maladaptiva stressreaktioner, akuta tillstånd, ej komplicerat","Maladaptive stress reactions, acute, w/o CC",,,
T17P,"Besök vid maladaptiva stressreaktioner, akuta tillstånd, komplicerat","Visits for maladaptive stress reactions, acute, w CC",,,
T17Q,"Besök vid maladaptiva stressreaktioner, akuta tillstånd, ej komplicerat","Visits for maladaptive stress reactions, acute, w/o CC",,,
T17S,"Maladaptiva stressreaktioner, akuta tillstånd, komplicerat primärvård","Maladaptive stress reactions, acute, w CC, primary care",,,
T17T,"Maladaptiva stressreaktioner, akuta tillstånd, ej komplicerat primärvård","Maladaptive stress reactions, acute, w/o CC, primary care",,,
T18C,"Somatoforma och dissociativa syndrom, komplicerat","Somatoform and dissociative syndromes, w CC",,,
T18E,"Somatoforma och dissociativa syndrom, ej komplicerat","Somatoform and dissociative syndromes, w/o CC",,,
T18P,"Besök vid somatoforma och dissociativa syndrom, komplicerat","Visits for somatoform and dissociative syndromes, w CC",,,
T18Q,"Besök vid somatoforma och dissociativa syndrom, ej komplicerat","Visits for somatoform and dissociative syndromes, w/o CC",,,
T18S,"Somatoforma och dissociativa syndrom, komplicerat primärvård","Somatoform and dissociative syndromes, w CC, primary care",,,
T18T,"Somatoforma och dissociativa syndrom, ej komplicerat primärvård","Somatoform and dissociative syndromes, w/o CC, primary care",,,
T20C,"Personlighetsstörningar, komplicerat","Personality disorders, w CC",,,
T20E,"Personlighetsstörningar, ej komplicerat","Personality disorders, w/o CC",,,
T20P,"Besök vid personlighetsstörningar, komplicerat","Visits for personality disorders, w CC, short therapy",,,
T20Q,"Besök vid personlighetsstörningar, ej komplicerat","Visits for personality disorders, w/o CC, short therapy",,,
T25A,"Organiska cerebrala syndrom, mycket komplicerat","Organic cerebral syndromes, w MCC",,,
T25C,"Organiska cerebrala syndrom, komplicerat","Organic disturbances, w CC",,,
T25E,"Organiska cerebrala syndrom, ej komplicerat","Organic disturbances, w/o CC",,,
T25P,"Besök vid organiska cerebrala syndrom, komplicerat","Visits for organic cerebral syndromes, w CC",,,
T25Q,"Besök vid organiska cerebrala syndrom, ej komplicerat","Visits for organic cerebral syndromes, w/o CC",,,
T25S,"Organiska cerebrala syndrom, komplicerat primärvård","Organic cerebral syndromes, w CC, primary care",,,
T25T,"Organiska cerebrala syndrom, ej komplicerat, primärvård","Organic cerebral syndromes, w/o CC, primary care",,,
T30N,"Schizofreni, < 30 år","Schizophrenia, age <30 yrs",,,
T30P,"Besök vid schizofreni, < 30 år, komplicerat","Visits for schizophrenia, age <30, w CC, short therapy",,,
T30Q,"Besök vid schizofreni, < 30 år, ej komplicerat","Visits for schizophrenia, age <30, w/o CC, short therapy",,,
T31C,"Schizofreni, 30-59 år, komplicerat","Schizophrenia, age 30-59, w CC",,,
T31E,"Schizofreni, 30-59 år, ej komplicerat","Schizophrenia, age 30-59, w/o CC",,,
T31P,"Besök vid schizofreni, 30-59 år, komplicerat","Visits for schizophrenia, age 30-59, w CC, short therapy",,,
T31Q,"Besök vid schizofreni, 30-59 år, ej komplicerat","Visits for schizophrenia, age 30-59, w/o CC, short therapy",,,
T32C,"Schizofreni, >59 år, komplicerat","Schizophrenia, age >59, w CC",,,
T32E,"Schizofreni, >59 år, ej komplicerat","Schizophrenia, age >59, w/o CC",,,
T32P,"Besök vid schizofreni, >59 år, komplicerat","Visits for schizophrenia, age >59, w CC, short therapy",,,
T32Q,"Besök vid schizofreni, >59 år, ej komplicerat","Visits for schizophrenia, age >59, w/o CC, short therapy",,,
T33S,"Schizofreni, komplicerat primärvård","Schizophrenia, w CC, primary care",,,
T33T,"Schizofreni, ej komplicerat primärvård","Schizophrenia, w/o CC, primary care",,,
T35C,"Långvariga psykoser, ej schizofreni, komplicerat","Persistent psychoses, without symptoms of schizophrenia, w CC",,,
T35E,"Långvariga psykoser, ej schizofreni, ej komplicerat","Persistent psychoses, without symptoms of schizophrenia, w/o CC",,,
T35P,"Besök vid långvariga psykoser, ej schizofreni, komplicerat","Visits for persistent psychoses, without symptoms of schizophrenia, w CC",,,
T35Q,"Besök vid långvariga psykoser, ej schizofreni, ej komplicerat","Visits for persistent psychoses, without symptoms of schizophrenia, w/o CC",,,
T36C,"Kortvariga psykoser, ej schizofreni, komplicerat","Acute psychoses without symptoms of schizophrenia, w CC",,,
T36E,"Kortvariga psykoser, ej schizofreni, ej komplicerat","Acute psychoses without symptoms of schizophrenia, w/o CC",,,
T36P,"Besök vid kortvariga psykoser, ej schizofreni, komplicerat","Visits for acute psychoses without symptoms of schizophrenia, w CC",,,
T36Q,"Besök vid kortvariga psykoser, ej schizofreni, ej komplicerat","Visits for acute psychoses without symptoms of schizophrenia, w/o CC",,,
T39C,"Övriga psykotiska syndrom, komplicerat","Other psychotic syndromes, w CC",,,
T39E,"Övriga psykotiska syndrom, ej komplicerat","Other psychotic syndromes, w/o CC",,,
T39P,"Besök vid övriga psykotiska syndrom, komplicerat","Visits for other psychotic syndromes, w CC, short therapy",,,
T39Q,"Besök vid övriga psykotiska syndrom, ej komplicerat","Visits for other psychotic syndromes, w/o CC, short therapy",,,
T40C,"Intellektuell funktionsnedsättning, komplicerat","Intellectual disability, w CC",,,
T40E,"Intellektuell funktionsnedsättning, ej komplicerat","Intellectual disability, w/o CC",,,
T40P,"Besök vid Intellektuell funktionsnedsättning, komplicerat","Visits for intellectual disability, w CC",,,
T40Q,"Besök vid Intellektuell funktionsnedsättning, ej komplicerat","Visits for intellectual disability, w/o CC",,,
T40S,"Intellektuell funktionsnedsättning, komplicerat primärvård","Intellectual disability, w CC, primary care",,,
T40T,"Intellektuell funktionsnedsättning, ej komplicerat primärvård","Intellectual disability, w/o CC, primary care",,,
T41C,"Neuropsykiatriska tillstånd, komplicerat","Neuropsychiatric disorders, w CC",,,
T41E,"Neuropsykiatriska tillstånd, ej komplicerat","Neuropsychiatric disorders, w/o CC",,,
T41P,"Besök vid neuropsykiatriska tillstånd, komplicerat","Visits for neuropsychiatric disorders, w CC, short therapy",,,
T41Q,"Besök vid neuropsykiatriska tillstånd, ej komplicerat","Visits for neuropsychiatric disorders, w/o CC, short therapy",,,
T41S,"Neuropsykiatriska tillstånd, komplicerat primärvård","Neuropsychiatric disorders, w CC, primary care",,,
T41T,"Neuropsykiatriska tillstånd, ej komplicerat primärvård","Neuropsychiatric disorders, w/o CC, primary care",,,
T42C,"Övriga psykiatriska tillstånd som debuterar hos barn och ungdom, komplicerat","Other psychiatric disorders with debut in childhood or adolescence, w CC",,,
T42E,"Övriga psykiatriska tillstånd som debuterar hos barn och ungdom, ej komplicerat","Other psychiatric disorders with debut in childhood or adolescence, w/o CC",,,
T42P,"Besök vid övriga psykiatriska tillstånd som debuterar hos barn och ungdom, komplicerat","Visits for other psychiatric disorders with debut in childhood or adolescence, w CC, short therapy",,,
T42Q,"Besök vid övriga psykiatriska tillstånd som debuterar hos barn och ungdom, ej komplicerat","Visits for other psychiatric disorders with debut in childhood or adolescence, w/o CC, short therapy",,,
T47C,"Ätstörningar, komplicerat","Eating disorders, w CC",,,
T47E,"Ätstörningar, ej komplicerat","Eating disorders, w/o CC",,,
T47P,"Besök vid ätstörningar, komplicerat","Visits for eating disorders, w CC, short therapy",,,
T47Q,"Besök vid ätstörningar, ej komplicerat","Visits for eating disorders, w/o CC, short therapy",,,
T47S,"Ätstörningar, komplicerat primärvård","Eating disorders, w CC, primary care",,,
T47T,"Ätstörningar, ej komplicerat primärvård","Eating disorders, w/o CC, primary care",,,
T48C,"Övriga specificerade psykiska besvär, komplicerat","Other specified psychiatric problems, w CC",,,
T48E,"Övriga specificerade psykiska besvär, ej komplicerat","Other specified psychiatric problems, w/o CC",,,
T48P,"Besök vid övriga specificerade psykiska besvär, komplicerat","Visits for other specified psychiatric problems, w CC, short therapy",,,
T48Q,"Besök vid övriga specificerade psykiska besvär, ej komplicerat","Visits for other specified psychiatric problems, w/o CC, short therapy",,,
T49C,"Ospecificerade psykiska besvär, komplicerat","Unspecified psychiatric problems, w CC",,,
T49E,"Ospecificerade psykiska besvär, ej komplicerat","Unspecified psychiatric problems, w/o CC",,,
T58A,"Psykiatrisk vård 29-90 dagar, mycket komplicerat","Psychiatric care 29-90 days, w MCC",,,
T58C,"Psykiatrisk vård 29-90 dagar, komplicerat","Psychiatric care 29-90 days, w CC",,,
T58E,"Psykiatrisk vård 29-90 dagar, ej komplicerat","Psychiatric care 29-90 days, w/o CC",,,
T59A,"Psykiatrisk vård mer än 90 dagar, mycket komplicerat","Psychiatric care >90 days, w MCC",,,
T59C,"Psykiatrisk vård mer än 90 dagar, komplicerat","Psychiatric care >90 days, w CC",,,
T59E,"Psykiatrisk vård mer än 90 dagar, ej komplicerat","Psychiatric care >90 days, w/o CC",,,
T60C,"Missbruk eller beroende av alkohol/droger med psykos eller personlighetsstörning, komplicerat","Abuse or dependency of alcohol/drugs with psychosis or personality disorder, w CC",,,
T60E,"Missbruk eller beroende av alkohol/droger med psykos eller personlighetsstörning, ej komplicerat","Abuse or dependency of alcohol/drugs with psychosis or personality disorder, w/o CC",,,
T60P,"Besök vid missbruk eller beroende av alkohol/droger med psykos eller personlighetsstörning, komplicerat","Visits for abuse or dependency of alcohol/drugs with psychosis or personality disorder, w CC, short therapy",,,
T60Q,"Besök vid missbruk eller beroende av alkohol/droger med psykos eller personlighetsstörning, ej komplicerat","Visits for abuse or dependency of alcohol/drugs with psychosis or personality disorder, w/o CC, short therapy",,,
T60S,"Missbruk eller beroende av alkohol/droger med psykos eller personlighetsstörning, komplicerat primärvård","Abuse or dependency of alcohol/drugs with psychosis or personality disorder, w CC, primary care",,,
T60T,"Missbruk eller beroende av alkohol/droger med psykos eller personlighetsstörning, ej komplicerat primärvård","Abuse or dependency of alcohol/drugs with psychosis or personality disorder, w/o CC, primary care",,,
T61A,"Missbruk eller beroende av alkohol/droger utan psykos, mycket komplicerat","Abuse or dependency of alcohol/drugs without psychosis, w MCC",,,
T61C,"Missbruk eller beroende av alkohol/droger utan psykos, komplicerat","Abuse or dependency of alcohol/drugs without psychosis, w CC",,,
T61E,"Missbruk eller beroende av alkohol/droger utan psykos, ej komplicerat","Abuse or dependency of alcohol/drugs without psychosis, w/o CC",,,
T61P,"Besök vid missbruk eller beroende av alkohol/droger utan psykos, komplicerat","Visits for abuse or dependency of alcohol/drugs without psychosis, w CC, short therapy",,,
T61Q,"Besök vid missbruk eller beroende av alkohol/droger utan psykos, ej komplicerat","Abuse or dependency of alcohol/drugs without psychosis, w/o CC",,,
T61S,"Missbruk eller beroende av alkohol/droger utan psykos, komplicerat primärvård","Abuse or dependency of alcohol/drugs without psychosis, w CC, primary care",,,
T61T,"Missbruk eller beroende av alkohol/droger utan psykos, ej komplicerat primärvård","Abuse or dependency of alcohol/drugs without psychosis, w/o CC, primary care",,,
T69L,"Slutenvård för psykiska besvär, beteendestörningar och alkohol- eller drogberoende, primärvård","Inpatient care for psychological/behavioural disorders and alcohol/drug abuse, primary care",,,
T76O,"Elektrokonvulsiv terapi, öppenvård","Electroconvulsive therapy, short therapy",,,
T79O,"Psykiatrisk ljusterapi, besök","Psychological light therapy, short therapy",,,
T79R,"Psykiatrisk ljusterapi , primärvård","Psychiatric light therapy, primary care",,,
T93P,"Hembesök för psykiska besvär, beteendestörningar och alkohol- eller drogberoende, komplicerat","Home visits for psychological/behavioural disorders and alcohol/drug abuse, w CC, short therapy",,,
T93Q,"Hembesök för psykiska besvär, beteendestörningar och alkohol- eller drogberoende, ej komplicerat","Home visits for psychological/behavioural disorders and alcohol/drug abuse, w/o CC, short therapy",,,
T93R,"Hembesök för psykiska besvär, beteendestörningar och alkohol- eller drogberoende, primärvård","Home visits for psychological/behavioural disorders and alcohol/drug abuse, primary care",,,
T99P,"Övriga besök vid psykiska besvär och drogberoende, komplicerat","Other visits for psychological disorders and drug abuse, w CC, short therapy",,,
T99Q,"Övriga besök vid psykiska besvär och drogberoende, ej komplicerat","Other visits for psychological disorders and drug abuse, w/o CC, short therapy",,,
T99R,"Övriga besök vid psykiska besvär och drogberoende, primärvård","Other visits for psychological disorders and drug abuse, primary care",,,
T99U,"Teambesök/konferens vid psykiska besvär och drogberoende, primärvård","Team visits/conferences for psychological disorders and drug abuse, primary care",,,
T99W,"Vård på distans vid psykiska besvär och drogberoende, primärvård","Doctor letters or telephone contacts for psychological disorders and drug abuse, primary care",,,
T99X,Teambesök/konferens vid psykiska besvär och drogberoende,"Medical contacts with team of care providers for psychiatric problems and dependency of drugs, short therapy",,,
T99Z,Vård på distans vid psykiska besvär och drogberoende,Letters or telephone contacts for psychiatric problems and dependency of drugs,,,
U01N,Hudtransplantation efter skada,Skin grafts for injuries,,,
U01O,"Hudtransplantation efter skada, öppenvård","Skin grafts for injuries, short therapy",,,
U05N,Handkirurgiska ingrepp efter skada,Hand procedures for injuries,,,
U05O,"Handkirurgiska ingrepp efter skada, öppenvård","Hand procedures for injuries, short therapy",,,
U09O,"Andra större operationer efter skada, öppenvård","Other major OR procedures after injuries, short therapy",,,
U19A,"Andra större operationer el. åtgärder i större anestesi efter skada, mycket komplicerat","Other major OR procedures after injuries, w MCC",,,
U19C,"Andra större operationer el. åtgärder i större anestesi efter skada, komplicerat","Other major OR procedures in general anaesthesia for injuries, w CC",,,
U19E,"Andra större operationer el. åtgärder i större anestesi efter skada, ej komplicerat","Other major OR procedures in general anaesthesia for injuries, w/o CC",,,
U19O,"Andra större operationer el. åtgärder i större anestesi efter skada, öppenvård","Other major OR procedures in general anaesthesia for injuries, short therapy",,,
U29A,"Skador, mycket komplicerat","Traumatic injuries, w MCC",,,
U29C,"Skador, komplicerat","Traumatic injuries, w CC",,,
U29E,"Skador, ej komplicerat","Traumatic injuries, w/o CC",,,
U29O,Läkarbesök vid skador,Doctor visits for injuries,,,
U29S,"Läkarbesök vid skador, komplicerat primärvård","Doctor visits for injuries, w CC, primary care",,,
U29T,"Läkarbesök vid skador, ej komplicerat primärvård","Doctor visits for injuries, w/o CC, primary care",,,
U30C,"Allergiska reaktioner, komplicerat","Allergic reactions, w CC",,,
U30E,"Allergiska reaktioner, ej komplicerat","Allergic reactions, w/o CC",,,
U30O,Läkarbesök vid allergiska reaktioner,Doctor visits for allergic reactions,,,
U30S,"Läkarbesök vid allergiska reaktioner, komplicerat primärvård","Doctor visits for allergic reactions, w CC, primary care",,,
U30T,"Läkarbesök vid allergiska reaktioner, ej komplicerat primärvård","Doctor visits for allergic reactions, w/o CC, primary care",,,
U35A,"Förgiftningar, toxiska effekter av mediciner, mycket komplicerat","Poisoning and toxic effects of drugs, w MCC",,,
U35C,"Förgiftningar, toxiska effekter av mediciner, komplicerat","Poisoning and toxic effects of drugs, w CC",,,
U35E,"Förgiftningar, toxiska effekter av mediciner, ej komplicerat","Poisoning and toxic effects of drugs, w/o CC",,,
U35O,"Läkarbesök vid förgiftningar, toxiska effekter av mediciner",Doctor visits for poisonings and toxic effects of drugs,,,
U35S,"Läkarbesök vid förgiftningar, toxiska effekter av mediciner, komplicerat primärvård","Doctor visits for poisonings and toxic effects of drugs, w CC, primary care",,,
U35T,"Läkarbesök vid förgiftningar, toxiska effekter av mediciner, ej komplicerat primärvård","Doctor visits for poisonings and toxic effects of drugs, w/o CC, primary care",,,
U41A,"Behandlingskomplikationer med kirurgisk åtgärd el. annan åtgärd i större anestesi, mycket komplicerat","Complications of treatment with surgery or other procedures, in general anaesthesia, w MCC",,,
U41C,"Behandlingskomplikationer med kirurgisk åtgärd el. annan åtgärd i större anestesi, komplicerat","Complications of treatment with surgery or other procedures, in general anaesthesia, w CC",,,
U41E,"Behandlingskomplikationer med kirurgisk åtgärd el. annan åtgärd i större anestesi, ej komplicerat","Complications of treatment with surgery or other procedures, in general anaesthesia, w/o CC",,,
U42A,"Behandlingskomplikationer utan kirurgisk åtgärd, mycket komplicerat","Complications of treatment without surgery, w MCC",,,
U42C,"Behandlingskomplikationer utan kirurgisk åtgärd, komplicerat","Complications of treatment without surgery, w CC",,,
U42E,"Behandlingskomplikationer utan kirurgisk åtgärd, ej komplicerat","Complications of treatment without surgery, w/o CC",,,
U42O,Läkarbesök vid behandlingskomplikationer utan kirurgisk åtgärd,Doctor visits for complications of treatment without surgery,,,
U42S,"Läkarbesök vid behandlingskomplikationer utan kirurgisk åtgärd, komplicerat primärvård","Doctor visits for complications of treatment without surgery, w CC, primary care",,,
U42T,"Läkarbesök vid behandlingskomplikationer utan kirurgisk åtgärd, ej komplicerat primärvård","Doctor visits for complications of treatment without surgery, w/o CC, primary care",,,
U49A,"Andra sjukdomar efter skador, förgiftningar & toxiska effekter, mycket komplicerat","Other diseases after injuries, poisonings and toxic effects, w MCC",,,
U49C,"Andra sjukdomar efter skador, förgiftningar & toxiska effekter, komplicerat","Other diseases after injuries, poisonings and toxic effects, w CC",,,
U49E,"Andra sjukdomar efter skador, förgiftningar & toxiska effekter, ej komplicerat","Other diseases after injuries, poisonings and toxic effects, w/o CC",,,
U50N,Kraniotomi vid multipelt trauma,Craniotomy for multiple significant trauma,,,
U51N,"Reimplantation av extremitet, höft- och femurop, vid multipelt trauma","Limb reattachment, hip and femur procedures for multiple significant trauma",,,
U52O,"Reimplantation och andra op vid multipelt trauma, öppenvård","Reimplantation and other OR procedures for multiple significant trauma, short therapy",,,
U59N,Större operationer vid multipelt trauma,Extensive OR procedures for multiple significant trauma,,,
U64N,Konservativ behandling av multipelt trauma,Other treatment for multiple significant trauma,,,
U64O,Läkarbesök vid konservativ behandling av multipelt trauma,Doctor visits for conservative treatment of multiple significant trauma,,,
U69L,"Slutenvård för skador, förgiftningar och toxiska effekter, primärvård","Inpatient care for injuries, poisonings and toxic effects, primary care",,,
U75O,"Rättsmedicinsk undersökning, besök","Forensic examination, short therapy",,,
U93R,"Hembesök för skador, förgiftningar och toxiska effekter, primärvård","Home visits for injuries, poisonings and toxic effects, primary care",,,
U97O,Sjuksköterskebesök vid skador och förgiftningar,Nurse visits for injuries and poisonings,,,
U97R,"Sjuksköterskebesök vid skador och förgiftningar, primärvård","Nurse visits in case of injuries and poisonings, primary care",,,
U98O,Övriga läkarbesök vid skador och förgiftningar,"Other doctor visits for accidents and intoxikations, short therapy",,,
U98R,"Övriga läkarbesök vid skador och förgiftningar, primärvård","Other doctor visits for injuries and poisonings, primary care",,,
U98U,"Teambesök/konferens vid skador och förgiftningar, primärvård","Team visits/conferences for injuries and poisonings, primary care",,,
U98W,"Läkarvård på distans vid skador och förgiftningar, primärvård","Doctor letters or telephone contacts for injuries and poisonings, primary care",,,
U98X,Teambesök/konferens vid skador och förgiftningar,"Team visits/conferences for accidents and intoxikations, short therapy",,,
U98Z,Läkarvård på distans vid skador och förgiftningar,Doctor letters or telephone contacts for accidents and poisonings,,,
W01A,"Trakeostomi ej pga öron-, näs- och halssjukdom, mycket komplicerat","Tracheostomy except for face, mouth and throat diagnoses, w MCC",,,
W01E,"Trakeostomi ej pga öron-, näs- och halssjukdom, ej komplicerat","Tracheostomy except for ear, mouth and throat diagnoses, w/o CC",,,
V01N,"Omfattande brännskador, med operation",Extensive burns with OR procedure,,,
V01O,"Omfattande brännskador, med operation, öppenvård","Extensive burns with OR procedure, short therapy",,,
W02N,Extrakorporeal/assisterad cirkulation utan hjärt- eller lungtransplantation,Intensive circulatory support without heart- or lung transplantation,,,
W09A,"Operationer utförda i samband med andra kontakter med sjukvården, mycket komplicerat","OR procedures performed during other contacts with health services, w MCC",,,
W09C,"Operationer utförda i samband med andra kontakter med sjukvården, komplicerat","Other contacts with health services for other diagnoses, with OR procedures, w CC",,,
W09E,"Operationer utförda i samband med andra kontakter med sjukvården, ej komplicerat","Other contacts with health services for other diagnoses, with OR procedures, w/o CC",,,
W09O,"Operationer el. andra åtgärder i större anestesi utförda i samband med andra kontakter med sjukvården, öppenvård","Other contacts with health services for other diagnoses, with OR procedures or general anaesthesia, short therapy",,,
W19A,"Kliniska fynd & symtom, mycket komplicerat","Signs and symptoms, w MCC",,,
W19C,"Kliniska fynd & symtom, komplicerat","Signs and symptoms, w CC",,,
W19E,"Kliniska fynd & symtom, ej komplicerat","Signs and symptoms, w/o CC",,,
W20C,"Eftervård vid malign sjukdom, komplicerat","Aftercare of malignant conditions, w CC",,,
W20E,"Eftervård vid malign sjukdom, ej komplicerat","Aftercare of malignant conditions, w/o CC",,,
V20N,"Mindre omfattande brännskador, med hudtransplantation",Non-extensive burns with skin graft,,,
V20O,"Mindre omfattande brännskador, med hudtransplantation, öppenvård","Non-extensive burns with skin graft, short therapy",,,
W21C,"Eftervård vid kardiovaskulär sjukdom, komplicerat","Aftercare for cardiovascular disease, w CC",,,
W21E,"Eftervård vid kardiovaskulär sjukdom, ej komplicerat","Aftercare for cardiovascular disease, w/o CC",,,
V21N,"Mindre omfattande brännskador, med sårrevision el andra operationer",Non-extensive burns with wound debridement or other OR procedures,,,
V21O,"Mindre omfattande brännskador, med sårrevision el andra operationer, öppenvård","Burns with wound debridement or other OR procedures, short therapy",,,
W22C,"Eftervård vid annan sjukdom, komplicerat","Aftercare of other conditions, w CC",,,
W22E,"Eftervård vid annan sjukdom, ej komplicerat","Aftercare of other conditions, w/o CC",,,
W29A,"Andra faktorer med påverkan på hälsotillståndet, mycket komplicerat","Other factors influencing health status, w MCC",,,
W29C,"Andra faktorer med påverkan på hälsotillståndet, komplicerat","Other factors influencing health status, w CC",,,
W29E,"Andra faktorer med påverkan på hälsotillståndet, ej komplicerat","Other factors influencing health status, w/o CC",,,
V30N,"Omfattande brännskador, utan operation",Extensive burns without OR procedure,,,
W30N,Rehab vid stroke UNS,"Stroke rehabilitation, patient able to go to tub with help, able to groom, able to wheelchair with help",,,
V30O,"Läkarbesök vid omfattande brännskador, utan operation","Doctor visits for extensive burns, without OR procedure",,,
V30R,"Läkarbesök vid omfattande brännskador, utan operation, primärvård","Doctor visits for extensive burns, without OR procedure, primary care",,,
W31N,"Rehab vid stroke, förflytta sig med hjälpmedel","Stroke rehabilitation, patient able to go to tub with help, able to groom, not able to wheelchair",,,
W32N,"Rehab vid stroke, handens finmotorik, tvätta sig och kroppsvård","Stroke rehabilitation, patient able to go to tub with help, at least helped to groom, able to wheelchair with help",,,
W33N,"Rehab vid stroke, handens finmotorik, förflytta sig med hjälpmedel, tvätta sig och kroppsvård","Stroke rehabilitation, patient able to go to tub with help, at least helped to groom, not able to wheelchair",,,
W34N,"Rehab vid stroke, lägesförändring","Stroke rehabilitation, patient not able to go to tub",,,
W35N,Rehab vid demyeliniserande sjd UNS,"Demyelization disease rehabilitation, patient wheelchair with help",,,
W36N,Rehab vid demyeliniserande sjd. förflytta sig med hjälpmedel,"Demyelization disease rehabilitation, patient not able to wheelchair",,,
W37N,Rehab vid ryggmärgsproblem UNS,"Spinal cord problem rehabilitation, patient able to wheelchair",,,
W38N,"Rehab vid ryggmärgsproblem, förflytta sig med hjälpmedel","Spinal cord problem rehabilitation, patient needing at least help to wheelchair, able to eat with help",,,
W39N,"Rehab vid ryggmärgsproblem, förflytta sig med hjälpmedel, äta och dricka","Spinal cord problem rehabilitation, patient needing at least help to wheelchair, not able to eat",,,
V40N,"Mindre omfattande brännskador, utan operation",Non-extensive burns without OR procedure,,,
W40N,Rehab vid hjärnskada UNS,"Brain injury rehabilitation, patient able to go to tub",,,
W41N,"Rehab vid hjärnskada, lägesförändring","Brain injury rehabilitation, patient needing at least help to go to tub",,,
W42N,Rehab vid hjärntumör UNS,"Brain tumour rehabilitation, patient able to wheelchair with help",,,
W43N,"Rehab vid hjärntumör, förflytta sig med hjälpmedel","Brain tumour rehabilitation, patient not able to wheelchair",,,
W44N,Rehab vid annat neurologiskt problem UNS,"Other neurological problem rehabilitation, patient able to wheelchair with help",,,
W45N,"Rehab vid annat neurologiskt problem, förflytta sig med hjälpmedel","Other neurological problem rehabilitation, patient not able to wheelchair",,,
W46N,Rehab vid hjärt-lungproblem UNS,"Circulatory or respiratory problem rehabilitation, patient able to wheelchair",,,
W47N,"Rehab vid hjärt-lungproblem, förflytta sig med hjälpmedel","Circulatory or respiratory problem rehabilitation, patient needing at least help to wheelchair",,,
W48N,Rehab vid bindvävssjd UNS,"CTD rehabilitation, patient able to toilet at least with help, no bowel problems, wheelchair with help",,,
W49N,"Rehab vid bindvävssjd, förflytta sig med hjälpmedel","CTD rehabilitation, patient able to toilet at least with help, no bowel problems, not able to wheelchair",,,
V50N,"Brännskador, remitterad till annan akutenhet inom 5 dygn","Burns transferred to another acute care facility, duration of care < 6 days",,,
W50N,"Rehab vid bindvävssjd, avföring","CTD rehabilitation, patient able to toilet at least with help, bowel problems",,,
W51N,"Rehab vid bindvävssjd, urinering","CTD rehabilitation, patient not able to toilet, no bowel problem",,,
W52N,"Rehab vid bindvävssjd, urinering och avföring","CTD rehabilitation, patient not able to toilet, bowel problems",,,
W53N,Rehab vid annat trauma UNS,"Other trauma rehabilitation, toilet at least with help, able to walk",,,
W54N,"Rehab vid annat trauma, gång","Other trauma rehabilitation, toilet at least with help, at least help to walk",,,
W55N,"Rehab vid annat trauma, urinering","Other trauma rehabilitation, not able to toilet",,,
W56N,Rehab vid amputation UNS,"Amputation rehabilitation, able to wheelchair with help",,,
W57N,"Rehab vid amputation, förflytta sig med hjälpmedel","Amputation rehabilitation, not able to wheelchair",,,
W58N,Rehab av annat skäl UNS,"Other rehabilitation, able to toilet, able to socialize, able to walk with help",,,
W59N,"Rehab av annat skäl, gång","Other rehabilitation, able to toilet, able to socialize, not able to walk",,,
W60N,"Rehab av annat skäl, psykiska funktioner och interaktioner","Other rehabilitation, able to toilet, socialize needing at least help",,,
W61N,"Rehab av annat skäl, urinering","Other rehabilitation, toilet needing at least help, able socialize",,,
W62N,"Rehab av annat skäl, psykiska funktioner, interaktioner och urinering","Other rehabilitation, toilet needing at least help, socialize needing at least help",,,
W63N,Inpassning av annan yttre protes,"Rehabilitation, unspecified",,,
W63O,"Inpassning av annan yttre protes, besök","Rehabilitation, short therapy",,,
W63R,"Inpassning av annan yttre protes, primärvård","Fitting and adjustment of other external prosthetic devices, primary care",,,
V69L,"Slutenvård för brännskador, primärvård","Inpatient care for burns, primary care",,,
W69L,"Slutenvård för andra och ospecificerade hälsoproblem, primärvård","Inpatient care for other and unspecified health problems, primary care",,,
W92R,"Hembesök för vaccination, primärvård","Home visits for vaccination, primary care",,,
V93R,"Hembesök för brännskador, primärvård","Home visits for burns, primary care",,,
W93R,"Hembesök för övriga och ospecificerade hälsoproblem, primärvård","Other home visits for care for other and unspecified health problems, primary care",,,
W95N,Frisk person som åtföljer sjuk,Healthy person accompanying sick person,,,
W96O,Sjuksköterskebesök vid smärtproblem,Nurse visits for pain problems,,,
W96R,"Sjuksköterskebesök vid smärtproblem, primärvård","Nurse visits for pain problems, primary care",,,
V97O,Sjuksköterskebesök vid brännskador,Nurse visits for burns,,,
W97O,Sjuksköterskebesök vid andra problem,Nurse visits for other problems,,,
V97R,"Sjuksköterskebesök vid brännskador, primärvård","Nurse visits for burns, primary care",,,
W97R,"Sjuksköterskebesök vid andra problem, primärvård","Nurse visits for other problems, primary care",,,
W98O,Övriga läkarbesök vid smärtproblem,Other doctor visits for pain problems,,,
W98R,"Övriga läkarbesök vid smärtproblem, primärvård","Other doctor visits for pain problems, primary care",,,
W98U,"Teambesök/konferens vid smärtproblem, primärvård","Team visits/conferences for pain problems, primary care",,,
W98W,"Läkarvård på distans vid smärtproblem, primärvård","Doctor letters or telephone contacts for pain problems, primary care",,,
W98X,Teambesök/konferens vid smärtproblem,Team visits/conferences for pain problems,,,
W98Z,Läkarvård på distans vid smärtproblem,Doctor letters or telephone contacts for pain problems,,,
V99O,Övriga läkarbesök vid brännskador,"Other doctor visits for burns, short therapy",,,
W99O,Övriga läkarbesök vid andra problem,"Other medical contact for other problems, short therapy",,,
V99R,"Övriga läkarbesök vid brännskador, primärvård","Other doctor visits for burns, primary care",,,
W99R,"Övriga läkarbesök vid andra problem, primärvård","Other doctor visits for other problems, primary care",,,
V99U,"Teambesök/konferens vid brännskador, primärvård","Team visits/conferences for burns, primary care",,,
W99U,"Teambesök/konferens vid andra problem, primärvård","Team visits/conferences for other problems, primary care",,,
W99W,"Läkarvård på distans vid andra problem, primärvård","Doctor letters or telephone contacts for other problems, primary care",,,
V99X,Teambesök/konferens vid brännskador,"Team visits/conferences for burns, short therapy",,,
W99X,Teambesök/konferens vid andra problem,"Team visits/conferences for other problems, short therapy",,,
V99Z,Läkarvård på distans vid brännskador,Doctor letters or telephone contacts for burns,,,
W99Z,Läkarvård på distans vid andra problem,Doctor letters or telephone contacts for other problems,,,
X01O,"Intensivvårdsåtgärder, besök","Intensive care interventions, short therapy",,,
X02O,"Övervakning inom anestesiologi och intensivvård, besök","Observation at intensive care unit, short therapy",,,
X03O,"Arteriella nålar och katetrar, besök","Arterial catheterization, short therapy",,,
X05O,"Implantation av pump el injektionsport, öppenvård","Implantation of pumping device or injection gate, short therapy",,,
X06O,"Underhåll av läkemedelspump eller injektionsport, besök","Maintenance of medication pump or injection gate, short therapy",,,
X06R,"Underhåll av läkemedelspump eller injektionsport, primärvård","Maintenance of medication pump or injection gate, primary care",,,
X09O,Avlidna under specialiserat öppenvårdsbesök,Deceased during short therapy O,,,
X09R,"Avlidna under öppenvårdsbesök, primärvård","Deceased during short therapy, primary care",,,
X11O,"Strålbehandling, resurskrävande, öppenvård","Major radiotherapy, short therapy",,,
X12O,"Strålbehandling inklusive förberedande åtgärder, öppenvård","Radiotherapy with preparations, short therapy",,,
X13O,"Brakyterapi och isotopbehandling, öppenvård","Brachytherapy and isotope therapy, short therapy",,,
X14O,"Strålbehandling, mindre resurskrävande, öppenvård","Minor radiotherapy, short therapy",,,
X15O,"Strålbehandlingsförberedelser, resurskrävande, öppenvård","Preparation for radiotherapy, short therapy",,,
X20O,"Farmakologiska smärttester, besök","Pharmacologic test of pain reaction, short therapy",,,
X21O,"Sensoriska smärttester, besök","Sensoric test of pain reaction, short therapy",,,
X22O,"Fördjupad smärtanalys, besök","Evaluation of pain, short therapy",,,
X23O,"Smärtbehandling med sensorisk stimulering, besök","Sensoric stimulation for pain, short therapy",,,
X23R,"Smärtbehandling med sensorisk stimulering , primärvård","Sensoric stimulation for pain, primary care",,,
X24O,"Biofeedback och suggestionsterapi, besök",Bio-feedback and suggestion therapy short therapy,,,
X24R,"Biofeedback och suggestionsterapi , primärvård","Biofeedback and suggestion therapy, primary care",,,
X30O,"Dialyskontroll, besök",Check-up on dialysis treatment,,,
X31O,"Pacemaker-/ICD-kontroll, besök","Pacemaker/ICD-check-up, short therapy",,,
X32O,"Stomier, kontroll och underhåll, besök","Check-up and maintenance of stomy, short therapy",,,
X33O,"Kontroll inför och efter benmärgs- eller stamcellstransplantation, besök","Check-up before and after bone marrow or stem cell transplantation, short therapy",,,
X35O,"Allergi- eller immunbristutredning med provokation, öppenvård","Allergy or immunodeficiency examination with provocation, short therapy",,,
X35R,"Allergi- eller immunbristutredning med provokation , primärvård","Allergy and immunodeficiency examination with provocation, primary care",,,
X36O,"Allergi- eller immunbristutredning, besök","Allergy or immunodeficiency examination, short therapy",,,
X36R,"Allergi- eller immunbristutredning , primärvård","Allergy and immunodeficiency examination, primary care",,,
X40O,"Diagnostik och behandling med ljus, övrig, besök","Diagnostic or therapeutic minor intervention using light, short therapy",,,
X41O,"Skintigrafier, besök","Scintigraphies, short therapy",,,
X42O,"Bestämning av kroppssammansättning, besök","Major examination of body composition, short therapy",,,
X42R,"Bestämning av kroppssammansättning , primärvård","Major examination of body composition, primary care",,,
X43O,"Ultraljud, övrigt, besök","Ultrasonography, short therapy",,,
X43R,"Ultraljud, övrigt, primärvård","Ultrasonography, primary care",,,
X44O,"Neuromuskulär diagnostik och terapi, övrig, besök","Other neuromuscular diagnostic and therapeutic interventions, short therapy",,,
X44R,"Neuromuskulär diagnostik och terapi, övrig , primärvård","Other neuromuscular diagnostic and therapeutic interventions, primary care",,,
X45O,"Fysiologiska/funktionella undersökningar, övriga, besök","Other physiological and functional examinations, short therapy",,,
X46O,"Yrkes- och miljömedicinska utredningar, besök","Occupational and environmental examination, short therapy",,,
X46R,"Yrkes- och miljömedicinska utredningar , primärvård","Occupational and environmental examination, primary care",,,
X47O,"Hyposensibilisering, öppenvård","Desensitization to allergens, short therapy",,,
X47R,"Hyposensibilisering, primärvård","Desensitization to allergens, primary care",,,
X48O,"Positronemissionstomografi (PET), besök",Positron emission tomography (PET),,,
X51O,"Venkatetrar, besök","Cannulation and catheterization of vein, short therapy",,,
X53O,"Spolning eller avlägsnande av dränage, besök","Rinsing or removal of drainage, short therapy",,,
X53R,"Spolning eller avlägsnande av dränage , primärvård","Rinsing or removal of drainage, primary care",,,
X54O,"Ödembehandling, besök","Oedema therapy, short therapy",,,
X54R,"Ödembehandling , primärvård","Oedema treatment, primary care",,,
X55O,"Hjälpmedelsåtgärder, besök","Medical aid interventions, short therapy",,,
X55R,"Hjälpmedelsåtgärder, primärvård","Medical aid interventions, primary care",,,
X56O,"Protesutprovning eller kontroll, besök","Prosthesis testing and check-up, short therapy",,,
X57O,"Motorisk funktionsträning, besök","Motor function training, short therapy",,,
X57R,"Motorisk funktionsträning , primärvård","Motor function training, primary care",,,
X58O,"Övriga mindre åtgärder, besök","Other minor intervention, short therapy",,,
X60O,"Undersökning av kommunikation, språk, tal och röst, besök","Examination of communication, language, voice and speech, short therapy",,,
X60R,"Undersökning av kommunikation, språk, tal och röst, primärvård","Examination of communication, language, voice and speech, primary care",,,
X61O,"Bild- eller ljuddokumentation, ej röntgen, besök","Picture and sound recording, no radiology, short therapy",,,
X61R,"Bild- eller ljuddokumentation, ej röntgen, primärvård","Picture and sound recording, no radiology, short therapy",,,
X62O,"Information och utbildning, besök","Information and education, short therapy",,,
X62R,"Information och utbildning, primärvård","Information and education, primary care",,,
X63O,"Vårdadministrativa åtgärder, öppenvård","Administration of care, short therapy",,,
X63R,"Vårdadministrativa åtgärder, primärvård","Administration of care, primary care",,,
X69L,"Slutenvård för annan vård, primärvård","Inpatient care for other care, primary care",,,
X70O,"Läkemedelstillförsel intravasalt, öppenvård","Intravascular medication, short therapy",,,
X70R,"Läkemedelstillförsel intravasalt, primärvård","Intravascular medication, primary care",,,
X71O,"Läkemedelstillförsel, övrig resurskrävande, besök","Other major intervention for medication, short therapy",,,
X71R,"Läkemedelstillförsel, övrig resurskrävande, primärvård","Other major intervention for medication, primary care",,,
X75O,"Funktionsutredningar, besök","Psychosocial examination, short therapy",,,
X75R,"Funktionsutredningar, primärvård","Evaluation of functioning, primary care",,,
X81R,"Fördjupad läkemedelsgenomgång, primärvård","In-depth drug evaluation, primary care",,,
X82R,"Riktade hälsoundersökningar, primärvård","Targeted health examinations, primary care",,,
X83R,"Vårdkontakt på BVC, primärvård","Contact with preventive child health clinic, primary care",,,
X87O,"Punktionsbiopsi ben och benmärg, besök","Biopsy of bone and bone marrow, short therapy",,,
X90W,"Annan vård på distans, primärvård","Other distance healtcare, primary care",,,
X90Z,"Annan vård på distans, specialiserad öppenvård","Other letters or telephone contacts, specialised short therapy",,,
X93R,"Hembesök för annan vård, primärvård","Home visits for other care, primary care",,,
X96R,"Sjuksköterskebesök blodtryckskontroll, primärvård","Sjuksköterskebesök blodtryckskontroll, primärvård",,,
X97O,Besök för vaccination,Visit for vaccination,,,
X97R,"Besök för vaccination, primärvård","Visit for vaccination, primary care",,,
Y14O,Sjuksköterskekontakt på distans,"Remote nurse consultation, short therapy",,,
Y14W,"Sjuksköterskekontakt på distans, primärvård","Remote nurse consultation, primary care",,,
Y75O,Övriga psykologbesök,"Other psychologist contacts, short therapy",,,
Y75R,"Övriga psykologbesök, primärvård","Other psychologist contacts, primary care",,,
Y75V,"Psykologbesök i grupp el gruppteam, primärvård","Psychologist contacts in group or group with team of care providers, primary care",,,
Y75Y,Psykologbesök i grupp el gruppteam,Psychologist contacts in group or group with team of care providers,,,
Y76O,Övriga logopedbesök,"Other logopedist contacts, short therapy",,,
Y76R,"Övriga logopedbesök, primärvård","Other logopedist contacts, primary care",,,
Y76Y,Logopedbesök i grupp el gruppteam,"Other logopedist contacts in group or group with team of care providers, short therapy",,,
Y77O,Övriga kuratorbesök,"Other social worker contact, short therapy",,,
Y77R,"Övriga kuratorbesök, primärvård","Other social worker visits, primary care",,,
Y77V,"Kuratorbesök i grupp el gruppteam, primärvård","Social worker visits in group or group with team of care providers, primary care",,,
Y77Y,Kuratorbesök i grupp el gruppteam,Social worker contact in group or group with team of care providors,,,
Y78O,Övriga ortoptistbesök,"Other orthoptist contacts, short therapy",,,
Y78R,"Övriga ortoptistbesök, primärvård","Other orthoptist contacts, primary care",,,
Y78Y,Ortoptistbesök i grupp el gruppteam,Orthoptist contacts in group or group with team of care providers,,,
Y79O,Övriga arbetsterapeutbesök,Other occupational therapist contacts,,,
Y79R,"Övriga arbetsterapeutbesök, primärvård","Other occupational therapist contacts, primary care",,,
Y79V,"Arbetsterapeutbesök i grupp el gruppteam, primärvård","Occupational therapist contacts in group or group with team of care providers, primary care",,,
Y79Y,Arbetsterapeutbesök i grupp el gruppteam,Occupational therapist contacts in group or group with team of care providers,,,
Y80O,Övriga dietistbesök,"Other dietician contacts, short therapy",,,
Y80R,"Övriga dietistbesök, primärvård","Other dietician contacts, primary care",,,
Y80V,"Dietistbesök i grupp el gruppteam, primärvård","Dietician contacts in group or group with team of care providers, primary care",,,
Y80Y,Dietistbesök i grupp el gruppteam,Dietician contacts in group or group with team of care providers,,,
Y81O,Övriga audionombesök,"Other audiotherapist contacts, short therapy",,,
Y81Y,Audionombesök i grupp el gruppteam,Audiotherapist contacts in group or group with team of care providers,,,
Y82O,Övriga fysioterapeutbesök,"Other physiotherapist contacts, short therapy",,,
Y82R,"Övriga fysioterapeutbesök, primärvård","Other physiotherapist contacts, primary care",,,
Y82V,"Fysioterapeutbesök i grupp el gruppteam, primärvård","Physiotherapist contacts in group or group with team of care providers, primary care",,,
Y82Y,Fysioterapeutbesök i grupp el gruppteam,Physiotherapist contacts in group or group with team of care providers,,,
Y83O,Övriga sjuksköterskebesök,"Other nurse contacts, short therapy",,,
Y83R,"Övriga sjuksköterskebesök, primärvård","Other nurse visits, primary care",,,
Y83V,"Sjuksköterskebesök i grupp el gruppteam, primärvård","Nurse visits in group or group with team of care providers, primary care",,,
Y83Y,Sjuksköterskebesök i grupp el gruppteam,Nurse visits in group or group with team of care providers,,,
Y84O,Övriga skötarebesök,"Other contacts with psychiatric nurses, short therapy",,,
Y84Y,Skötarebesök i grupp el gruppteam,Psychiatric nurse visits in group or group with team of care providers,,,
Y85O,Övriga undersköterskebesök,"Other nurse assistant contacts, short therapy",,,
Y85R,"Övriga undersköterskebesök, primärvård","Other nurse assistant visits, primary care",,,
Y85V,"Undersköterskebesök i grupp el gruppteam, primärvård","Nurse assistant visits in group or group with team of care providers, primary care",,,
Y85Y,Undersköterskebesök i grupp el gruppteam,Nurse assistant visits in group or group with team of care providers,,,
Y86O,Övriga barnmorskebesök,Other midwife visits,,,
Y86R,"Övriga barnmorskebesök, primärvård","Other midwife visits, primary care",,,
Y86V,"Barnmorskebesök i grupp el gruppteam, primärvård","Midwife visits in group or group with team of care providers, primary care",,,
Y86Y,Barnmorskebesök i grupp el gruppteam,Midwife visits in group or group with team of care providers,,,
Y90O,Övriga besök andra yrkeskategorier,"Other contacts with other health care provider, short therapy",,,
Y90R,"Övriga besök andra yrkeskategorier, primärvård",Other visits with other health care workers,,,
Y99V,"Läkarbesök i grupp el gruppteam, primärvård","Doctor visits in group or group with team of care providers, primary care",,,
Y99Y,Läkarbesök i grupp el gruppteam,Doctor visits in group or group with team of care providers,,,
Z40N,Ny huvuddiagnos med ospecifik gruppering,New principal diagnosis without specified grouping,,,
Z40O,"Ny huvuddiagnos med ospecifik gruppering, besök","New principal diagnosis without specified grouping, visit",,,
Z40R,"Ny huvuddiagnos med ospecifik gruppering , primärvård","New principal diagnosis without specified grouping, primary care",,,
Z50A,"Tyngre sällsynt, eller felaktig, kombination av huvuddiagnos och åtgärd, mycket komplicerat","Rare or incorrect combination of diagnosis and extensive procedure, w MCC",,,
Z50C,"Tyngre sällsynt, eller felaktig, kombination av huvuddiagnos och åtgärd, komplicerat","Rare or incorrect combination of diagnosis and extensive procedure, w CC",,,
Z50E,"Tyngre sällsynt, eller felaktig, kombination av huvuddiagnos och åtgärd, ej komplicerat","Rare or incorrect combination of diagnosis and extensive procedure, w/o CC",,,
Z50O,"Tyngre sällsynt, eller felaktig, kombination av huvuddiagnos och åtgärd, öppenvård","Rare or incorrect combination of diagnosis and procedure, short therapy",,,
Z50R,"Tyngre sällsynt, eller felaktig, kombination av huvuddiagnos och åtgärd, primärvård","Rare or incorrect combination of diagnosis and procedure, primary care",,,
Z60L,"Annan sällsynt, eller felaktig, kombination av huvuddiagnos och åtgärd slutenvård, primärvård","Other rare or incorrect combination of principal diagnosis and procedure, incare, primary care",,,
Z60N,"Annan sällsynt, eller felaktig, kombination av huvuddiagnos och åtgärd",Other rare or incorrect combination of principal diagnosis and procedure,,,
Z60O,"Annan sällsynt, eller felaktig, kombination av huvuddiagnos och åtgärd, öppenvård","Other rare or incorrect combination of principal diagnosis and procedure, short therapy",,,
Z60R,"Annan sällsynt, eller felaktig, kombination av huvuddiagnos och åtgärd, primärvård","Other rare or incorrect combination of principal diagnosis and procedure, primary care",,,
Z63O,Vårdadministrativa åtgärder utan patientkontakt,Administrative intervention without direct contact with patient,,,
Z63R,"Vårdadministrativa åtgärder utan patientkontakt, primärvård","Administrative intervention without direct contact with patient, primary care",,,
Z70L,"Huvuddiagnos fattas slutenvård, primärvård","Principal diagnosis is missing, incare, primary care",,,
Z70N,Huvuddiagnos fattas,Principal diagnosis is missing,,,
Z70O,"Huvuddiagnos fattas, besök","Principal diagnosis is missing, visit",,,
Z70R,"Huvuddiagnos fattas, primärvård","Principal diagnosis is missing, primary care",,,
Z71L,"Huvuddiagnos ogiltig i NordDRG slutenvård, primärvård","Principal diagnosis code is invalid, incare, primary care",,,
Z71N,Huvuddiagnos ogiltig i NordDRG,Principal diagnosis code is invalid,,,
Z71O,"Huvuddiagnos ogiltig i NordDRG, besök","Principal diagnosis code is invalid, visit",,,
Z71R,"Huvuddiagnos ogiltig i NordDRG, primärvård","Principal diagnosis code is invalid, primary care",,,
Z72L,"Ej grupperbar i NordDRG slutenvård, primärvård","Not groupable in NordDRG, incare, primary care",,,
Z72N,Ej grupperbar i NordDRG,Not groupable in NordDRG,,,
Z72O,"Ej grupperbar i NordDRG, besök","Not groupable in NordDRG, visit",,,
Z72R,"Ej grupperbar i NordDRG, primärvård","Not groupable in NordDRG, primary care",,,
Z73L,"Uppgift om kön fattas slutenvård, primärvård","Information about gender is missing, inpatient care, primary care",,,
Z73N,Uppgift om kön fattas,Information about gender is missing,,,
Z73O,"Uppgift om kön fattas, besök","Information about gender is missing, short therapy",,,
Z73R,"Uppgift om kön fattas, primärvård","Information about gender is missing, primary care",,,
Z75N,Patienten är för ung för diagnosen eller åtgärden,Patient is too young for the diagnosis or the intervention,,,
Z75O,"Patienten är för ung för diagnosen eller åtgärden, besök","Patient is too young for the diagnosis or intervention, visit",,,
Z75R,"Patienten är för ung för diagnosen eller åtgärden, primärvård","Patient is too young for the diagnosis or intervention, primary care",,,
Z76N,Patienten är för gammal för diagnosen eller åtgärden,Patient is too old for the diagnosis or the intervention,,,
Z76O,"Patienten är för gammal för diagnosen eller åtgärden, besök","Patient is too old for the diagnosis or intervention, visit",,,
Z76R,"Patienten är för gammal för diagnosen eller åtgärden, primärvård","Patient is too old for the diagnosis or intervention, primary care",,,
Z77N,Patientens ålder är felaktig (> 125 år),Error in patient age (>125 yrs),,,
Z77O,"Patientens ålder är felaktig (> 125 år), besök","Error in patient age (>125 yrs), visit",,,
Z77R,"Patientens ålder är felaktig (> 125 år), primärvård","Error in patient age (>125), primary care",,,
Z78N,Felaktig kombination av diagnos och åtgärd,False combination of diagnosis and intervention,,,
Z78O,"Felaktig kombination av diagnos och åtgärd, besök","False combination of diagnosis and intervention, visit",,,
Z78R,"Felaktig kombination av diagnos och åtgärd, primärvård","False combination of diagnosis and intervention, primary care",,,
Z79N,Felaktig diagnoskombination,False combination of diagnoses,,,
Z79O,"Felaktig diagnoskombination, besök","False combination of diagnoses, visit",,,
Z79R,"Felaktig diagnoskombination, primärvård","False combination of diagnoses, primary care",,,
Z80O,"Besökstyp el yrkeskategori saknas, besök","Contact type or professional category is missing, visit",,,
Z80R,"Besökstyp el yrkeskategori saknas, primärvård","Contact type or professional category is missing, primary care",,,
Z81O,"Omöjlig dagkirurgi, öppenvård","Intervention not possible for day surgery, short therapy",,,
Z83O,"Åtgärden är inte förenlig med besökstypen, besök","Procedure not compatible with contact type, short therapy",,,
Z83R,"Åtgärden är inte förenlig med besökstypen, primärvård","Procedure not compatible with contact type, primary care",,,
Z90N,Saknad eller negativ ålder,"Error in age, inpatients",,,
Z90O,"Saknad eller negativ ålder, besök","Error in age, outpatients",,,
Z90R,"Saknad eller negativ ålder, primärvård","Error in age, primary care",,,
