code,label,label_en,parent_code,valid_from,valid_to
"000,01",Cholera classica,,,,
"000,10",Cholera el tor,,,,
"000,97",Cholera suspecta,,,,
"000,99",Cholera nud,,,,
"001,97",Febris typhoides suspecta,,,,
"001,99",Febris typhoides nud,,,,
"002,00",Febris paratyphoides typus a,,,,
"002,10",Febris paratyphoides typus b,,,,
"002,20",Febris paratyphoides typus c,,,,
"002,97",Febris paratyphoides suspecta,,,,
"002,99",Febris paratyphoides nud,,,,
"003,00",Salmonellosis causa alimentaria (typhi murium) breslau,,,,
"003,01",Salmonellosis causa alimentaria oranienburg,,,,
"003,02",Salmonellosis causa alimentaria montevideo,,,,
"003,03",Salmonellosis causa alimentaria newcastle,,,,
"003,04",Salmonellosis causa alimentaria enteritidis gärtner,,,,
"003,05",Salmonellosis causa alimentaria cholerae suis,,,,
"003,06",Salmonellosis causa alimentaria alia,,,,
"003,07",Salmonellosis causa alimentaria suspecta,,,,
"003,09",Salmonellosis causa alimentaria nud,,,,
"003,90","Salmonellosis causa alimentaria non indicata, breslau (typhi murium)",,,,
"003,91","Salmonellosis causa alimentaria non indicata, oranienburg",,,,
"003,92","Salmonellosis causa alimentaria non indicata, montevideo",,,,
"003,93","Salmonellosis causa alimentaria non indicata, newcastle",,,,
"003,94","Salmonellosis causa alimentaria non indicata, enteritidis gärtner",,,,
"003,95","Salmonellosis causa alimentaria non indicata, cholerae suis",,,,
"003,96","Salmonellosis causa alimentaria non indicata, alia",,,,
"003,97","Salmonellosis causa alimentaria non indicata, suspecta",,,,
"003,99","Causa alimentaria non indicata, suspecta nud",,,,
"004,00",Dysenteria shiga,,,,
"004,10",Dysenteria bacillaris flexner,,,,
"004,20",Dysenteria bacillaris boyd,,,,
"004,30",Dysenteria sonne,,,,
"004,40",Dysenteria schmitz stutzer,,,,
"004,80",Dysenteria bacillaris alia,,,,
"004,97",Dysenteria bacillaris suspecta,,,,
"004,99",Dysenteria bacillaris nud,,,,
"005,00",INtoxicatio staphylococcica,,,,
"005,10",Botulismus,,,,
"005,20",INtoxicatio alimentaria bacillaris acuta aliae clostridiae,,,,
"005,80",INtoxicatio alimentaria bacillaris acuta aliae bacteriae,,,,
"005,97",INtoxicatio alimentaria bacillaris acuta suspecta,,,,
"005,99",INtoxicatio alimentaria bacillaris acuta nud,,,,
"006,00",Amoebiasis cum abscessu hepatis,,,,
"006,90","Amoebiasis, sine abscessu hepatis",,,,
"006,97",Amoebiasis suspecta,,,,
"006,99",Amoebiasis nud,,,,
"007,00",Balantidiasis,,,,
"007,10",Gardiasis. lambliasis,,,,
"007,20",Coccidiosis,,,,
"007,96",Dysenteria protozoica alia s. nud,,,,
"007,97",Dysenteria protozoica suspecta,,,,
"007,99",Dysenteria protozoica nud,,,,
"008,00",Enteritis escherichia coli,,,,
"008,10",Enteritis arizona,,,,
"008,20",Enteritis bacterica alia specificata,,,,
"008,30",Enteritis bacterica nud,,,,
"008,80",Enteritis per virosa specificata,,,,
"008,98",Enteritis per virosa nud,,,,
"009,00",Diarrhoea dysenterica nud,,,,
"009,19",Diarrhoea nud,,,,
"009,20",Gastroenteritis (acuta) (infectiosa),,,,
"009,21",Enterocolitis sive colitis (acuta) (infectiosa),,,,
"009,98",Diarrhoea alia,,,,
"010,99",Silicotuberculosis,,,,
"011,01",Tuberculosis pulmonum cavernosa,,,,
"011,02",Tuberculosis pulmonum non cavernosa,,,,
"011,03",Tuberculosis bronchialis,,,,
"011,04",Tuberculoma pulmonum,,,,
"011,05",Tuberculosis disseminata pulmonum,,,,
"011,06",Tuberculosis pulmonum alia sive nud,,,,
"011,07",Tuberculosis pulmonum suspecta,,,,
"011,09",Tuberculosis nud,,,,
"012,00",Complexus tuberculosus primarius cum symptomatibus,,,,
"012,10",Tuberculosis pleurae. pleuritis exsudativa tuberculosa,,,,
"012,11",Empyema pleurae tuberculosum,,,,
"012,12",Fistula tuberculosa pleurae,,,,
"012,20","Pleuritis exsudativa, serofibrinosa, serosa, causa non indicata",,,,
"012,30",Tuberculosis laryngis,,,,
"012,90",Tuberculosis tracheae,,,,
"012,91",Tuberculosis pharyngis,,,,
"012,92",Tuberculosis lymphonodorum tracheo-bronchialium et mediastini,,,,
"012,96",Tuberculosis alia organorum respirationis,,,,
"012,97",Tuberculosis aliorum organorum respirationis suspecta,,,,
"013,00",Tuberculosis meningum,,,,
"013,90","Tuberculosis systematis nervosi centralis, meningibus exceptis",,,,
"013,97",Tuberculosis meningum et systematis nervosi centralis suspecta,,,,
"013,99",Tuberculosis meningum et systematis nervosi centralis nud,,,,
"014,00",Tuberculosis intestinorum,,,,
"014,01",Tuberculosis peritonei et lymphonodorum mesenterii,,,,
"014,07","Tuberculosis intestinorum, peritonei et lymphonodorum mesenterii suspecta",,,,
"014,09","Tuberculosis intestinorum, peritonei et lymphonodorum mesenterii nud",,,,
"015,00",Tuberculosis columnae vertebralis activa s. non definita,,,,
"015,10",Tuberculosis coxae activa s. non definita,,,,
"015,20",Tuberculosis genus activa s. non definita,,,,
"015,88",Tuberculosis activa s. non definita aliorum ossium et articulorum,,,,
"015,97",Tuberculosis ossium et articulorum suspecta,,,,
"015,99",Tuberculosis ossium et articulorum nud,,,,
"016,00",Tuberculosis renis,,,,
"016,01",Tuberculosis ureteris,,,,
"016,02",Tuberculosis vesicae urinariae,,,,
"016,03",Tuberculosis urethrae,,,,
"016,04","Tuberculosis prostatae, vesiculae seminalis sive testis",,,,
"016,05",Tuberculosis salpingis,,,,
"016,06",Tuberculosis endometrii,,,,
"016,07",Tuberculosis uro-genitalis alia,,,,
"016,08",Tuberculosis uro-genitalis suspecta,,,,
"016,09",Tuberculosis uro-genitalis nud,,,,
"017,01",Erythema induratum tuberculosum,,,,
"017,02",Erythema nodosum tuberculosum,,,,
"017,03",Lupus tuberculosus,,,,
"017,08",Tuberculosis alia cutis et subcutis,,,,
"017,09",Tuberculosis cutis et subcutis nud,,,,
"017,10",Tuberculosis lymphonodorum colli,,,,
"017,18",Lymphonodorum periphericorum aliorum,,,,
"017,19",Tuberculosis lymphonodorum nud,,,,
"017,20",Conjunctivitis tuberculosa,,,,
"017,21",Keratitis tuberculosa,,,,
"017,22",IRitis et iridocyclitis tuberculosa,,,,
"017,23",Retinitis et chorioiditis tuberculosa,,,,
"017,29",Tuberculosis oculi nud,,,,
"017,31",Otitis media tuberculosa,,,,
"017,32",Otitis alia tuberculosa,,,,
"017,39",Tuberculosis auris nud,,,,
"017,91",Tuberculosis pericardii. synechia pericardii tuberculosa,,,,
"017,93",Tuberculosis cavi oris,,,,
"017,94","Tuberculosis hepatis, lienis, linguae",,,,
"017,95",Tuberculosis glandulae suprarenalis,,,,
"017,96",Tuberculosis aliorum organorum,,,,
"017,97",Tuberculosis aliorum organorum suspecta,,,,
"018,00","Tuberculosis disseminata acuta, non pulmonalis",,,,
"018,10",Tuberculosis disseminata acuta nud,,,,
"018,98","Tuberculosis disseminata alia, chronica inclusa",,,,
"019,00","Tuberculosis sequelae, bronchoectasia",,,,
"019,01",Tuberculosis emphysema sequelae,,,,
"019,02","Tuberculosis sequelae, atelectasis pulmonis",,,,
"019,03","Tuberculosis sequelae, fibrosis pulmonum",,,,
"019,04","Tuberculosis sequelae, adhaesiones pleurae",,,,
"019,08",Sequelae aliae e tuberculosi organorum respirationis,,,,
"019,09",Sequelae nud e tuberculosi organorum respirationis,,,,
"019,10","Tuberculosis sequelae, organosum systematis nervosi",,,,
"019,20","Tuberculosis sequelae, hydronephrosis",,,,
"019,21","Tuberculosis sequelae, strictura ureteris",,,,
"019,28","Sequelae aliae, tuberculosis organorum urogenitalium",,,,
"019,29","Sequelae nud, tuberculosis organorum urogenitalium",,,,
"019,30",Tuberculosis columnae vertebralis sequelae,,,,
"019,31",Tuberculosis coxae sequelae,,,,
"019,32",Tuberculosis genus sequelae,,,,
"019,38",Tuberculosis aliorum ossium et articulorum sequelae,,,,
"019,39",Tuberculosis ossium et articulorum nud sequelae,,,,
"019,90","Tuberculosis sequelae, synechia pericardii",,,,
"019,98","Tuberculosis sequelae, organorum aliorum",,,,
"020,00",Pestis bubonica,,,,
"020,10",Pestis pulmonalis,,,,
"020,99",Pestis nud,,,,
"021,00",Tularaemia glandularis sive ulceroglandularis,,,,
"021,01",Tulariaemia oculoglandularis,,,,
"021,02",Tularaemia typhoides,,,,
"021,06",Tularaemia alia,,,,
"021,07",Tularaemia suspecta,,,,
"021,09",Tularaemia nud,,,,
"022,97",Anthrax suspectus,,,,
"022,99",Anthrax nud,,,,
"023,00",Brucellosis melitensis causa brucella,,,,
"023,10",Brucellosis causa brucella abortus,,,,
"023,20",Brucellosis causa brucella suis,,,,
"023,97",Brucellosis suspecta,,,,
"023,99",Brucellosis nud,,,,
"024,99",Malleus,,,,
"025,99",Melioidosis,,,,
"026,00",Febris morsus muris per spirillum minus,,,,
"026,01",Febris morsus muris per spirochaetam morsus muris,,,,
"026,10",Febris morsus muris per streptobacillum moniliformem,,,,
"026,99",Febris morsus muris nud,,,,
"027,00",Granunulomatosis infantiseptica,,,,
"027,01",Meningoencephalitis listerica,,,,
"027,08",Listeriosis alia,,,,
"027,09",Listeriosis nud,,,,
"027,10",INfectio erysipeloides,,,,
"027,98",Morbi bacterici ex origine animali alii,,,,
"030,00",Lepra lepromatosa,,,,
"030,10",Lepra tuberculoides,,,,
"030,20",Lepra indeterminata,,,,
"030,30",Lepra intermedia,,,,
"030,97",Lepra suspecta,,,,
"030,98",Lepra alia,,,,
"030,99",Lepra nud,,,,
"031,99",Morbi mycobacterici alii,,,,
"032,97",Diphtheria suspecta,,,,
"032,99",Diphtheria nud,,,,
"033,00",Pertussis causa bacilli pertussis,,,,
"033,10",Pertussis causa bacilli parapertussis,,,,
"033,90",Status post pertussim,,,,
"033,96",Pertussis alia,,,,
"033,97",Pertussis suspecta,,,,
"033,99",Pertussis nud,,,,
"034,00",Tonsillitis streptococcica,,,,
"034,10",Scarlatina cum complicationibus multiplicibus,,,,
"034,17",Scarlatina suspecta,,,,
"034,19",Scarlatina nud,,,,
"035,99",Erysipelas,,,,
"036,00",Meningitis meningococcica,,,,
"036,10",Meningococcaemia acuta s. non definita,,,,
"036,11",Syndroma waterhouse-friedrichsen,,,,
"036,12",Meningococcaemia chronica,,,,
"036,80",Meningococcosis alia,,,,
"036,97",INfectio meningococcica suspecta,,,,
"036,99",INfectio meningococcica nud,,,,
"037,99",Tetanus,,,,
"038,00",Septichaemia streptococcica,,,,
"038,10",Septichaemia staphylococcica,,,,
"038,20",Septichaemia pneumococcica,,,,
"038,80",Septichaemia escherichia coli,,,,
"038,88",Septichaemiae e microbioses aliae definitae,,,,
"038,97",Septichaemia suspecta,,,,
"038,99",Septichaemia nud,,,,
"039,00",Gangraena emphysematosa,,,,
"039,10",Rhinoscleroma,,,,
"039,90",INfectio staphylococcica aurea,,,,
"039,91",INfectio yersinia (pasteurella) pseudotuberculosa,,,,
"039,92",INfectio yersinia (pasteurella) enterocolitica,,,,
"039,93",INfectio yersinia (pasteurella) alia sive nud,,,,
"039,98",Morbus bactericus alius sive nud,,,,
"040,00",Poliomyelitis bulbaris acuta cum paralysi spinali,,,,
"040,01",Polioencephalitis acuta,,,,
"040,07",Polioencephalomyelitis acuta suspecta,,,,
"041,99",Poliomyelitis acuta cum paralysi spinali,,,,
"042,99",Poliomyelitis acuta sine paralysi,,,,
"043,97",Poliomyelitis acuta nud suspecta,,,,
"043,99",Poliomyelitis acuta nud,,,,
"044,99",Poliomyelitis acuta:sequelae,,,,
"045,00",Meningitis serosa coxsackie,,,,
"045,10",Meningitis serosa echo,,,,
"045,97",Meningitis aseptica per enterovirus suspecta,,,,
"045,99",Meningitis serosa per enterovirus nud,,,,
"046,99",Alii morbi enterovirosi systematis neruosi centralis,,,,
"050,00",Variola major,,,,
"050,10",Variola minor (alastrim),,,,
"050,97",Variola suspecta,,,,
"050,99",Variola nud,,,,
"051,99",Variola bovis,,,,
"052,00",Varicellae cum meningoencephalitide,,,,
"052,01",Varicellae cum complicatione alia,,,,
"052,07",Varicellae suspectae,,,,
"052,09",Varicellae nud,,,,
"053,00",Herpes zoster opthalmicus,,,,
"053,01",Herpes zoster oticus,,,,
"053,02",Herpes zoster generalisatus,,,,
"053,06",Herpes zoster alius,,,,
"053,07",Herpes zoster suspectus,,,,
"053,09",Herpes zoster nud,,,,
"054,00",Herpes simplex labialis,,,,
"054,01",Stomatogingivitis acuta herpetica,,,,
"054,02",Herpes simplex genitalis,,,,
"054,03",Herpes simplex cutaneus (eczema herpeticum),,,,
"054,04",Meningoencephalitis herpetica,,,,
"054,05",Kerato-conjuncitivitis herpetica,,,,
"054,06",Herpes simplex alius,,,,
"054,07",Herpes simplex suspectus,,,,
"054,09",Herpes simplex nud,,,,
"055,90",Morbilli cum meningoencephalitide,,,,
"055,97",Morbilli suspecta,,,,
"055,99",Morbilli nud,,,,
"056,90",Rubeola cum meningoencephalitide,,,,
"056,97",Rubeola suspecta,,,,
"056,99",Rubeola nud,,,,
"057,00",Erythema infectiosum,,,,
"057,10",Exanthema subitum,,,,
"057,88",Exanthaemata virogena alia,,,,
"057,97",Exanthemata virogena suspecta,,,,
"057,99",Exanthemata virogena nud,,,,
"060,00",Febris flava silvatica,,,,
"060,10",Febris flava urbana,,,,
"060,97",Febris flava suspecta,,,,
"060,99",Febris flava nud,,,,
"061,97",Febris dengue suspecta,,,,
"061,99",Febris dengue nud,,,,
"062,00",Encephalitis virosa per mosquitos japonica,,,,
"062,10",Encephalitis virosa per mosquitos equina occidentalis,,,,
"062,20",Encephalitis virosa per mosquitos equina orientalis,,,,
"062,30",Encephalitis virosa per mosquitos st. louis,,,,
"062,40",Encephalitis virosa per mosquitos murray valley,,,,
"062,97",Encephalitis virosa per mosquitos suspecta,,,,
"062,98",Encephalitis virosa per mosquitos alia definita,,,,
"062,99",Encephalitis virosa per mosquitos nud,,,,
"063,00",Meningoencephalitis verno-aestivalis russica (rsse),,,,
"063,10","Encephalitis virosa ""louping ill""",,,,
"063,20",Encephalitis virosa per ixodidam europae centralis,,,,
"063,97",Encephalitis virosa per ixodidam suspecta,,,,
"063,99",Encephalitis virosa per ixodidam nud,,,,
"064,99",Encephalitis arthropodica,,,,
"065,90",Encephalitis lethargica,,,,
"065,99",Encephalitis virosa nud,,,,
"066,00",Parkinsonismus postencephaliticus,,,,
"066,01",Alterationes personae et characteris postencephaliticae,,,,
"066,02",Psychosis postencephalitica,,,,
"066,08",Encephalitis virosa sequelae alii casus postencephalitici,,,,
"066,09",Casus postencephalitici nud,,,,
"067,00",Febris haemorrhagica per arthropoda krim,,,,
"067,10",Febris haemorrhagica per arthropoda omsk,,,,
"067,20",Morbus kyasanur forest,,,,
"067,38",Febris haemorrhagica per arthropoda alia,,,,
"067,40",Febris haemorrhagica per mosquitos,,,,
"067,50",Nephroso-neuphritis haemorrhagica per artopoda,,,,
"067,90",Febris haemorrhagica per arthropoda alia sive nud,,,,
"068,00","Febris pappataci, per phlebotomum",,,,
"068,10",Viroses per ixodidam,,,,
"068,20",Viroses per mosquitos,,,,
"068,98",INfestationes arthropodicae aliae,,,,
"070,01",Hepatitis infectiosa silvatica (orienterarhepatit),,,,
"070,02",Hepatitis infectiosa laboratoria,,,,
"070,03",Hepatitis infectiosa narcomanica,,,,
"070,04",Hepatitis infectiosa alia,,,,
"070,07",Hepatitis infectiosa suspecta,,,,
"070,09",Hepatitis infectiosa nud,,,,
"071,99",Rabies,,,,
"072,00",Parotitis epidemica cum pancreatitide,,,,
"072,01",Parotitis epidemica cum meningoencephalitide,,,,
"072,02",Parotitis epidemica cum orchitide,,,,
"072,03",Parotitis epidemica cum oophoritide,,,,
"072,04",Parotitis epidemica cum keratitide sive episcleritide,,,,
"072,06",Parotitis epidemica cum complicatione alia s. nud,,,,
"072,07",Parotitis epidemica suspecta,,,,
"072,09",Parotitis epidemica nud,,,,
"073,99",Psittacosis,,,,
"074,00",Angina herpetica,,,,
"074,01",Pharyngitis vesicularis,,,,
"074,10",Myalgia epidemica (bornholm),,,,
"074,20",Myocarditis coxsackie,,,,
"074,21",Pericarditis coxsackie,,,,
"074,98",Viroses coxsackie alia definita,,,,
"074,99",Viroses coxsackie nud,,,,
"075,01",Angina monocytotica,,,,
"075,02",Mononucleosis infectiosa cum meningoencephalitide,,,,
"075,07",Mononucleosis infectiosa cum complicatione alia s. nud,,,,
"075,08",Mononucleosis infectiosa suspecta,,,,
"075,09",Mononuclesosis infectiosa nud,,,,
"076,99",Trachoma,,,,
"077,99","Trachoma, sequelae",,,,
"078,00",Conjunctivitis inclusionis,,,,
"078,10",Kerato-conjunctivitis epidemica,,,,
"078,20",Kerato-conjunctivitis adeno,,,,
"078,80",Viroses conjunctivae aliae,,,,
"078,99",Viroses conjunctivae nud,,,,
"079,00",Molluscum contagiosum,,,,
"079,10",Verruca contagiosa,,,,
"079,20",Choriomeningitis lymphocytica,,,,
"079,30","Lymphoreticulosis benigna ""cat-scratch disease""",,,,
"079,40",Stomatitis aphthosa epidemica,,,,
"079,50",Virosis cytomegalica congenita,,,,
"079,51",Virosis cytomegalica acquisita,,,,
"079,59",Virosis cytomegalica nud,,,,
"079,80",INfectio virosa echo nud,,,,
"079,81",INfectio virosa adeno alia,,,,
"079,88",Viroses aliae,,,,
"079,97",Viroses suspectae,,,,
"079,99",INfectio virosa nud,,,,
"080,99",Febris exanthematica per pediculum vestimenti,,,,
"081,00",Febris exanthematica per pulicem irritantem,,,,
"081,10",Morbus brill,,,,
"081,20",Febris exanthematica per trombiculam,,,,
"081,97",Febris exanthematica alia suspecta,,,,
"081,99",Febris exanthematica alia nud,,,,
"082,00","Febris maculosa ""rocky mountain spotted fever""",,,,
"082,10",Febris boutonnosa,,,,
"082,20",Typhus asiaticus per ixodidam,,,,
"082,99",Rickettsiosis per ixodidam nud,,,,
"083,00",Variola per rickettsiam,,,,
"083,10",Rickettsioses febris q,,,,
"083,20",Rickettsioses febris wolhynia,,,,
"083,88",Rickettsioses aliae,,,,
"083,97",Rickettsioses suspectae,,,,
"083,99",Rickettsioses aliae,,,,
"084,00",Malaria tertiana maligna,,,,
"084,10",Malaria vivax,,,,
"084,20",Malaria quartana,,,,
"084,30",Malaria per plasmodium ovale,,,,
"084,40",Malaria haemoglobinurica,,,,
"084,50",Malaria recurrens inducta (therapeutica),,,,
"084,88",Malaria alia,,,,
"084,97",Malaria suspecta,,,,
"084,99",Malaria nud,,,,
"085,00",Kala-azar,,,,
"085,10",Leishmaniasis cutanea,,,,
"085,20",Leishmaniasis mucocutanea,,,,
"085,97",Leishmaniosis suspecta,,,,
"085,99",Leishmaniasis nud,,,,
"086,99",Trypanosomiasis americana,,,,
"087,99",Trypanosomiasis alia,,,,
"088,99",Febris recurrens,,,,
"089,00",Bartonellosis,,,,
"089,90",Morbi per arthropoda alii,,,,
"090,00","Syphilis congenita recens, symptomatica",,,,
"090,10","Syphilis congenita recens, latens",,,,
"090,20","Syphilis congenita recens, nud",,,,
"090,30",Keratitis interstitialis syphilitica,,,,
"090,40",Neurosyphilis juvenilis,,,,
"090,50","Syphilis congenita tarda, symptomatica",,,,
"090,60","Syphilis congenita tarda, latens",,,,
"090,70","Syphilis congenita tarda, nud",,,,
"090,97",Syphilis congenita suspecta,,,,
"090,99",Syphilis congenita nud,,,,
"091,00",INfectio primaria syphilitica genitalis,,,,
"091,10",INfectio primaria syphilitica extragenitalis,,,,
"091,20",Syphilis secundaria cutanea sive mucosa,,,,
"091,30",Syphilis secundaria recidivans (cum sive sine cura),,,,
"091,88",Syphilis recens symptomatica alia,,,,
"091,97",Syphilis recens symptomatica suspecta,,,,
"091,99",Syphilis recens symptomatica nud,,,,
"092,00","Syphilis recens, latens recidicum serologicum post curam medicam",,,,
"092,97","Syphilis recens, latens suspecta",,,,
"092,99",Syphilis recens latens nud,,,,
"093,00",Aneurysma syphiliticum aortae,,,,
"093,91",Aortitis syphilitica,,,,
"093,92",Arteritis s. phlebitis syphilitica,,,,
"093,93",Myocarditis gummosa syphilitica,,,,
"093,98",Syphilis cardiovascularis alia,,,,
"093,99",Syphilis cardiovascularis nud,,,,
"094,00",Atrophia tabica nervi optici,,,,
"094,01",Arthropathia tabica,,,,
"094,02",Ulcus perforans pedis tabicum,,,,
"094,08",Tabes dorsalis alia,,,,
"094,09",Tabes dorsalis nud,,,,
"094,10",Dementia paralytica (paralysie generale),,,,
"094,90",Meningo-encephalitis syphilitica,,,,
"094,91",Gumma cerebri sive medullae spinalis,,,,
"094,98",Syphilis cerebri et medullae spinalis alia,,,,
"094,99",Syphilis systematis nervosi centralis nud,,,,
"095,00","Gumma syphiliticum cutis, syphilis tertiaria cutis",,,,
"095,01",Gumma syphiliticum hepatis,,,,
"095,09",Syphilis tarda alia,,,,
"096,99",Syphilis tarda latens,,,,
"097,00",Syphilis tarda non definita,,,,
"097,10",Syphilis latens non definita cum reactione serologica positiva,,,,
"097,97",Syphilis suspecta,,,,
"097,99",Syphilis nud,,,,
"098,00",Urethritis acuta gonococcica cum cervicitide,,,,
"098,02",Urethritis acuta gonococcica cum bartholinitide,,,,
"098,03",Urethritis acuta gonococcica cum epididymitide,,,,
"098,04",Urethritis acuta genococcica cum prostatitide et vesiculitide seminali,,,,
"098,05",Urethritis acuta gonococcica cum prostatitide,,,,
"098,06",Gonorrhoea acuta suspecta,,,,
"098,08","INfectio gonococcica cum uro-genitalis acuta, alia",,,,
"098,09",INfectio gonococcica uro-genitalis (acuta) nud,,,,
"098,10",INfectio gonococcica cum cervicitis chronica,,,,
"098,11",INfectio gonococcica cum salpingo-oophoritis chronica,,,,
"098,12",INfectio gonococcica cum bartholinitide chronica,,,,
"098,13",INfectio gonococcica cum epididymitide chronica,,,,
"098,14",INfectio gonococcica cum prostatitide chronica cum vesiculitide seminali,,,,
"098,15",INfectio gonococcica cum prostatitide chronica,,,,
"098,16",INfectio gonococcica uro-genitalis chronica suspecta,,,,
"098,18",INfectio gonococcica chronica organorum uro-genitalium aliorum,,,,
"098,20",INfectio gonococcica conjunctivae sive ophthalmoblennorrhoea,,,,
"098,21",Gonorrhoea iridis sive iridocyclitis,,,,
"098,28",INfectio gonococcica oculi alia,,,,
"098,29",INfectio gonococcica oculi nud,,,,
"098,39",INfectio gonococcica articuli,,,,
"098,88",Alia infectio gonococcica,,,,
"098,99",INfectio gonococcica loco non indicato,,,,
"099,09",Ulcus molle,,,,
"099,19",Lymphogranuloma inguinale,,,,
"099,29",Granuloma inguinale venereum,,,,
"099,90","Balanitis, urethritis, vaginitis venerea nud",,,,
"099,91",Bubo inguinalis venereus nud,,,,
"099,92",Condyloma acuminatum,,,,
"099,96",Morbi venerei alii,,,,
"099,97",Morbi venerei alii suspecti,,,,
"099,99",Morbus venereus nud,,,,
"100,00",Leptospirosis ictero-haemorrhagica weil,,,,
"100,88",Leptospirosis alia,,,,
"100,99",Leptospirosis nud,,,,
"101,99",INfectio per bacillum vincenti,,,,
"102,99",Framboesia,,,,
"103,99",Pinta,,,,
"104,00",Syphilis endemica non venerea,,,,
"104,98",Aliae infectiones spirochaetales,,,,
"110,00",Dermatophytosis axillae,,,,
"110,01",Dermatophytosis barbae,,,,
"110,02",Dermatophytosis capillitii,,,,
"110,03",Dermatophytosis corporis,,,,
"110,04",Dermatophytoses inguinis,,,,
"110,05",Dermatophytosis manuum,,,,
"110,06",Dermatophytosis pedis,,,,
"110,07",Dermatophytosis unguium,,,,
"110,08",Dermatophytoses aliae,,,,
"110,09",Dermatophytosis alia s. nud,,,,
"111,00",Pityriasis versicolor,,,,
"111,10",Dermatomycoses tinea nigra,,,,
"111,20",Dermatomycoses tinea blanca,,,,
"111,80",Erythrasma mycoides,,,,
"111,88",Dermatomycosis alia,,,,
"111,99",Dermatomycosis nud,,,,
"112,99",Moniliosis (candida),,,,
"113,99",Actinomycosis,,,,
"114,99",Coccidioidiomycosis,,,,
"115,99",Histoplasmosis,,,,
"116,00",Blastomycoses europaea,,,,
"116,10",Blastomycosis americana nordica,,,,
"116,20",Blastomycosis brasiliana,,,,
"116,99",Blastomycosis nud,,,,
"117,00",Rhinosporidiosis,,,,
"117,10",Sporotrichosis,,,,
"117,20",Chromomycosis,,,,
"117,30",Aspergillosis,,,,
"117,40",Maduromycosis,,,,
"117,88",Mycoses aliae,,,,
"117,99",Mycoses nud,,,,
"120,00",Schistosomiasis (bilharziasis) hematobium,,,,
"120,10",Schistosomiasis (bilharziasis) mansoni,,,,
"120,20",Schistosomiasis (bilharziasis) japonica,,,,
"120,30",Schistosomiasis (bilharziasis) cutanea,,,,
"120,88",Schistosomiasis (bilharziasis) alia,,,,
"120,97",Schistosomiasis (bilharziasis) suspecta,,,,
"120,99",Schistosomiasis nud,,,,
"121,99",INfestationes trematodicae aliae,,,,
"122,99",Echinococcosis,,,,
"123,00",Taenia soliuminfestation,,,,
"123,10",Cysticercosis,,,,
"123,20",Taenia saginatainfestation,,,,
"123,30",Taeniasis nud,,,,
"123,40",Dibothriocephalusinfestation,,,,
"123,50",Sparganosis,,,,
"123,60",Hymenolepiasis,,,,
"123,98",INfestationes cestodicae aliae,,,,
"123,99",INfestationes cestodicae nud,,,,
"124,97",Trichinosis suspecta,,,,
"124,99",Trichinosis nud,,,,
"125,97",Filariosis suspecta,,,,
"125,99",Filariosis nud,,,,
"126,99",Anchylostomiasis,,,,
"127,00",Ascariasis lumbricoides,,,,
"127,10",Strongyloidiasis,,,,
"127,20",Trichuriasis,,,,
"127,30",Oxyuriasis,,,,
"127,40",Helminthiasis intestinalis alia,,,,
"127,50",INfestatio vermilis mixta,,,,
"127,99",Helminthiasis intestinalis nud,,,,
"128,99",Helminthiases aliae sive nud,,,,
"129,99",Morbi parasitarii intestinales nud,,,,
"130,00",Toxoplasmosis acquisita,,,,
"130,10",Toxoplasmosis congenita activa,,,,
"130,20",Toxoplasmosis sequelae per infectionem intrauterinam,,,,
"130,99",Toxoplasmosis nud,,,,
"131,97",Trichomoniasis urogenitalis suspecta,,,,
"131,99",Trichomoniasis urogenitalis nud,,,,
"132,99",Pediculosis,,,,
"133,00",Scabies,,,,
"133,90",Demodicosis,,,,
"133,98",Acariasis alia,,,,
"133,99",Acariasis nud,,,,
"134,00",Myiasis,,,,
"134,10",Phthirudis,,,,
"134,20",Arthropodicae aliae,,,,
"134,30",Hirudiniasis,,,,
"134,98",INfestationes aliae,,,,
"134,99",INfestationes nud,,,,
"135,97",Sarcoidosis suspecta,,,,
"135,99",Sarcoides boeck,,,,
"136,01",Pneumocytosis,,,,
"136,02",Morbus protozoicus nud,,,,
"136,03","Morbus reiter, syndroma urethro-oculoarticularis",,,,
"136,04",Lymphocytosis infectiosa,,,,
"136,07",Morbus behcet,,,,
"136,08",Alii morbi infectiosi et parasitari,,,,
"136,09",Morbus infectiosus sive parasitarius nud,,,,
"140,01",Neoplasma malignum labii superioris,,,,
"140,11",Neoplasma malignum labii inferiosis,,,,
"140,21",Neoplasma malignum labiorum amborum,,,,
"140,99",Neoplasma malignum labii nud,,,,
"141,01",Neoplasma malignum baseos linguae,,,,
"141,11",Neoplasma malignum dorsale linguae,,,,
"141,21",Neoplasma malignum marginum linguae et apicis linguae,,,,
"141,31",Neoplasma malignum ventrale linguae,,,,
"141,97",Neoplasma malignum linguae loco multiplici,,,,
"141,99",Neoplasma malignum linguae nud,,,,
"142,01",Neoplasma malignum glandulae parotidis,,,,
"142,81",Neoplasma malignum glandulae submaxillaris,,,,
"142,82",Neoplasma malignum glandulae sublingualis,,,,
"142,87",Neoplasma malignum glandulae salivariae loco multiplici,,,,
"142,99",Neoplasma malignum glandulae salivariae nud,,,,
"143,01",Neoplasma malignum maxillae gingivae,,,,
"143,11",Neoplasma malignum mandibulae gingivae,,,,
"143,97",Neoplasma malignum gingivae loco multiplici,,,,
"143,99",Neoplasma malignum gingivae nud,,,,
"144,99",Neoplasma malignum baseos oris,,,,
"145,01",Neoplasma malignum mucosae buccae,,,,
"145,11",Neoplasma malignum palati (duri) (mollis),,,,
"145,81",Neoplasma malignum oris loco alio definito,,,,
"145,87",Neoplasma malignum oris loco multiplici,,,,
"145,99",Neoplasma malignum partium aliarum oris sive nud,,,,
"146,01",Neoplasma malignum tonsillae,,,,
"146,81",Neoplasma malignum oropharyngis loco alio definito,,,,
"146,87",Neoplasma malignum oropharyngis loco multiplici,,,,
"146,99",Neoplasma malignum oropharyngis nud,,,,
"147,99",Neoplasma malignum nasopharyngis,,,,
"148,01",Neoplasma malignum regionis postcricoideae,,,,
"148,11",Neoplasma malignum fossae piriformis,,,,
"148,88",Neoplasma malignum hypopharyngis loco alio definito,,,,
"148,97",Neoplasma malignum hypopharyngis loco multiplici,,,,
"148,99",Neoplasma malignum hypopharyngis nud,,,,
"149,99",Neoplasma malignum pharyngis nud,,,,
"150,00",Neoplasma malignum oesophagi tractus superioirs,,,,
"150,01",Neoplasma malignum oesophagi tractus mediani,,,,
"150,02",Neoplasma malignum oesophagi tractus inferioris,,,,
"150,07",Neoplasma malignum oesophagi loco multiplici,,,,
"150,09",Neoplasma malignum oesophagi nud,,,,
"151,01",Neoplasma malignum cardiae,,,,
"151,11",Neoplasma malignum pylori,,,,
"151,81",Neoplasma malignum fundi sive corporis ventriculi,,,,
"151,87",Neoplasma malignum ventriculi loco multiplici,,,,
"151,99",Neoplasma malignum ventriculi nud,,,,
"152,01",Neoplasma malignum duodeni,,,,
"152,81",Neoplasma malignum jejuni,,,,
"152,82",Neoplasma malignum ilei,,,,
"152,87","Neoplasma malignum intestini tenuis, duodeno incluso, loco multiplici",,,,
"152,99","Neoplasma malignum intestini tenuis, duodeno incluso, nud",,,,
"153,01",Neoplasma malignum appendicis,,,,
"153,02",Neoplasma malignum caeci,,,,
"153,03",Neoplasma malignum coli ascendentis,,,,
"153,11",Neoplasma malignum coli tranversi (flexuris hepatica et splenica inclusis),,,,
"153,21",Neoplasma malignum coli descendentis,,,,
"153,31",Neoplasma malignum coli sigmoidei,,,,
"153,87","Neoplasma malignum intestini crassi, recto excepto loco multiplici",,,,
"153,89",Neoplasma malignum coli nud,,,,
"153,99",Neoplasma malignum tractus intestini nud,,,,
"154,01",Neoplasma malignum flexurae recto-sigmoideae,,,,
"154,11",Neoplasma malignum recti,,,,
"154,21",Neoplasma malignum canalis analis,,,,
"155,01",Neoplasma malignum hepatis primarium,,,,
"155,11",Neoplasma malignum viarum biliferarum intrahepaticarum primarium,,,,
"156,01",Neoplasma malignum vesicae felleae,,,,
"156,11",Neoplasma malignum viarum biliferarum extrahepaticarum,,,,
"156,21",Neoplasma malignum papillae vateri,,,,
"156,99",Neoplasma malignum viarum biliferarum nud,,,,
"157,01",Neoplasma malignum capitis pancreatis,,,,
"157,87",Neoplasma malignum pancreatis loco multiplici,,,,
"157,88",Neoplasma malignum pancreatis loco alio definito,,,,
"157,99",Neoplasma malignum pancreatis nud,,,,
"158,01",Neoplasma malignum telae retroperitonealis,,,,
"158,90",Neoplasma malignum peritonei,,,,
"158,99",Neoplasma malignum peritonei et telae retroperitonealis nud,,,,
"159,99",Neoplasma malignum organorum digestionis nud,,,,
"160,01",Neoplasma malignum nasi (interni) et cavitatum nasi,,,,
"160,11",Neoplasma malignum tubae pharyngo-tympanicae et auris mediae,,,,
"160,21",Neoplasma malignum sinus maxillaris,,,,
"160,81",Neoplasma malignum sinus alterius nasi,,,,
"160,87","Neoplasma malignum nasi,cavitat.nasi,auris mediae et sin.access.loco mult.",,,,
"160,99","Neoplasma malignum nasi, cavitatum nasi, auris mediae et sin. access. nud",,,,
"161,01","Neoplasma malignum glottidis, plicae vocalis",,,,
"161,88",Neoplasma malignum laryngis loco alio definito,,,,
"161,89",Neoplasma malignum laryngis loco multiplici,,,,
"161,99",Neoplasma malignum laryngis nud,,,,
"162,01",Neoplasma malignum (primarium) tracheae,,,,
"162,11",Neoplasma malignum (primarium) bronchi,,,,
"162,12",Neoplasma malignum (primarium) lobi superioris pulmonis,,,,
"162,13",Neoplasma malignum (primarium) lobi medii pulmonis,,,,
"162,14",Neoplasma malignum (primarium) lobi inferioris pulmonis,,,,
"162,17","Neoplasma malignum (primarium) pulmonis, loco multiplici",,,,
"162,18","Neoplasma malignum (primarium) pulmonis, loco alio sive nud",,,,
"162,19","Neoplasma malignum tracheae, bronchi et pulm. nud, prim. sive sec. non ind.",,,,
"163,01",Neoplasma malignum (primarium) pleurae,,,,
"163,11",Neoplasma malignum (primarium) mediastini,,,,
"163,98",Neoplasma malignum (primarium) organorum respirationis aliorum loco alio,,,,
"163,99",Neoplasma malignum (primarium) organorum respirationis nud,,,,
"170,01",Neoplasma malignum ossium cranii et faciei,,,,
"170,11",Neoplasma malignum ossis mandiblulae,,,,
"170,21",Neoplasma malignum columnae vertebralis (sacro et coccyge exclusis),,,,
"170,31","Neoplasma malignum costae, sterni et claviculae",,,,
"170,41",Neoplasma malignum ossium longorum extremitatis superioris et scapulae,,,,
"170,51",Neoplasma malignum ossium brevium extremitatis superioris,,,,
"170,61","Neoplasma malignum ossium pelvis,sacri et coccygis",,,,
"170,71",Neoplasma malignum ossium longorum extremitatis inferioris,,,,
"170,81",Neoplasma malignum ossium brevium extremitatis inferioris,,,,
"170,97",Neoplasma malignum ossium loco multiplici,,,,
"170,99",Neoplasma malignum ossium nud,,,,
"171,01","Neoplasma malignum telae conjunct.et telae moll.alt.capit,faciei et colli",,,,
"171,11",Neoplasma malignum telae conjunctivae et telae mollis alterius trunci,,,,
"171,12",Neoplasma malignum telae conjunctivae et telae mollis alterius cordis,,,,
"171,21",Neopl.mal.telae conjunct.et telae mollis alter.extrem.super.reg.scapul.incl,,,,
"171,31",Neopl.malign.telae conjunct.et telae mollis alter.extrem.inf.reg.coxae incl,,,,
"171,97",Neoplasma malignum telae conjunctivae et telae mollis alter.loco multiplici,,,,
"171,99",Neoplasma malignum telae conunctivae et telae mollis alterius nud,,,,
"172,01",Melanoma malignum cutis labiorum oris,,,,
"172,11",Melanoma malignum cutis palpebrae (cantho incluso),,,,
"172,21",Melanoma malignum cutis auris (canali externo incluso),,,,
"172,39",Melanoma malignum cutis faciei loco alio et nud,,,,
"172,41",Melanoma malignum cutis verticis et colli,,,,
"172,51",Melanoma malignum cutis scroti,,,,
"172,61",Melanoma malignum cutis trunci,,,,
"172,71",Melanoma malignum cutis extremitatis superioris,,,,
"172,81",Melanoma malignum cutis extremitatis inferioris,,,,
"172,97",Melanoma malignum cutis loco multiplici,,,,
"172,99",Melanoma malignum cutis nud,,,,
"173,01",Neoplasma malignum cutis labiorum oris,,,,
"173,11",Neoplasma malignum cutis palpebrae (cantho incluso),,,,
"173,21",Neoplasma malignum cutis auris (canali externo incluso),,,,
"173,31","Neoplasma malignum cutis faciei, loco alio definito",,,,
"173,41",Neoplasma malignum cutis verticis et colli,,,,
"173,51",Neoplasma malignum cutis scroti,,,,
"173,61",Neoplasma malignum cutis trunci,,,,
"173,71",Neoplasma malignum cutis extremitatis superioris,,,,
"173,81",Neoplasma malignum cutis extremitatis inferioris,,,,
"173,97",Neoplasma malignum cutis loco multiplici,,,,
"173,99",Neoplasma malignum cutis nud,,,,
"174,01",Neoplasma malignum cutis mammae,,,,
"174,02",Neoplasma malignum glandulae mammae,,,,
"174,09",Neoplasma malignum mammae nud,,,,
"180,99",Neoplasma malignum cervicis uteri,,,,
"181,99",Chorioepithelioma,,,,
"182,00",Carcinoma corporis uteri,,,,
"182,01",Carcinoma corporis et cervicis uteri,,,,
"182,02",Sarcoma uteri,,,,
"182,99",Neoplasma malignum uteri nud,,,,
"183,01",Neoplasma malignum ovarii,,,,
"183,11",Neolasma malignum tubae uterinae et ligamenti lati,,,,
"183,97","Neoplasma malignum ovarii, tubae uterinae, ligamenti lati loco multiplici",,,,
"183,99","Neoplasma malignum ovarii, tubae uterinae, ligamenti lati nud",,,,
"184,01",Neoplasma malignum vaginae,,,,
"184,11",Neoplasma malignum vulvae,,,,
"184,88",Neoplasma malignum genitalium feminae loco alio definito,,,,
"184,99",Neoplasma malignum genitalium feminae nud,,,,
"185,99",Neoplasma malignum prostatae,,,,
"186,99",Neoplasma malignum testis,,,,
"187,01",Neoplasma malignum penis,,,,
"187,80",Neoplasma malignum scroti,,,,
"187,88",Neoplasma malignum genitalium viri loco alio definito,,,,
"187,89",Neoplasma malignum genitalium viri loco multiplici,,,,
"187,99",Neoplasma malignum genitalium viri nud,,,,
"188,99",Neoplasma malignum vesicae urinariae,,,,
"189,00",Neoplasma malignum renis (pelve excepta),,,,
"189,11",Neoplasma malignum pelvis renis,,,,
"189,21",Neoplasma malignum ureteris,,,,
"189,90",Neoplasma malignum urethrae,,,,
"189,91",Neoplasma malignum urachi,,,,
"189,97",Neoplasma malignum organorum urinariorum aliorum loco alio definito,,,,
"189,98",Neoplasma malignum organorum urinariorum aliorum loco multiplici,,,,
"189,99",Neoplasma malignum organorum urinariorum aliorum nud,,,,
"190,00",Neoplasma malignum conjunctivae,,,,
"190,01","Neoplasma malignum bulbi oculi, (conjunctiva exclusa)",,,,
"190,02",Neoplasma malignum extrabulbare oculi,,,,
"190,03",Neoplasma malignum retinae,,,,
"190,04",Neoplasma malignum orbitae,,,,
"190,07",Neoplasma malignum oculi loco alio definito,,,,
"190,08",Neoplasma malignum oculi loco multiplici,,,,
"190,09",Neoplasma malignum oculi nud,,,,
"191,00",Neoplasma malignum lobi frontalis cerebri,,,,
"191,01",Neoplasma malignum lobi temporalis cerebri,,,,
"191,02",Neoplasma malignum lobi parietalis cerebri,,,,
"191,03",Neoplasma malignum lobi occipitalis cerebri,,,,
"191,04",Neoplasma malignum ganglii centralis cerebri,,,,
"191,05",Neoplasma malignum hypothalami cerebri,,,,
"191,06",Neoplasma malignum pontis sive medullae oblongatae cerebri,,,,
"191,07",Neoplasma malignum cerebelli,,,,
"191,08",Neoplasma malignum cerebri loco multiplici,,,,
"191,09",Neoplasma malignum cerebri nud,,,,
"192,00",Neoplasma malignum nervorum cranialium,,,,
"192,01",Neoplasma malignum nervi optici,,,,
"192,10",Neoplasma malignum meningum cerebralium,,,,
"192,21",Neoplasma malignum medullae spinalis,,,,
"192,31",Neoplasma malignum meningum spinalium,,,,
"192,41",Neoplasma malignum nervorum periphericorum,,,,
"192,51",Neoplasma malignum systematis sympathici,,,,
"192,97","Neoplasma malignum systematis nervosi, loco alio loco multiplici",,,,
"192,99","Neoplasma malignum systematis nervosi, loco alio nud",,,,
"193,99",Neoplasma malignum thyreoideae,,,,
"194,01",Neoplasma malignum glandulae suprarenalis,,,,
"194,11",Neoplasma malignum glandulae parathyreoideae,,,,
"194,21",Neoplasma malignum thymi,,,,
"194,31",Neoplasma malignum glandulae pituitariae et ductus craniopharyngici,,,,
"194,41",Neoplasma malignum glandulae pinealis,,,,
"194,87",Neoplasma malignum glandularum endocrinarum aliarum loco multiplici,,,,
"194,88",Neoplasma malignum glandularum endocrinarum aliarum loco alio definito,,,,
"194,99",Neoplasma malignum glandularum endocrinarum nud,,,,
"195,01","Neoplasma malignum abdominis, carcinoma intraabdominale",,,,
"195,11","Neoplasma malignum pelvis, viscerum pelvis, septi recto-vaginalis",,,,
"195,90",Neoplasma malignum capitis sive colli,,,,
"195,91",Neoplasma malignum thoracis,,,,
"195,92",Neoplasma malignum extremitatis,,,,
"195,98",Neoplasma malignum loco alio male definito,,,,
"196,01","Neoplasma malignum lymphonodorum secundarium capitis, faciei et colli",,,,
"196,11",Neoplasma malignum lymphonodorum secundarium intrathoracicorum,,,,
"196,21",Neoplasma malignum lymphonodorum secundarium intraabdominalium,,,,
"196,31",Neoplasma malignum lymphonodorum secund.axillae et extremitatis Superioris,,,,
"196,41",Neoplasma malignum lymphonodorum secund.inguinis et extremitatis INferioris,,,,
"196,71",Neoplasma malignum lymphonodorum secundarium loco alio definito,,,,
"196,81",Neoplasma malignum lymphonodorum secundarium loco multiplici,,,,
"196,99",Neoplasma malignum lymphonodorum nud,,,,
"197,01",Neoplasma malignum secundarium pulmonis,,,,
"197,11",Neoplasma malignum secundarium mediastini,,,,
"197,21",Neoplasma malignum secundarium pleurae,,,,
"197,31",Neoplasma malignum secundarium organorum respirationis aliorum,,,,
"197,41",Neoplasma malignum secundarium intestini tenuis (duodeno incluso),,,,
"197,51",Neoplasma malignum secundarium intestini crassi et recti,,,,
"197,61",Neoplasma malignum secundarium peritonei,,,,
"197,71",Neoplasma malignum secundarium hepatis,,,,
"197,81",Neoplasma malignum hepatis nud,,,,
"197,91",Neoplasma malignum secundarium loco alio,,,,
"198,01",Neoplasma malignum secundarium vesicae urinariae,,,,
"198,18",Neoplasma malignum secundarium organorum urinariorum aliorum,,,,
"198,21",Neoplasma malignum secundarium cutis,,,,
"198,31",Neoplasma malignum secundarium cerebri,,,,
"198,48",Neoplasma malignum secundarium partis alterius systematis nervosi,,,,
"198,51",Neoplasma malignum secundarium ossium,,,,
"198,98",Neoplasma malignum secundarium partium aliarum,,,,
"199,01",Neoplasma malignum partis non indicatae multiplex nud,,,,
"199,18",Neoplasma malignum partis non indicatae aliud nud,,,,
"200,01","Reticulosarcoma pharyngis, tonsilla inclusa",,,,
"200,02",Reticulosarcoma tractus gastrointestinalis,,,,
"200,03",Reticulosarcoma corporis alterius part. (lymph.intrathor.et intraabd.incl.),,,,
"200,08",Reticulosarcoma loco non indicato sive generalisatum,,,,
"200,11","Lymphosarcoma pharyngis, tonsilla inclusa",,,,
"200,12",Lymphosarcoma tractus gastrointestinalis,,,,
"200,13",Lymphosarcoma loco alio (lymphonodis intrathoracicis et intraabd. incl.),,,,
"200,18",Lymphosarcoma loco non indicato sive generalisatum,,,,
"201,99",Lymphogranulomatosis maligna,,,,
"202,00",Lymphoma giganto-folliculare,,,,
"202,19",Mycosis fungoides,,,,
"202,28",Neoplasma primarium malignum telae lymphaticae,,,,
"202,93","Neoplasma benignum sive nud, medullae osseae",,,,
"202,98",Lymphomata alia telae lymphaticae,,,,
"203,99","Myeloma multiplex, myelomatosis",,,,
"204,00",Leuchaemia lymphatica acuta (lymphoblastica),,,,
"204,15",Leuchaemia lymphatica chronica,,,,
"204,90",Leuchaemia lymphatica nud,,,,
"205,00",Leuchaemia myeloides acuta (myeloblastica),,,,
"205,15",Leuchaemia myeloides chronica,,,,
"205,90",Leuchaemia myeloides nud,,,,
"206,00",Leuchaemia monocytica acuta,,,,
"206,15",Leuchaemia monocytica chronica,,,,
"206,99",Leuchaemia monocytica nud,,,,
"207,00",Leuchaemia (blastica) acuta,,,,
"207,10",Leuchaemia chronica,,,,
"207,28",Erythraemia acuta (morbus di guglielmo),,,,
"207,99",Leuchaemia nud,,,,
"208,99","Polycythaemia vera, osler",,,,
"209,99",Myelofibrosis,,,,
"210,00",Neoplasma benignum labii mucosae,,,,
"210,10",Neoplasma benignum linguae,,,,
"210,20",Neoplasma benignum glandulae salivariae,,,,
"210,30",Neoplasma benignum baseos oris,,,,
"210,49","Neoplasma benignum oris, loco alio et nud",,,,
"210,50",Neoplasma benignum tonsillae,,,,
"210,68",Neoplasma benignum partium aliarum indicatarum oropharyngis,,,,
"210,70",Neoplasma benignum nasopharyngis,,,,
"210,80",Neoplasma benignum hypopharyngis,,,,
"210,99",Neoplasma benignum pharyngis nud,,,,
"211,00",Neoplasma benignum oesophagi,,,,
"211,10",Neoplasma benignum ventriculi,,,,
"211,20",Neoplasma benignum intestini tenuis,,,,
"211,21",Neoplasma benignum duodeni,,,,
"211,22",Neoplasma benignum ilei,,,,
"211,23",Neoplasma benignum jejuni,,,,
"211,31",Neoplasma benignum appendicis,,,,
"211,32",Neoplasma benignum caeci,,,,
"211,33",Neoplasma benignum coli ascendentis,,,,
"211,34","Neoplasma benignum coli tranversi, (flexuris hepatica et splenica inclusis)",,,,
"211,35",Neoplasma benignum coli descendentis,,,,
"211,36",Neoplsama benignum coli sigmoidei,,,,
"211,39",Neoplasma benignum coli nud,,,,
"211,40",Neoplasma benignum recti,,,,
"211,50",Neoplasma benignum hepatis,,,,
"211,51",Neoplasma benignum vesicae felleae,,,,
"211,52",Neopl.benignum viarum biliferarum extrahepaticarum (papilla vateri inclusa),,,,
"211,60",Neoplasma benignum pancreatis,,,,
"211,70",Neoplasma benignum peritonei et telae retroperitonealis,,,,
"211,99",Neoplasma benignum organorum digestionis nud,,,,
"212,00",Neoplasma benignum cavi nasi,,,,
"212,01",Neoplasma benignum tubae pharyngo-tympanicae et auris mediae,,,,
"212,02",Neoplasma benignum sinus maxillaris,,,,
"212,07",Neoplasma benignum sinus alterius definiti,,,,
"212,08","Neoplasma benignum nasi, loco multiplici",,,,
"212,09","Neoplasma benignum nasi, nud",,,,
"212,10",Neoplasma benignum laryngis,,,,
"212,20",Neoplasma benignum tracheae,,,,
"212,30",Neoplasma benignum bronchi et pulmonis,,,,
"212,40",Neoplasma benignum pleurae,,,,
"212,50",Neoplasma benignum mediastini,,,,
"212,99",Neoplasma benignum systematis respirationis nud,,,,
"213,00",Neoplasma benignum ossis mandibulae (dentibus inclusis),,,,
"213,01",Neoplasma benignum columnae vertebralis (sacro et coccyge exclusis),,,,
"213,02","Neoplasma benignum costae, sterni, claviculae",,,,
"213,03",Neoplasma benignum ossium longorum extremitatis superioris et scapulae,,,,
"213,04",Neoplasma benignum ossium brevium extremitatis superioris,,,,
"213,05","Neoplasma benignum ossium pelvis, sacri, coccygis",,,,
"213,06",Neoplasma benignum ossium longorum extremitatis inferioris,,,,
"213,07",Neoplasma benignum ossium brevium extremitatis inferioris,,,,
"213,08",Neoplasma benignum ossium et cartilaginum loco alio sive multiplici,,,,
"213,09",Neoplasma benignum ossium et cartilaginum nud,,,,
"214,99",Lipoma. benign,,,,
"215,01",Neopl.benignum telae muscul. et conjunct. capitis (facie incl.) et colli,,,,
"215,02",Neoplasma benignum telae musculorum et conjunctivae trunci,,,,
"215,03",Neopl. benignum telae muscul. et conjunct. extrem.super.(reg.scapul.incl.),,,,
"215,04",Neopl. benignum telae muscul. et conjunct. extrem.infer.(reg.gluteae incl.),,,,
"215,05",Neoplasma benignum telae musculorum et conjunctivae loco multiplici,,,,
"215,09",Neoplasma benignum telae musculorum et conjuncivae nud,,,,
"216,01",Neoplasma benignum cutis labii oris,,,,
"216,02",Neoplasma benignum cutis palpebrae (cantho incluso),,,,
"216,03",Neoplasma benignum cutis auris (canali externo incluso),,,,
"216,04",Neoplasma benignum cutis partis alterius faciei sive faciei nud,,,,
"216,05",Neoplasma benignum cutis capillitii,,,,
"216,06",Neoplasma benignum cutis trunci,,,,
"216,07",Neoplasma benignum cutis extremitatis superioris,,,,
"216,08",Neoplasma benignum cutis extremitatis inferioris,,,,
"216,09","Neoplasma benignum cutis trunci et extremitatis, loco multiplici sive nud",,,,
"216,10",Neoplasma benignum folliculorum pilorum et glandularum sebacearum,,,,
"216,20",Neoplasma benignum glandularum sudoriferarum et ductus sudoriferi,,,,
"216,88",Neoplasma benignum cutis loco alio definito,,,,
"216,99",Neoplasma benignum cutis nud,,,,
"217,99",Neoplasma benignum mammae,,,,
"218,99",Myoma uteri,,,,
"219,00","Papilloma uteri, polypus uteri",,,,
"219,10",Cysta benigna uteri,,,,
"219,98",Neoplasma benignum uteri loco alio definito,,,,
"219,99",Neoplasma benignum uteri nud,,,,
"220,99",Neoplasma benignum ovarii,,,,
"221,01",Neoplasma benignum tubae uterinae et ligamenti lati,,,,
"221,10",Neoplasma benignum vaginae,,,,
"221,20",Neoplasma benignum vulvae,,,,
"221,80",Neoplasma benignum genitalium feminae loco alio definito,,,,
"221,99",Neoplasma benignum genitalium feminae nud,,,,
"222,00",Neoplasma benignum testis,,,,
"222,10",Neoplasma benignum penis,,,,
"222,80",Neoplasma benignum scroti,,,,
"222,88",Neoplasma benignum genitalium viri loco alio definito,,,,
"222,99",Neoplasma benignum genitalium viri nud,,,,
"223,00",Neoplasma benignum renis (pelve excepta),,,,
"223,10",Neoplasma benignum pelvis renis,,,,
"223,20",Neoplasma benignum ureteris,,,,
"223,30",Neoplasma benignum vesicae urinariae,,,,
"223,88",Neoplasma benignum organorum urinariorum loco alio definito,,,,
"223,99",Neoplasma benignum organorum urinariorum nud,,,,
"224,00",Neoplasma benignum conjunctivae,,,,
"224,01",Neoplasma benignum corneae,,,,
"224,02",Neoplasma benignum uveae,,,,
"224,03",Neoplasma benignum nervi optici,,,,
"224,04",Neoplasma benignum retinae,,,,
"224,05",Neoplasma benignum orbitae,,,,
"224,08",Neoplasma benignum oculi loco alio definito,,,,
"224,09",Neoplasma benignum oculi nud,,,,
"225,00",Neoplasma benignum cerebri,,,,
"225,10",Neoplasma benignum nervorum cranialium,,,,
"225,20",Neoplasma benignum meningum cerebralium,,,,
"225,30",Neoplasma benignum medullae spinalis,,,,
"225,40",Neoplasma benignum meningum spinalium,,,,
"225,50",Neoplasma benignum nervorum periphericorum,,,,
"225,60",Neoplasma benignum systematis sympathici,,,,
"225,99",Neoplasma benignum cerebri et partium systematis nervosi aliarum nud,,,,
"226,00","Neoplasma benignum glandulae suprarenalis, cortisolum producentis",,,,
"226,01","Neoplasma benignum glandulae suprarenalis, androgenum producentis",,,,
"226,02","Neoplasma benignum glandulae suprarenalis, aldosteronum producentis",,,,
"226,03","Neoplasma benignum glandulae suprarenalis, oestrogenum producentis",,,,
"226,08",Neoplasma benignum glandulae suprarenalis sine functione endocrina,,,,
"226,09",Neoplasma benignum glandulae suprarenalis nud,,,,
"226,10",Neoplasma benignum thymi,,,,
"226,20",Neoplasma benignum glandulae pituitariae et ductus craniopharyngici,,,,
"226,30",Neoplasma benignum glandulae pinealis,,,,
"226,80",Neoplasma benignum glandularum endocrinarium loco alio definito,,,,
"226,99",Neoplasma benignum glandularum endocrinarum nud,,,,
"227,00",Haemangioma,,,,
"227,01",Lymphangioma,,,,
"228,99",Neoplasma benignum organorum (telae) aliorum sive nud,,,,
"230,00",Neoplasma non definitum oesophagi,,,,
"230,10",Neoplasma non definitum ventriculi,,,,
"230,20",Neoplasma non definitum duodeni,,,,
"230,28","Neoplasma non definitum intestini tenuis, loco alio definito",,,,
"230,29","Neoplasma non definitum intestini tenuis, nud",,,,
"230,30","Neoplasma non definitum caeci, appendicis, coli ascendentis",,,,
"230,31",Neoplasma non definitum coli transversi (flexur. hepatica et splenica incl),,,,
"230,32",Neoplasma non definitum coli descendentis,,,,
"230,33",Neoplasma non definitum coli sigmoidei,,,,
"230,34",Neoplasma non definitum coli nud,,,,
"230,39",Neoplasma non definitum intestini crassi (recto excluso) nud,,,,
"230,40",Neoplasma non definitum recti,,,,
"230,50",Neoplasma non definitum hepatis primarium,,,,
"230,51",Neoplasma non definitum vesicae felleae,,,,
"230,52",Neoplasma non definitum viar. biliferarum extrahepat. (papilla vateri incl),,,,
"230,60",Neoplasma non definitum pancreatis,,,,
"230,70",Neoplasma non definitum peritonei,,,,
"230,99",Neoplasma non definitum organorum digestionis nud,,,,
"231,00",Neoplasma non definitum cavi nasi,,,,
"231,01",Neoplasma non definitum tubae pharyngo-tympanicae et auris mediae,,,,
"231,02",Neoplasma non definitum sinus maxillaris,,,,
"231,03",Neoplasma non definitum sinus alterius indicati,,,,
"231,04","Neoplasma non definitum nasi, loco multiplici",,,,
"231,09",Neoplasma non definitum nasi nud,,,,
"231,10",Neoplasma non definitum laryngis,,,,
"231,20",Neoplasma non definitum tracheae,,,,
"231,30",Neoplasma non definitum bronchi et pulmonis,,,,
"231,40",Neoplasma non definitum pleurae,,,,
"231,50",Neoplasma non definitum mediastini,,,,
"231,99",Neoplasma non definitum organorum respirationis nud,,,,
"232,00",Neoplasma non definitum ossium et cartilaginum cranii et faciei,,,,
"232,01",Neoplasma non definitum ossium et cartilaginum mandibulae,,,,
"232,02",Neopl.non defin.ossium et cartilag.column.vertebral.(sacro et coccyge excl),,,,
"232,03","Neoplasma non definitum ossium et cartilaginum costae, sterni, claviculae",,,,
"232,04",Neoplasma non definitum ossium longorum extremitatis superioris et Scapulae,,,,
"232,05",Neoplasma non definitum ossium brevium extremitatis superioris,,,,
"232,06","Neoplasma non definitum ossium et cartilaginum pelvis, sacri, coccygis",,,,
"232,07",Neoplasma non definitum ossium longorum extremitatis inferioris,,,,
"232,08",Neoplasma non definitum ossium brevium extremitatis inferioris,,,,
"232,09","Neoplasma non definitum ossium, cartilaginum, articulorum nud",,,,
"232,10",Neoplasma non defin. muscul. (telae conjunct.) capit. (facie incl.)et colli,,,,
"232,11",Neoplasma non definitum musculorum (telae conjunctivae) trunci,,,,
"232,12",Neoplasma non defin.muscul.(telae conjunctivae)extrem.super.(reg.scap.incl),,,,
"232,13",Neoplasma non defin.muscul.(telae conjunct.)extrem.infer.(reg.glut.incl.),,,,
"232,19",Neoplasma non definitum musculorum (telae conjunctivae) nud,,,,
"232,20",Neoplasma non definitum cutis labii,,,,
"232,21",Neoplasma non definitum cutis palpebrae (cantho incluso),,,,
"232,22",Neoplasma non definitum cutis auris (canali externo incluso),,,,
"232,23","Neoplasma non definitum cutis faciei, loco alio sive nud",,,,
"232,24",Neoplasma non definitum capillitii,,,,
"232,25",Neoplasma non definitum cutis trunci,,,,
"232,26",Neoplasma non definitum cutis extremitatis superioris,,,,
"232,27",Neoplasma non definitum cutis extremitatis inferioris,,,,
"232,29",Neoplasma non definitum cutis nud,,,,
"233,99",Neoplasma non definitum mammae,,,,
"234,00",Carcinoma stadium 0 (non invasivum) cervicis uteri,,,,
"234,10",Neoplasma non definitum cervicis uteri aliud,,,,
"234,90",Neoplasma non definitum corporis uteri,,,,
"234,91",Neoplasma non definitum corporis et endocervicis uteri,,,,
"234,98",Neoplasma non definitum uteri loco alio definito (chorioepitheliomate incl),,,,
"234,99",Neoplasma non definitum uteri nud,,,,
"235,99",Neoplasma non definitum ovarii,,,,
"236,00",Neoplasma non definitum tubae uterinae et ligamenti lati,,,,
"236,10",Neoplasma non definitum vaginae,,,,
"236,20",Neoplasma non definitum vulvae,,,,
"236,88",Neoplasma non definitum genitalium feminae loco alio definito,,,,
"236,99",Neoplasma non definitum genitalium feminae nud,,,,
"237,00",Neoplasma non definitum testis,,,,
"237,10",Neoplasma non definitum penis,,,,
"237,20",Neoplasma non definitum scroti,,,,
"237,21","Neoplasma non definitum genitalium viri , loco alio definito",,,,
"237,29",Neoplasma non definitum genitalium viri nud,,,,
"237,30",Neoplasma non definitum renis (pelve excepta),,,,
"237,40",Neoplasma non definitum pelvis renis,,,,
"237,50",Neoplasma non definitum ureteris,,,,
"237,60",Neoplasma non definitum vesicae urinariae,,,,
"237,90",Neoplasma non definitum organorum urinariorum loco alio definito,,,,
"237,99",Neoplasma non definitum organorum urinariorum nud,,,,
"238,01",Neoplasma non definitum conjunctivae,,,,
"238,02",Neoplasma non definitum corneae,,,,
"238,03",Neoplasma non definitum uveae,,,,
"238,06",Neoplasma non definitum retinae,,,,
"238,07",Neoplasma non definitum orbitae,,,,
"238,08","Neoplasma non definitum oculi, loco alio definito",,,,
"238,09",Neoplasma non definitum oculi nud,,,,
"238,10",Neoplasma non definitum cerebri,,,,
"238,20",Neoplasma non definitum nervorum cranialium,,,,
"238,21",Neoplasma non definitum nervi optici,,,,
"238,30",Neoplasma non definitum meningum cerebralium,,,,
"238,40",Neoplasma non definitum medullae spinalis,,,,
"238,50",Neoplasma non definitum meningum spinalium,,,,
"238,60",Neoplasma non definitum nervorum periphericorum,,,,
"238,70",Neoplasma non definitum systematis sympathici,,,,
"238,99",Neoplasma non definitum partium aliarum systematis nervosi nud,,,,
"239,00",Neoplasma non definitum labii,,,,
"239,01",Neoplasma non definitum linguae,,,,
"239,02",Neoplasma non definitum glandulae salivariae,,,,
"239,03",Neoplasma non definitum oris,,,,
"239,04",Neoplasma non definitum tonsillae,,,,
"239,05",Neoplasma non definitum pharyngis,,,,
"239,09",Neoplasma non definitum cavi oris et pharyngis nud,,,,
"239,10",Neoplasma non definitum glandulae suprarenalis,,,,
"239,11",Neoplasma non definitum glandulae parathyreoideae,,,,
"239,12",Neoplasma non definitum glandulae pinealis,,,,
"239,13",Neoplasma non definitum glandulae thymi,,,,
"239,14",Neoplasma non definitum glandulae thyreoideae,,,,
"239,15",Neoplasma non definitum glandulae alterius definitae,,,,
"239,90",Neoplasma non definitum glandulae pituitariae et ductus craniopharyngici,,,,
"239,99",Neoplasma non definitum organorum alio loco sive nud,,,,
"240,00",Struma simplex endemica,,,,
"240,10",Struma simplex sporadica,,,,
"240,99",Struma simplex nud,,,,
"241,00",Struma nodosa atoxica endemica,,,,
"241,10",Struma nodosa atoxica sporadica,,,,
"241,99",Struma nodosa atoxica nud,,,,
"242,00","Thyreotoicosis cum struma diffusa et exophthalmo, morbus basedowi",,,,
"242,09",Thyreotoxicosis cum struma diffusa nud,,,,
"242,10",Thyreotoxicosis cum struma nodosa toxica,,,,
"242,20",Thyreotoxicosis struma non indicata,,,,
"243,99",Cretinismus congenitalis,,,,
"244,00",Myxoedema (hypothyreosis) post therapiam,,,,
"244,09",Myxoedema (hypothyreosis) nud,,,,
"245,00",Thyreoiditis subacuta de quervain,,,,
"245,01",Thyreoiditis acuta sive subacuta alia,,,,
"245,02",Thyreoiditis subchronica,,,,
"245,03",Thyreoiditis chronica,,,,
"245,04",Struma riedel,,,,
"245,09",Thyreoiditis nud,,,,
"246,99",Morbi thyreoideae alii,,,,
"250,00",Diabetes mellitus sine complicatione,,,,
"250,01",Cataracta diabetica,,,,
"250,02",Retinopathia diabetica,,,,
"250,03",Diabetes mellitus cum complicatione oculi alia sive nud,,,,
"250,04",Nephropathia diabetica,,,,
"250,05",Neuropathia diabetica. polyneuritis diabetica,,,,
"250,06",Gangraena diabetica,,,,
"250,07",Coma diabeticum,,,,
"250,08",Diabetes mellitus cum complicatione alia definita,,,,
"250,09",Diabetes mellitus nud,,,,
"251,01",Hypoglychaemia spontanea,,,,
"251,02",INsuloma,,,,
"251,03","Adenoma pancreatis, gastrinum secernens",,,,
"251,08",Functio laesa secretionis internae pancreatis non diabetica alia definita,,,,
"251,09",Functio laesa secretionis internae pancreatis non diabetica nud,,,,
"252,00",Hyperparathyreoidismus,,,,
"252,10",Tetania parathyreopriva,,,,
"252,19",Hypoparathyreoidismus alius sive nud,,,,
"252,98",Morbus parathyreoideae alius definitus,,,,
"252,99",Morbus parathyreoideae nud,,,,
"253,00",Acromegalia,,,,
"253,01",Gigantismus hypophysarius et hyperpituitarismus alius,,,,
"253,10",Panhypopituitarismus,,,,
"253,11",Hypopituitarismus partialis,,,,
"253,12",Nanismus hypophysarius,,,,
"253,13",Syndroma fröhlich (dystrophia adiposigenitalis),,,,
"253,14",Necrosis hypophysaria (sheehan),,,,
"253,19",Hypopituitarismus alius sive nud,,,,
"253,20",Adenoma chromophobicum pituitarium,,,,
"253,90",Diabetes insipidus,,,,
"253,98",Morbus hypophyseos alius definitus,,,,
"253,99",Morbus hypophyseos nud,,,,
"254,99",Morbi thymi,,,,
"255,00",Aldosteronismus. syndroma conn,,,,
"255,01",Syndroma adrenogenitalis acquisita,,,,
"255,02",Virilismus adrenocorticalis,,,,
"255,08",Hyperfunctio adrenocorticalis alia,,,,
"255,10",INsufficientia adrenocorticalis. morbus addison,,,,
"255,20",Pheochromocytoma,,,,
"255,98",Morbus glandulae suprarenalis alius definitus,,,,
"255,99",Morbus glandulae suprarenalis nud,,,,
"256,00",Hypergonadismus ovarii,,,,
"256,10",Hypogonadismus ovarii,,,,
"256,90",Syndroma stein-leventhal,,,,
"256,98",Laesio endocrina ovarii alia definita,,,,
"256,99",Laesio edocrina ovarii nud,,,,
"257,00",Hypergonadismus testis,,,,
"257,10",Hypogonadismus testis,,,,
"257,98",Laesio endocrina testis alia definita,,,,
"257,99",Laesio endocrina testis nud,,,,
"258,00",Syndroma cushing,,,,
"258,10",Dysfunctio polyglandularis endocrina,,,,
"258,98",Morbi systematis endocrini alii definiti,,,,
"258,99",Morbi systematis endocrini nud,,,,
"260,00",Nyctalopia ex avitaminosi a,,,,
"260,10",Keratomalacia ex avitaminosi a,,,,
"260,80",Morbus darier ex avitaminosi a,,,,
"260,81",Hemeralopia ex avitaminosi a,,,,
"260,98",Avitaminosis a alia definita,,,,
"260,99",Avitaminosis a nud,,,,
"261,00",Beriberi alcoholica,,,,
"261,01",Beriberi nud,,,,
"261,09",INsufficientia thiamini alia sive nud,,,,
"262,00",Pellagra alcoholica,,,,
"262,01",Pellagra nud,,,,
"262,09",INsufficientia niacini alia sive nud,,,,
"263,00",Ariboflavinosis,,,,
"263,10",Avitaminosis b6,,,,
"263,80",Avitaminosis b12,,,,
"263,81",Deficientia acidi folii,,,,
"263,88",Avitaminosis b alia definita,,,,
"263,99",Avitaminosis b nud,,,,
"264,01",Morbus barlow,,,,
"264,02",Scorbutus,,,,
"264,08",Avitaminosis c alia definita,,,,
"264,09",Avitaminosis c nud,,,,
"265,00",Rhachitis activa,,,,
"265,10","Rachitis, sequelae",,,,
"265,20",Osteomalacia,,,,
"265,99",Avitaminosis d nud,,,,
"266,00",Avitaminosis k,,,,
"266,80",Avitaminosis e,,,,
"266,88",Avitaminosis alia definita,,,,
"266,99",Avitaminosis nud,,,,
"267,99",Nutritio defectiva proteini,,,,
"268,99",Marasmus e malenutritione,,,,
"269,00",Steatorrhoea. sprue,,,,
"269,10",Malabsorptio nud,,,,
"269,90",Syndroma k-z,,,,
"269,98",INsufficientia nutritionis alia definita,,,,
"269,99",INsufficientia nutritionis nud,,,,
"270,00",Phenylketonuria,,,,
"270,10","Cystinuria, cystinosis",,,,
"270,20",Glycinuria,,,,
"270,21",Morbus hartnup,,,,
"270,28",Alii defectus transportationis aminoacidi,,,,
"270,30",Cystinosis,,,,
"270,40",maple syrup disease. leucinos,,,,
"270,50",Morbi metabolici purini et pyrimidini,,,,
"270,60",Alcaptonuria,,,,
"270,80",Albinismus universalis,,,,
"270,81",Albinismus partialis,,,,
"270,82",Homocystinuria,,,,
"270,88",Alii morbi congeniti metabolici aminoacidi alii definiti,,,,
"270,99",Alii morbi congeniti metabolici aminoacidi nud,,,,
"271,00",Glycogenosis generalisata gierke,,,,
"271,10",Glycogenses aliae,,,,
"271,20",Galactosaemia,,,,
"271,80",Fructosuria,,,,
"271,81",Pentosuria,,,,
"271,82",Oxalosis,,,,
"271,88",Morbi congeniti metabolici carbonhydratis alii definiti,,,,
"271,99",Morbi congeniti metabolici carbonhydratis nud,,,,
"272,00",Hypercholesterolaemia essentialis sive familiaris,,,,
"272,01",Hyperlipaemia hereditaria,,,,
"272,09",Xanthomatosis nud,,,,
"272,80",Morbus gaucher,,,,
"272,81",Morbus niemann-pick,,,,
"272,82",Heredopathia atactica polyneuritiformis (morbus refsum),,,,
"272,88",Morbi congeniti metabolici lipoidici alii definiti,,,,
"272,99",Morbi congeniti metabolici lipoidici nud,,,,
"273,00",Fibrosis cystica pancreatica. mucoviscidosis,,,,
"273,10",Porphyria cutanea tarda,,,,
"273,11",Porphyria acuta intermittens,,,,
"273,18",Alii morbi metabolici porphyrini,,,,
"273,20",Haemochromatosis,,,,
"273,30",Degeneratio hepatolenticularis wilson,,,,
"273,40",Hypophosphathaemia et alii morbi metabolici minerales,,,,
"273,50",ICterus intermittens juvenilis,,,,
"273,58",Alia deficientia secretionis bilirubini,,,,
"273,60",Morbi metabolici steroides,,,,
"273,80",Glucosuria renalis,,,,
"273,81",Diabetes insipidus nephrogenicus,,,,
"273,82",Gargoylismus,,,,
"273,88",Morbi congeniti metabolici alii definiti,,,,
"273,99",Morbi congeniti metabolici nud,,,,
"274,00",Arthritis urica. synovitis urica,,,,
"274,01",Nephropathia urica,,,,
"274,02",IRitis urica,,,,
"274,03",Phlebitis urica,,,,
"274,08",Diathesis urica alia definita,,,,
"274,09",Diathesis urica nud,,,,
"275,00",Agammaglobulinaemia,,,,
"275,10",Hypogammaglobulinaemia,,,,
"275,20",Analbuminaemia,,,,
"275,30",Bisalbuminaemia,,,,
"275,40",Cryoglobulinaemia,,,,
"275,50",Macroglobulinaemia waldenström,,,,
"275,98",Functio laesa metabolismi proteini plasmatis alia definita,,,,
"275,99",Functio laesa metabolismi proteini plasmatis nud,,,,
"276,99",Amyloidosis universalis,,,,
"277,99",Obesitas origine non endocrina,,,,
"278,00",Hypervitaminosis a,,,,
"278,10",Carotinaemia,,,,
"278,20",Hypervitaminosis d,,,,
"278,98",Hyperalimentatio alia definita,,,,
"278,99",Hyperalimentatio nud,,,,
"279,00",Hypercholesterolaemia non familiaris sive nud,,,,
"279,01","Hyperlipaemia, hyperglyceridaemia non familiaris nud",,,,
"279,02",Hypophosphathaemia non familiaris sive nud,,,,
"279,03",Morbus letterer-siwe,,,,
"279,04",Porphyria acquisita,,,,
"279,06",Morbus hand-schuller-christian,,,,
"279,07",Granuloma eosinophilicum ossium,,,,
"279,08",Morbi metabolici alii,,,,
"279,09",Morbi metabolici nud,,,,
"280,00",Anaemia posthaemorrhagica,,,,
"280,08",Anaemia sideropenica alia definita,,,,
"280,09",Anaemia sideropenica nud,,,,
"281,00",Anaemia perniciosa cum myelopathia spinali,,,,
"281,09",Anaemia perniciosa nud,,,,
"281,10","Anaemia e deficientia vitamini b12, alia",,,,
"281,20",Anaemia e deficientia acidi folii,,,,
"281,30",Anaemia e deficientia vitamini b6,,,,
"281,40",Anaemia e deficientia proteini,,,,
"281,98",Anaemia e deficientia alia definita,,,,
"281,99",Anaemia e deficientia nud,,,,
"282,00",Anaemia haemolytica cum sphaerocytosi hereditaria,,,,
"282,10",Anaemia haemolytica cum elliptocytosi hereditaria,,,,
"282,20",Anaemia haemolytica e deficientia g-6-pd (glykos-6-fosfatdehydrogenas),,,,
"282,30",Anaemia haemolytica e deficientia pk (pyruvatkinas),,,,
"282,38",Anaemia haemolytica sine sphaerocytosi alia,,,,
"282,40",Thalassaemia,,,,
"282,50",Anaemia haemolytica haemoglobinopathica,,,,
"282,98",Anaemia haemolytica hereditaria alia definita,,,,
"282,99",Anaemia haemolytica hereditaria nud,,,,
"283,00",Anaemia haemolytica acquisita acuta,,,,
"283,90",Anaemia autoimmunisatoria primaria,,,,
"283,91",Anaemia autoimmunisatoria secundaria,,,,
"283,92",Haemoglobulinuria paroxysmatica nocturna,,,,
"283,98",Anaemia haemolytica acquisita alia definita,,,,
"284,00",Anaemia aplastica congenita (fanconi),,,,
"284,01",Anaemia aplastica acquisita primaria,,,,
"284,02",Anaemia aplastica acquisita secundaria,,,,
"284,03",Erythroblastopenia congenita (diamond blackfan),,,,
"284,04",Erythroblastopenia acquisita,,,,
"284,08",Anaemia aplastica alia definita,,,,
"284,09",Anaemia aplastica nud,,,,
"285,00",Anaemia hypochromica sideroachrestica (sideroblastica),,,,
"285,88",Anaemia alia definita,,,,
"285,90","Anaemia secundaria (e nephropathia, collagenosa, ex infectione etc)",,,,
"285,99",Anaemia nud,,,,
"286,00","Haemophilia a (defectio ""factor viii"")",,,,
"286,10","Haemophilia b (defectio ""factor ix"") (christmas)",,,,
"286,20","Haemophilia c (defectio ""factor xi"") (rosenthal)",,,,
"286,30",Syndroma von willebrand,,,,
"286,40",Fibrinogenolysis haemorrhagica,,,,
"286,50",Anticoagulantia circulans,,,,
"286,51",Hypoprothrombinaemia acquisita,,,,
"286,98",Defectus coagulationis alius definitus,,,,
"287,00",Purpura allergica henoch-shcönlein,,,,
"287,10",Thrombocytopenia essentialis (morbus werlhof),,,,
"287,11",Thrombocytopenia symptomatica,,,,
"287,19",Thrombocytopenia nud,,,,
"287,20",Thrombocytopenia haemorrhagica,,,,
"287,30",Thrombocytopathia,,,,
"287,90",Purpura hyperglobulinaemica waldenström,,,,
"287,98",Purpura et status haemorrhagicus alius,,,,
"287,99",Purpura et status haemorrhagicus nud,,,,
"288,99",Agranulocytosis,,,,
"289,00",Polycythaemia secundaria,,,,
"289,10",Lymphadenitis chronica,,,,
"289,20",Lymphadenitis mesenterica acuta sive chronica,,,,
"289,30","Lymphadenitis nud, mesenterica excepta",,,,
"289,40",Abscessus lienis,,,,
"289,42",INfarctus lienis,,,,
"289,44",Perisplenitis,,,,
"289,45",Splenitis,,,,
"289,46",Ruptura spontanea lienis,,,,
"289,48",Alii morbi lienis definiti,,,,
"289,49",Morbis lienis nud,,,,
"289,90",Methaemoglobinaemia,,,,
"289,91",Sulfhaemoglobinaemia,,,,
"289,98",Morbi systematis haematopoetici et sanguinis alii definiti,,,,
"289,99",Morbi systematis haematopoetici et sanguinis nud,,,,
"290,00",Dementia senilis,,,,
"290,10",Morbus alzheimer,,,,
"290,11",Morbus pick,,,,
"290,19",Dementia praesenilis alia sive nud,,,,
"291,00",Delirium tremens,,,,
"291,10",Psychosis korsakow (alcoholica),,,,
"291,20",Hallucinosis alcoholica alia,,,,
"291,30",Paranoia alcoholica,,,,
"291,98",Psychosis alcoholica alia definita,,,,
"291,99",Psychosis alcoholica nud,,,,
"292,00",Psychosis cum dementia paralytica,,,,
"292,10",Psychosis cum syphilitide alia systematis nervosi centralis,,,,
"292,20",Psychosis cum encephalitide epidemica,,,,
"292,38",Psychosis cum encephalitide alia,,,,
"292,39",Psychosis cum encephalitide nud,,,,
"292,98",Psychosis cum infectione intracraniali alia definita,,,,
"292,99",Psychosis cum infectione intracraniali nud,,,,
"293,00",Psychosis cum arteriosclerosi cerebri,,,,
"293,10",Psychosis cum morbo cerebrovasculari alio,,,,
"293,20",Psychosis cum epilepsia,,,,
"293,30",Psychosis cum neoplasmate intracraniali,,,,
"293,40",Psychosis cum morbo defenerativo systematis nervosi centralis,,,,
"293,50",Psychosis cum traumate cerebri,,,,
"293,98",Psychosis cum conditione systematis nervosi centralis alia definita,,,,
"293,99",Psychosis cum conditione systematis nervosi centralis nud,,,,
"294,00",Psychosis cum morbo endocrino,,,,
"294,10",Psychosis cum morbo metabolico et nutritionis,,,,
"294,20",Psychosis cum morbo infectionis,,,,
"294,30",Psychosis cum intoxicatione,,,,
"294,40",Psychosis cum partu (in puerperio),,,,
"294,80",Psychosis cum conditione physicali alia definita,,,,
"294,99",Psychosis cum conditione physicali nud,,,,
"295,00",Schizophrenia typus simplex,,,,
"295,10",Schizophrenia tupys hebephrenicus,,,,
"295,20",Schizophrenia tupys catatonicus,,,,
"295,30",Schizophrenia tupys paranoides,,,,
"295,40",Schizophrenia acuta alia sive nud,,,,
"295,50",Schizophrenia latens,,,,
"295,60",Schizophrenia residualis,,,,
"295,70",Schizophrenia typus schizo-affectivus,,,,
"295,80",Schizophrenia alia definita,,,,
"295,99",Schizophrenia nud,,,,
"296,00",Melancholia involutionis,,,,
"296,10","Psychosis mano-depressiva, typus manicus",,,,
"296,20","Psychosis mano-depressiva, typus depressivus",,,,
"296,30","Psychosis mano-depressiva, typus circularis",,,,
"296,88",Psychosis mano-depressiva alia definita,,,,
"296,99",Psychosis affectiva nud,,,,
"297,00",Paranoia,,,,
"297,10",Paraphrenia involutionalis,,,,
"297,98",Status paranoicus alius definitus,,,,
"298,00",Psychosis reactiva depressiva,,,,
"298,10",Psychosis reactiva excitativa,,,,
"298,20",Psychosis reactiva confusiva,,,,
"298,30",Psychosis reactiva paranoides acuta,,,,
"298,99",Psychosis reactiva nud,,,,
"299,99",Psychoses nud,,,,
"300,00",Neurosis angoris,,,,
"300,10",Neurosis hysterica,,,,
"300,20",Neurosis phobica,,,,
"300,30",Neurosis obsessiva-compulsiva,,,,
"300,40",Neurosis neuroto-depressiva,,,,
"300,41",Neurosis depressiva,,,,
"300,50",Neurasthenia,,,,
"300,60",Neurosis cum syndroma depersonalisationis,,,,
"300,70",Neurosis hypochondrica,,,,
"300,88",Neurosis alia definita,,,,
"300,99",Neurosis nud,,,,
"301,00",Persona pathologica paranoides,,,,
"301,10",Persona pathologica affectiva,,,,
"301,20",Persona pathologica schizoides,,,,
"301,30",Persona pathologica explosiva,,,,
"301,40",Persona pathologica anankastica,,,,
"301,50",Persona pathologica hysterica,,,,
"301,60",Persona pathologica asthenica,,,,
"301,70",Persona pathologica antisocialis,,,,
"301,80",Persona pathologica immatura,,,,
"301,88",Persona pathologica alia definita,,,,
"301,99",Persona pathologica nud,,,,
"302,00",Homosexualitas,,,,
"302,10",Fetischismus,,,,
"302,20",Paedophilia,,,,
"302,30",Transvestitismus,,,,
"302,31",Transsexualismus,,,,
"302,40",Exhibitionismus,,,,
"302,88",Anomaliae sexuales aliae definitae,,,,
"302,99",Anomaliae sexuales nud,,,,
"303,00",Alcoholismus episodicus,,,,
"303,10",Alcoholismus habitualis,,,,
"303,20","Alcoholismus chronicus (""alcoholic addiction"")(dipsomania)",,,,
"303,98",Alcoholismus alius definitus,,,,
"303,99",Alcoholismus nud,,,,
"304,00","Narcomania, opium, opii alcaloides et derivata ex iis",,,,
"304,10","Narcomania, analgetica synthetica cum effectu simili morphino",,,,
"304,20","Narcomania, barbituratum",,,,
"304,30","Narcomania, alia hypnotica et sedativa sive ""tranquillizers""",,,,
"304,40","Narcomania, cocainum",,,,
"304,50","Narcomania, cannabis sativa",,,,
"304,60","Narcomania, alia psychostimulantia",,,,
"304,70","Narcomania, hallucinogenes",,,,
"304,88","Narcomania, alia definita",,,,
"304,99",Abusus medicamentorum nud,,,,
"305,00",Morbi psychosomatici cutanei,,,,
"305,10",Morbi psychosomatici musculorum et ossium,,,,
"305,20",Morbi psychosomatici systematis respirationis,,,,
"305,30",Morbi psychosomatici cardiovasculares,,,,
"305,40",Morbi psychosomatici systematis haematopoetici et lymphatici,,,,
"305,50",Morbi psychosomatici systematis gastro-intestinalis,,,,
"305,60",Morbi psychosomatici systematis urogenitalis,,,,
"305,70",Morbi psychosomatici systematis endocrini,,,,
"305,80",Morbi psychosomatici organorum sensuum,,,,
"305,98",Morbi psychosomatici organorum aliorum definitorum,,,,
"305,99",Morbi psychosomatici nud,,,,
"306,00",Titubantia,,,,
"306,10","Caecitas verbalis, surditas verbalis",,,,
"306,20",Tic,,,,
"306,30",Aliae perturbationes psychomotoriae,,,,
"306,40",Difficultas dormiendi,,,,
"306,50",Perturbationes appetitus,,,,
"306,60",Enuresis,,,,
"306,70",Encopresis,,,,
"306,80",Cephalalgia,,,,
"306,98",Symptomata systematis nervosi et organorum sensuum alia definita,,,,
"307,99",Perturbationes fortuitae psychogenes accidentales,,,,
"308,99",Gerendum abnorme infantum,,,,
"309,00",Perturbationes mentis non psychoticae per infectiones intracraniales,,,,
"309,10","Perturbat. mentis non psychot. per medicamenta, venena sive morb. infect.",,,,
"309,20",Perturbationes mentis non psychoticae per laesionem cerebri,,,,
"309,30",Perturbationes mentis non psychoticae per perturbationem circulationis,,,,
"309,40",Perturbationes mentis non psychoticae per epilepsiam,,,,
"309,50",Perturbationes mentis non psychoticae per pertubationes metabolicas,,,,
"309,60",Perturbat. mentis non psychot. per morbum cerebralem senil. sive praesenil.,,,,
"309,70",Perturbationes mentis non psychoticae per tumorem intracranialem,,,,
"309,80",Perturbat. mentis non psychot. per morb. degenerativ. system. nerv. central,,,,
"309,98",Perturbationes mentis non psychoticae in morbis somaticis aliae definitae,,,,
"309,99",Perturbationes mentis non psychoticae in morbis somaticis nud,,,,
"310,00","INtell. lev. subnorm. (""borderline"") post infectionem praenatalem",,,,
"310,01","INtell. lev. subnorm. (""borderline"") post infectionem postnatalem",,,,
"310,02","INtell. lev. subnorm. (""borderline"") post tox. gravid. sive al. intox. mat.",,,,
"310,08","INtell. lev. subnorm. (""borderline"") post aliam infect. sive intoxicationem",,,,
"310,09","INtell. lev. subnorm. (""borderline"") sequelae infect. et intoxicat. nud",,,,
"310,10","INtell. lev. subnorm. (""borderline"") post trauma praenatale",,,,
"310,11","INtell. lev. subnorm. (""borderline"") post trauma mechanicum in partu",,,,
"310,12","INtell. lev. subnorm. (""borderline"") post asphyxiam in partu",,,,
"310,13","INtell. lev. subnorm. (""borderline"") post trauma postnatale",,,,
"310,18","INtell. lev. subnorm. (""borderline"") post trauma aliud",,,,
"310,19","INtell. lev. subnorm. (""borderline"") sequelae traum. sive caus. physic. nud",,,,
"310,20","INtell. lev. subnorm. (""borderline"") cum perturb. metabolismi lipoidum",,,,
"310,21","INtell. lev. subnorm. (""borderline"") cum perturb. metab. acid. amini s.prot",,,,
"310,22","INtell. lev. subnorm. (""borderline"") cum perturb. metab. carb. hydrat.",,,,
"310,23","INtell. lev. subnorm. (""borderline"") cum perturb. metab. mucopolysaccaridi",,,,
"310,28","INtell. lev. subnorm. (""borderline"") c. alia perturb. metab. incr. s. nutr.",,,,
"310,29","INtell. lev. subnorm. (""borderline"") c. pert. metab. increm. s. nutr. nud",,,,
"310,30","INtell. lev. subnorm. (""borderline""): neurofibromatosis (v. recklinghausen)",,,,
"310,31","INtell. lev. subnorm. (""borderline""): angiomat. trig. cerebr. (sturge mfl)",,,,
"310,32","INtell. lev. subnorm. (""borderline""): sclerosis tuberosa",,,,
"310,33","INtell. lev. subnorm. (""borderline""): neoplasma intracraniale",,,,
"310,34","INtell. lev. subnorm. (""borderline""): encephalopath. cum scleros. cer. diff",,,,
"310,35","INtell. lev. subnorm. (""borderline""): encephalopath. cum degener. cerebelli",,,,
"310,38","INtell. lev. subnorm. (""borderline""): alius morbus gravis cerebri",,,,
"310,39","INtell. lev. subnorm. (""borderline""): morbus gravis postnat. cerebri nud",,,,
"310,40","INtell. lev. subnorm. (""borderline""): defectus cerebralis congenitus",,,,
"310,41","INtell. lev. subnorm. (""borderline""): enceph. c. anomal. prim. cran. mult.",,,,
"310,48","INtell. lev. subnorm. (""borderline""): alius morb. praenatal. (orig. ignot.)",,,,
"310,49","INtell. lev. subnorm. (""borderline""): morbus praenatalis nud",,,,
"310,50","INtell. lev. subnorm. (""borderline""): morb. down (mongol.), ej kromosomund.",,,,
"310,51","INtell. lev. subnorm. (""borderline""): morb. down c. trisom. 21 etc",,,,
"310,52","INtell. lev. subnorm. (""borderline""): alia abnorm. autosomatica",,,,
"310,53","INtell. lev. subnorm. (""borderline""): syndroma klinefelter",,,,
"310,54","INtell. lev. subnorm. (""borderline""): syndroma turner",,,,
"310,56","INtell. lev. subnorm. (""borderline""): alia abnorm. chromosomatica sexualis",,,,
"310,58","INtell. lev. subnorm. (""borderline""): alia abnormitas chromosomatica",,,,
"310,59","INtell. lev. subnorm. (""borderline""): abnormitas chromosomatum nud",,,,
"310,60","INtell. lev. subnorm. (""borderline"") cum immaturitate",,,,
"310,70","INtell. lev. subnorm. (""borderline"") sequelae perturbat. psychiatr. gravium",,,,
"310,80","INtell. lev. subnorm. (""borderline"") cum miseria psycho-sociali gravi",,,,
"310,90","INtell. lev. subnorm. (""borderline"") polygen., sola perturb. funct. manif.",,,,
"310,98","INtell. lev. subnorm. (""borderline"") alia causa definita",,,,
"310,99","INtell. lev. subnorm. (""borderline"") casus nud",,,,
"311,00",Retardatio mentalis levis post infectionem praenatalem,,,,
"311,01",Retardatio mentalis levis post infectionem postnatalem,,,,
"311,02",Retard. ment. levis post toxaem. gravid. sive aliam intoxic. matern.,,,,
"311,08",Retardatio mentalis levis post aliam infect. sive intoxicationem,,,,
"311,09",Retardatio mentalis levis sequelae infectionum et intoxicationum nud,,,,
"311,10",Retardatio mentalis levis post trauma praenatale,,,,
"311,11",Retardatio mentalis levis post trauma mechanicum in partu,,,,
"311,12",Retardatio mentalis levis post asphyxiam in partu,,,,
"311,13",Retardatio mentalis levis post trauma postnatale,,,,
"311,18",Retardatio mentalis levis post trauma aliud,,,,
"311,19",Retard. ment. levis sequelae traumatis sive causarum physicarum nud,,,,
"311,20",Retardatio mentalis levis cum perturbatione metabolismi lipoidum,,,,
"311,21",Retard. ment. levis cum perturbat. metabolismi acidorum amini sive proteini,,,,
"311,22",Retardatio mentalis levis cum perturbatione metabolismi carbonis hydratis,,,,
"311,23",Retardatio mentalis levis cum perturbatione metabolismi mucopolysaccaridi,,,,
"311,28","Retard. ment. levis cum alia perturb. metabolismi, incrementi s.nutritionis",,,,
"311,29","Retard. ment. levis cum perturbat. metabolismi, incrementi s. nutrition.nud",,,,
"311,30",Retardatio mentalis levis: neurofibromatosis (v. recklinghausen),,,,
"311,31",Retard. ment. levis: angiomatosis trigem. cerebr. (sturge-weber-dimitri),,,,
"311,32",Retardatio mentalis levis: sclerosis tuberosa,,,,
"311,33",Retardatio mentalis levis: neoplasma intracraniale,,,,
"311,34",Retardatio mentalis levis: encephalopathia cum sclerosi cerebri diffusa,,,,
"311,35",Retardatio mentalis levis: encephalopathia cum degeneratione cerebelli,,,,
"311,38",Retardatio mentalis levis: alius morbus gravis cerebri,,,,
"311,39",Retardatio mentalis levis: morbus gravis postnatalis cerebri nud,,,,
"311,40",Retardatio mentalis levis: defectus cerbralis congenitus,,,,
"311,41",Retard. ment. levis: encephalopathia c. anomalia prim. craniali multiplici,,,,
"311,48",Retard. ment. levis: alius morbus praenatalis (origine ignota),,,,
"311,49",Retardatio mentalis levis: morbus praenatalis nud,,,,
"311,50","Retardatio mentalis levis: morbus down (mongolism), ej kromosomundersökt",,,,
"311,51",Retard. ment. levis: morbus down c. trisomia 21 sive alia abnorm. chromos.,,,,
"311,52",Retardatio mentalis levis: alia abnormitas autosomatica,,,,
"311,53",Retardatio mentalis levis: syndroma klinefelter,,,,
"311,54",Retardatio mentalis levis: syndroma turner,,,,
"311,56",Retardatio mentalis levis: alia abnormitas chromosomatica sexualis,,,,
"311,58",Retardatio mentalis levis: alia abnormitas chromosomatica,,,,
"311,59",Retardatio mentalis levis: abnormitas chromosomatum nud,,,,
"311,60",Retardatio mentalis levis cum immaturitate,,,,
"311,70",Retardatio mentalis levis sequelae perturbationum psychiatricarum gravium,,,,
"311,80",Retardatio mentalis levis cum miseria psycho-sociali gravi,,,,
"311,90","Retardatio mentalis levis polygenes, sola perturbatione functionis manifest",,,,
"311,98",Retardatio mentalis levis alia causa definita,,,,
"311,99",Retardatio mentalis levis casus nud,,,,
"312,00",Retardatio mentalis moderata post infectionem praenatalem,,,,
"312,01",Retardatio mentalis moderata post infectionem postnatalem,,,,
"312,02",Retardatio mentalis moderata post toxaem. gravid. aliam intox. matern.,,,,
"312,08",Retardatio mental. moderata post aliam infect. sive intoxicat.,,,,
"312,09",Retardatio mentalis moderata sequelae infectionum et intoxicationum nud,,,,
"312,10",Retardatio mental. moderata post trauma praenatale,,,,
"312,11",Retardatio mentalis moderata post trauma mechanicum in partu,,,,
"312,12",Retardatio mentalis moderata post asphyxiam in partu,,,,
"312,13",Retardatio mentalis moderata post trauma postnatale,,,,
"312,18",Retardatio mentalis moderata post trauma aliud,,,,
"312,19",Retardatio mental. moderata sequelae traumatis sive causarum physicar. Nud,,,,
"312,20",Retardatio mentalis moderata cum perturbatione metabolismi lipoidum,,,,
"312,21",Retardatio mental. moder. cum perturb. metabol. acid. amini sive proteini,,,,
"312,22",Retardatio mentalis moderata cum perturb. metabol. carbonis hydratis,,,,
"312,23",Retardatio mental. moderata cum perturbatione metabolismi Mucopolysaccaridi,,,,
"312,28","Retardatio mental. moderata cum alia perturb. metabol., increm. s. nutrit.",,,,
"312,29","Retardatio mental. moderata cum perturb. metabol., incrementi s. nutrit.nud",,,,
"312,30",Retardatio mental. moderata: neurofibromatosis (v. recklinghausen),,,,
"312,31",Retardatio mental. moderata: angiomatosis trigemin. cerebr. (sturge etc),,,,
"312,32",Retardatio mentalis moderata: sclerosis tuberosa,,,,
"312,33",Retardatio mentalis moderata: neoplasma intracraniale,,,,
"312,34",Retardatio mental. moderata: encephalopathia cum sclerosi cerebri diffusa,,,,
"312,35",Retardatio mentalis moderata: encephalopathia cum degen. cerebelli,,,,
"312,38",Retardatio mentalis moderata: alius morbus gravis cerebri,,,,
"312,39",Retardatio mentalis moderata: morbus gravis postnatalis cerebri nud,,,,
"312,40",Retardatio mental. moderata: defectus cerebralis congenitus,,,,
"312,41",Retardatio mentalis moderata: encephalopathia c. anomalia prim. cran. mult.,,,,
"312,48",Retardatio mentalis moderata: alius morbus praenatalis (origine ignota),,,,
"312,49",Retardatio mentalis moderata: morbus praenatalis (non definitus) nud,,,,
"312,50","Retardatio mentalis moderata: morbus down (mongolism), ej Kromosomundersökt",,,,
"312,51",Retardatio mentalis moder.:morb. down c. trisomia 21 s. alia abnorm. chrom.,,,,
"312,52",Retardatio mental. moderata: alia abnormitas autosomatica,,,,
"312,53",Retardatio mentalis moderata: syndroma klinefelter,,,,
"312,54",Retardatio mentalis moderata: syndroma turner,,,,
"312,56",Retardatio mentalis moderata: alia abnormitas chromosomatica sexualis,,,,
"312,58",Retardatio mentalis moderata: alia abnormitas chromosomatica,,,,
"312,59",Retardatio mentalis moderata: abnormitas chromosomatum nud,,,,
"312,60",Retardatio mentalis moderata cum immaturitate,,,,
"312,70",Retardatio mentalis moderata: sequelae perturbat. psychiatricarum gravium,,,,
"312,80",Retardatio mentalis moderata cum miseria psycho-sociali gravi,,,,
"312,90","Retardatio mentalis moderata polygenes, sola perturbat. functionis manif.",,,,
"312,98",Retardatio mentalis moderata alia causa definita,,,,
"312,99",Retardatio mentalis moderata casus nud,,,,
"313,00",Retardatio mentalis gravis post infectionem praenatalem,,,,
"313,01",Retardatio mentalis gravis post infectionem postnatalem,,,,
"313,02",Retardatio mentalis gravis post toxaem. gravid. s. aliam intox. matern.,,,,
"313,08",Retardatio mentalis gravis post aliam infectionem sive intoxicationem,,,,
"313,09",Retardatio mentalis gravis sequelae infectionum sive intoxicationum nud,,,,
"313,10",Retardatio mentalis gravis post trauma praenatale,,,,
"313,11",Retardatio mentalis gravis post trauma mechanicum in partu,,,,
"313,12",Retardatio mentalis gravis post asphyxiam in partu,,,,
"313,13",Retardatio mentalis gravis post trauma postnatale,,,,
"313,18",Retardatio mentalis gravis post trauma aliud,,,,
"313,19",Retardatio mentalis gravis sequelae traumatis sive causarum physicar. nud,,,,
"313,20",Retardatio mentalis gravis cum perturbatione metabolismi lipoidum,,,,
"313,21",Retardatio mentalis gravis cum perturb. metabol. acid. amini sive proteini,,,,
"313,22",Retardatio mentalis gravis cum perturb. metabol. carbonis hydratis,,,,
"313,23",Retardatio mentalis gravis cum perturb. metabol. mucopolysaccaridi,,,,
"313,28","Retardatio mentalis gravis cum alia perturb. metabolismi, increm. s. nutrit",,,,
"313,29",Retardatio mentalis gravis cum perturb. metabol. increm. sive nutrit. nud,,,,
"313,30",Retardatio mentalis gravis: neurofibromatosis (von recklinghausen),,,,
"313,31",Retardatio mentalis gravis: angiomatosis trigemin. cerebr. (sturge etc),,,,
"313,32",Retardatio mentalis gravis: sclerosis tuberosa,,,,
"313,33",Retardatio mentalis gravis: neoplasma intracraniale,,,,
"313,34",Retardatio mentalis gravis: encephalopathia cum sclerosi cerebri diffusa,,,,
"313,35",Retardatio mentalis gravis: encephalopathia cum degeneratione cerebelli,,,,
"313,38",Retardatio mentalis gravis: alius morbus gravis cerebri,,,,
"313,39",Retardatio mentalis gravis: morbus gravis postnatalis cerebri nud,,,,
"313,40",Retardatio mentalis gravis: defectus cerebralis congenitus,,,,
"313,41",Retardatio mentalis gravis: encephalopathia cum anomalia prim. carn. mult.,,,,
"313,48",Retardatio mentalis gravis: alius morbus praenatalis (origine ignota),,,,
"313,49",Retardatio mentalis gravis: morbus praenatalis (non definitus) nud,,,,
"313,50","Retardatio mentalis gravis: morbus down (mongolism), ej Kromosomundersökt",,,,
"313,51",Retardatio mentalis gravis: morbus down c. trisomia 21 s. alia abn. chrom.,,,,
"313,52",Retardatio mentalis gravis: alia abnormitas autosomatica,,,,
"313,53",Retardatio mentalis gravis: syndroma klinefelter,,,,
"313,54",Retardatio mentalis gravis: syndroma turner,,,,
"313,56",Retardatio mentalis gravis: alia abnormitas chromosomatica sexualis,,,,
"313,58",Retardatio mentalis gravis: alia abnormitas chromosomatica,,,,
"313,59",Retardatio mentalis gravis: abnormitas chromosomatum nud,,,,
"313,60",Retardatio mentalis gravis cum immaturitate,,,,
"313,70",Retardatio mentalis gravis: sequelae perturbat. psychiatric. gravium,,,,
"313,80",Retardatio mentalis gravis cum miseria psycho-sociali gravi,,,,
"313,90","Ratardatio mentalis gravis polygenes, sola perturb. functionis manifesta",,,,
"313,98",Retardatio mentalis gravis alia causa definita,,,,
"313,99",Retardatio mentalis gravis casus nud,,,,
"314,00",Retard. ment. prof. (idiotia) post infectionem praenatalem,,,,
"314,01",Retard. ment. prof. (idiotia) post infectionem postnatalem,,,,
"314,02",Retard. ment. prof. (idiotia) post toxaem. gravid. sive aliam intox. matern,,,,
"314,08",Retard. ment. prof. (idiotia) post aliam infectionem sive intoxicationem,,,,
"314,09",Retard. ment. prof. (idiotia) sequelae infectionum et intoxicationum nud,,,,
"314,10",Retard. ment. prof. (idiotia) post trauma praenatale,,,,
"314,11",Retard. ment. prof. (idiotia) post trauma mechanicum in partu,,,,
"314,12",Retard. ment. prof. (idiotia) post asphyxiam in partu,,,,
"314,13",Retard. ment. prof. (idiotia) post trauma postnatale,,,,
"314,18",Retard. ment. prof. (idiotia) post trauma aliud,,,,
"314,19",Retard. ment. prof. (idiotia) sequelae traumatis sive causar. physicar. nud,,,,
"314,20",Retard. ment. prof. (idiotia) cum perturbatione metabolismi lipoidum,,,,
"314,21",Retard. ment. prof. (idiotia) cum perturb. metabol. acid. amini s. protein.,,,,
"314,22",Retard. ment. prof. (idiotia) cum perturb. metabol. carbonis hydratis,,,,
"314,23",Retard. ment. prof. (idiotia) cum perturb. metabol. mucopolysaccaridi,,,,
"314,28","Retard. ment. prof. (idiotia) cum alia perturb. metabol., increm. s. nutrit",,,,
"314,29","Retard. ment. prof. (idiotia) cum perturb. metabol., increm s. nutrit. nud",,,,
"314,30",Retard. ment. prof. (idiotia): neurofibromatosis (v. recklinghausen),,,,
"314,31",Retard. ment. prof. (idiotia): angiomatosis trigem. cerebr. (sturge etc),,,,
"314,32",Retard. ment. prof. (idiotia): sclerosis tuberosa,,,,
"314,33",Retard. ment. prof. (idiotia): neoplasma intracraniale,,,,
"314,34",Retard. ment. prof. (idiotia): encephaloptahtia cum sclerosi cerbri diffusa,,,,
"314,35",Retard. ment. prof. (idiotia): encephalopathia cum degeneratione cerebelli,,,,
"314,38",Retard. ment. prof. (idiotia): alius morbus gravis cerebri,,,,
"314,39",Retard. ment. prof. (idiotia): morbus gravis postnatalis cerebri nud,,,,
"314,40",Retard. ment. prof. (idiotia): defectus cerebralis congenitus,,,,
"314,41",Retard. ment. prof. (idiotia): encephalopathia c. anom. prim. cran. mult.,,,,
"314,48",Retard. ment. prof. (idiotia): alius morbus praenatalis (origine ignota),,,,
"314,49",Retard. ment. prof. (idiotia): morbus praenatal. (non definitus) nud,,,,
"314,50","Retard. ment. prof. (idiotia): morb. down (mongolism), ej kromosomundersökt",,,,
"314,51",Retard. ment. prof. (idiotia): morb. down c. trisomia 21 s. alia abn. chrom,,,,
"314,52",Retard. ment. prof. (idiotia): alia abnormitas autosomatica,,,,
"314,53",Retardatio mentalis profunda (idiotia): syndroma klinefelter,,,,
"314,54",Retard. ment. prof. (idiotia): syndroma turner,,,,
"314,56",Retard. ment. prof. (idiotia): alia abnormitas chromosomatica sexualis,,,,
"314,58",Retard. ment. prof. (idiotia): alia abnormitas chromosomatica,,,,
"314,59",Retardatio mentalis profunda (idiotia): abnormitas cromosomatum nud,,,,
"314,60",Retard. ment. prof. (idiotia) cum immaturitate,,,,
"314,70",Retard. ment. prof. (idiotia): sequelae perturbat. psychiatr. gravium,,,,
"314,80",Retard. ment. prof. (idiotia) cum miseria psycho-sociali gravi,,,,
"314,90","Retard. ment. prof. (idiotia) polygenes, sola perturb. function. manifesta",,,,
"314,98",Retard. ment. prof. (idiotia) alia causa definita,,,,
"314,99",Retard. ment. prof. (idiotia) casus nud,,,,
"315,00",Retardatio mentalis nud post infectionem praenatalem,,,,
"315,01",Retardatio mentalis nud post infectionem postnatalem,,,,
"315,02",Retardatio mentalis nud post toxaem. gravid. sive aliam intox. matern.,,,,
"315,08",Retardatio mentalis nud post aliam infection. sive intoxicationem,,,,
"315,09",Retardatio mentalis nud sequelae infectionum et intoxicationum nud,,,,
"315,10",Retardatio mentalis nud post trauma praenatale,,,,
"315,11",Retardatio mentalis nud post trauma mechanicum in partu,,,,
"315,12",Retardatio mentalis nud post asphyxiam in partu,,,,
"315,13",Retardatio mentalis nud post trauma postnatale,,,,
"315,18",Retardatio mentalis nud post trauma aliud,,,,
"315,19",Retardatio mentalis nud sequelae traumatis sive causarum physicarum nud,,,,
"315,20",Retardatio mentalis nud cum perturbatione metabolismi lipoidum,,,,
"315,21",Retardatio mentalis nud cum perturb. metabolismi acid. amini sive proteini,,,,
"315,22",Retardatio mentalis nud cum perturb. metabolismi carbonis hydratis,,,,
"315,23",Retardatio mentalis nud cum perturb. metabolismi mucopolysaccaridi,,,,
"315,28","Retardatio mentalis nud cum alia perturb. metabolismi, increm. sive nutrit.",,,,
"315,29","Retardatio mentalis nud cum perturb. metabolismi, increm. sive nutrit. nud",,,,
"315,30",Retardatio mentalis nud: neurofibromatosis (von recklinghausen),,,,
"315,31",Retardatio mentalis nud: angiomatosis trigem. cerebr.(sturge-weber-dimitri),,,,
"315,32",Retardatio mentalis nud: sclerosis tuberosa,,,,
"315,33",Retardatio mentalis nud: neoplasma intracraniale,,,,
"315,34",Retardatio mentalis nud: encephalopathia cum sclerosi cerebri diffusa,,,,
"315,35",Retardatio mentalis nud: encephalopathia cum degeneratione cerebelli,,,,
"315,38",Retardatio mentalis nud: alius morbus gravis cerebri,,,,
"315,39",Retardatio mentalis nud: morbus gravis postnatalis cerebri nud,,,,
"315,40",Retardatio mentalis nud: defectus cerebralis congenitus,,,,
"315,41",Retardatio mentalis nud: encephalopathia cum anomalia prim. craniali mult.,,,,
"315,48",Retardatio mentalis nud: alius morbus praenatalis (origine ignota),,,,
"315,49",Retardatio mentalis nud: morbus praenatalis (non definitus) nud,,,,
"315,50","Retardatio mentalis nud: morbus down (mongolism), ej kromosomundersökt",,,,
"315,51",Retardatio mentalis nud: morb. down cum trisomia 21 sive alia abnorm. chrom,,,,
"315,52",Retardatio mentalis nud: alia abnormitas autosomatica,,,,
"315,53",Retardatio mentalis nud: syndroma klinefelter,,,,
"315,54",Retardatio mentalis nud: syndroma turner,,,,
"315,56",Retardatio mentalis nud: alia abnormitas chromosomatica sexualis,,,,
"315,58",Retardatio mentalis nud: alia abnormitas chromosomatica,,,,
"315,59",Retardatio mentalis nud: abnormitas cromosomatum nud,,,,
"315,60",Retardatio mentalis nud: cum immaturitate,,,,
"315,70",Retardatio mentalis nud: sequelae perturbationum psychiatricarum gravium,,,,
"315,80",Retardatio mentalis nud: cum miseria psycho-sociali gravi,,,,
"315,90","Retardatio mentalis nud: polygenes, sola perturbatione functionis manifesta",,,,
"315,98",Retardatio mentalis nud: alia causa definita,,,,
"315,99",Retardatio mentalis nud,,,,
"320,00",Meningitis purulenta per haemophilum influenzae,,,,
"320,10",Meningitis purulenta per pneumococcum,,,,
"320,80",Meningitis purulenta per streptococcum,,,,
"320,88",Meningitis alia definita,,,,
"320,99",Meningitis nud,,,,
"321,00",Thrombo-phlebitis septica sinuum durae matris,,,,
"321,09",Phlebitis et thrombo-phlebitis sinuum intracranial. venosorum alia sive nud,,,,
"322,00",Abscessus intracerebralis,,,,
"322,01",Abscessus subduralis,,,,
"322,02",Abscessus epiduralis,,,,
"322,03",Abscessus intracranialis et intraspinalis nud,,,,
"323,00",Encephalitis postinfectiosa,,,,
"323,01",Encephalitis subacuta cum corporibus inclusionis,,,,
"323,02",Encephalopathia toxica,,,,
"323,03",Encephalomyelopathia haemorrhagica necroticans acuta sive subacuta,,,,
"323,08","Encephalitis, myelitis et encephalomyelitis alia definita",,,,
"323,09","Encephalitis, myelitis et encephalomyelitis nud",,,,
"324,00",Hydrocephalus acquisitus,,,,
"324,01",Status postencephaliticus,,,,
"324,02",Status post myelitidem,,,,
"324,03",Status post abscessum cerebralem,,,,
"324,08","Abscessus sive infectio intracranialis, sequelae aliae definitae",,,,
"324,09","Abscessus sive infectio intracranialis, sequelae nud",,,,
"330,00",Atrophia muscularis neuropathica. morbus charcot-marie-tooth,,,,
"330,10",Atrophia muscularis spinalis hereditaria (hoffmann),,,,
"330,20",Amyotonia congenita. morbus oppenheim,,,,
"330,30",Dystrophia musculorum progressiva,,,,
"330,90",Dystrophia myotonica,,,,
"330,98",Morbi neuromusculares hereditarii alii definiti,,,,
"331,00",Chorea huntington,,,,
"331,10","Dystonia musculorum deformans (dystonia torsionum, morbus ziehen-Oppenheim)",,,,
"331,20",Epilepsia myoclonica progressiva familiaris,,,,
"331,98",Morbi hereditarii systematis striati-pallidi alii definiti,,,,
"331,99",Morbi hereditarii systematis striati-pallidi nud,,,,
"332,00","Ataxia hereditaria spinalis, familiaris (friedreich)",,,,
"332,10",Ataxia cerebellaris (hereditaria),,,,
"332,98",Ataxia hereditaria alia definita,,,,
"332,99",Ataxia hereditaria nud,,,,
"333,00",IDiotia amaurotica familiaris,,,,
"333,10",Leucodystrophia cerebralis progressiva,,,,
"333,98",Morbi hereditarii et familiares systematis nervosi alii definiti,,,,
"333,99",Morbi hereditarii et familiares systematis nervosi nud,,,,
"340,99",Sclerosis disseminata,,,,
"341,01",Neuromyelitis optica,,,,
"341,02",Morbus schilder,,,,
"341,08",Morbi demyelinantes systematis nervosi centralis alii definiti,,,,
"341,09",Morbi demyelinantes systematis nervosi centralis nud,,,,
"342,00",Parkinsonismus,,,,
"342,08",Paralysis agitans alia definita,,,,
"342,09",Paralysis agitans nud,,,,
"343,00",Hemiplegia spastica,,,,
"343,01",Diplegia spastica,,,,
"343,02",Tetraplegia spastica,,,,
"343,03",Athetosis,,,,
"343,04",Dystonia tetraplegica,,,,
"343,05",Ataxia,,,,
"343,08",Paralysis cerebralis spastica infantilis alia definita,,,,
"343,09",Paralysis cerebralis spastica infantilis nud,,,,
"344,00",Hemiplegia nud,,,,
"344,01",Diplegia nud,,,,
"344,02","Laesio cerebralis non traumatica, sequelae",,,,
"344,03","Laesio medullaris non traumatica, sequelae",,,,
"344,08",Paralysis cerebralis alia definita,,,,
"344,09",Paralysis cerebralis nud,,,,
"345,00","Epilepsia ""petit mal""",,,,
"345,09",Absentia epileptica nud,,,,
"345,10","Epilepsia ""grand mal""",,,,
"345,11",Epilepsia motoria minor,,,,
"345,19",Epilepsia generalisata convulsiva nud,,,,
"345,20",Status epilepticus,,,,
"345,30",Epilepsia psychomotoria,,,,
"345,31",Epilepsia partialis (focalis) jackson,,,,
"345,32",Epilepsia partialis (focalis) generalisata,,,,
"345,33",Epilepsia partialis (focalis) alia,,,,
"345,39",Epielpsia partialis (focalis) nud,,,,
"345,98",Epilepsia alia definita,,,,
"345,99",Epilepsia nud,,,,
"346,01",Morbus harris-horton,,,,
"346,09",Hemicrania nud,,,,
"347,00","Cataplexia, narcolepsia",,,,
"347,90",Ataxia cerebellaris nud,,,,
"347,91",Atrophia cerebri,,,,
"347,92",Degeneratio cerebri,,,,
"347,93",Hydrocephalus acquisitus nud,,,,
"347,98",Morbi cerebri alii definiti,,,,
"347,99",Morbi cerebri alii nud,,,,
"348,00",Sclerosis lateralis amyotrophica,,,,
"348,10",Paralysis bulbaris progressiva,,,,
"348,21",Paralysis spinalis progressiva,,,,
"348,29",Atrophia musculorum progressiva nud,,,,
"348,98",Morbi neuronis motorii alii definiti,,,,
"348,99",Morbi neuronis motorii nud,,,,
"349,00",Syringomyelia,,,,
"349,01",Syringobulbia,,,,
"349,90",Haematomyelia,,,,
"349,98",Morbi medullae spinalis alii definiti,,,,
"349,99",Morbi medullae spinalis nud,,,,
"350,00",Spasmus facialis,,,,
"350,08",Paralysis facialis alia definita,,,,
"350,09",Paralysis facialis nud,,,,
"351,99",Neuralgia trigemini,,,,
"352,01",Neuritis brachialis nervi ulnaris,,,,
"352,02",Neuritis brachialis nervi mediani,,,,
"352,03",Neuritis brachialis nervi radialis,,,,
"352,09",Neuritis brachialis nud,,,,
"353,99",ISchias,,,,
"354,01",Polyradiculitis guillain-barre,,,,
"354,08",Polyneuritis et polyradiculitis alia definita,,,,
"354,09",Polyneuritis et polyradiculitis nud,,,,
"355,00",Neuralgia et neuritis nervi glossopharyngici,,,,
"355,01",Neuralgia et neuritis supraorbitalis,,,,
"355,02",Neuraliga et neuritis nervi occipitalis,,,,
"355,08",Neuralgia et neuritis alia definita,,,,
"355,09",Neuraliga et neuritis nud,,,,
"356,00",Alii morbi nervi olfactorii,,,,
"356,01",Alii morbi nervi trigemini,,,,
"356,02",Alii morbi nervi glossopharyngici,,,,
"356,03",Alii morbi nervi vagi,,,,
"356,04",Alii morbi nervi hypoglossi,,,,
"356,05",Alii morbi nervi accessorii,,,,
"356,08",Alii morbi alterius nervi craniali,,,,
"356,09",Alii morbi nervorum cranialium nud,,,,
"357,00",Alii morbi nervi ulnaris,,,,
"357,01",Alii morbi nervi mediani,,,,
"357,02",Alii morbi nervi radialis,,,,
"357,08","Alii morbi alterius nervi peripherici, autonomis excepti",,,,
"358,00",Syndroma horner,,,,
"358,08",Morbi systematis nervosi peripherici autonomi alii definiti,,,,
"358,09",Morbi systeamtis nervosi peripherici autonomi nud,,,,
"360,00",Conjunctivitis catarrhalis infectiosa,,,,
"360,01","Conjunctivitis nivalis, photoelectrica",,,,
"360,02",Conjunctivitis phlyctaenulosa,,,,
"360,03",Conjunctivitis allergica,,,,
"360,08",Conjunctivitis et ophthalmia alia definita,,,,
"360,09",Conjunctivitis et ophthalmia nud,,,,
"361,00",Blepharitis squamosa,,,,
"361,01",Blepharitis ulcerosa,,,,
"361,09",Blepharitis alia sive nud,,,,
"362,00",Hordeolum externum,,,,
"362,01",Hordeolum internum. infectio glandulae tarsalis meibomi,,,,
"362,02",Abscessus palpebrae. phlegmone palpebrae,,,,
"362,09",Hordeolum aliud sive nud,,,,
"363,00",Keratitis ulcerosa,,,,
"363,01",Ulcus serpens corneae,,,,
"363,02",Ulcus rodens corneae (mooren),,,,
"363,08",Ulcus corneae aliud,,,,
"363,09",Ulcus corneae nud,,,,
"363,90","Keratitis non ulcerosa, superficialis, punctata. erosiones recidivantes",,,,
"363,91",Keratitis phlyctenulosa,,,,
"363,92",Keratitis e lagophtalmo,,,,
"363,93",Keratitis neuroparalytica,,,,
"363,94",Keratitis profunda non syphilitica sive herpetica,,,,
"363,98",Keratitis alia definita,,,,
"363,99",Keratitis nud,,,,
"364,00",IRidocyclitis acuta,,,,
"364,01",IRidocyclitis glaucom.syndr.posner-schlossman.heterochromia irid.(fuchs),,,,
"364,02",IRidocyclitis chronica. uveitis chronica,,,,
"364,09",IRitis nud,,,,
"365,00",Chorioiditis anterior,,,,
"365,01",Chorioiditis centralis,,,,
"365,02",Chorioiditis disseminata,,,,
"365,03",Chorioiditis juxta-papillaris,,,,
"365,04",Retinitis. retino-chorioiditis,,,,
"365,08",Chorioiditis alia definitia,,,,
"365,09",Chorioiditis nud,,,,
"366,00",Abscessus oculi. uveitis suppurativa. panophthalmitis,,,,
"366,01",Endophthalmitis septica. ophthalmia metastatica,,,,
"366,02",Ophthalmia sympathica,,,,
"366,08",INflammationis tractus uvealis alia definita,,,,
"366,09",INflammationis tractus uvealis nud,,,,
"367,00",Retinitis infectiosa,,,,
"367,01",Periphlebitis retinae,,,,
"367,02",Neuritis optica. papillitis,,,,
"367,03","Neuritis optica, retrobulbaris",,,,
"367,09",INflammationis nervi optici et retinae nud,,,,
"368,00",Dacryadenitis acuta. abscessus glandulae lacrimalis,,,,
"368,01",Dacryoadenitis chronica,,,,
"368,02","Obstructio, stenosis viarum lacrimalium",,,,
"368,03",Dacryocystitis acuta. dacryocystitis phlegmonosa,,,,
"368,04",Dacryocystitis chronica,,,,
"368,05",Fistula lacrimalis,,,,
"368,08",Morbi organorum lacrimalium alii definiti,,,,
"368,09",Morbi organorum lacrimalium nud,,,,
"369,00",Abscessus orbitae,,,,
"369,01",Phlegmone orbitae,,,,
"369,02",Tenonitis (bulbi oculi),,,,
"369,03",Episcleritis,,,,
"369,04",Scleritis,,,,
"369,05",Sclerokeratitis,,,,
"369,07",Morbi inflammatorii orbitae alii,,,,
"369,08",Morbi inflammatorii oculi alii,,,,
"370,00",Astigmatismus,,,,
"370,01",Hypermetropia. hyperopia,,,,
"370,02",Myopia,,,,
"370,03",Anisometropia,,,,
"370,04",Presbyopia,,,,
"370,05",Vitia refractionis transitoria,,,,
"370,08",Vitia refractionis alia definita,,,,
"370,09",Vitia refractionis nud,,,,
"371,00","Cicatrix (nubecula, macula, leucoma) corneae",,,,
"371,01",Degeneratio corneae,,,,
"371,02",Dystrophia corneae hereditaria,,,,
"371,03",Keratoconus,,,,
"371,08",Opacitas corneae alia definita,,,,
"371,09",Opacitas corneae nud,,,,
"372,99",Pterygium,,,,
"373,00",Strabismus concomitans convergens,,,,
"373,01",Strabismus concomitans divergens,,,,
"373,02",Strabismus concomitans sursum s. deorsum vergens,,,,
"373,03","Heterophoria (exophoria, esophoria, hypophoria)",,,,
"373,04","Strabismus paralyticus. paresis nervorum iii, iv, vi",,,,
"373,09",Strabismus nud,,,,
"374,00","Cataracta infantilis, juvenilis",,,,
"374,01",Cataracta praesenilis,,,,
"374,02",Cataracta senilis,,,,
"374,03",Cataracta complicata,,,,
"374,04",Cataracta secundaria,,,,
"374,05",Cataracta traumatica,,,,
"374,06",Cataracta tetanica,,,,
"374,07",Cataracta consecutiva,,,,
"374,08",Cataracta alia,,,,
"374,09",Cataracta nud,,,,
"375,00",Glaucoma acutum,,,,
"375,10",Glaucoma chronicum simplex,,,,
"375,11",Glaucoma chronicum irritativum sive congestivum,,,,
"375,12",Glaucoma chronicum capsulare,,,,
"375,13",Glaucoma chronicum pigmentosum,,,,
"375,14",Glaucoma chronicum absolutum sive fere absolutum dolorosum,,,,
"375,20",Glaucoma secundarium,,,,
"375,97",Suspicio glaucomatis,,,,
"375,98",Glaucoma aliud definitum,,,,
"375,99",Glaucoma nud,,,,
"376,00",Ablatio retinae primaria,,,,
"376,01",Ablatio retinae secundaria,,,,
"376,02","Ablatio (amotio) retinae foramen, ruptura retinae",,,,
"376,03",Retinoschisis,,,,
"376,09",Ablatio (amotio) retinae nud,,,,
"377,00",Haemorrhagia corporis vitrei,,,,
"377,01",Haemorrhagia retinae et chorioideae,,,,
"377,02","Embolia, spasmus arteriae centralis retinae",,,,
"377,03",Thrombosis venae centralis retinae,,,,
"377,04",Fibroplasia retrolentalis,,,,
"377,05","Retinopathia hypertensiva, angiospastica",,,,
"377,09",Laesio vascularis retinae nud,,,,
"377,10",Degeneratio maculae luteae,,,,
"377,12",Retinitis exsudativa externa (coats),,,,
"377,19",Aliae degenerationes retinae,,,,
"377,20",Amblyopia nud,,,,
"377,30",Achromatopsia,,,,
"377,31",Hemeralopia,,,,
"377,90",Atrophia (et degeneratio) nervi optici (tabica excepta),,,,
"377,91","Papilloedema, stasis papillae",,,,
"377,98",Morbi retinae alii sive nud,,,,
"377,99",Morbi nervi optici alii sive nud,,,,
"378,00",Chalazion,,,,
"378,10",Blepharospasmus,,,,
"378,11",Ectropion palpebrae,,,,
"378,12",Entropion palpebrae,,,,
"378,13",Lagophtalmus,,,,
"378,14",INfarctus glandulae tarsalis meibomi,,,,
"378,20",Cysta conjunctivae,,,,
"378,21",Symblepharon,,,,
"378,30",Prolapsus uveae,,,,
"378,31",Synechiae oculi,,,,
"378,32",Seclusio pupillae,,,,
"378,33",Occlusio pupillae,,,,
"378,34",Deformatio pupillae. anisocoria. miosis. nydriasis,,,,
"378,35",Myotonia pupillae,,,,
"378,40",Opacitates corporis vitrei,,,,
"378,41",Ablatio corporis vitrei,,,,
"378,50",Ablatio chorioideae,,,,
"378,60",Staphyloma,,,,
"378,61",Phthisis et degeneratio bulbi,,,,
"378,70",Subluxatio et luxatio lentis,,,,
"378,71",Deformatio lentis. sphaerophakia. lenti conus,,,,
"378,72","Aphakia artefacta, acquisita",,,,
"378,98",Morbi oculi alii,,,,
"379,09",Amaurosis amblyopia gravis(acquis.)(congen.)bilat.cum definitione specif.,,,,
"379,19",Amaurosis amblyopia gravis(acquis.)(congen.)bilat.sine definitione specif.,,,,
"379,29",Amaurosis amblyopia gravis(acquis.)(congen.)unilat.cum definitione specif.,,,,
"379,39",Amaurosis amblyopia gravis(acquis.)(congen.)unilat.sine definitione specif.,,,,
"380,00",Abscessus auris externae,,,,
"380,01",Abscessus meatus acustici externi,,,,
"380,02",INflammatio auris externae,,,,
"380,03",Otofurunculus,,,,
"380,04",INflammatio meatus acustici externi alia sive nud,,,,
"380,08",Otitis externa alia definita,,,,
"380,09",Otitis externa nud,,,,
"381,00",Otitis media acuta,,,,
"381,10",Otitis media chronica,,,,
"381,99","Otitis media, mastoiditide non indicata nud",,,,
"382,00",Otitis media cum mastoiditide acuta,,,,
"382,10",Otitis media cum mastoiditide chronica,,,,
"382,99",Otitis media cum mastoiditide nud,,,,
"383,00","Mastoiditis acuta, otitide media non indicata",,,,
"383,10","Mastoiditis chronica, otitide media non indicata",,,,
"383,99","Mastoiditis nud, otitide media non indicata",,,,
"384,00",Rhinosalpingitis (otosalpingitis) acuta,,,,
"384,01",Rhinosalpingitis (otosalpingitis) chronica adhaesiva,,,,
"384,02",Rhinosalpingitis (otosalpingitis) nud,,,,
"384,03",Labyrinthitis,,,,
"384,08",Morbi inflammatorii auris alii definiti,,,,
"385,99",Morbus meniere (vertigo labyrinthica),,,,
"386,99",Otosclerosis,,,,
"387,00",Cholesteatoma auris,,,,
"387,10",Cerumen excessivum. vaxpropp,,,,
"387,90",Degeneratio nervi acustici,,,,
"387,98",Morbi auris et processus mastoidis alii definiti,,,,
"387,99",Morbi auris et processus mastoidis nud,,,,
"388,00",Surdomutitas acquisita,,,,
"388,01",Surdomutitas congenita,,,,
"388,09",Surdomutitas nud,,,,
"389,00",Surditas totalis bilateralis,,,,
"389,10","Surditas totalis unilateralis, partialis auris alterius",,,,
"389,20",Surditas totalis unilateralis,,,,
"389,90",Surditas partialis uni- sive bilateralis,,,,
"389,98",Surditas alia definita,,,,
"389,99",Surditas nud,,,,
"390,97","Febris rheumatica, morbo cordis non indicato suspecta",,,,
"390,99","Febris rheumatica, morbo cordis non indicato nud",,,,
"391,97","Febris rheumatica (activa, acuta) cum morbo cordis suspecta",,,,
"391,99","Febris rheumatica (activa, acuta) cum morbo cordis nud",,,,
"392,99",Chorea rheumatica minor,,,,
"393,99",Morbi pericardii rheumatici chronici,,,,
"394,00",Morbi rheumat. chron. valvular. mitral. c. stenosi (febris rheum. inact.),,,,
"394,01",Morbi rheumat. chron. valvular. mitral. c. insuff. (febris rheum. inact.),,,,
"394,02",Morbi rheumat.chron.valvular.mitral.c.sten.et insuff.(febris rheum.inact.),,,,
"394,03",Morbi rheumat. chron. valvular. mitral. operat. (febris rheum. inact.),,,,
"394,09",Morbi rheumat. chron. valvular. mitral. nud,,,,
"395,00",Morbi rheumat. chron. valvular. aortae c. stenos. (febris rheum. inact.),,,,
"395,01",Morbi rheumat. chron. valvular. aortae c. insuff. (febris rheum. inact.),,,,
"395,02",Morb.rheumat.chron.valvular.aortae c.stenos.et insuff.(febris rheum.inact.),,,,
"395,03",Morbi rheumat. chron. valvular. aortae operata (febris rheum. inact.),,,,
"395,09",Morbi rheumat. chron. valvular. aortae nud,,,,
"396,01","Morbi rheumat. chron. valvular. mitral. et aortae, mitral. operata",,,,
"396,02","Morbi rheumat. chron. valvular. mitral. et aortae, aortae operata",,,,
"396,03","Morbi rheumat. chron. valvular. mitral. et aortae,mitral. et aortae operata",,,,
"396,04","Morbi rheumat. chron. valvular. mitral. et aortae, non operata",,,,
"396,09","Morbi rheumat. chron. valvular. mitral. et aortae, nud",,,,
"397,99","Morbi rheumat. chron. endocardii, alterius partis",,,,
"398,99",Alii morbi rheumatici cordis,,,,
"400,00",Hypertonia maligna laesione organorum non indicata,,,,
"400,10",Hypertonia maligna laesione cordis indicata,,,,
"400,20",Hypertonia maligna laesione cerebrovascularis indicata,,,,
"400,30",Hypertonia maligna laesione renis indicata,,,,
"400,90",Hypertonia maligna laesione organorum multiplici indicata,,,,
"401,99",Hypertonia benigna essentialis,,,,
"402,99",Hypertonia essentialis cum morbo cordis,,,,
"403,99",Hypertonia essentialis cum morbo renis,,,,
"404,99",Hypertonia essentialis cum morbo cordis et renis,,,,
"410,00",INfarctus myocardii acutus cum hypertonia,,,,
"410,07","INfarctus myocardii acutus suspectus, cum hypertonia",,,,
"410,97","INfarctus myocardii acutus suspectus, hypertonia non indicata",,,,
"410,99","INfarctus myocardii acutus, hypertonia non indicata",,,,
"411,00",Alii morbi cordis ischaemici acuti et subacuti cum hypertonia,,,,
"411,99",Alii morbi cordis ischaemici acuti et subacuti hypertonia non indicata,,,,
"412,01","Status post infarctum cordis, cum hypertonia",,,,
"412,09","Morbus arteriosclerosis cordis nud, cum hypertonia",,,,
"412,91","Status post infarctum cordis, hypertonia non indicata",,,,
"412,99","Arteriosclerosis cordis nud, hypertonia non indicata",,,,
"413,00",Angina pectoris cum hypertonia,,,,
"413,07","Angina pectoris suspecta, cum hypertonia",,,,
"413,97","Angina pectoris suspecta, hypertonia non indicata",,,,
"413,99",Angina pectoris hypertonia non indicata,,,,
"414,00",Morbus cordis ischaemicus asymptomaticus cum hypertonia,,,,
"414,99",Morbus cordis ischaemicus asymptomaticus hypertonia non indicata,,,,
"420,00","Pleuropericarditis acuta, non rheumatica",,,,
"420,07","Pericarditis acuta, non rheumatica suspecta",,,,
"420,08","Pericarditis acuta, non rheumatica alia definita",,,,
"420,09","Pericarditis acuta, non rheumatica nud",,,,
"421,00",Endocarditis acuta et subacuta bacterica (lenta),,,,
"421,98",Endocarditis acuta et subacuta alia definita,,,,
"422,97",Myocarditis acuta suspecta,,,,
"422,99",Myocarditis acuta nud,,,,
"423,00","Pericarditis chronica, non rheumatica constrictiva",,,,
"423,08","Pericarditis chronica, non rheumatica alia definita",,,,
"423,09","Pericarditis chronica, non rheumatica nud",,,,
"424,00","Endocarditis chronica non rheumatica mitralis, non operata",,,,
"424,01","Endocarditis chronica non rheumatica mitralis, operata",,,,
"424,09","Endocarditis chronica, non rheumatica mitralis nud",,,,
"424,10","Endocarditis chronica, non rheumatica aortae, non operata",,,,
"424,11","Endocarditis chronica, non rheumatica aortae, operata",,,,
"424,19","Endocarditis chronica, non rheumatica aortae nud",,,,
"424,90","Endocarditis chronica, non rheumatica alia partis, non operata",,,,
"424,91","Endocarditis chronica, non rheumatica alia partis, operata",,,,
"424,98","Endocarditis chronica, non rheumatica alia partis nud",,,,
"424,99","Endocarditis chronica, non rheumatica nud",,,,
"425,00",Stenosis subaortae hypertrophicans,,,,
"425,08",Cardiomyopathia alia definita,,,,
"425,09",Cardiomyopathia nud,,,,
"426,01",Morbus ayerzas,,,,
"426,02",Hypertonia pulmonalis primaria,,,,
"426,08",Morbi cordis pulmonales alii definiti,,,,
"426,09",Cor pulmonale nud,,,,
"427,00",INcompensatio cordis. oedema cardiale,,,,
"427,10",Oedema pulmonum acutum,,,,
"427,20",Syndroma adams-stokes,,,,
"427,27","Syndroma adams-stokes, suspecta",,,,
"427,28",Dissociatio cordis alia,,,,
"427,29",Dissociatio cordis nud,,,,
"427,90",Tachycardia paroxysmalis auricularis,,,,
"427,91",Tachycardia paroxysmalis ventricularis,,,,
"427,92",Fibrillatio auricularis,,,,
"427,98",Alia arrhytmia definita,,,,
"427,99",Functio laesa cordis nud,,,,
"428,99",Aliae insufficientiae myocardii,,,,
"429,99",Morbus cordis nud,,,,
"430,00","Haemorrhagia subarachnoidalis post aneurysma sacculare, cum hypertonia",,,,
"430,01","Haemorrhagia subarachnoidalis post aneurysma arteriovenosum, cum Hypertonia",,,,
"430,08","Haemorrhagia subarachoidalis alia definita, cum hypertonia",,,,
"430,09","Haemorrhagia subarachoidalis nud, cum hypertonia",,,,
"430,90","Haemorrhagia subarachnoidalis post aneurysma sacculare,hypert.non INdicata",,,,
"430,91","Haemorrhagia subarachn. post aneurysma arterioven., hypertonia non INdicata",,,,
"430,98","Haemorrhagia subarachnoidalis alia definita, hypertonia non indicata",,,,
"430,99",Haemorrhagia subarachnoidalis nud,,,,
"431,00",Haemorrhagia intracerebralis cum hypertonia,,,,
"431,01","Haemorrhagia subduralis non traumatica, cum hypertonia",,,,
"431,08","Haemorrhagia alia definita, cum hypertonia",,,,
"431,09","Haemorrhagia cerebri nud, cum hypertonia",,,,
"431,90","Haemorrhagia intracerebralis, hypertonia non indicata",,,,
"431,91","Haemorrhagia subduralis non traumatica, hypertonia non indicata",,,,
"431,98","Haemorrhagia alia definita, hypertonia non indicata",,,,
"431,99",Haemorrhagia cerebri nud,,,,
"432,00","Occlusio arteriae praecerebralis in arteria carotide interna,cum hypertonia",,,,
"432,01",Occlusio arter.praecerebr.in art.basial.(art.cer.post.incl.)c.hypertonia,,,,
"432,02","Occlusio arteriae praecerebralis in arteria vertebrali, cum hypertonia",,,,
"432,08","Occlusio arteriae praecerebralis alia definita, cum hypertonia",,,,
"432,09","Occlusio arteriae praecerebralis nud, cum hypertonia",,,,
"432,90","Occlusio arter. praecerebral. in arter. carot. intern., hypertonia non ind.",,,,
"432,91","Occlusio art.praecerebr.in arter.basiali(art.cer.post.incl.),hypert.non ind",,,,
"432,92","Occlusio arteriae praecerebralis in arteria vertebrali, hypertonia non ind.",,,,
"432,98","Occlusio arteriae praecerebralis alia definita, hypertonia non indicata",,,,
"432,99",Occlusio arteriae praecerebralis nud,,,,
"433,00",Thrombosis cerebri cum hypertonia,,,,
"433,99",Thrombosis cerebri hypertonia non indicata,,,,
"434,00",Embolia cerebri cum hypertonia,,,,
"434,99",Embolia cerebri hypertonia non indicata,,,,
"435,00",ISchaemia cerebralis transitoria cum hypertonia,,,,
"435,99",ISchaemia cerebralis transitoria hypertonia non indicata,,,,
"436,00",Morbus cerebrovascularis acutus non definitus cum hypertonia,,,,
"436,99",Morbus cerebrovascularis acutus non definitius hypertonia non indicata,,,,
"437,00",Morbus cerebrovascularis ischaemicus generalisatus cum hypertonia,,,,
"437,99",Morbus cerebrovascularis ischaemicus generalisatus hypertonia non INdicata,,,,
"438,00",Morbi cerebrovasculares alii sive non definiti cum hypertonia,,,,
"438,99",Morbi cerebrovasculares alii sive non definiti hypertonia non indicata,,,,
"440,00",Arteriosclerosis aortae,,,,
"440,10",Arteriosclerosis renis,,,,
"440,20",Arteriosclerosis extremitatum,,,,
"440,38",Arteriosclerosis alia,,,,
"440,99",Arteriosclerosis universalis sive nud,,,,
"441,00",Aneurysma aortae (non syphiliticum) dissecans,,,,
"441,10","Aneurysma aortae (non syphiliticum) thoracicum, dissecanti non indicato",,,,
"441,20","Aneurysma aortae (non syphiliticum) abdominale, dissecanti non indicato",,,,
"441,99",Aneurysma aortae nud,,,,
"442,00",Aneurysma aliud cum ruptura,,,,
"442,09",Aneurysma aliud ruptura non indicata,,,,
"443,00",Syndroma sive gangraena raynaud,,,,
"443,10",Thrombangitis obliterans buerger,,,,
"443,20",Pernio. (dermatitis congelationis),,,,
"443,88",Morbi vasculorum periphericorum alii definiti,,,,
"443,90",Claudicatio intermittens,,,,
"443,99",Morbi vasculorum periphericorum nud,,,,
"444,00",Embolia et thrombosis aortae abdominalis,,,,
"444,10",Embolia et thrombosis alterius partis aortae,,,,
"444,20",Embolia et thrombosis mesenterii,,,,
"444,30",Embolia et thrombosis renis,,,,
"444,40",Embolia et thrombosis extremitatum,,,,
"444,98","Embolia et thromb. arter. alia defin. (cerebr.,coron.,pulm.,retin.except.)",,,,
"444,99",Embolia et thrombosis arteriarum nud,,,,
"445,00",Arteriosclerosis cum gangraena,,,,
"445,98",Gangraena alia definita,,,,
"445,99",Gangraena nud,,,,
"446,00",Polyarteritis nodosa,,,,
"446,10",Angiitis hypersensitiva,,,,
"446,20",Granulomatosis wegener,,,,
"446,30",Arteritis cranialis (temporalis),,,,
"446,38",Polymyalgia arteritica (rheumatica),,,,
"446,40",Microangiopathia thrombotica,,,,
"446,98",Polyarteritis nodosa et morbi similes alia definita,,,,
"447,00",Aortitis non syphilitica,,,,
"447,08",Morbi arteriae et arteriolae alii definiti,,,,
"447,09",Morbi arteriae et arteriolae nud,,,,
"448,00","Telangiectasia haemorrhagica, hereditaria osler",,,,
"448,08",Morbi capillares alii definiti,,,,
"448,09",Morbi capillares nud,,,,
"450,01",Embolia pulmonis,,,,
"450,02",INfarctus pulmonis,,,,
"450,03",Thrombosis pulmonalis,,,,
"450,09",Embolia et infarctus pulmonis nud,,,,
"451,00",Phlebitis et thrombophlebitis extremitatum inferiorum,,,,
"451,98",Phlebitis et thrombophlebitis alio loco definito,,,,
"451,99",Phlebitis et thrombophlebitis nud,,,,
"452,99",Thrombosis venae portae,,,,
"453,00",Thrombophlebitis migrans,,,,
"453,09","Embolia et thrombosis venarum nud (cerebri, cordis, mesent., pulm. except.)",,,,
"454,00",Ulcus varicosum cruris,,,,
"454,99",Varices venarum extremitatum inferiorum ulcus non indicatum,,,,
"455,99",Haemorrhoides,,,,
"456,00",Varices oesophagi,,,,
"456,10",Varices scroti (varicocele),,,,
"456,98",Varices venarum alio loco definito,,,,
"457,00",Chylocele (non propter filariosin),,,,
"457,08",Morbi vasorum lymphaticorum non infectiosi alii definiti,,,,
"457,09",Morbi vasorum lymphaticorum non infectiosi nud,,,,
"458,00",Hypotonia,,,,
"458,91",Haemorrhagia subcutanea nud,,,,
"458,98",Morbi systematis circulationis alii definiti,,,,
"458,99",Morbi systematis circulationis nud,,,,
"460,99",Nasopharyngis acuta,,,,
"461,00",Sinuitis acuta maxillaris,,,,
"461,01",Sinuitis acuta frontalis,,,,
"461,02",Sinuitis acuta ethmoidalis,,,,
"461,03",Sinuitis acuta sphenoidalis,,,,
"461,04",Pansinuitis,,,,
"461,09",Sinuitis acuta nud,,,,
"462,01",Pharyngitis acuta catarrhalis,,,,
"462,02",Pharyngitis acuta phlegmonosa,,,,
"462,09",Pharyngitis acuta nud,,,,
"463,01",Tonsillitis gangraenosa,,,,
"463,09",Tonsillitis acuta nud,,,,
"464,01",Laryngitis acuta (subglottica),,,,
"464,02",Laryngotracheitis acuta purulenta,,,,
"464,03",Epiglottitis acuta,,,,
"464,09",Laryngitis et tracheitis acuta nud,,,,
"465,99","INfectio viarum respirationis superiorum, loco multiplici sive nud",,,,
"466,99",Bronchitis et bronchiolitis acuta,,,,
"470,99",INfluenza nud,,,,
"471,01",INfluenza cum pleuropneumonia,,,,
"471,09",INfluenza cum pneumonia nud,,,,
"472,01",INfluenza cum bronchitide,,,,
"472,02",INfluenza cum pharyngitide,,,,
"472,09",INfluenza cum aliis cymptomatibus respirationis nud,,,,
"473,99","INfluenza cum symptom. digestionis, symptom. respirationis non indic.",,,,
"474,99","INfluenza cum symptom. nervorum, symptom. respirat. et digest.non indic.",,,,
"480,99",Pneumonia virosa,,,,
"481,99",Pneumona pneumococcica,,,,
"482,01",Pneumonia bacillus friedländer,,,,
"482,10",Pneumonia haemophilus influenzae,,,,
"482,20",Pneumonia bacillus streptococcus,,,,
"482,30",Pneumonia bacillus staphylococcus,,,,
"482,98",Pneumonia bacillaris alia definita,,,,
"483,99",Pneumonia per organismum alium definitum,,,,
"484,99",Pneumonia acuta interstitialis,,,,
"485,01",Pneumonia aspiratoria,,,,
"485,02",Bronchopneumonia secundaria nud,,,,
"485,09",Bronchopneumonia nud,,,,
"486,01",Pleuropneumonia nud,,,,
"486,09",Pneumonia nud,,,,
"490,99",Bronchitis nud,,,,
"491,01",Bronchitis chronica non purulenta (simplex),,,,
"491,02",Bronchitis chronica purulenta,,,,
"491,04",Bronchitis cum emphysemate,,,,
"491,09",Bronchitis chronica nud,,,,
"492,01",Empysema generale bronchitide non indicata,,,,
"492,02",Emphysema focale (bullosum),,,,
"492,09",Emphysema nud,,,,
"493,00",Asthma bronchiale,,,,
"493,02",Rhinitis allergica cum asthmate bronchiali,,,,
"493,08",Asthma aliud definitum,,,,
"493,09",Asthma nud,,,,
"500,99",Hyperplasia tonsillarum et adenoidum,,,,
"501,99",Abscessus peritonsillaris,,,,
"502,00",Pharyngitis chronica,,,,
"502,10",Nasopharyngitis chronica,,,,
"503,00",Sinuitis chronica maxillaris cum empyemate,,,,
"503,01",Sinuitis chronica maxillaris nud,,,,
"503,02",Sinuitis chronica frontalis cum empyemate,,,,
"503,03",Sinuitis chronica frontalis nud,,,,
"503,04",Sinuitis chronica ethmoidalis,,,,
"503,05",Sinuitis chronica sphenoidalis,,,,
"503,06",Pansinuitis chronica,,,,
"503,08",Sinuitis chronica alia definita,,,,
"503,09",Sinuitis chronica nud,,,,
"504,99",Deviatio septi nasi,,,,
"505,01",Polypus maxillaris,,,,
"505,02",Polypus frontalis,,,,
"505,03",Polypus ethmoidalis,,,,
"505,04",Polypus sphenoidalis,,,,
"505,09",Polypus nasi nud,,,,
"506,01",Tracheolaryngitis chronica,,,,
"506,09",Laryngitis chronica nud,,,,
"507,01",Rhinitis allergica vernalis,,,,
"507,02",Rhinitis allergica aestivalis,,,,
"507,03",Rhinitis allergica autumnalis,,,,
"507,04",Rhinitis allergica cum conjunctivitis allergica,,,,
"507,05",Pharyngitis allergica,,,,
"507,08",Rhinitis allergica alia definita,,,,
"507,09",Rhinitis allergica nud,,,,
"508,00",Abscessus laryngis,,,,
"508,01",Abscessus nasi,,,,
"508,02",Abscessus pharyngis,,,,
"508,03",Pseudocroup,,,,
"508,04","Oedema laryngis, glottidis",,,,
"508,05","Paralysis, paresis laryngis",,,,
"508,06",Stenosis ulcus laryngis,,,,
"508,08",Morbi tractus respiratorii superioris alii definiti,,,,
"508,09",Morbi tractus respiratorii superioris nud,,,,
"510,01",Fistula pleurocutanea,,,,
"510,02",Fistula bronchopleuralis,,,,
"510,03",Fistula bronchocutanea,,,,
"510,09",Empyema nud,,,,
"511,01",Adhaesiones pleurae,,,,
"511,09",Pleuritis sicca nud,,,,
"511,10",Pleuritis exsudativa bacterica,,,,
"511,20",Pleuritis alia exsudativa definita,,,,
"512,99",Pneumothorax spontaneus,,,,
"513,99",Abscessus pulmonis,,,,
"514,99",Hyperaemia et hypostasis pulmonum,,,,
"515,00",Silicosis pulmonum,,,,
"515,10",Anthracosilicosis pulmonum,,,,
"515,20",Asbestosis pulmonum,,,,
"515,98",Pneumoconiosis silicotica alia definita,,,,
"515,99",Pneumoconiosis silicotica nud,,,,
"516,00",Pneumoconiosis causa inhalationis pulveris alterius non organici,,,,
"516,10",Pneumoconiosis causa inhalationis pulveris alterius,,,,
"516,20",Pneumoconiosis causa inhalationis fumi,,,,
"517,01",Fibrosis interstitialis diffusa pulmonum essentialis (hamman-rich),,,,
"517,09",Pneumonia chronica interstitialis nud,,,,
"518,99",Bronchectasia,,,,
"519,00",Atelectasis pulmonis,,,,
"519,01",Collapsus pulmonis nud,,,,
"519,10",Oedema pulmonum acutum morbo cordis non indicato,,,,
"519,20",INfiltratio pulmonis eosinophilica,,,,
"519,21",Haemosiderosis pulmonum essentialis (idiopathica),,,,
"519,22",Proteinosis alveolaris pulmonum,,,,
"519,25",INfiltratio pulmonis nud,,,,
"519,28",Morbi pulmonum alii,,,,
"519,91",Mediastinitis acuta,,,,
"519,92","Mediastinitis chronica, abscessus mediastini",,,,
"519,93",Stenosis bronchi et tracheae,,,,
"519,94",INsufficientia respirationis,,,,
"519,98",Morbi organorum respirationis alii definiti,,,,
"520,00",Anodontia,,,,
"520,10",Dentes supernumerarii,,,,
"520,20",Magnitudo et forma dentium abnormis,,,,
"520,30",Opacitas adamantinae (mottled teeth),,,,
"520,40",Hypoplasia adamantinae,,,,
"520,50",Anomaliae congenitae dentium aliae,,,,
"520,60",Eruptiones dentium abnormes,,,,
"520,70","Eruptiopathia (""teething syndrome"")",,,,
"520,98",Vitia evolutionis et eruptionis dentum alia definita,,,,
"520,99",Vitia evolutionis et eruptionis dentum nud,,,,
"521,00",Caries dentium,,,,
"521,10",Attritio dentium,,,,
"521,20",Abrasio dentium,,,,
"521,30",Erosio dentium,,,,
"521,40",Resorptio dentium,,,,
"521,50",Hypercementosis,,,,
"521,60",Ankylosis dento-alveolaris,,,,
"521,70",Discoloratio posteruptiva,,,,
"521,80",Adamantina irradiata,,,,
"521,98","Morbi adamantinae, dentini et cementi dentium alii definiti",,,,
"521,99","Morbi adamantinae, dentini et cementi dentium nud",,,,
"522,00",Pulpitis,,,,
"522,10",Necrosis pulpae,,,,
"522,20",Degeneratio pulpae,,,,
"522,30",Dentinum irregulare pulpae,,,,
"522,40",Periodontitis apicalis acuta,,,,
"522,50",Abscessus periapicalis (alveolaris),,,,
"522,60",Periodontitis apicalis chronica,,,,
"522,70",Fistula e laesione periapicali,,,,
"522,80",Cysta radicularis,,,,
"522,98",Morbi pulpae et regionis periapicalis alii definiti,,,,
"522,99",Morbi pulpae et regionis periapicalis nud,,,,
"523,00",Gingivitis acuta,,,,
"523,10",Gingivitis chronica,,,,
"523,20",Recessio gingivae,,,,
"523,30",Parodontitis acuta,,,,
"523,40",Parodontitis chronica,,,,
"523,50",Parodontitis degenerativa,,,,
"523,60",Concretio dentium,,,,
"523,98",Morbi parodontales alii definiti,,,,
"523,99",Morbi parodontales nud,,,,
"524,00",Gnathanomaliae majores,,,,
"524,10",Gnathanomaliae ad basin cranii,,,,
"524,20",Gnathanomaliae arcuum dentalium,,,,
"524,30",Positio dentium abnormis,,,,
"524,40",Malocclusio dentis nud,,,,
"524,50",Abnormitates functionis dento-faciales,,,,
"524,98",Anomaliae dento-faciales cum malocclusione aliae definitae,,,,
"524,99",Anomaliae dento-faciales cum malocclusione nud,,,,
"525,00",Edentatio acquisita,,,,
"525,10",Atrophia processus alveolaris edentati,,,,
"525,98",Morbi et aliae conditiones dentium et processuum alveolarium alii definiti,,,,
"525,99",Morbi et aliae conditiones dentium et processuum alveolarium nud,,,,
"526,00",Cysta (cystis) evolutionis dentium,,,,
"526,10",Cysta (cystis) fissuralis,,,,
"526,20",Cystae maxillae et mandibulae aliae,,,,
"526,30",Granuloma gigantocellulare reparativum,,,,
"526,40",Conditio inflammatoria maxillae et mandibulae,,,,
"526,50",Alveolitis,,,,
"526,98",Morbi maxillae et mandibulae alii definiti,,,,
"526,99",Morbi maxillae et mandibulae nud,,,,
"527,00",Atrophia glandularum salivarium,,,,
"527,10",Hypertrophia glandularum salivarium,,,,
"527,20",Sialoadenitis,,,,
"527,30",Abscessus glandulae salivaris,,,,
"527,40",Fistula glandulae salivaris,,,,
"527,50",Sialolithiasis,,,,
"527,60",Mucocele,,,,
"527,70",Dysfunctio glandulae salivaris,,,,
"527,80",Sialosis,,,,
"527,98",Morbi glandularum salivarium alii definiti,,,,
"527,99",Morbi glandularum salivarium nud,,,,
"528,00",Stomatitis,,,,
"528,10",Gangraena oris,,,,
"528,20",Ulcus aphthosum orale (stomatitis aphthosa),,,,
"528,30","Cellulitis et abscessus mucosae oris, gingiva et lingua exceptis",,,,
"528,40",Cysta naso-alveolaris sive nasolabialis,,,,
"528,50",Morbi labiorum non alibi classificabiles,,,,
"528,60",Leucoplacia,,,,
"528,70","Aliae perturbationes keratini mucosae oris, gingiva et lingua exceptis",,,,
"528,80",Fibrosis submucosa oralis,,,,
"528,98","Morbi mucosae oris, gingiva et lingua exceptis alii definiti",,,,
"528,99","Morbi mucosae oris, gingiva et lingua exceptis nud",,,,
"529,00",Glossitis,,,,
"529,10",Lingua geographica,,,,
"529,20",Glossitis rhombica mediana,,,,
"529,30",Hyperthophia papillarum linguae,,,,
"529,40",Atrophia papillarum linguae,,,,
"529,50",Lingua plicata,,,,
"529,60",Glossodynia,,,,
"529,70",Leucoplacia linguae et aliae perturbationes keratini,,,,
"529,98",Morbi linguae et conditiones oris alii definiti,,,,
"529,99",Morbi linguae et conditiones oris nud,,,,
"530,01",Achalasia cardiae,,,,
"530,02",Cardiospasmus,,,,
"530,09",Functio laesa oesophagi nud,,,,
"530,90",Perforatio oesophagi (non traumatica),,,,
"530,91",Strictura oesophagi,,,,
"530,92",Stenosis oesophagi,,,,
"530,93",Ulcus pepticum oesophagi,,,,
"530,94",Oesophagitis,,,,
"530,95",Dilatatio oesophagi,,,,
"530,96",Diverticulum oesophagi,,,,
"530,97",Leucoplacia oesophagi,,,,
"530,98",Morbi oesophagi alii definiti,,,,
"530,99",Morbi oesophagi nud,,,,
"531,00","Ulcus ventriculi praepyloricum, cum perforatione",,,,
"531,01",Ulcus ventriculi loco alio sive non indicato (cum perforatione),,,,
"531,90","Ulcus ventriculi praepyloricum, cum haemorrhagia (perfor. non indicata)",,,,
"531,91","Ulcus ventriculi praephyloricum, cum stenosi (perforatione non indicata)",,,,
"531,92","Ulcus ventriculi praepyloric., (haemorrhagia, stenosi sive perfor.non ind.)",,,,
"531,93","Ulcus ventriculi loco non indicato, cum haemorrhagia (perforat. non ind.)",,,,
"531,94","Ulcus ventriculi loco non indicato, cum stenosi (perforatione non indicata)",,,,
"531,98","Ulcus ventriculi aliud definitum, perforatione non indicata",,,,
"531,99",Ulcus ventriculi nud,,,,
"532,00",Ulcus duodeni cum perforatione,,,,
"532,90","Ulcus duodeni perforatione non indicata, cum haemorrhagia",,,,
"532,91","Ulcus duodeni perforatione non indicata, cum stenosi",,,,
"532,98","Ulcus duodeni aliud definitum, perforatione non indicata",,,,
"532,99",Ulcus duodeni nud,,,,
"533,00",Ulcus pepticum loco non indicato cum perforatione,,,,
"533,90","Ulcus pepticum perforatione non indicata, cum haemorrhagia",,,,
"533,92","Ulcus pepticum perforatione non indicata, cum stenosi",,,,
"533,98","Ulcus pepticum aliud definitum, perforatione non indicata",,,,
"533,99",Ulcus pepticum nud,,,,
"534,00",Ulcus gastrojejunale cum perforatione,,,,
"534,90","Ulcus gastrojejunale perforatione non indicata, cum haemorrhagia",,,,
"534,91","Ulcus gastrojejunale perforatione non indicata, cum stenosi",,,,
"534,98","Ulcus gastrojejunale aliud definitum, perforatione non indicata",,,,
"534,99",Ulcus gastrojejunale nud,,,,
"535,00",Gastritis phlegmonosa,,,,
"535,01",Gastritis haemorrhagica,,,,
"535,02",Gastritis acuta nud,,,,
"535,03",Gastritis chronica nud,,,,
"535,04",Duodenitis acuta,,,,
"535,05",Duodenitis chronica,,,,
"535,06",Gastroduodenitis phlegmonosa,,,,
"535,07",Gastroduodenitis haemorrhagiga,,,,
"535,08",Gastroduodenitis nud,,,,
"535,09",Gastritis et duodenitis alia sive nud,,,,
"536,01",Achylia. achlorhydria,,,,
"536,02",Hypochlorhydria,,,,
"536,03",Hyperchlorhydria,,,,
"536,10",Dilatatio ventriculi,,,,
"536,19",Motus ventriculi laesus alius sive nud,,,,
"536,90",Hyperemisis nud,,,,
"536,98",Vitia functionis ventirculi alia definita,,,,
"536,99",Dyspepsia e vitio functionis (indigestio) nud,,,,
"537,01",Fistula gastrointestinalis,,,,
"537,02",Stenosis hypertrophicans pylori,,,,
"537,03",Gastroptosis,,,,
"537,08",Morbi ventriculi et duodeni alii definiti,,,,
"540,00",Appendicitis acuta perforans,,,,
"540,01",Appendicitis acuta cum peritonitide diffusa,,,,
"540,02",Appendicitis acuta cum peritonitide circumscripta,,,,
"540,03",Appendicitis acuta cum abscessu,,,,
"540,90","Appendicitis acuta phlegmonosa, peritonitide non indicata",,,,
"540,91","Appendicitis acuta gangraenosa, peritonitide non indicata",,,,
"540,99",Appendicitis acuta nud,,,,
"541,99",Appendicitis nud,,,,
"542,00",Appendicitis chronica,,,,
"542,01",Appendicitis recidivans,,,,
"542,08",Appendicitis alia,,,,
"543,00",Mucocele appendicis,,,,
"543,01",Stercolithium appendicis,,,,
"543,02",Fistula appendicis,,,,
"543,08",Morbi appendicis alii definiti,,,,
"543,09",Alii morbi appendicis nud,,,,
"550,99","Hernia inguinalis, obstructione non indicata",,,,
"551,00","Hernia femoralis, obstructione non indicata",,,,
"551,10","Hernia umbilicalis, obstructione non indicata",,,,
"551,20","Hernia epigastrica, obstructione non indicata",,,,
"551,21","Hernia ventralis alia (incisionalis, in cicatrice) obstruct. non indicata",,,,
"551,30","Hernia diaphragmatica, obstructione non indicata",,,,
"551,80","Hernia alterius loci definiti, obstructione non indicata",,,,
"551,99","Hernia abdominalis, obstructione non indicata nud",,,,
"552,99","Hernia inguinalis cum obstructione(hernia incarcerata,strangul.,gangraen.)",,,,
"553,00",Hernia femoralis incarcerata,,,,
"553,10",Hernia umbilicalis incarcerata,,,,
"553,20",Hernia epigastrica incarcerata,,,,
"553,21","Hernia ventralis alia (incisionalis, in cicatrice) incarcerata",,,,
"553,30",Hernia diaphragmatica incarcerata,,,,
"553,80",Hernia abdominalis alterius loci definiti cum obstructione,,,,
"553,99",Hernia abdominalis cum obstructione nud,,,,
"560,00",INvaginatio,,,,
"560,10",ILeus paralyticus,,,,
"560,20",Volvulus,,,,
"560,30",Obstructio per contenta,,,,
"560,90",Stenosis coli,,,,
"560,91",Stenosis intestini tenuis,,,,
"560,95","ILeus propter adhaesionem, cum functione laesa circulationis intestinalis",,,,
"560,96",ILeus propter adhaesionem (functione laesa circulationis intest. non ind.),,,,
"560,98","Obstructio intestinalis, hernia non indicata alia definita",,,,
"560,99","Obstructio intestinalis, hernia non indicata nud",,,,
"561,00",Gastro-enteritis allergica,,,,
"561,01",Enterocolitis allergica,,,,
"561,02",Colitis toxica,,,,
"561,03",Gastro-enteritis non infectiosa,,,,
"561,04",Enterocolitis non infectiosa,,,,
"561,08","Gastro-enteritis et colitis non ulcerosa, causa non infect. alia definita",,,,
"561,09","Gastro-enteritis et colitis non ulcerosa, causa non infectiosa nud",,,,
"562,00",Diverticulum (diverticulosis) duodeni,,,,
"562,01",Diverticulum (diverticulosis) intestini tenuis alterius,,,,
"562,02",Diverticulitis intestini tenuis,,,,
"562,10",Diverticulum (diverticulosis) coli,,,,
"562,11",Diverticulitis coli,,,,
"562,18",Diverticulosis et diverticulitis intestinorum alia definita,,,,
"562,19",Diverticulosis et diverticulitis intestinorum nud,,,,
"563,00",Enteritis regionalis (crohn),,,,
"563,10",Colitis ulcerosa,,,,
"563,98",Enterocolitis chronica alia definita,,,,
"563,99",Enterocolitis chronica nud,,,,
"564,00",Obstipatio chronica,,,,
"564,10",Colitis mucosa,,,,
"564,11",Colon spasticum,,,,
"564,19",Colon irritabile aliud sive nud,,,,
"564,90",Contractura ani,,,,
"564,98",Functio laesa intestinorum alia definita,,,,
"564,99",Funtio laesa intestinorum nud,,,,
"565,00",Fissura ani,,,,
"565,10",Fistula ani,,,,
"566,00",Abscessus perianalis,,,,
"566,01",Abscessus periproctalis,,,,
"567,00",Abscessus pelvis (viri),,,,
"567,01",Abscessus subphrenicus,,,,
"567,02",Abscessus retroperitonealis,,,,
"567,03",Peritonitis localisata,,,,
"567,04",Peritonitis diffusa,,,,
"567,08",Peritonitis alia definita,,,,
"567,09",Peritonitis nud,,,,
"568,99",Adhaesiones peritonei,,,,
"569,00",Abscessus intestini,,,,
"569,01",Perforatio intestini nud,,,,
"569,02",Proctitis haemorrhagica (ulcerosa),,,,
"569,03",Periproctitis,,,,
"569,04",Perisigmoiditis,,,,
"569,05",Fistula faecalis,,,,
"569,06",Prolapsus ani,,,,
"569,07",Prolapsus recti,,,,
"569,08",Morbi intestinorum et peritonei alii definiti,,,,
"569,09",Morbi intestinorum et peritonei nud,,,,
"570,00",Hepatitis acuta degenerativa,,,,
"570,01",Hepatitis subacuta degenerativa,,,,
"570,02",Atrophia acuta flava hepatis,,,,
"570,08","Necrosis hepatis, acuta et subacuta alia definita",,,,
"570,09","Necrosis hepatis, acuta et subacuta nud",,,,
"571,00",Cirrhosis hepatis cum alcoholismo,,,,
"571,01",Degeneratio hepatica adiposa alcoholica,,,,
"571,90",Cirrhosis hepatis cum hypertensione venae portae (banti) alcohol. non ind.,,,,
"571,98","Cirrhosis hepatis alia definita, alcoholismo non indicato",,,,
"571,99",Cirrhosis hepatis nud,,,,
"572,99",Hepatitis purulenta et abscessus hepatis,,,,
"573,00",Hepatitis nud,,,,
"573,01",Degenaratio hepatica nud,,,,
"573,02",Coma hepaticum non alibi classificabile,,,,
"573,03",Stasis hepatis non alibi classificabilis,,,,
"573,08",Morbi hepatis alii definiti,,,,
"573,09",Morbi hepatis nud,,,,
"574,00",Cholelithiasis cum cholecystitide acuta,,,,
"574,01",Cholelithiasis cum cholecystitide chronica,,,,
"574,02",Cholelithiasis cum choledocholithiasi cum cholecystitide,,,,
"574,03",Cholelithiasis cum choledocholithiasi sine cholecystitide,,,,
"574,04",Choledocholithiasis nud,,,,
"574,05",Choledocholithiasis suspecta,,,,
"574,06",Cholelithiasis cum cholangitide,,,,
"574,08",Cholelithiasis alia definita,,,,
"574,09",Cholelithiasis nud,,,,
"575,00",Cholecystitis acuta,,,,
"575,01",Cholecystitis chronica,,,,
"575,02",Empyema vesicae felleae,,,,
"575,03",Cholecystitis alia sive nud,,,,
"575,04",Choledochitis,,,,
"575,05",Cholangitis alia sive nud,,,,
"576,00",Cholesterosis vesicae felleae,,,,
"576,01",Spasmus sphincteris oddi (cum ectasia viarum),,,,
"576,02",Ruptura vesicae felleae,,,,
"576,03",Ruptura viarum biliferarum,,,,
"576,04",Fistula vesicae felleae,,,,
"576,05",Fistula viarum biliferarum,,,,
"576,06",Stenosis viarum biliferarum,,,,
"576,07",Occlusio nud viarum biliferarum,,,,
"576,08",Dyskinesia viarum biliferarum,,,,
"576,09",Morbi viarum biliferarum alii definiti sive nud,,,,
"577,00",Pancreatitis acuta haemorrhagica,,,,
"577,01",Pancreatitis acuta cum abscessu,,,,
"577,02",Necrosis acuta pancreatis,,,,
"577,08",Pancreatitis acuta alia,,,,
"577,09",Pancreatitis nud,,,,
"577,10",Pancreatitis chronica recidivans,,,,
"577,19",Pancreatitis chronica nud,,,,
"577,90",Calculus pancreatis,,,,
"577,91",Cirrhosis pancreatis,,,,
"577,92",Cysta pancreatis,,,,
"577,93",Necrosis telae adiposae pancreatis,,,,
"577,98",Morbi pancreatis alii definiti,,,,
"580,99",Nephritis acuta,,,,
"581,99",Nephrosis,,,,
"582,00",Nephritis chronica cum uraemia,,,,
"582,09",Nephritis chronica nud,,,,
"583,99",Nephritis nud,,,,
"584,99",Sclerosis renalis nud,,,,
"590,00",Pyelonephritis chronica,,,,
"590,01",Pyelonephrosis chronica,,,,
"590,02",Hydropyonephrosis chronica,,,,
"590,10",Pyelonephritis,,,,
"590,11",Pyelitis,,,,
"590,12",Pyelocystitis,,,,
"590,13",Hydropyonephrosis,,,,
"590,14",Pyonephrosis,,,,
"590,20",Abscessus renalis et perirenalis,,,,
"590,98",INfectio renis alia definita,,,,
"590,99",INfectio renis nud,,,,
"591,99",Hydronephrosis,,,,
"592,00",Nephrocalcinosis,,,,
"592,01",Calculus renis,,,,
"592,03",Calculus ureteris,,,,
"592,04",Pyelonephritis calculosa,,,,
"592,05",Pyonephrosis calculosa,,,,
"592,08",Calculus renis et ureteris alius definitus,,,,
"592,09",Calculus renis et ureteris nud,,,,
"593,00","Rachitis renalis, nanosomia renalis",,,,
"593,10",Nephrosis acuta tubularis,,,,
"593,20",Ren mobilis,,,,
"593,21",Cysta (cystis) renis (non congenita),,,,
"593,22",Albuminuria orthostatica,,,,
"593,28",Morbi renis alii,,,,
"593,29",Morbi renis nud,,,,
"593,30",Stenosis (strictura) ureteris non calculosa,,,,
"593,40",Hydroureter non congenitus,,,,
"593,50",Ureterocele,,,,
"593,58",Morbi ureteris alii,,,,
"594,00",Calculus urethrae,,,,
"594,01",Calculus vesicae urinariae,,,,
"594,08",Calculus alterius partis definitae systematis urinarii,,,,
"595,00",Cystitis acuta,,,,
"595,01",Cystitis recidivans,,,,
"595,02",Cystitis chronica,,,,
"595,03",Cystitis allergica,,,,
"595,04",Cystitis interstitialis (hunner),,,,
"595,09",Cystitis nud,,,,
"596,00",Fistula vesicovaginalis,,,,
"596,01",Atonia vesicae urinariae,,,,
"596,02",Diverticulum vesicae urinariae,,,,
"596,08",Morbi vesicae urinariae alii definiti,,,,
"596,09",Morbi vesicae urinariae nud,,,,
"597,00",Urethritis (non venerea) acuta,,,,
"597,01",Urethritis (non venerea) recidivans,,,,
"597,02",Urethritis (non venerea) chronica,,,,
"597,03",Urethritis (non venerea) allergica,,,,
"597,08",Urethritis (non venerea) alia definita,,,,
"597,09",Urethritis (non venerea) nud,,,,
"598,00",Strictura urethrae partis prostatae,,,,
"598,01",Strictura urethrae partis bulbosae,,,,
"598,02",Strictura urethrae meatus externi viri,,,,
"598,08",Strictura urethrae alia definita,,,,
"598,09",Strictura urethrae nud,,,,
"599,00",Caruncula urethrae,,,,
"599,01",Diverticulum urethrae,,,,
"599,02",INfectiones tractuum urinariorum nud,,,,
"599,03",Fistula urinaria nud,,,,
"599,08",Morbi tractuum urinariorum alii definiti,,,,
"599,09",Morbi tractuum urinariorum nud,,,,
"600,00",Prostatism,,,,
"600,09",Hyperplasia prostatae nud,,,,
"601,00",Prostatitis acuta,,,,
"601,01",Prostatitis chronica,,,,
"601,09",Prostatitis nud,,,,
"602,00",Sclerosis colli vesicae urinariae,,,,
"602,08",Morbi prostatae alii definiti,,,,
"602,09",Morbi prostatae nud,,,,
"603,00",Hydrocele tunicae vaginalis testis,,,,
"603,01",Hydrocele funiculi testis,,,,
"603,09",Hydrocele nud,,,,
"604,00",Orchitis,,,,
"604,01",Epididymitis acuta,,,,
"604,02",Epididymitis chronica,,,,
"604,03",Epididymitis nud,,,,
"605,00",Phimosis,,,,
"605,08",Morbi praeputii alii definiti,,,,
"605,09",Morbi praeputii nud,,,,
"606,99",Sterilitas virilis,,,,
"607,00",Leucoplacia penis,,,,
"607,10",Erythroplacia penis,,,,
"607,20",Ulcus chronicum penis,,,,
"607,30",Balanitis non venerea,,,,
"607,40",Vesiculitis seminalis,,,,
"607,50",Alii morbi inflammatorii genitalium viri,,,,
"607,60",Spermatocele,,,,
"607,70",Torsio testis,,,,
"607,80",Atrophia testis,,,,
"607,90",INduratio penis plastica,,,,
"607,91",Haematocele tunicae vaginalis,,,,
"607,98",Morbi genitalium viri alii definiti,,,,
"610,00",Fibroadenomatosis mammae,,,,
"610,01",Cysta (cystis) mammae,,,,
"610,08",Mastopathia chronica cystica alia definita,,,,
"610,09",Mastopathia chronica cystica nud,,,,
"611,00",Mastitis acuta,,,,
"611,01",Abscessus mammae,,,,
"611,02",Liponecrosis mammae,,,,
"611,10",Hyperplasia mammae,,,,
"611,11",Gynaecomastia,,,,
"611,20",Fissura mamillae (papillae mammae),,,,
"611,90",Atrophia mammae,,,,
"611,91",Fibrosis mammae,,,,
"611,92",Papilla retracta mammae,,,,
"611,98",Morbi mammae alii definiti,,,,
"611,99",Morbi mammae nud,,,,
"612,01",Pyosalpinx acuta,,,,
"612,02",Pyovarium acutum,,,,
"612,07",Salpingo-oophoritis acuta suspecta,,,,
"612,08",Salpingo-oophoritis acuta alia definita,,,,
"612,09",Salpingo-oophoritis acuta nud,,,,
"613,01",Pyosalpinx chronica,,,,
"613,02",Pyovarium chronicum,,,,
"613,07",Salpingo-oophoritis chronica suspecta,,,,
"613,08",Salpingo-oophoritis chronica alia definita,,,,
"613,09",Salpingo-oophoritis chronica nud,,,,
"614,99",Salpingitis et oophoritis non definita,,,,
"615,00",Torsio ovarii,,,,
"615,10","Hydrosalpinx, sactosalpinx",,,,
"615,20",Cysta (cystis) follicularis ovarii (retentio),,,,
"615,21",Cysta (cystis) corporis lutei ovarii,,,,
"615,90",Ruptura corporis lutei,,,,
"615,91",Ruptura tubae,,,,
"615,92",Haematoma corporis lutei,,,,
"615,93",Torsio adnexorum,,,,
"615,98",Morbi ovarii et tubae alii definiti,,,,
"616,00",Parametritis acuta,,,,
"616,01",Parametritis chronica,,,,
"616,02",Abscessus fossae douglasi,,,,
"616,03",Alii morbi inflammatorii pelviperitonei,,,,
"616,10",Adhaesiones pelviperitonei feminae,,,,
"616,20",Congestio pelvis feminae (varices parametrii),,,,
"616,91",Hydrocele ligamenti teretis,,,,
"616,98",Morbi parametrii et pelviperitonei (feminae) alii definiti,,,,
"616,99",Morbi parametrii et pelviperitonei (feminae) nud,,,,
"620,00",Cervicitis chronica,,,,
"620,01",Endocervitcitis chronica,,,,
"620,90",Cervicitis nud,,,,
"620,91",Endocervicitis nud,,,,
"620,98",Morbi infectiosi cervicis uteri alii definiti,,,,
"620,99",Morbi infectiosi cervicis uteri nud,,,,
"621,00",Leucoplacia cervicis uteri,,,,
"621,10",Erythroplasia cervicis uteri (pseudo-erosio),,,,
"621,20",Hyperplasia endometrii cervicalis,,,,
"621,30",Erosio chronica (ulcus) portionis uteri,,,,
"621,40",Cicatrix cervicis uteri,,,,
"621,50",Strictura (atresia) cervicis uteri,,,,
"621,60",Atrophia cervicis uteri,,,,
"621,90",Hypertrophia cervicis,,,,
"621,91",Dysplasia portionis uteri,,,,
"621,92",Polypus non neoplasticus cervicis uteri,,,,
"621,98",Morbi cervicis uteri alii definiti,,,,
"622,00",Endometritis acuta,,,,
"622,01",Endometritis chronica,,,,
"622,02",Endometritis nud,,,,
"622,03",Pyometra,,,,
"622,08",Morbi infectiosi uteri alii,,,,
"622,09",Morbi infectiosi uteri nud,,,,
"622,10",Vulvitis,,,,
"622,11",Vaginitis non venerea,,,,
"622,12",Bartholinitis acuta,,,,
"622,13",Bartholinitis chronica,,,,
"622,18",Vaginitis et vulvitis alia,,,,
"622,19",Vaginitis et vulvitis nud,,,,
"623,00",Prolapsus vesicae urinariae feminae,,,,
"623,01",Cystocele alia,,,,
"623,10",Rectocele (proctocele) feminae,,,,
"623,20",Urethrocele,,,,
"623,30",Enterocelevaginalis,,,,
"623,91",Elongatio cervicis,,,,
"623,98",Prolapsus uterovaginalis alia,,,,
"623,99",Prolapsus uterovaginalis nud,,,,
"624,00",Retroversio (retroflexio) uteri,,,,
"624,18",Malepositio uteri alia definita,,,,
"624,99",Malepositio uteri (sive cervicis uteri) nud,,,,
"625,00",Atrophia uteri,,,,
"625,10",Subinvolutio uteri,,,,
"625,20",Polyposis non neoplasticus corporis uteri,,,,
"625,21",Hyperplasia glandularis cystica endometrii,,,,
"625,22",Polyposis non neoplastica uteri,,,,
"625,30",Endometriosis ovarii,,,,
"625,31",Endometriosis serosae pelvis,,,,
"625,32",Endometriosis retrocervicalis sive retrouterina,,,,
"625,33",Adenomyosis uteri,,,,
"625,38",Endometriosis alia,,,,
"625,39",Endometriosis nud,,,,
"625,90",Mucometra,,,,
"625,91",Haematometra,,,,
"625,98",Morbi uteri alii definiti,,,,
"626,00",Amenorrhoea,,,,
"626,10",Hypomenorrhoea,,,,
"626,11",Oligomenorrhoea,,,,
"626,20",Hypermenorrhoea,,,,
"626,30",Algomenorrhoea (dysmenorrhoea),,,,
"626,40",Polymenorrhoea,,,,
"626,50",Menstruatio irregularis,,,,
"626,60",Metrorrhagia inter menstruationem,,,,
"626,70",Metrorrhagia post menopausin,,,,
"626,98",Menstruatio abnormis et metrorrhagia alia definita,,,,
"626,99",Menometrorrhagia nud,,,,
"627,00",Symptomata climacterica,,,,
"627,01",Syndroma menopauseos praematurae artificialis,,,,
"627,02",Climacterium praecox,,,,
"627,09",Syndroma climacterica alia sive nud,,,,
"628,00",Sterilitas primaria feminae,,,,
"628,01",Sterilitas secundaria feminae,,,,
"629,00",Leucoplacia vaginae,,,,
"629,10",Erythroplasia vaginae,,,,
"629,11",Erythroplasia vulvae,,,,
"629,20",Leucoplacia vulvae,,,,
"629,21",Kraurosis vulvae,,,,
"629,30",Leucorrhoea (fluor vaginalis),,,,
"629,40",INfectio genitalis feminae nud,,,,
"629,50",Haemorrhagia vaginalis,,,,
"629,60",Laceratio inveterata,,,,
"629,61",Ruptura perinei inveterata,,,,
"629,70",Atresia vaginae,,,,
"629,71",Atresia hymenis,,,,
"629,72",Strictura (stenosis) vaginae,,,,
"629,73",Strictura hymenis,,,,
"629,74",Occlusio vulvae,,,,
"629,80",Fistula rectovaginalis,,,,
"629,90",Atrophia vaginae,,,,
"629,91",Atrophia vulvae,,,,
"629,92",Haematocele feminae nud,,,,
"629,93",Haematoma vulvae,,,,
"629,94",Vagina angusta,,,,
"629,98",Alii morbi genitalium feminae,,,,
"630,00",Salpingo-oophoritis gravidarum,,,,
"630,01",Abscessus fossae douglasi gravidarum,,,,
"630,02",Bartolinitis gravidarum,,,,
"630,03",Vulvovaginitis gravidarum,,,,
"630,08",INfectio genitalis gravidarum alia definita,,,,
"630,09",INfectio genitalis gravidarum nud,,,,
"631,00",Graviditas extrauterina abdominalis cum sepsi,,,,
"631,10",Graviditas extrauterina tubaria rupta cum sepsi,,,,
"631,11","Graviditas extrauterina tubaria nud, cum sepsi",,,,
"631,20",Graviditas extrauterina ovarialis cum sepsi,,,,
"631,30","Graviditas extrauterina alia definita sive nud, cum sepsi",,,,
"631,40","Graviditas extrauterina abdominalis, sepsi non indicata",,,,
"631,50","Graviditas extrauterina tubaria rupta, sepsi non indicata",,,,
"631,51","Graviditas extrauterina tubaria nud, sepsi non indicata",,,,
"631,60","Graviditas extrauterina ovarialis, sepsi non indicata",,,,
"631,98","Graviditas extrauterina alia definita, sepsi non indicata",,,,
"631,99",Graviditas extrauterina nud,,,,
"632,00",Placenta praevia centralis,,,,
"632,01",Placenta praevia partialis,,,,
"632,02",Placenta praevia marginalis,,,,
"632,09",Placenta praevia nud,,,,
"632,10",Ablatio placentae (praematura),,,,
"632,20",Haemorrhagia sinus marginalis placentae,,,,
"632,30",Abortrus imminens (cum haemorrhagia),,,,
"632,40",Haemorrhagia afibrogenica,,,,
"632,98",Haemorrhagia gravidarum alia definita,,,,
"632,99",Haemorrhagia gravidarum nud,,,,
"633,00",Anaemia macrocytica gravidarum,,,,
"633,10",Anaemia sideropenica gravidarum,,,,
"633,98",Anaemia gravidarum alia definita,,,,
"633,99",Anaemia gravidarum nud,,,,
"634,00",Malepositio fetus in utero,,,,
"634,10",Ruptura uteri gravidarum,,,,
"634,20",Mola hydatidosa,,,,
"634,30","Anomaliae placentae, alibi non classificabiles",,,,
"634,40",Hydramnion,,,,
"634,50",Embolia aeria gravidarum,,,,
"634,60",Abortus inhibitus (missed abortion),,,,
"634,70",Placentainsufficiens,,,,
"634,90",Abortus habitualis,,,,
"634,91",INcompatibilitas systematis rh,,,,
"634,92",INcompatibilitas systematis abo,,,,
"634,93","INcompatibilitas systematis sanguinis, alia sive nud",,,,
"634,94",INsufficientia cervicis,,,,
"634,95",Effluxus liquoris amnii praetemporarius,,,,
"634,96",Labores inhibiti gravidarum,,,,
"634,97","Partus praematurus imminens, alibi non classificabilis",,,,
"634,98",Graviditas prolongata,,,,
"634,99",Complicationes gravidarum alii definiti,,,,
"635,00",Pyelonephritis in graviditate et puerperio,,,,
"635,01",Pyelitis et pyelocystitis gravidarum in graviditate et puerperio,,,,
"635,90",Cystitis in graviditate et puerperio,,,,
"635,97",Asymptomatisk bakteriuri,,,,
"635,98",INfectio urinaria in graviditate et puerperio alia definita,,,,
"635,99",INfectio urinaria in graviditate et puerperio nud,,,,
"636,00",Nephritis acuta in graviditate et puerperio,,,,
"636,01",Nephrosis in graviditate et puerperio,,,,
"636,08",Morbi renum in graviditate et puerperio alii definiti,,,,
"636,09",Morbi renum in graviditate et puerperio nud,,,,
"637,00",Albuminuria (proteinuria) gravidarum,,,,
"637,01",Hypertonia in graviditate,,,,
"637,02",Oedema gravidarum,,,,
"637,03",Prae-eclampsia gravidarum levis,,,,
"637,04",Prae-eclampsia gravidarum gravis,,,,
"637,09",Praeeclampsia gravidarum nud,,,,
"637,10",Eclampsia gravidarum,,,,
"637,99",Toxicosis gravidarum nud,,,,
"638,00",Hyperemesis gravidarum cum neuritide,,,,
"638,99",Hyperemesis gravidarum neuritide non indicata,,,,
"639,00",Pruritus in graviditate et puerperio,,,,
"639,01",ICterus gravis in graviditate et puerperio,,,,
"639,02",Graviditetshepatos,,,,
"639,09",Necrosis acuta et subacuta hepatis in graviditate et puerperio,,,,
"639,90",Neuritis in graviditate et puerperio,,,,
"639,98",Toxicoses definitae in graviditate et perperio aliae definitae,,,,
"640,90",Abortus provocatus. sjukdom eller kroppsfel hos kvinnan (medicinsk ind.),,,,
"640,91",Abortrus provocatus. svaghet (medicinsk-social indikation),,,,
"640,92",Abortrus provocatus. förutsedd svaghet (social-medicinsk indikation),,,,
"640,93",Abortus provocatus (annan medicinsk indikation),,,,
"640,99",Abortus provocatus (medicinsk indikation uns),,,,
"641,90",Abortus provocatus (humanitär indikation),,,,
"641,91",Abortus provocatus. arvsrisk (eugenisk indikation),,,,
"641,92",Abortrus provocatus (ökad risk för fosterskada),,,,
"641,99",Abortus provocatus (annan legal indikation och legal abort uns),,,,
"642,00",Abortus provocatus ex alia causa cum sepsi,,,,
"642,10",Abortus provocatus ex alia causa cum haemorrhagia,,,,
"642,20",Abortus provocatus ex alia causa cum sepsi et haemorrhagia,,,,
"642,30",Abort. prov. c. lacerat. org. pelvis (sepsi et haemorrh. ind. s. non ind.),,,,
"642,99",Abortus provocatus sepsi sive haemorrhagia sive laceratione non indicata,,,,
"643,00",Abortus spontaneus cum sepsi,,,,
"643,10",Abortus spontaneus cum toxicosi,,,,
"643,20","Abortus, spontaneus cum sepsi et toxicosi",,,,
"643,99","Abortus, spontaneus sepsi sive toxicosi non indicata",,,,
"644,00","Abortus, provocatus an spontaneus non indicatum cum sepsi",,,,
"644,10","Abortus, provocatus an spontaneus non indicatum cum toxicosi",,,,
"644,20","Abortus, provocatus an spontaneus non indicatum cum sepsi et toxicosi",,,,
"644,99","Abortus, provocatus an spontaneus non indicat. sepsi sive toxicosi non ind.",,,,
"645,90",Salpingo-oophoritis post abortum,,,,
"645,91",Endometritis post abortum,,,,
"645,92",Mola hydatidosa cum abortu,,,,
"645,93","Abortus inhibitus, cum abortu",,,,
"645,94",Retentio ovi (partialis),,,,
"645,95",Haemorrhagia post abortum nud,,,,
"645,98",Abortus alius,,,,
"650,00","Partus, compl. non ind. framstupa nack- eller hjässbjudning (kronbjudning)",,,,
"650,01","Partus, compl. non ind. framstupa ansikts- eller pannbjudning",,,,
"650,02","Partus, compl. non ind. vidöppen ansiktsbjudning",,,,
"650,03","Partus, compl. non ind. vidöppen pannbjudning",,,,
"650,04","Partus, compl. non ind. vidöppen nack- eller hjässbjudning",,,,
"650,05","Partus, compl. non ind. djup tvärställning",,,,
"650,06","Partus, compl. non ind. sätes- eller fotbjudning",,,,
"650,07","Partus, compl. non ind. alla bjudningar vid flerbörd",,,,
"650,08","Partus, compl. non ind. annan eller obestämd bjudning",,,,
"650,09","Partus, compl. non ind. uppgift om presentation saknas",,,,
"651,00",Plac. praev. centr. framstupa nack- eller hjässbjudning (kronbjudning),,,,
"651,01",Plac. praev. centr. framstupa ansikts- eller pannbjudning,,,,
"651,02",Plac. praev. centr. vidöppen ansiktsbjudning,,,,
"651,03",Plac. praev. centr. vidöppen pannbjudning,,,,
"651,04",Plac. praev. centr. vidöppen nack- eller hjässbjudning,,,,
"651,05",Plac. praev. centr. djup tvärställning,,,,
"651,06",Plac. praev. centr. sätes- eller fotbjudning,,,,
"651,07",Plac. praev. centr. alla bjudningar vid flerbörd,,,,
"651,08",Plac. praev. centr. annan eller obestämd bjudning,,,,
"651,09",Plac. praev. centr. uppgift om presentation saknas,,,,
"651,10",Plac. praev. partial. framstupa nack- eller hjässbjudn. (kronbjudn.),,,,
"651,11",Plac. praev. partial. framstupa ansikts- eller pannbjudning,,,,
"651,12",Plac. praev. partial. vidöppen ansiktsbjudning,,,,
"651,13",Plac. praev. partial. vidöppen pannbjudning,,,,
"651,14",Plac. praev. partial. vidöppen nack- eller hjässbjudning,,,,
"651,15",Plac. praev. partial. djup tvärställning,,,,
"651,16",Plac. praev. partial. sätes- eller fotbjudning,,,,
"651,17",Plac. praev. partial. alla bjudningar vid flerbörd,,,,
"651,18",Plac. praev. partial. annan eller obestämd bjudning,,,,
"651,19",Plac. praev. partial. uppgift om presentation saknas,,,,
"651,20",Plac. praev. marginal. framstupa nack- eller hjässbjudning (kronbjudning),,,,
"651,21",Plac. praev. marginal. framstupa ansikts- eller pannbjudning,,,,
"651,22",Plac. praev. marginal. vidöppen ansiktsbjudning,,,,
"651,23",Plac. praev. marginal. vidöppen pannbjudning,,,,
"651,24",Plac. praev. marginal. vidöppen nack- eller hjässbjudning,,,,
"651,25",Plac. praev. marginal. djup tvärställning,,,,
"651,26",Plac. praev. marginal. sätes- eller fotbjudning,,,,
"651,27",Plac. praev. marginal. alla bjudningar vid flerbörd,,,,
"651,28",Plac. praev. marginal. annan eller obestämd bjudning,,,,
"651,29",Plac. praev. marginal. uppgift om presentation saknas,,,,
"651,30",Plac. praevia nud framstupa nack- eller hjässbjudning (kronbjudning),,,,
"651,31",Plac. praevia nud framstupa ansikts- eller pannbjudning,,,,
"651,32",Plac. praevia nud vidöppen ansiktsbjudning,,,,
"651,33",Plac. praevia nud vidöppen pannbjudning,,,,
"651,34",Plac. praevia nud vidöppen nack- eller hjässbjudning,,,,
"651,35",Plac. praevia nud djup tvärställning,,,,
"651,36",Plac. praevia nud sätes- eller fotbjudning,,,,
"651,37",Plac. praevia nud alla bjudningar vid flerbörd,,,,
"651,38",Plac. praevia nud annan eller obestämd bjudning,,,,
"651,39",Plac. praevia nud uppgift om presentation saknas,,,,
"651,40",Ablatio plac. (praemat.) framstupa nack- eller hjässbj. (kronbj.),,,,
"651,41",Ablatio plac. (praemat.) framstupa ansikts- eller pannbjudning,,,,
"651,42",Ablatio plac. (praemat.) vidöppen ansiktsbjudning,,,,
"651,43",Ablatio plac. (praemat.) vidöppen pannbjudning,,,,
"651,44",Ablatio plac. (praemat.) vidöppen nack- eller hjässbjudning,,,,
"651,45",Ablatio plac. (praemat.) djup tvärställning,,,,
"651,46",Ablatio plac. (praemat.) sätes- eller fotbjudning,,,,
"651,47",Ablatio plac. (praemat.) alla bjudningar vid flerbörd,,,,
"651,48",Ablatio plac. (praemat.) annan eller obestämd bjudning,,,,
"651,49",Ablatio plac. (praemat.) uppgift om presentation saknas,,,,
"651,50",Haemorrhagia ante partum nud framstupa nack- eller hjässbjudning (kronbj.),,,,
"651,51",Haemorrhagia ante partum nud framstupa ansikts- eller pannbjudning,,,,
"651,52",Haemorrhagia ante partum nud vidöppen ansiktsbjudning,,,,
"651,53",Haemorrhagia ante partum nud vidöppen pannbjudning,,,,
"651,54",Haemorrhagia ante partum nud vidöppen nack- eller hjässbjudning,,,,
"651,55",Haemorrhagia ante partum nud djup tvärställning,,,,
"651,56",Haemorrhagia ante partum nud sätes- eller fotbjudning,,,,
"651,57",Haemorrhagia ante partum nud alla bjudningar vid flerbörd,,,,
"651,58",Haemorrhagia ante partum nud annan eller obestämd bjudning,,,,
"651,59",Haemorrhagia ante partum nud uppgift om presentation saknas,,,,
"652,00",Part. compl. e retent. plac. tot. framst. nack- eller hjässbj. (kronbj.),,,,
"652,01",Part. compl. e retent. plac. tot. framst. ansikts- eller pannbjudning,,,,
"652,02",Part. compl. e retent. plac. tot. vidöppen ansiktsbjudning,,,,
"652,03",Part. compl. e retent. plac. tot. vidöppen pannbjudning,,,,
"652,04",Part. compl. e retent. plac. tot. vidöppen nack- eller hjässbjudning,,,,
"652,05",Part. compl. e retent. plac. tot. djup tvärställning,,,,
"652,06",Part. compl. e retent. plac. tot. sätes- eller fotbjudning,,,,
"652,07",Part. compl. e retent. plac. tot. alla bjudningar vid flerbörd,,,,
"652,08",Part. compl. e retent. plac. tot. annan eller obestämd bjudning,,,,
"652,09",Part. compl. e retent. plac. tot. uppgift om presentation saknas,,,,
"652,10",Part. compl. e retent. plac. part. framst. nack- eller hjässbj. (kronbj.),,,,
"652,11",Part. compl. e retent. plac. part. framst. ansikts- eller pannbjudning,,,,
"652,12",Part. compl. e retent. plac. part. vidöppen ansiktsbjudning,,,,
"652,13",Part. compl. e retent. plac. part. vidöppen pannbjudning,,,,
"652,14",Part. compl. e retent. plac. part. vidöppen nack- eller hjässbjudning,,,,
"652,15",Part. compl. e retent. plac. part. djup tvärställning,,,,
"652,16",Part. compl. e retent. plac. part. sätes- eller fotbjudning,,,,
"652,17",Part. compl. e retent. plac. part. alla bjudningar vid flerbörd,,,,
"652,18",Part. compl. e retent. plac. part. annan eller obestämd bjudning,,,,
"652,19",Part. compl. e retent. plac. part. uppgift om presentation saknas,,,,
"652,20",Part. compl. e retent. membr. plac. framst. nack- eller hjässbj. (kronbj.),,,,
"652,21",Part. compl. e retent. membr. plac. framst. ansikts- eller pannbjudning,,,,
"652,22",Part. compl. e retent. membr. plac. vidöppen ansiktsbjudning,,,,
"652,23",Part. compl. e retent. membr. plac. vidöppen pannbjudning,,,,
"652,24",Part. compl. e retent. membr. plac. vidöppen nack- eller hjässbjudning,,,,
"652,25",Part. compl. e retent. membr. plac. djup tvärställning,,,,
"652,26",Part. compl. e retent. membr. plac. sätes- eller fotbjudning,,,,
"652,27",Part. compl. e retent. membr. plac. alla bjudningar vid flerbörd,,,,
"652,28",Part. compl. e retent. membr. plac. annan eller obestämd bjudning,,,,
"652,29",Part. compl. e retent. membr. plac. uppgift om presentation saknas,,,,
"652,90",Part. compl. e retent. placent. nud framst. nack- eller hjässbj. (kronbj.),,,,
"652,91",Part. compl. e retent. placent. nud framst. ansikts- eller pannbjudning,,,,
"652,92",Part. compl. e retent. placent. nud vidöppen ansiktsbjudning,,,,
"652,93",Part. compl. e retent. placent. nud vidöppen pannbjudning,,,,
"652,94",Part. compl. e retent. placent. nud vidöppen nack- eller hjässbjudning,,,,
"652,95",Part. compl. e retent. placent. nud djup tvärställning,,,,
"652,96",Part. compl. e retent. placent. nud sätes- eller fotbjudning,,,,
"652,97",Part. compl. e retent. placent. nud alla bjudningar vid flerbörd,,,,
"652,98",Part. compl. e retent. placent. nud annan eller obestämd bjudning,,,,
"652,99",Part. compl. e retent. placent. nud uppgift om presentation saknas,,,,
"653,00",Part. cpl. e haem. aton. intra part. framst. nack- el. hjässbj.(kronbj.),,,,
"653,01",Part. cpl. e haem. aton. intra part. framst. ansikts- eller pannbjudning,,,,
"653,02",Part. cpl. e haem. aton. intra part. vidöppen ansiktsbjudning,,,,
"653,03",Part. cpl. e haem. aton. intra part. vidöppen pannbjudning,,,,
"653,04",Part. cpl. e haem. aton. intra part. vidöppen nack- eller hjässbjudning,,,,
"653,05",Part. cpl. e haem. aton. intra part. djup tvärställning,,,,
"653,06",Part. cpl. e haem. aton. intra part. sätes- eller fotbjudning,,,,
"653,07",Part. cpl. e haem. aton. intra part. alla bjudningar vid flerbörd,,,,
"653,08",Part. cpl. e haem. aton. intra part. annan eller obestämd bjudning,,,,
"653,09",Part. cpl. e haem. aton. intra part. uppgift om presentation saknas,,,,
"653,10",Part. cpl. e haem. aton. post part. framst. nack- el. hjässbj.(kronbjudn.),,,,
"653,11",Part. cpl. e haem. aton. post part. framst. ansikts- eller pannbjudning,,,,
"653,12",Part. cpl. e haem. aton. post part. vidöppen ansiktsbjudning,,,,
"653,13",Part. cpl. e haem. aton. post part. vidöppen pannbjudning,,,,
"653,14",Part. cpl. e haem. aton. post part. vidöppen nack- eller hjässbjudning,,,,
"653,15",Part. cpl. e haem. aton. post part. djup tvärställning,,,,
"653,16",Part. cpl. e haem. aton. post part. sätes- eller fotbjudning,,,,
"653,17",Part. cpl. e haem. aton. post part. alla bjudningar vid flerbörd,,,,
"653,18",Part. cpl. e haem. aton. post part. annan eller obestämd bjudning,,,,
"653,19",Part. cpl. e haem. aton. post part. uppgift om presentation saknas,,,,
"653,20",Part. c. anaemia posthaem. framst. nack- eller hjässbjudn. (kronbjudn.),,,,
"653,21",Part. c. anaemia posthaem. framst. ansikts- eller pannbjudning,,,,
"653,22",Part. c. anaemia posthaem. vidöppen ansiktsbjudning,,,,
"653,23",Part. c. anaemia posthaem. vidöppen pannbjudning,,,,
"653,24",Part. c. anaemia posthaem. vidöppen nack- eller hjässbjudning,,,,
"653,25",Part. c. anaemia posthaem. djup tvärställning,,,,
"653,26",Part. c. anaemia posthaem. sätes- eller fotbjudning,,,,
"653,27",Part. c. anaemia posthaem. alla bjudningar vid flerbörd,,,,
"653,28",Part. c. anaemia posthaem. annan eller obestämd bjudning,,,,
"653,29",Part. c. anaemia posthaem. uppgift om presentation saknas,,,,
"653,80",Part. cpl. ex haem. post part. alia def. framst. nack- el. hjässbj.(kronbj),,,,
"653,81",Part. cpl. ex haem. post part. alia def. framst. ansikts- eller pannbj.,,,,
"653,82",Part. cpl. ex haem. post part. alia def. vidöppen ansiktsbjudning,,,,
"653,83",Part. cpl. ex haem. post part. alia def. vidöppen pannbjudning,,,,
"653,84",Part. cpl. ex haem. post part. alia def. vidöppen nack- eller hjässbjudning,,,,
"653,85",Part. cpl. ex haem. post part. alia def. djup tvärställning,,,,
"653,86",Part. cpl. ex haem. post part. alia def. sätes- eller fotbjudning,,,,
"653,87",Part. cpl. ex haem. post part. alia def. alla bjudningar vid flerbörd,,,,
"653,88",Part. cpl. ex haem. post part. alia def. annan eller obestämd bjudning,,,,
"653,89",Part. cpl. ex haem. post part. alia def. uppgift om presentation saknas,,,,
"654,00",Partus cum pelvi angusta framstupa nack- eller hjässbjudning (Kronbjudning),,,,
"654,01",Partus cum pelvi angusta framstupa  ansikts- eller pannbjudning,,,,
"654,02",Partus cum pelvi angusta vidöppen ansiktsbjudning,,,,
"654,03",Partus cum pelvi angusta vidöppen pannbjudning,,,,
"654,04",Partus cum pelvi angusta vidöppen nack- eller hjässbjudning,,,,
"654,05",Partus cum pelvi angusta djup tvärställning,,,,
"654,06",Partus cum pelvi angusta sätes- eller fotbjudning,,,,
"654,07",Partus cum pelvi angusta alla bjudningar vid flerbörd,,,,
"654,08",Partus cum pelvi angusta annan eller obestämd bjudning,,,,
"654,09",Partus cum pelvi angusta uppgift om presentation saknas,,,,
"654,10",Abs.bäckenförtr. - 10.00 cm framstupa nack- eller hjässbjudning (Kronbjudning),,,,
"654,11",Abs.bäckenförtr. - 10.00 cm framstupa ansikts- eller pannbjudning,,,,
"654,12",Abs.bäckenförtr. - 10.00 cm vidöppen ansiktsbjudning,,,,
"654,13",Abs.bäckenförtr. - 10.00 cm vidöppen pannbjudning,,,,
"654,14",Abs.bäckenförtr. - 10.00 cm vidöppen nack- eller hjässbjudning,,,,
"654,15",Abs.bäckenförtr. - 10.00 cm djup tvärställning,,,,
"654,16",Abs.bäckenförtr. - 10.00 cm sätes eller fotbjudning,,,,
"654,17",Abs.bäckenförtr. - 10.00 cm alla bjudningar vid flerbörd,,,,
"654,18",Abs.bäckenförtr. - 10.00 cm annan eller obestämd bjudning,,,,
"654,19",Abs.bäckenförtr. - 10.00 cm uppgift om presentation saknas,,,,
"654,20",Abs.bäckenförtr. utg.s. - 29.5 cm framstupa nack- eller hjässbjudning (Kronbjudn,,,,
"654,21",Abs.bäckenförtr. utg.s. - 29.5 cm framstupa ansikts- eller pannbjudning,,,,
"654,22",Abs.bäckenförtr. utg.s. - 29.5 cm vidöppen ansiktsbjudning,,,,
"654,23",Abs.bäckenförtr. utg.s. - 29.5 cm vidöppen pannbjudning,,,,
"654,24",Abs.bäckenförtr. utg.s. - 29.5 cm vidöppen nack- eller hjässbjudning,,,,
"654,25",Abs.bäckenförtr. utg.s. - 29.5 cm djup tvärställning,,,,
"654,26",Abs.bäckenförtr. utg.s. - 29.5 cm sätes eller fotbjudning,,,,
"654,27",Abs.bäckenförtr. utg.s. - 29.5 cm alla bjudningar vid flerbörd,,,,
"654,28",Abs.bäckenförtr. utg.s. - 29.5 cm annan eller obestämd bjudning,,,,
"654,29",Abs.bäckenförtr. utg.s. - 29.5 cm uppgift om presentation saknas,,,,
"654,30",Rel.bäckenförtr. cv 10.00-10.9 cm framstupa nack- eller hjässbjudning (Kronbjudn,,,,
"654,31",Rel.bäckenförtr. cv 10.00-10.9 cm framstupa ansikts- eller pannbjudning,,,,
"654,32",Rel.bäckenförtr. cv.10.00-10.9 cm vidöppen ansiktsbjudning,,,,
"654,33",Rel.bäckenförtr. cv.10.00-10.9 cm vidöppen pannbjudning,,,,
"654,34",Rel.bäckenförtr. cv.10.00-10.9 cm vidöppen nack- eller hjässbjudning,,,,
"654,35",Rel.bäckenförtr. cv.10.00-10.9 cm djup tvärställning,,,,
"654,36",Rel.bäckenförtr. cv.10.00-10.9 cm sätes eller fotbjudning,,,,
"654,37",Rel.bäckenförtr. cv.10.00-10.9 cm alla bjudningar vid flerbörd,,,,
"654,38",Rel.bäckenförtr. cv.10.00-10.9 cm annan eller obestämd bjudning,,,,
"654,39",Rel.bäckenförtr. cv 10.00-10.9 cm uppgift om presentation saknas,,,,
"654,40",Rel.bäckenförtr. utg.s 29.5-31.4 cm framstupa nack- eller hjässbjudning (Kronbju,,,,
"654,41",Rel.bäckenförtr. utg.s.29.5-31.4 cm framstupa ansikts- eller pannbjudning,,,,
"654,42",Rel.bäckenförtr. utg.s.29.5-31.4 cm vidöppen ansiktsbjudning,,,,
"654,43",Rel.bäckenförtr. utg.s.29.5-31.4 cm vidöppen pannbjudning,,,,
"654,44",Rel.bäckenförtr. utg.s.29.5-31.4 cm vidöppen nack- eller hjässbjudning,,,,
"654,45",Rel.bäckenförtr. utg.s.29.5-31.4 cm djup tvärställning,,,,
"654,46",Rel.bäckenförtr. utg.s.29.5-31.4 cm sätes eller fotbjudning,,,,
"654,47",Rel.bäckenförtr. utg.s.29.5-31.4 cm alla bjudningar vid flerbörd,,,,
"654,48",Rel.bäckenförtr. utg.s.29.5-31.4 cm annan eller obestämd bjudning,,,,
"654,49",Rel.bäckenförtr. utg.s.29.5-31.4 cm uppgift om presentation saknas,,,,
"654,80",Partus cum anomal. pelv. oss. al. def. framst. nack- eller hjässbj.(kronbj),,,,
"654,81",Partus cum anomal. pelv. oss. al. def. framst. ansikts- eller pannbjudn.,,,,
"654,82",Partus cum anomal. pelv. oss. al. def. vidöppen ansiktsbjudning,,,,
"654,83",Partus cum anomal. pelv. oss. al. def. vidöppen pannbjudning,,,,
"654,84",Partus cum anomal. pelv. oss. al. def. vidöppen nack- eller hjässbjudning,,,,
"654,85",Partus cum anomal. pelv. oss. al. def. djup tvärställning,,,,
"654,86",Partus cum anomal. pelv. oss. al. def. sätes- eller fotbjudning,,,,
"654,87",Partus cum anomal. pelv. oss. al. def. alla bjudningar vid flerbörd,,,,
"654,88",Partus cum anomal. pelv. oss. al. def. annan eller obestämd bjudning,,,,
"654,89",Partus cum anomal. pelv. oss. al. def. uppgift om presentation saknas,,,,
"654,90",Partus c. anom. pelv. oss. nud framst. nack- eller hjässbj. (kronbjudn.),,,,
"654,91",Partus c. anom. pelv. oss. nud framst. ansikts- eller pannbjudning,,,,
"654,92",Partus c. anom. pelv. oss. nud vidöppen ansiktsbjudning,,,,
"654,93",Partus c. anom. pelv. oss. nud vidöppen pannbjudning,,,,
"654,94",Partus c. anom. pelv. oss. nud vidöppen nack- eller hjässbjudning,,,,
"654,95",Partus c. anom. pelv. oss. nud djup tvärställning,,,,
"654,96",Partus c. anom. pelv. oss. nud sätes- eller fotbjudning,,,,
"654,97",Partus c. anom. pelv. oss. nud alla bjudningar vid flerbörd,,,,
"654,98",Partus c. anom. pelv. oss. nud annan eller obestämd bjudning,,,,
"654,99",Partus c. anom. pelv. oss. nud uppgift om presentation saknas,,,,
"655,00",Partus cpl.e fetu hydrocephal. framst. nack- eller hjässbj. (kronbjudn.),,,,
"655,01",Partus cpl.e fetu hydrocephal. framst. ansikts- eller pannbjudning,,,,
"655,02",Partus cpl.e fetu hydrocephal. vidöppen ansiktsbjudning,,,,
"655,03",Partus cpl.e fetu hydrocephal. vidöppen pannbjudning,,,,
"655,04",Partus cpl.e fetu hydrocephal. vidöppen nack- eller hjässbjudning,,,,
"655,05",Partus cpl.e fetu hydrocephal. djup tvärställning,,,,
"655,06",Partus cpl.e fetu hydrocephal. sätes- eller fotbjudning,,,,
"655,07",Partus cpl.e fetu hydrocephal. alla bjudningar vid flerbörd,,,,
"655,08",Partus cpl.e fetu hydrocephal. annan eller obestämd bjudning,,,,
"655,09",Partus cpl.e fetu hydrocephal. uppgift om presentation saknas,,,,
"655,10",Partus cpl.e fetu abnormi alio framst. nack- eller hjässbjudn. (kronbj.),,,,
"655,11",Partus cpl.e fetu abnormi alio framst. ansikts- eller pannbjudning,,,,
"655,12",Partus cpl.e fetu abnormi alio vidöppen ansiktsbjudning,,,,
"655,13",Partus cpl.e fetu abnormi alio vidöppen pannbjudning,,,,
"655,14",Partus cpl.e fetu abnormi alio vidöppen nack- eller hjässbjudning,,,,
"655,15",Partus cpl.e fetu abnormi alio djup tvärställning,,,,
"655,16",Partus cpl.e fetu abnormi alio sätes- eller fotbjudning,,,,
"655,17",Partus cpl.e fetu abnormi alio alla bjudningar vid flerbörd,,,,
"655,18",Partus cpl.e fetu abnormi alio annan eller obestämd bjudning,,,,
"655,19",Partus cpl.e fetu abnormi alio uppgift om presentation saknas,,,,
"655,80",Partus compl. alius definitus framst. nack- eller hjässbjudn. (kronbjudn.),,,,
"655,81",Partus compl. alius definitus framst. ansikts- eller pannbjudning,,,,
"655,82",Partus compl. alius definitus vidöppen ansiktsbjudning,,,,
"655,83",Partus compl. alius definitus vidöppen pannbjudning,,,,
"655,84",Partus compl. alius definitus vidöppen nack- eller hjässbjudning,,,,
"655,85",Partus compl. alius definitus djup tvärställning,,,,
"655,86",Partus compl. alius definitus sätes- eller fotbjudning,,,,
"655,87",Partus compl. alius definitus alla bjudningar vid flerbörd,,,,
"655,88",Partus compl. alius definitus annan eller obestämd bjudning,,,,
"655,89",Partus compl. alius definitus uppgift om presentation saknas,,,,
"655,90",Part. cpl.e disprop. fetopelv. nud framst. nack- eller hjässbjudn. (kronbj),,,,
"655,91",Part. cpl.e disprop. fetopelv. nud framst. ansikts- eller pannbjudning,,,,
"655,92",Part. cpl.e disprop. fetopelv. nud vidöppen ansiktsbjudning,,,,
"655,93",Part. cpl.e disprop. fetopelv. nud vidöppen pannbjudning,,,,
"655,94",Part. cpl.e disprop. fetopelv. nud vidöppen nack- eller hjässbjudning,,,,
"655,95",Part. cpl.e disprop. fetopelv. nud djup tvärställning,,,,
"655,96",Part. cpl.e disprop. fetopelv. nud sätes- eller fotbjudning,,,,
"655,97",Part. cpl.e disprop. fetopelv. nud alla bjudningar vid flerbörd,,,,
"655,98",Part. cpl.e disprop. fetopelv. nud annan eller obestämd bjudning,,,,
"655,99",Part. cpl.e disprop. fetopelv. nud uppgift om presentation saknas,,,,
"656,90",Partus compl. e praesent. fetus framstupa nack- eller hjässbjudn. (kronbj.),,,,
"656,91",Partus compl. e praesent. fetus framstupa ansikts- eller pannbjudning,,,,
"656,92",Partus compl. e praesent. fetus vidöppen ansiktsbjudning,,,,
"656,93",Partus compl. e praesent. fetus vidöppen pannbjudning,,,,
"656,94",Partus compl. e praesent. fetus vidöppen nack- eller hjässbjudning,,,,
"656,95",Partus compl. e praesent. fetus djup tvärställning,,,,
"656,96",Partus compl. e praesent. fetus sätes- eller fotbjudning,,,,
"656,97",Partus compl. e praesent. fetus alla bjudningar vid flerbörd,,,,
"656,98",Partus compl. e praesent. fetus annan eller obestämd bjudning,,,,
"656,99",Partus compl. e praesent. fetus uppgift om presentation saknas,,,,
"657,00",Part. cpl propter partum protract. prim. framst. nack- el.hjässbj.(kronbj.),,,,
"657,01",Part. cpl propter partum protract. prim. framst. ansikts- eller pannbjudn.,,,,
"657,02",Part. cpl propter partum protract. prim. vidöppen ansiktsbjudning,,,,
"657,03",Part. cpl propter partum protract. prim. vidöppen pannbjudning,,,,
"657,04",Part. cpl propter partum protract. prim. vidöppen nack- eller hjässbjudn.,,,,
"657,05",Part. cpl propter partum protract. prim. djup tvärställning,,,,
"657,06",Part. cpl propter partum protract. prim. sätes- eller fotbjudning,,,,
"657,07",Part. cpl propter partum protract. prim. alla bjudningar vid flerbörd,,,,
"657,08",Part. cpl propter partum protract. prim. annan eller obestämd bjudning,,,,
"657,09",Part. cpl propter partum protract. prim. uppgift om presentation saknas,,,,
"657,10",Part. cpl propter partum protract. sec. framst. nack- el. hjässbj.(kronbj.),,,,
"657,11",Part. cpl propter partum protract. sec. framst. ansikts- eller pannbjudn.,,,,
"657,12",Part. cpl propter partum protract. sec. vidöppen ansiktsbjudning,,,,
"657,13",Part. cpl propter partum protract. sec. vidöppen pannbjudning,,,,
"657,14",Part. cpl propter partum protract. sec. vidöppen nack- eller hjässbjudning,,,,
"657,15",Part. cpl propter partum protract. sec. djup tvärställning,,,,
"657,16",Part. cpl propter partum protract. sec. sätes- eller fotbjudning,,,,
"657,17",Part. cpl propter partum protract. sec. alla bjudningar vid flerbörd,,,,
"657,18",Part. cpl propter partum protract. sec. annan eller obestämd bjudning,,,,
"657,19",Part. cpl propter partum protract. sec. uppgift om presentation saknas,,,,
"657,20",Part. cpl propter uterum spastic. framst. nack- eller hjässbjudn. (kronbj.),,,,
"657,21",Part. cpl propter uterum spastic. framst. ansikts- eller pannbjudning,,,,
"657,22",Part. cpl propter uterum spastic. vidöppen ansiktsbjudning,,,,
"657,23",Part. cpl propter uterum spastic. vidöppen pannbjudning,,,,
"657,24",Part. cpl propter uterum spastic. vidöppen nack- eller hjässbjudning,,,,
"657,25",Part. cpl propter uterum spastic. djup tvärställning,,,,
"657,26",Part. cpl propter uterum spastic. sätes- eller fotbjudning,,,,
"657,27",Part. cpl propter uterum spastic. alla bjudningar vid flerbörd,,,,
"657,28",Part. cpl propter uterum spastic. annan eller obestämd bjudning,,,,
"657,29",Part. cpl propter uterum spastic. uppgift om presentation saknas,,,,
"657,30",Part. cpl propter cervic. rigid. framst. nack- eller hjässbjudn. (kronbj.),,,,
"657,31",Part. cpl propter cervic. rigid. framst. ansikts- eller pannbjudning,,,,
"657,32",Part. cpl propter cervic. rigid. vidöppen ansiktsbjudning,,,,
"657,33",Part. cpl propter cervic. rigid. vidöppen pannbjudning,,,,
"657,34",Part. cpl propter cervic. rigid. vidöppen nack- eller hjässbjudning,,,,
"657,35",Part. cpl propter cervic. rigid. djup tvärställning,,,,
"657,36",Part. cpl propter cervic. rigid. sätes- eller fotbjudning,,,,
"657,37",Part. cpl propter cervic. rigid. alla bjudningar vid flerbörd,,,,
"657,38",Part. cpl propter cervic. rigid. annan eller obestämd bjudning,,,,
"657,39",Part. cpl propter cervic. rigid. uppgift om presentation saknas,,,,
"657,40",Part. cpl. propter plurifetation. framst. nack- eller hjässbj. (kronbjudn),,,,
"657,41",Part. cpl. propter plurifetation. framst. ansikts- eller pannbjudning,,,,
"657,42",Part. cpl. propter plurifetation. vidöppen ansiktsbjudning,,,,
"657,43",Part. cpl. propter plurifetation. vidöppen pannbjudning,,,,
"657,44",Part. cpl. propter plurifetation. vidöppen nack- eller hjässbjudning,,,,
"657,45",Part. cpl. propter plurifetation. djup tvärställning,,,,
"657,46",Part. cpl. propter plurifetation. sätes- eller fotbjudning,,,,
"657,47",Part. cpl. propter plurifetation. alla bjudningar vid flerbörd,,,,
"657,48",Part. cpl. propter plurifetation. annan eller obestämd bjudning,,,,
"657,49",Part. cpl. propter plurifetation. uppgift om presentation saknas,,,,
"657,50",Värkstorm  framst. nack- eller hjässbj. (kronbjudn),,,,
"657,51",Värkstorm  framst. ansikts- eller pannbjudning,,,,
"657,52",Värkstorm  vidöppen ansiktsbjudning,,,,
"657,53",Värkstorm  vidöppen pannbjudning,,,,
"657,54",Värkstorm  vidöppen nack- eller hjässbjudning,,,,
"657,55",Värkstorm  djup tvärställning,,,,
"657,56",Värkstorm  sätes- eller fotbjudning,,,,
"657,57",Värkstorm  alla bjudningar vid flerbörd,,,,
"657,58",Värkstorm  annan eller obestämd bjudning,,,,
"657,59",Värkstorm  uppgift om presentation saknas,,,,
"657,60",Hotande uterusruptur framst. nack- eller hjässbj. (kronbjudn),,,,
"657,61",Hotande uterusruptur framst. ansikts- eller pannbjudning,,,,
"657,62",Hotande uterusruptur vidöppen ansiktsbjudning,,,,
"657,63",Hotande uterusruptur vidöppen pannbjudning,,,,
"657,64",Hotande uterusruptur vidöppen nack- eller hjässbjudning,,,,
"657,65",Hotande uterusruptur djup tvärställning,,,,
"657,66",Hotande uterusruptur sätes- eller fotbjudning,,,,
"657,67",Hotande uterusruptur alla bjudningar vid flerbörd,,,,
"657,68",Hotande uterusruptur annan eller obestämd bjudning,,,,
"657,69",Hotande uterusruptur uppgift om presentation saknas,,,,
"657,80",Part.cpl.propter labor.prol.e causa alia def.framst.nack-el.hjässbj.(kron.),,,,
"657,81",Part.cpl.propter labor.prol.e causa alia def.framst. ansikts- eller pannbj.,,,,
"657,82",Part.cpl.propter labor.prol.e causa alia def.vidöppen ansiktsbjudning,,,,
"657,83",Part.cpl.propter labor.prol.e causa alia def.vidöppen pannbjudning,,,,
"657,84",Part.cpl.propter labor.prol.e causa alia def.vidöppen nack- eller hjässbj.,,,,
"657,85",Part.cpl.propter labor.prol.e causa alia def.djup tvärställning,,,,
"657,86",Part.cpl.propter labor.prol.e causa alia def.sätes- eller fotbjudning,,,,
"657,87",Part.cpl.propter labor.prol.e causa alia def. alla bjudningar vid flerbörd,,,,
"657,88",Part.cpl.propter labor.prol.e causa alia def.annan eller obestämd bjudning,,,,
"657,89",Part.cpl.propter labor.prol.e causa alia def.uppgift om presentation saknas,,,,
"657,90",Part. cpl. propt.labor prol.e causa nud framst. nack- el. hjässbj.(kronbj.),,,,
"657,91",Part. cpl. propt.labor prol.e causa nud framst. ansikts- eller pannbjudning,,,,
"657,92",Part. cpl. propt.labor prol.e causa nud vidöppen ansiktsbjudning,,,,
"657,93",Part. cpl. propt.labor prol.e causa nud vidöppen pannbjudning,,,,
"657,94",Part. cpl. propt.labor prol.e causa nud vidöppen nack- eller hjässbjudning,,,,
"657,95",Part. cpl. propt.labor prol.e causa nud djup tvärställning,,,,
"657,96",Part. cpl. propt.labor prol.e causa nud sätes- eller fotbjudning,,,,
"657,97",Part. cpl. propt.labor prol.e causa nud alla bjudningar vid flerbörd,,,,
"657,98",Part. cpl. propt.labor prol.e causa nud annan eller obestämd bjudning,,,,
"657,99",Part. cpl. propt.labor prol.e causa nud uppgift om presentation saknas,,,,
"658,00",Part. c. lacer. perinei stadium i framst. nack- eller hjässbj.(kronbj.),,,,
"658,01",Part. c. lacer. perinei stadium i framst. ansikts- eller pannbjudning,,,,
"658,02",Part. c. lacer. perinei stadium i vidöppen ansiktsbjudning,,,,
"658,03",Part. c. lacer. perinei stadium i vidöppen pannbjudning,,,,
"658,04",Part. c. lacer. perinei stadium i vidöppen nack- eller hjässbjudning,,,,
"658,05",Part. c. lacer. perinei stadium i djup tvärställning,,,,
"658,06",Part. c. lacer. perinei stadium i sätes- eller fotbjudning,,,,
"658,07",Part. c. lacer. perinei stadium i alla bjudningar vid flerbörd,,,,
"658,08",Part. c. lacer. perinei stadium i annan eller obestämd bjudning,,,,
"658,09",Part. c. lacer. perinei stadium i uppgift om presentation saknas,,,,
"658,10",Part. c. lacer. perinei stadium ii framst. nack- eller hjässbjudn. (kronbj),,,,
"658,11",Part. c. lacer. perinei stadium ii framst. ansikts- eller pannbjudning,,,,
"658,12",Part. c. lacer. perinei stadium ii vidöppen ansiktsbjudning,,,,
"658,13",Part. c. lacer. perinei stadium ii vidöppen pannbjudning,,,,
"658,14",Part. c. lacer. perinei stadium ii vidöppen nack- eller hjässbjudning,,,,
"658,15",Part. c. lacer. perinei stadium ii djup tvärställning,,,,
"658,16",Part. c. lacer. parinei stadium ii sätes- eller fotbjudning,,,,
"658,17",Part. c. lacer. perinei stadium ii alla bjudningar vid flerbörd,,,,
"658,18",Part. c. lacer. perinei stadium ii annan eller obestämd bjudning,,,,
"658,19",Part. c. lacer. perinei stadium ii uppgift om presentation saknas,,,,
"658,20",Part. c. lacer. perinei stadium iii framst. nack-eller hjässbjudn.(kronbj.),,,,
"658,21",Part. c. lacer. perinei stadium iii framst ansikts- eller pannbjudning,,,,
"658,22",Part. c. lacer. perinei stadium iii vidöppen ansiktsbjudning,,,,
"658,23",Part. c. lacer. perinei stadium iii vidöppen pannbjudning,,,,
"658,24",Part. c. lacer. perinei stadium iii vidöppen nack- eller hjässbjudning,,,,
"658,25",Part. c. lacer. perinei stadium iii djup tvärställning,,,,
"658,26",Part. c. lacer. perinei stadium iii sätes- eller fotbjudning,,,,
"658,27",Part. c. lacer. perinei stadium iii alla bjudningar vid flerbörd,,,,
"658,28",Part. c. lacer. perinei stadium iii annan eller obestämd bjudning,,,,
"658,29",Part. c. lacer. perinei stadium iii uppgift om presentation saknas,,,,
"658,90",Part. c. lacer. perinei nud framst. nack- eller hjässbjudn. (kronbjudn.),,,,
"658,91",Part. c. lacer. perinei nud framst. ansikts- eller pannbjudning,,,,
"658,92",Part. c. lacer. perinei nud vidöppen ansiktsbjudning,,,,
"658,93",Part. c. lacer. perinei nud vidöppen pannbjudning,,,,
"658,94",Part. c. lacer. perinei nud vidöppen nack- eller tvärställning,,,,
"658,95",Part. c. lacer. perinei nud djup tvärställning,,,,
"658,96",Part. c. lacer. perinei nud sätes- eller fotbjudning,,,,
"658,97",Part. c. lacer. perinei nud alla bjudningar vid flerbörd,,,,
"658,98",Part. c. lacer. perinei nud annan eller obestämd bjudning,,,,
"658,99",Part. c. lacer. perinei nud uppgift om presentation saknas,,,,
"659,90",Partus cum ruptura uteri framstupa nack- eller hjässbjudn. (kronbjudn.),,,,
"659,91",Partus cum ruptura uteri framstupa ansikts- eller pannbjudning,,,,
"659,92",Partus cum ruptura uteri vidöppen ansiktsbjudning,,,,
"659,93",Partus cum ruptura uteri vidöppen pannbjudning,,,,
"659,94",Partus cum ruptura uteri vidöppen nack- eller hjässbjudning,,,,
"659,95",Partus cum ruptura uteri djup tvärställning,,,,
"659,96",Partus cum ruptura uteri sätes- eller fotbjudning,,,,
"659,97",Partus cum ruptura uteri alla bjudningar vid flerbörd,,,,
"659,98",Partus cum ruptura uteri annan eller obestämd bjudning,,,,
"659,99",Partus cum ruptura uteri uppgift om presentation saknas,,,,
"660,00",Partus cum lacerat. vesicae urinar. framst. nack- eller hjässbj. (kronbj.),,,,
"660,01",Partus cum lacerat. vesicae urinar. framst. ansikts- eller pannbjudning,,,,
"660,02",Partus cum lacerat. vesicae urinar. vidöppen ansiktsbjudning,,,,
"660,03",Partus cum lacerat. vesicae urinar. vidöppen pannbjudning,,,,
"660,04",Partus cum lacerat. vesicae urinar. vidöppen nack- eller hjässbjudning,,,,
"660,05",Partus cum lacerat. vesicae urinar. djup tvärställning,,,,
"660,06",Partus cum lacerat. vesicae urinar. sätes- eller fotbjudning,,,,
"660,07",Partus cum lacerat. vesicae urinar. alla bjudningar vid flerbörd,,,,
"660,08",Partus cum lacerat. vesicae urinar. annan eller obestämd bjudning,,,,
"660,09",Partus cum lacerat. vesicae urinar. uppgift om presentation saknas,,,,
"660,10",Partus cum lacerat. urethrae framst. nack- eller hjässbjudn. (kronbjudn.),,,,
"660,11",Partus cum lacerat. urethrae framst. ansikts- eller pannbjudning,,,,
"660,12",Partus cum lacerat. urethrae vidöppen ansiktsbjudning,,,,
"660,13",Partus cum lacerat. urethrae vidöppen pannbjudning,,,,
"660,14",Partus cum lacerat. urethrae vidöppen nack- eller hjässbjudning,,,,
"660,15",Partus cum lacerat. urethrae djup tvärställning,,,,
"660,16",Partus cum lacerat. urethrae sätes- eller fotbjudning,,,,
"660,17",Partus cum lacerat. urethrae alla bjudningar vid flerbörd,,,,
"660,18",Partus cum lacerat. urethrae annan eller obestämd bjudning,,,,
"660,19",Partus cum lacerat. urethrae uppgift om presentation saknas,,,,
"660,20",Partus cum lacerat. cervicis framst. nack- eller hjässbjudn. (kronbjudn.),,,,
"660,21",Partus cum lacerat. cervicis framst. ansikts- eller pannbjudning,,,,
"660,22",Partus cum lacerat. cervicis vidöppen ansiktsbjudning,,,,
"660,23",Partus cum lacerat. cervicis vidöppen pannbjudning,,,,
"660,24",Partus cum lacerat. cervicis vidöppen nack- eller hjässbjudning,,,,
"660,25",Partus cum lacerat. cervicis djup tvärställning,,,,
"660,26",Partus cum lacerat. cervicis sätes- eller fotbjudning,,,,
"660,27",Partus cum lacerat. cervicis alla bjudningar vid flerbörd,,,,
"660,28",Partus cum lacerat. cervicis annan eller obestämd bjudning,,,,
"660,29",Partus cum lacerat. cervicis uppgift om presentation saknas,,,,
"660,30",Partus cum lacerat. vaginae framst. nack- eller hjässbjudn. (kronbjudn.),,,,
"660,31",Partus cum lacerat. vaginae framst. ansikts- eller pannbjudning,,,,
"660,32",Partus cum lacerat. vaginae vidöppen ansiktsbjudning,,,,
"660,33",Partus cum lacerat. vaginae vidöppen pannbjudning,,,,
"660,34",Partus cum lacerat. vaginae vidöppen nack- eller hjässbjudning,,,,
"660,35",Partus cum lacerat. vaginae djup tvärställning,,,,
"660,36",Partus cum lacerat. vaginae sätes- eller fotbjudning,,,,
"660,37",Partus cum lacerat. vaginae alla bjudningar vid flerbörd,,,,
"660,38",Partus cum lacerat. vaginae annan eller obestämd bjudning,,,,
"660,39",Partus cum lacerat. vaginae uppgift om presentation saknas,,,,
"660,40",Partus cum haematoma vulvae framst. nack- eller hjässbjudning (kronbj.),,,,
"660,41",Partus cum haematoma vulvae framst. ansikts- eller pannbjudning,,,,
"660,42",Partus cum haematoma vulvae vidöppen ansiktsbjudning,,,,
"660,43",Partus cum haematoma vulvae vidöppen pannbjudning,,,,
"660,44",Partus cum haematoma vulvae vidöppen nack- eller hjässbjudning,,,,
"660,45",Partus cum haematoma vulvae djup tvärställning,,,,
"660,46",Partus cum haematoma vulvae sätes- eller fotbjudning,,,,
"660,47",Partus cum haematoma vulvae alla bjudningar vid flerbörd,,,,
"660,48",Partus cum haematoma vulvae annan eller obestämd bjudning,,,,
"660,49",Partus cum haematoma vulvae uppgift om presentation saknas,,,,
"660,80",Partus c. alio traum. obstetr. matris framst. nack- el. hjässbj. (kronbj.),,,,
"660,81",Partus c. alio traum. obstetr. matris framst. ansikts- eller pannbjudning,,,,
"660,82",Partus c. alio traum. obstetr. matris vidöppen ansiktsbjudning,,,,
"660,83",Partus c. alio traum. obstetr. matris vidöppen pannbjudning,,,,
"660,84",Partus c. alio traum. obstetr. matris vidöppen nack- eller hjässbjudning,,,,
"660,85",Partus c. alio traum. obstetr. matris djup tvärställning,,,,
"660,86",Partus c. alio traum. obstetr. matris sätes- eller fotbjudning,,,,
"660,87",Partus c. alio traum. obstetr. matris alla bjudningar vid flerbörd,,,,
"660,88",Partus c. alio traum. obstetr. matris annan eller obestämd bjudning,,,,
"660,89",Partus c. alio traum. obstetr. matris uppgift om presentation saknas,,,,
"660,90",Partus c. traum. obstetr. matris nud framst. nack- eller hjässbj. (kronbj.),,,,
"660,91",Partus c. traum. obstetr. matris nud framst. ansikts- eller pannbjudning,,,,
"660,92",Partus c. traum. obstetr. matris nud vidöppen ansiktsbjudning,,,,
"660,93",Partus c. traum. obstetr. matris nud vidöppen pannbjudning,,,,
"660,94",Partus c. traum. obstetr. matris nud vidöppen nack- eller hjässbjudning,,,,
"660,95",Partus c. traum. obstetr. matris nud djup tvärställning,,,,
"660,96",Partus c. traum. obstetr. matris nud sätes- eller fotbjudning,,,,
"660,97",Partus c. traum. obstetr. matris nud alla bjudningar vid flerbörd,,,,
"660,98",Partus c. traum. obstetr. matris nud annan eller obestämd bjudning,,,,
"660,99",Partus c. traum. obstetr. matris nud uppgift om presentation saknas,,,,
"661,00",Partus c. efflux. liq. amnii praetemp. framst. nack- el. hjässbj. (kronbj.),,,,
"661,01",Partus c. efflux. liq. amnii praetemp. framst. ansikts- eller pannbjudn.,,,,
"661,02",Partus c. efflux. liq. amnii praetemp. vidöppen ansiktsbjudning,,,,
"661,03",Partus c. efflux. liq. amnii praetemp. vidöppen pannbjudning,,,,
"661,04",Partus c. efflux. liq. amnii praetemp. vidöppen nack- eller hjässbjudning,,,,
"661,05",Partus c. efflux. liq. amnii praetemp. djup tvärställning,,,,
"661,06",Partus c. efflux. liq. amnii praetemp. sätes- eller fotbjudning,,,,
"661,07",Partus c. efflux. liq. amnii praetemp. alla bjudningar vid flerbörd,,,,
"661,08",Partus c. efflux. liq. amnii praetemp. annan eller obestämd bjudning,,,,
"661,09",Partus c. efflux. liq. amnii praetemp. uppgift om presentation saknas,,,,
"661,10",Partus praecipitatus framstupa nack- eller hjässbjudning (kronbjudning),,,,
"661,11",Partus praecipitatus framstupa ansikts- eller pannbjudning,,,,
"661,12",Partus praecipitatus vidöppen ansiktsbjudning,,,,
"661,13",Partus praecipitatus vidöppen pannbjudning,,,,
"661,14",Partus praecipitatus vidöppen nack- eller hjässbjudning,,,,
"661,15",Partus praecipitatus djup tvärställning,,,,
"661,16",Partus praecipitatus sätes- eller fotbjudning,,,,
"661,17",Partus praecipitatus alla bjudningar vid flerbörd,,,,
"661,18",Partus praecipitatus annan eller obestämd bjudning,,,,
"661,19",Partus praecipitatus uppgift om presentation saknas,,,,
"661,20",Part. c. eclamps. (prae-ecl.) intra part. framst. nack- el. hjässbj. (kron),,,,
"661,21",Part. c. eclamps. (prae-ecl.) intra part. framst. ansikts- eller pannbjudn.,,,,
"661,22",Part. c. eclamps. (prae-ecl.) intra part. vidöppen ansiktsbjudning,,,,
"661,23",Part. c. eclamps. (prae-ecl.) intra part. vidöppen pannbjudning,,,,
"661,24",Part. c. eclamps. (prae-ecl.) intra part. vidöppen nack- eller hjässbjudn.,,,,
"661,25",Part. c. aclamps. (prae-ecl.) intra part. djup tvärställning,,,,
"661,26",Part. c. eclamps. (prae-ecl.) intra part. sätes- eller fotbjudning,,,,
"661,27",Part. c. eclamps. (prae-ecl.) intra part. alla bjudningar vid flerbörd,,,,
"661,28",Part. c. eclamps. (prae-ecl.) intra part. annan eller obestämd bjudning,,,,
"661,29",Part. c. eclamps. (prae-ecl.) intra part. uppgift om presentation saknas,,,,
"661,30",Partus cum complicat. funiculi framstupa nack- eller hjässbj. (kronbj.),,,,
"661,31",Partus cum complicat. funiculi framstupa ansikts- eller pannbjudning,,,,
"661,32",Partus cum complicat. funiculi vidöppen ansiktsbjudning,,,,
"661,33",Partus cum complicat. funiculi vidöppen pannbjudning,,,,
"661,34",Partus cum complicat. funiculi vidöppen nack- eller hjässbjudning,,,,
"661,35",Partus cum complicat. funiculi djup tvärställning,,,,
"661,36",Partus cum complicat. funiculi sätes- eller fotbjudning,,,,
"661,37",Partus cum complicat. funiculi alla bjudningar vid flerbörd,,,,
"661,38",Partus cum complicat. funiculi annan eller obestämd bjudning,,,,
"661,39",Partus cum complicat. funiculi uppgift om presentation saknas,,,,
"661,40",Partus cum hydrammion framstupa nack- eller hjässbjudning (kronbjudn.),,,,
"661,41",Partus cum hydrammion framstupa ansikts- eller pannbjudning,,,,
"661,42",Partus cum hydrammion vidöppen ansiktsbjudning,,,,
"661,43",Partus vum hydrammion vidöppen pannbjudning,,,,
"661,44",Partus cum hydrammion vidöppen nack- eller hjässbjudning,,,,
"661,45",Partus cum hydrammion djup tvärställning,,,,
"661,46",Partus cum hydrammion sätes- eller fotbjudning,,,,
"661,47",Partus cum hydrammion alla bjudningar vid flerbörd,,,,
"661,48",Partus cum hydrammion annan eller obestämd bjudning,,,,
"661,49",Partus cum hydrammion uppgift om presentation saknas,,,,
"661,50",Partus cum anomalia placentae framstupa nack- eller hjässbjudning (Kronbj.),,,,
"661,51",Partus cum anomalia placentae framstupa ansikts- eller pannbjudning,,,,
"661,52",Partus cum anomalia placentae vidöppen ansiktsbjudning,,,,
"661,53",Partus cum anomalia placentae vidöppen pannbjudning,,,,
"661,54",Partus cum anomalia placentae vidöppen nack- eller hjässbjudning,,,,
"661,55",Partus cum anomalia placentae djup tvärställning,,,,
"661,56",Partus cum anomalia placentae sätes- eller fotbjudning,,,,
"661,57",Partus cum anomalia placentae alla bjudningar vid flerbörd,,,,
"661,58",Partus cum anomalia placentae annan eller obestämd bjudning,,,,
"661,59",Partus cum anomalia placentae uppgift om presentation saknas,,,,
"661,60",Part. c. compl. propter morb. non grav. framst.nack- eller hjässbj.(kronbj),,,,
"661,61",Part. c. compl. propter morb. non grav. framst. ansikts- eller pannbjudning,,,,
"661,62",Part. c. compl. propter morb. non grav. vidöppen ansiktsbjudning,,,,
"661,63",Part. c. compl. propter morb. non grav. vidöppen pannbjudning,,,,
"661,64",Part. c. compl. propter morb. non grav. vidöppen nack- eller hjässbjudning,,,,
"661,65",Part. c. compl. propter morb. non grav. djup tvärställning,,,,
"661,66",Part. c. compl. propter morb. non grav. sätes- eller fotbjudning,,,,
"661,67",Part. c. compl. propter morb. non grav. alla bjudningar vid flerbörd,,,,
"661,68",Part. c. compl. propter morb. non grav. annan eller obestämd bjudning,,,,
"661,69",Part. c. compl. propter morb. non grav. uppgift om presentation saknas,,,,
"661,70",Part. c. compl. e cond. fetus framstupa nack- eller hjässbjudn. (kronbj.),,,,
"661,71",Part. c. compl. e cond. fetus framstupa ansikts- eller pannbjudning,,,,
"661,72",Part. c. compl. e cond. fetus vidöppen ansiktsbjudning,,,,
"661,73",Part. c. compl. e cond. fetus vidöppen pannbjudning,,,,
"661,74",Part. c. compl. e cond. fetus vidöppen nack- eller hjässbjudning,,,,
"661,75",Part. c. compl. e cond. fetus djup tvärställning,,,,
"661,76",Part. c. compl. e cond. fetus sätes- eller fotbjudning,,,,
"661,77",Part. c. compl. e cond. fetus alla bjudningar vid flerbörd,,,,
"661,78",Part. c. compl. e cond. fetus annan eller obestämd bjudning,,,,
"661,79",Part. c. compl. e cond. fetus uppgift om presentation saknas,,,,
"661,80",Partus cum alia complicatione framstupa nack- eller hjässbjudning (kronbj.),,,,
"661,81",Partus cum alia complicatione framstupa ansikts- eller pannbjudning,,,,
"661,82",Partus cum alia complicatione vidöppen ansiktsbjudning,,,,
"661,83",Partus cum alia complicatione vidöppen pannbjudning,,,,
"661,84",Partus cum alia complicatione vidöppen nack- eller hjässbjudning,,,,
"661,85",Partus cum alia complicatione djup tvärställning,,,,
"661,86",Partus cum alia complicatione sätes- eller fotbjudning,,,,
"661,87",Partus cum alia complicatione alla bjudningar vid flerbörd,,,,
"661,88",Partus cum alia complicatione annan eller obestämd bjudning,,,,
"661,89",Partus cum alia complicatione uppgift om presentation saknas,,,,
"661,90",Annan komplikation framst. nack- eller hjässbj. (kronbjudn),,,,
"661,91",Annan komplikation framst. ansikts- eller pannbjudning,,,,
"661,92",Annan komplikation vidöppen ansiktsbjudning,,,,
"661,93",Annan komplikation vidöppen pannbjudning,,,,
"661,94",Annan komplikation vidöppen nack- eller hjässbjudning,,,,
"661,95",Annan komplikation djup tvärställning,,,,
"661,96",Annan komplikation sätes- eller fotbjudning,,,,
"661,97",Annan komplikation alla bjudningar vid flerbörd,,,,
"661,98",Annan komplikation annan eller obestämd bjudning,,,,
"661,99",Annan komplikation uppgift om presentation saknas,,,,
"662,90",Mors in anaesth. in partu sine compl. framst.- nack- el. hjässbj. (kronbj.),,,,
"662,91",Mors in anaesth. in partu sine compl. framst.- ansikts- eller pannbjudning,,,,
"662,92",Mors in anaesth. in partu sine compl. vidöppen ansiktsbjudning,,,,
"662,93",Mors in anaesth. in partu sine compl. vidöppen pannbjudning,,,,
"662,94",Mors in anaesth. in partu sine compl. vidöppen nack- eller hjässbjudning,,,,
"662,95",Mors in anaesth. in partu sine compl. djup tvärställning,,,,
"662,96",Mors in anaesth. in partu sine compl. sätes- eller fotbjudning,,,,
"662,97",Mors in anaesth. in partu sine compl. alla bjudningar vid flerbörd,,,,
"662,98",Mors in anaesth. in partu sine compl. annan eller obestämd bjudning,,,,
"662,99",Mors in anaesth. in partu sine compl. uppgift om presentation saknas,,,,
"670,00",Endometritis in partu et puerperio,,,,
"670,01",Lymphangitis uteri in partu et puerperio,,,,
"670,02",Salpingo-oophoritis in partu et puerperio,,,,
"670,08",Sepsis in partu et puerperio alia definita,,,,
"670,09",Sepsis in partu et puerperio nud,,,,
"671,00",Thrombophlebitis extremitatis inferioris puerperalis,,,,
"671,01",Thrombosis extremitatis inferioris puerperalis,,,,
"671,02",Thrombosis pelvis (phlegmasia alba dolens) puerperalis,,,,
"671,08",Phlebitis et thrombosis puerperalis alia definita,,,,
"671,09",Phlebitis et thrombosis puerperalis nud,,,,
"672,99",Pyrexia in puerperio e causa ignota,,,,
"673,00",Embolia aeria in puerperio,,,,
"673,10",Embolia fluidi amniotici,,,,
"673,20",Lungemboli,,,,
"673,98",Embolia pulmonis in puerperio alia definita,,,,
"673,99",Embolia pulmonis in puerperio nud,,,,
"674,99",Haemorrhagia cerebri in puerperio,,,,
"675,99",Coagulopathiae sanguinis in puerperio,,,,
"676,99",Anaemia puerperalis,,,,
"677,00","Mors subita e causa ignota, intra sive post partum",,,,
"677,90",Retentio placentae partialis in puerperio,,,,
"677,91",Haemorrhagia tarda (alia) in puerperio,,,,
"677,98",Complicatio in puerperio alia definita,,,,
"677,99",Complicatio in puerperio nud,,,,
"678,00",Lymphangitis mammae puerperalis,,,,
"678,01",Mastitis puerperalis,,,,
"678,02",Abscessus mammae puerperalis,,,,
"678,03",Mjölkstockning,,,,
"678,08",Complicationes lactationis aliae definitae,,,,
"678,09",Complicationes lactationis nud,,,,
"680,00","Furunculus, carbunculus faciei",,,,
"680,10","Furunculus, carbunculus nuchae",,,,
"680,20","Furunculus, carbunculus trunci",,,,
"680,30","Furunculus, carbunculus brachii s. antebrachii",,,,
"680,40","Furunculus, carbunculus manus",,,,
"680,50","Furunculus, carbunculus regionis glutealis",,,,
"680,60","Furunculus, carbunculus extremitatis inferioris, alterius partis",,,,
"680,80","Furunculus, carbunculus loco mutiplici",,,,
"680,88","Furunculus, carbunculus alio loco definito",,,,
"680,90","Furunculus, carbunculus nud",,,,
"681,00",Panaritium,,,,
"681,01",Paronychia acuta,,,,
"681,02",Paronychia chronica,,,,
"681,03",Onychia,,,,
"681,04",Unguis incarnatus infectus,,,,
"681,08",Cellulitis (phlegmone) digitorum manus et pedis alio loco definito,,,,
"681,09",Cellulitis (phlegmone) digitorum manus et pedis nud,,,,
"682,00",Phlegmone s. abscessus capitis et cervicis,,,,
"682,10",Phlegmone s. abscessus trunci,,,,
"682,20",Phlegmone s. abscessus brachii et antebrachii,,,,
"682,30","Phlegmone s. abscessus manus, digitis exceptis",,,,
"682,40",Phlegmone s. abscessus extremitatis inferioris,,,,
"682,50","Phlegmone s. abscessus pedis, digitis exceptis",,,,
"682,98",Cellulitis (phlegmone) et abscessus alio loco sive multiplex,,,,
"682,99",Cellulitis (phlegmone) et abscessus nud,,,,
"683,00",Lymphadenitis acuta colli,,,,
"683,01",Lymphadenitis acuta axillae,,,,
"683,02",Lymphadenitis acuta inguinis,,,,
"683,08",Lymphadenitis acuta alio loco definito,,,,
"683,09",Lymphadenitis acuta nud,,,,
"684,00",Pemphigus neonatroum,,,,
"684,08","IMpetigo (bullosa, circinata, simplex) alia definita",,,,
"684,09","IMpetigo (bullosa, circinata, simplex) nud",,,,
"685,99",Cysta (cystis) dermoides cutis,,,,
"686,00",Pyoderma atypicum,,,,
"686,10",Granuloma pyogenes,,,,
"686,11",Granuloma telangiectaticum,,,,
"686,90",Ecthyma non gangraenosum,,,,
"686,91",Ecthyma gangraenosum,,,,
"686,92",Herpes gestationis,,,,
"686,93",Pustulosis palmo-plantaris,,,,
"686,94",Panniculitis,,,,
"686,95",Acrodermatitis continua maligna hallopeau,,,,
"686,96",Acrodermatitis continua benigna,,,,
"686,98",INfectiones locales cutis et subcutis aliae definitae,,,,
"690,00",Pityriasis simplex sive sicca,,,,
"690,01",Pityriasis steatodes,,,,
"690,08",Eczema seborrhoicum aliud definitum,,,,
"690,09",Eczema seborrhoicum nud,,,,
"691,00",Eczema atopicum. prurigo besnier. eczema pruriginosum allergicum,,,,
"691,01",Neurodermatitis diffusa (brocq-jacquet),,,,
"691,08",Eczema infantum et casus similes aliud definitum,,,,
"691,09",Eczema infantum et casus similes nud,,,,
"692,00",Eczema sive dermatitis e detergentibus,,,,
"692,10","Eczema sive dermatitis ex oleis et unguentis, professionalis",,,,
"692,19","Eczema sive dermatitis ex oleis et unguentis, professionali non indicata",,,,
"692,20","Eczema sive dermatitis e solventibus, professionalis",,,,
"692,21","Eczema sive dermatitis e solventibus, professionali non indicata",,,,
"692,30",Eczema sive dermatitis e pharmacis,,,,
"692,40",Eczema sive dermatitis e chemicalibus aliis,,,,
"692,50",Eczema sive dermatitis ex alimentis,,,,
"692,60",Eczema sive dermatitis ex herbis,,,,
"692,70",Eczema sive dermatitis e radiatione (non solari),,,,
"692,80",Eczema sive dermatitis e radiatione solari,,,,
"692,81",Eczema sive dermatitis e cosmeticis,,,,
"692,82",Eczema sive dermatitis e microbis,,,,
"692,83",Eczema sive dermatitis dysidroticum (pompholyx),,,,
"692,88",Eczema sive dermatitis e causis aliis definitis,,,,
"692,90",Eczema sive dermatitis intertriginosum,,,,
"692,99",Eczema sive dermatitis e causa non indicata,,,,
"693,99",Dermatitis herpetiformis,,,,
"694,00","Pemhigus vulgaris, vegetans, foliaceus",,,,
"694,01",Pemphigus erythematodes,,,,
"694,02",Pemphigus pemphigoides,,,,
"694,03",Pemphigus chronicus familiaris hailey-hailey,,,,
"694,04",Pustulosis subcornealis,,,,
"694,09",Pemphigus nud,,,,
"695,00",Toxicodermia,,,,
"695,10",Ectodermosis multiformis (syndroma stevens-johnson),,,,
"695,19",Erythema multiforme nud,,,,
"695,20",Erythema nodosum non tuberculosum,,,,
"695,30",Rhinophyma acne rosacea,,,,
"695,39",Acne rosacea,,,,
"695,40",Lupus erythematosus (discoides),,,,
"695,90",Erythema chronicum migrans,,,,
"695,91",Erythema annulare centrifugum darier,,,,
"695,92",Erythrodermia exfoliativa nud,,,,
"695,98",Casus eryhematodes alii definiti,,,,
"695,99",Casus erythematodes nud,,,,
"696,00",Psoriasis arthropathica,,,,
"696,10",Psoriasis pustulosa,,,,
"696,19",Psoriasis alia sive nud (vulgaris),,,,
"696,20",Parapsoriasis en plaques,,,,
"696,21",Parapsoriasis guttata,,,,
"696,22",Parapsoriasis lichenoides,,,,
"696,23",Parapsorians varioliformis,,,,
"696,24",Parapsorians variegata,,,,
"696,29",Parapsoriasis nud,,,,
"696,30",Pityriasis rosea nud,,,,
"696,40",Pityriasis rubra pilaris,,,,
"696,58",Pityriasis alia,,,,
"696,59",Pityriasis nud,,,,
"696,98",Alii casus psoriasiformes,,,,
"697,00",Lichen ruber planus,,,,
"697,10",Lichen nitidus,,,,
"697,98",Lichen alius definitus,,,,
"697,99",Lichen nud,,,,
"698,00",Pruritus ani,,,,
"698,10",Pruritus genitalium,,,,
"698,20",Prurigo (gravis),,,,
"698,30",Lichenificatio. lichen simplex chronicus,,,,
"698,40",Dermatitis factitia. dermatitis artefacta. excoriatio neurotica,,,,
"698,91",Pruritus senilis,,,,
"698,98",Pruritus alii definiti,,,,
"698,99",Pruritus nud,,,,
"700,99",Clavus et callositas,,,,
"701,00",Scleroderma circumscriptum nud,,,,
"701,01",Lichen sclerosus et atrophicus,,,,
"701,10","Keratoderma acquisitum (palmare, plantare)",,,,
"701,11",Acanthosis nigricans,,,,
"701,12",Hyperkeratosis follicularis et parafollicularis in cutem penetrans kyrle,,,,
"701,13",Porokeratosis mibelli,,,,
"701,14",Keratoderma climactericum haxthausen,,,,
"701,15",IChthyosis,,,,
"701,19","Keratosis, hyperkeratosis alia sive nud",,,,
"701,20",Striae atrophicae,,,,
"701,30",Cicatrix keloides,,,,
"701,90",Acrodermatitis atrophicans chronica herxheimer,,,,
"701,98",Casus hypertrophici et atrophici cutis alii definiti,,,,
"702,00",Keratoma senile (keratosis senilis),,,,
"702,01",Leukoplacia nud,,,,
"702,02",Dermatosis bowen (praecancerosa),,,,
"702,03",Erythroplasia queyrat,,,,
"702,08",Dermatoses aliae definitae,,,,
"702,09",Dermatoses nud,,,,
"703,00",Dystrophia unguium,,,,
"703,01",Hypertrophia unguium,,,,
"703,02",Unguis incarnatus,,,,
"703,03",Leuconychia,,,,
"703,04",Coelonychia,,,,
"703,05",Onychogryphosis,,,,
"703,06",Onycholysis,,,,
"703,08",Morbi unguium alii definiti,,,,
"703,09",Morbi unguium nud,,,,
"704,00","Alopecia areata (benigna, maligna)",,,,
"704,01",Alopecia alia sive nud,,,,
"704,02",Pili incarnati,,,,
"704,03",Pili retenti (ingrown hair),,,,
"704,04",Folliculitis nud,,,,
"704,05",Hypertrichosis,,,,
"704,06",Hypotrichosis,,,,
"704,07",Trichiasis,,,,
"704,08",Sycosis barbae non parasitaria,,,,
"704,09",Morbi pilorum et folliculorum alii definiti et nud,,,,
"705,00",Anhidrosis,,,,
"705,10",Miliaria cristallina (prickly heat),,,,
"705,90",Hidrosis,,,,
"705,91",Hidrosadenitis,,,,
"705,92",Granulosis rubra nasi,,,,
"705,93",Morbus fox-fordyce,,,,
"705,98",Morbi glandularum sudoriferarum alii definiti,,,,
"705,99",Morbi glandularum sudoriferarum nud,,,,
"706,00",Acne necrotica,,,,
"706,01",Acne varioliformis nud,,,,
"706,10",Acne vulgaris,,,,
"706,11",Acne cheloides. acne scleroticans nuchae,,,,
"706,12",Acne alia sive nud,,,,
"706,20",Cysta sebacea,,,,
"706,30",Seborrhoea nud,,,,
"706,98",Morbi glandularum sebacearum alii definiti,,,,
"706,99",Morbi glandularum sebacearum nud,,,,
"707,00",Ulcus decubitale,,,,
"707,01",Ulcus neurogenes,,,,
"707,02",Ulcus trophicum nud,,,,
"707,08",Ulcus chronicum cutis aliud definitum,,,,
"707,09",Ulcus chronicum cutis nud,,,,
"708,00",Urticaria angioneurotica. oedema quincke,,,,
"708,90",Urticaria acuta,,,,
"708,91",Urticaria recidivans. chronica,,,,
"708,98",Urticaria alia defenita,,,,
"708,99",Urticaria nud,,,,
"709,00",Chloasma sympt.(hyperpigmentering av kroppsegna ämnen),,,,
"709,01",Chloasma symptomaticum aliud sive nud,,,,
"709,02",Chloasma idiopathicum,,,,
"709,03",Leucoderma symptomaticum,,,,
"709,04",Leucoderma professionale,,,,
"709,05",Vitiligo,,,,
"709,06",Cicatrix atrophica,,,,
"709,07",Cicatrix nud,,,,
"709,08",Morbi cutis alii definiti,,,,
"709,09",Morbi cutis nud,,,,
"710,00",Arthritis acuta purulenta humeroscapularis,,,,
"710,01",Arthritis acuta purulenta cubiti,,,,
"710,02",Arthritis acuta purulenta carpi,,,,
"710,03",Arthritis acuta purulenta digiti manus,,,,
"710,04",Arthritis acuta purulenta coxae,,,,
"710,05",Arthritis acuta purulenta genus,,,,
"710,06",Arthritis acuta purulenta talocruralis sive pedis,,,,
"710,07",Arthritis acuta purulenta loco multiplici,,,,
"710,08",Arthritis acuta purulenta alio loco definito,,,,
"710,09",Arthritis acuta purulenta nud,,,,
"711,00",Arthritis acuta non purulenta humeroscapularis,,,,
"711,01",Arthritis acuta non purulenta cubiti,,,,
"711,02",Arthritis acuta non purulenta carpi,,,,
"711,03",Arthritis acuta non purulenta digiti manus,,,,
"711,04",Arthritis acuta non purulenta coxae,,,,
"711,05",Arthritis acuta non purulenta genus,,,,
"711,06",Arthritis acuta non purulenta talocruralis sive pedis,,,,
"711,07",Arthritis acuta non purulenta loco multiplici,,,,
"711,08",Arthritis acuta non purulenta alio loco definito,,,,
"711,09",Arthritis acuta non purulenta nud,,,,
"712,00",Arthritis rheumatoides juvenilis (morbus still),,,,
"712,10",Arthritis rheumatoides cum spleno-adenomegalia et leucopenia (syndr.felty),,,,
"712,20",Arthritis palindromica,,,,
"712,38",Arthritis rheumatoides alia definita,,,,
"712,39",Arthritis rheumatoiodes nud,,,,
"712,40",Spondylitis ankylopoetica (morbus von bechterew),,,,
"712,50",Fibrositis rheumatiodes chronica nodularis,,,,
"713,00",Arthritis (arthrosis) coxae,,,,
"713,01",Arthritis (arthrosis) genus,,,,
"713,02",Arthritis (arthrosis) talocruralis,,,,
"713,03",Arthritis (arthrosis) multiplex,,,,
"713,08",Arthritis (arthrosis) alia (spinali excepta),,,,
"713,09",Arthritis (arthrosis) nud,,,,
"713,10",Spondylarthritis cervicalis,,,,
"713,11",Spondylarthritis thoracica,,,,
"713,12",Spondylarthritis lumbalis sive lumbosacralis,,,,
"713,19",Spondylarthritis nud,,,,
"713,20",Spondylopathia posttraumatica,,,,
"714,00",Arthritis posttraumatica,,,,
"714,90",Arthritis postinfectiosa nud,,,,
"714,91",Arthritis neuropathica,,,,
"714,92",Arthritis allergica,,,,
"714,93",Polyarthritis chronica seronegativa,,,,
"714,98",Arthritis alia definita,,,,
"715,99",Arthritis nud,,,,
"716,00",Dermatomyitis,,,,
"716,10",Polymyitis,,,,
"717,00",Lumbago,,,,
"717,10",Periarthritis (myofibrosis) humeroscapularis,,,,
"717,20","Torticollis (congenita, psychogenes sive traumatica non indicata)",,,,
"717,98","Rheumatismus musculorum alius, fibrositis et myalgia alia",,,,
"718,99",Rheumatismus nud,,,,
"720,00",Osteomyelitis acuta,,,,
"720,10",Ostemyelitis chronica,,,,
"720,29",Osteomyelitis nud,,,,
"720,30",Periostitis acuta,,,,
"720,31",Periostitis chronica,,,,
"720,39",Periostitis nud,,,,
"721,99",Ostitis deformans (paget),,,,
"722,00",Osteochondrosis vertebrae planae,,,,
"722,09",Osteochondrosis spinalis juvenilis (scheuermann) nud,,,,
"722,10",Epiphyseolysis capitis femoris,,,,
"722,11",Osteochondrosis coxae planae,,,,
"722,19",Osteochondrosis coxae juvenilis nud,,,,
"722,20",Malacia ossis lunati kienböck,,,,
"722,21",Osteochondrosis dissecans,,,,
"722,22",Osteochondrosis tuberositatis tibiae (schlatter),,,,
"722,23",Osteochondrosis ossium metatarsalium et ossis navicularis pedis (köhler),,,,
"722,28",Osteochondrosis juvenili alia definita,,,,
"722,29","Osteochondrosis juvenilis, nud",,,,
"722,88",Osteochondrosis alia definita,,,,
"722,99",Osteochondrosis nud,,,,
"723,00",Osteoporosis,,,,
"723,10",Osteo-arthropathia hypertrophicans pneumica (marie),,,,
"723,90","Morbus fibrocysticus ossium, mandibula excepta",,,,
"723,91",Fractura spontanea,,,,
"723,98",Morbi ossium alii definiti,,,,
"723,99",Morbi ossium nud,,,,
"724,00",Morbi meniscorum et cartilaginum cubiti,,,,
"724,10",Morbi meniscorum articuli genus,,,,
"724,98",Morbi meniscorum et cartilaginis articuli alio loco definito,,,,
"724,99",Morbi meniscorum et cartilaginis articuli nud,,,,
"725,00",Dislocatio disci intervertebralis cervicalis cum prolapsu disci,,,,
"725,09",Dislocatio disci intervertebralis cervivalis nud,,,,
"725,10",Dislocatio disci intervertebralis lumbalis cum prolapsu disci,,,,
"725,19",Dislocatio disci intervertebralis lumbalis et lumbosacralis nud,,,,
"725,88",Dislocatio disci intervertebralis alio loco definito,,,,
"725,99",Dislocatio disci intervertebralis nud,,,,
"726,99",Morbi articuli sacroilici,,,,
"727,00",Ancylosis articuli vertebralis,,,,
"727,10",Ancylosis articuli humeroscapularis,,,,
"727,20",Ancylosis articuli cubiti,,,,
"727,30",Ancylosis articuli carpi,,,,
"727,40",Ancylosis articuli digiti manus,,,,
"727,50",Ancylosis articuli coxae,,,,
"727,60",Ancylosis articuli genus,,,,
"727,70",Ancylosis talocruralis et pedis,,,,
"727,88",Ancylosis articuli alio loco sive loco multiplici,,,,
"727,99",Ancylosis articuli nud,,,,
"728,00",Cervicalgia,,,,
"728,10",Syndroma cervico-cranialis,,,,
"728,20",Syndroma cervico-brachialis diffusa,,,,
"728,30",Syndroma radicularis extremitatum superiorum,,,,
"728,40",Myelopathia columnae vertebralis cervicalis,,,,
"728,50",Dolores columnae vertebralis thoracicae,,,,
"728,60",Myelophathia columnae vertebralis thoracicae,,,,
"728,70",Lumbalgia,,,,
"728,80",Syndroma radicularis extremitatum inferiorum,,,,
"728,98",Syndroma doloris dorsi vertebralis alia definita,,,,
"728,99",Syndroma doloris dorsi vertebralis nud,,,,
"729,00",Contractura articuli,,,,
"729,01",Corpus liberum articuli,,,,
"729,02",Haemarthrosis,,,,
"729,03",Hydrarthrosis,,,,
"729,04",Dislocatio spontanea,,,,
"729,08",Morbi articulorum alii definiti,,,,
"729,09",Morbi articulorum nud,,,,
"730,99",Bunio,,,,
"731,00",Tendinivaginitis acuta,,,,
"731,01",Tendinivaginitis chronica,,,,
"731,02",Tendinivaginitis stenosans,,,,
"731,03",Tendinivaginitis crepitans,,,,
"731,04",Bursitis acuta,,,,
"731,05",Bursitis chronica,,,,
"731,09","Synovitis, bursitis et tendinivaginitis nud",,,,
"732,99",Myitis infectiosa et alii morbi inflammatorii tendinum et fasciarum,,,,
"733,00",Myasthenia gravis,,,,
"733,10",Atrphia musculorum (idiopathica),,,,
"733,90",Contractura fasciae palmaris (dupuytren),,,,
"733,98","Morbi musculorum, tendinum et fasciarum alii definiti",,,,
"734,00",Sclerosis systematica progressiva diffusa,,,,
"734,01",Sclerosis systematica acrosclerotica (acrosclerosis),,,,
"734,09",Sclerosis systematica nud,,,,
"734,10",Lupus erythematodes disseminatus,,,,
"734,90",Keratoconjunctivitis sicca. syndroma sjögren,,,,
"734,91",Collagenosis nud,,,,
"734,98",Morbi diffusi telae conjunctivae alii definiti,,,,
"734,99",Morbi diffusi telae conjunctivae nud,,,,
"735,99",Curvatura columnae vertebralis,,,,
"736,99",Pes planus,,,,
"737,99",Hallux valgus et varus,,,,
"738,00",Coxa valga,,,,
"738,01",Coxa vara,,,,
"738,02",Genu valgum,,,,
"738,03",Genu varum,,,,
"738,04",Hallux rigidus,,,,
"738,05",Digitus malleus. hammartå,,,,
"738,08",Deformitates musculosceletalis aliae definitae,,,,
"738,09",Deformitates musculosceletalis nud,,,,
"740,99",Anencephalia (acrania),,,,
"741,00","Spina bifida aperta cum hydrocephalo, cute tecta",,,,
"741,01","Spina bifida aperta cum hydrocephalo, non cute tecta",,,,
"741,90","Spina bifida aperta hydrocephalo non indicato, cute tecta",,,,
"741,91","Spina bifida aperta hydrocephalo non indicato, non cute tecta",,,,
"741,99",Spina bifida aperta nud,,,,
"742,00",Hydrocephalus congenitus communicans,,,,
"742,01",Hydrocephalus congenitus non communicans,,,,
"742,09",Hydrocephalus congenitus nud,,,,
"743,00",Encephalocele,,,,
"743,10",Microcephalus,,,,
"743,20",Agenesis corporis callosi,,,,
"743,21",Porencephalia,,,,
"743,23",Hydranencephalia,,,,
"743,28",Maleformationes cerebri aliae,,,,
"743,38",Maleformationes medullae spinalis aliae,,,,
"743,40",Neurofibromatosis (von recklinghausen),,,,
"743,88",Maleformationes systematis nervosi aliae definitae,,,,
"743,99","Maleformationes cerebri, medullae spinalis et systematis nervosi nud",,,,
"744,00",Anophtalmus,,,,
"744,10",Microphtalmus,,,,
"744,20",Buphtalmus (glaucoma),,,,
"744,28",Megalocornea alia,,,,
"744,30",Cataracta rubeolosa,,,,
"744,39",Cataracta congenita nud,,,,
"744,40",Coloboma uveae,,,,
"744,41",Coloboma lentis,,,,
"744,42",Coloboma palpebrae,,,,
"744,49",Coloboma nud,,,,
"744,50",Aniridia,,,,
"744,80",Ectopia lentis,,,,
"744,81",Aphakia,,,,
"744,82",Ptosis congenitus,,,,
"744,83",Retinitis pigmentosa,,,,
"744,84",Stenosis sive atresia canalis lacrimalis,,,,
"744,88",Maleformationes oculorum congenitae aliae definitae,,,,
"744,99",Maleformationes oculorum congenitae nud,,,,
"745,00",Atresia canalis auditorii,,,,
"745,01",Aplasia auris externae,,,,
"745,02",Dysplasia gravis auris externae,,,,
"745,09","Maleformationes auris nud, cum surditate",,,,
"745,10",Appendix (fibroma) praeauricularis,,,,
"745,28",Maleformationes auris aliae,,,,
"745,39",Maleformationes auris nud,,,,
"745,40","Cysta (cystis), fistula (sinus) praeauricularis sive branchialis",,,,
"745,50",Pterygium colli,,,,
"745,83",Assymmetria faciei,,,,
"745,88","Maleformationes congenitae auris, faciei et colli aliae definitae",,,,
"745,99","Maleformationes congenitae auris, faciei et colli nud",,,,
"746,09",Truncus communis,,,,
"746,19",Transpositio cordis congenitae,,,,
"746,29",Tetralogia fallot,,,,
"746,37","Cor triloculare biatriatum (""single ventricle"")",,,,
"746,39",Defectus septi ventriculorum,,,,
"746,42","Defectus septi atriorum, ostium secundum",,,,
"746,43","Cor triloculare biventriculare (""single atrium"")",,,,
"746,46","Defectus septi atriorum, ostium primum",,,,
"746,47",Ostium atrioventriculare commune,,,,
"746,54",Maleformatio valvulae tricuspidalis (morbo ebstein incluso),,,,
"746,59",Maleformatio valvulae mitralis,,,,
"746,63",Stenosis valvulae pulmonariae,,,,
"746,64",Atresia valvulae pulmonariae,,,,
"746,69",Aliae maleformationes valvulae pulmonariae sive ventriculi dextri,,,,
"746,73",Stenosis vavulae aortae,,,,
"746,74","Atresia valvulae aortae (""hypoplastic left heart syndrome"")",,,,
"746,79",Aliae maleformationes valvulae aortae sive ventriculi sinistri,,,,
"746,84",Maleformationes positionis cordis,,,,
"746,86",Fibroelastosis cordis,,,,
"746,89",Maleformationes congenitae cordis aliae definitae,,,,
"746,90",Maleformatio cordis suspecta,,,,
"746,99",Maleformationes congenitae cordis nud,,,,
"747,09",Ductus arteriosus persistens,,,,
"747,19",Coarctatio aortae,,,,
"747,24","Anulus vascularis aortae (""vascular ring"")",,,,
"747,29",Maleformationes aortae aliae,,,,
"747,34","Stenosis, hypoplasia sive aplasia arteriae pulmonariae",,,,
"747,39",Aliae maleformationes arteriae pulmonaria,,,,
"747,49",Maleformationes venarum systematis,,,,
"747,59",Maleformationes venarum pulmonariarum,,,,
"747,69",Maleformationes arteriarum coronariarum et sinuum valsalvae,,,,
"747,70",Absentia sive hypoplasia arteriae umbilicalis,,,,
"747,79",Aliae maleformationes organorum circulationis periphericorum,,,,
"747,89",Maleformationes organorum circulationis aliae definitae,,,,
"747,90",Maleformatio organorum circulationis suspecta,,,,
"747,99",Maleformationes organorum circulationis nud,,,,
"748,00",Atresia choanae,,,,
"748,10",Maleformationes nasi aliae,,,,
"748,20",Membrana laryngis,,,,
"748,30","Maleform.laryng.,tracheae et bronchi aliae (stridore cong.inc.caus.incl.)",,,,
"748,40",Pulmo cysticus congenitus,,,,
"748,50",Agenesis pulmonis,,,,
"748,60",Hypoplasia pulmonis,,,,
"748,68",Maleformationes pulmonum congenitae aliae,,,,
"748,88",Maleformationes congenitae organorum respirationis aliae definitae,,,,
"748,99",Maleformationis congenitae organorum respirationis nud,,,,
"749,00",Palatoschisis mediana,,,,
"749,10",Cheiloschisis unilateralis,,,,
"749,11",Cheiloschisis bilateralis,,,,
"749,12",Cheilognathoschisis unilateralis,,,,
"749,13",Cheilognathoschisis bilateralis,,,,
"749,20",Cheilognathopalatoschisis unilateralis,,,,
"749,24",Cheilognathopalatoschisis bilateralis,,,,
"749,29",Fissura faciei et palatoschisis nud,,,,
"750,00",Maleformationes linguae,,,,
"750,10",Stenosis (hypertrophia) congenita pylori,,,,
"750,20",Atresia oesophagi,,,,
"750,21",Stenosis congenita oesophagi,,,,
"750,28",Fistula tracheo-oesephagica alia,,,,
"750,88",Maleformationes congenitae organor. digestionis superior aliae definitae,,,,
"750,99",Maleformationes congenitae organorum diestionis superiorum nud,,,,
"751,00",Diverticulum meckelii (ductus omphaloentericus persistens),,,,
"751,10",Atresia et stenosis duodeni,,,,
"751,11",Atresia et stenosis ileo-jejunalis,,,,
"751,20",Atresia ani inferioris cum fistula,,,,
"751,21","Atresia ani inferioris, fistula non indicata",,,,
"751,22",Atresia ano-rectalis superior cum fistula,,,,
"751,23","Atresia ano-rectalis superior, fistula non indicata",,,,
"751,24",Stenosis ano-rectalis cum fistula,,,,
"751,25","Stenosis ano-rectalis, fistula non indicata",,,,
"751,29",Atresia et stenosis ano-rectalis nud,,,,
"751,30",Megacolon congenitum,,,,
"751,39",Morbus hirschsprung nud,,,,
"751,40",Malerotatio intestini (mesenterium commune),,,,
"751,50",Atresia coli,,,,
"751,51",Microcolon,,,,
"751,52",Cloaca persistens,,,,
"751,58",Maleformatio intestini alia,,,,
"751,60",Aplasia congenita vesicae felleae,,,,
"751,61","Aplasia congenita, atresia et stenosis ductus biliaris externi",,,,
"751,62","Aplasia congenita, atresia et stenosis ductus biliaris interni",,,,
"751,63",Maleformationines congenitae hepatis,,,,
"751,69","Maleform. cong. hepat.,vesicae felleae et duct. biliar. aliae sive nud",,,,
"751,70",Pancreas annulare,,,,
"751,78",Maleformationes congenitae pancreatis aliae,,,,
"751,79",Maleformationes congenitae pancreatis nud,,,,
"751,88",Maleformationes congenitae organorum digestionis aliae definitae,,,,
"751,99",Maleformationes congenitae organorum digestionis nud,,,,
"752,00",Hermaphroditismus verus,,,,
"752,08",Sexus indeterminati alii casus (pseudhermaphroditismo excepto),,,,
"752,10","Retentio testis, cryptorchismus, ectopia testis",,,,
"752,20",Hypospadia glandis,,,,
"752,21",Hypospadia scrotalis,,,,
"752,22",Hypospadia totalis,,,,
"752,29",Hypospadia alia sive nud,,,,
"752,30",Epispadia,,,,
"752,40",Hydrocele congenita,,,,
"752,50",Uterus subseptus unicollis et uterus septus,,,,
"752,51",Uterus bicornis et uterus arcuatus,,,,
"752,52",Uterus unicornis,,,,
"752,53",Uterus didelphys,,,,
"752,54",Atresia cervicis,,,,
"752,55",Agenesis tubae fallopii et agenesis uteri,,,,
"752,56",Agenesis sive dysgenesis ovarii,,,,
"752,59","Maleformationes ovarii, tubae fallopii et uteri nud",,,,
"752,60",Atresia vaginae,,,,
"752,61",Hymen imperforatus,,,,
"752,62",Vagina septa et vagina duplex (utero didelphye excepto),,,,
"752,69",Maleformationes vaginae et organorum genitalium externorum feminae nud,,,,
"752,71",Pseudhermaphroditismus masculinus,,,,
"752,72",Pseudhermaphroditismus femininus (syndroma adreno-genitali excepta),,,,
"752,88",Maleformationes congenitae organorum genitalium aliae definitae,,,,
"752,99",Maleformationes congenitae organorum genitalium nud,,,,
"753,00",Agenesis renis bilateralis,,,,
"753,01",Agenesis renis unilateralis,,,,
"753,02",Hypoplasia et dysplasia renis,,,,
"753,10",Ren polycysticus bilateralis,,,,
"753,11",Ren polycysticus unilateralis,,,,
"753,19",Ren cysticus alius sive nud,,,,
"753,20",Ureterocele congenita,,,,
"753,21",Defectus obstructivus ureteris alius,,,,
"753,22","Hydronephrosis congenita, obstructione non indicata",,,,
"753,29",Hydronephrosis congenita alia sive hydroureter alius sive nud,,,,
"753,30",Ren supernumerarius,,,,
"753,31",Ren unguliformis,,,,
"753,32",Ectopia renis alia,,,,
"753,38",Maleformationes renis congenitae aliae,,,,
"753,39",Maleformationes renis congenitae nud,,,,
"753,40",Ureter sive pelvis renalis duplex,,,,
"753,41",Ectopia ureteris,,,,
"753,48",Maleformationes ureteris aliae,,,,
"753,49",Maleformationes ureteris nud,,,,
"753,50",Extrophia vesicae urinariae congenitum,,,,
"753,60",Valvula urethrae cum hydronephrosi,,,,
"753,61","Valvula urethrae, hydronephrosi non indicata",,,,
"753,62",Stenosis colli vesicae urinariae cum hydrohephrosi,,,,
"753,63","Stenosis colli vesicae urinariae, hydronephrosi non indicata",,,,
"753,64",Stenosis meatus urethrae,,,,
"753,68","Obstructio urethrae alia (atresia, stenosis, cysta (cystis) etc.)",,,,
"753,69",Obstructio urethrae nud,,,,
"753,88",Maleformationes vesicae urinariae et urethrae aliae definitae,,,,
"753,99",Maleformationes congenitae organorum urinariorum nud,,,,
"754,00",Pes equino-varus adductus,,,,
"754,01",Metatarsus varus,,,,
"754,02",Pes calcaneo-valgus,,,,
"754,03",Talus verticalis,,,,
"754,08",Talipes congenitus alius definitus,,,,
"754,09",Talipes congenitus nud,,,,
"755,00",Polydactylia digiti i manus,,,,
"755,01",Polydactylia digiti i pedis,,,,
"755,02",Polydactylia digiti v manus,,,,
"755,03",Polydactylia digiti v pedis,,,,
"755,04",Polydactylia digiti alterius sive nud manus,,,,
"755,05",Polydactylia digiti alterius sive nud pedis,,,,
"755,06",Triphalangismus digiti i manus,,,,
"755,10",Syndactylia sine reductione phalangis manus,,,,
"755,11",Syndactylia sine reductione phalangis pedis,,,,
"755,12",Syndactylia cum reductione phalangis manus,,,,
"755,13",Syndactylia cum reductione phalangis pedis,,,,
"755,14",Symphalangismus,,,,
"755,19",Syndactylia alia sive nud,,,,
"755,20",Amelia et phocomelia extremitatis superioris,,,,
"755,21",Micromelia extremitatis superioris,,,,
"755,22",Aplasia pollicis (sine reductione radii),,,,
"755,23",Reductio phalangis digitorum ii-v(sine reductione ulnae sive radii)extr.sup,,,,
"755,24",Reductio transversalis alia (amputatio) extremitatis superioris,,,,
"755,25",Aplasia sive hypoplasia radii (cum/sine reductione manus),,,,
"755,26",Aplasia sive hypoplasia ulnae (cum/sine reductione manus),,,,
"755,28",Reductiones aliae extremitatis superioris,,,,
"755,29",Reductiones nud extremitatis superioris,,,,
"755,30",Amelia et phocomelia extremitatis inferioris,,,,
"755,31",Micromelia extremitatis inferioris,,,,
"755,32",Reductio phalangis(sine reductione fibulae sive tibiae)extremit.infer.,,,,
"755,33",Reductio transversalis alia (amputatio) extremitatis inferioris,,,,
"755,34",Aplasia sive hypoplasia fibulae congenita (cum/sine reductione pedis),,,,
"755,35",Aplasia sive hypoplasia tibiae congenita (cum/sine reductione pedis),,,,
"755,38",Reductiones aliae (sirenomelia exclusa) extremitatis inferioris,,,,
"755,39",Reductiones nud extremitatis inferioris,,,,
"755,49",Reductiones extremitatis nud,,,,
"755,50",Manus vara (excepta cum aplasia et hypoplasia radii),,,,
"755,51",Dysostosis cleidocranialis,,,,
"755,58",Maleformationes ossium et articulorum extrem. super. (scapula incl.) aliae,,,,
"755,60",Dislocatio congenita coxae (fixata),,,,
"755,61","Praeluxatio congenita coxae (non fixata, fenomeno ortolani positivo)",,,,
"755,78",Maleformationes ossium et articulor.extrem.infer.(pelvi inclus.)aliae,,,,
"755,80",Arthrogryphosis multiplex congenita,,,,
"755,98",Maleformatio congenita extremitatum alia definita,,,,
"755,99",Maleformatio congenita extremitatum nud,,,,
"756,00",Craniosynostosis (craniostenosis),,,,
"756,01",Hypertelorismus,,,,
"756,08",Maleformationes congenitae ossium cranii et faciei aliae,,,,
"756,09",Maleformationes congenitae ossium cranii et faciei nud,,,,
"756,10",Aplasia sacri et coccygis,,,,
"756,11",Syndroma klippel-feil,,,,
"756,18",Maleformationes columnae vertebralis aliae,,,,
"756,19",Maleformationes columnae vertebralis nud,,,,
"756,20",Costa cervicalis,,,,
"756,30",Pectus excavatum,,,,
"756,31",Pectus carinatum,,,,
"756,32",Sternum bifidum,,,,
"756,38",Maleformationes costae et sterni aliae,,,,
"756,40",Chondrodystrophia (achondroplasia) (chondrodysplasia fetalis),,,,
"756,50",Osteogenesis imperfecta,,,,
"756,60",Osteopetrosis (morbus albers-schönberg),,,,
"756,61",Dysplasia chondro-ectodermalis (syndroma ellis-van creveld),,,,
"756,62",Dysplasia fibrosa polyostotica (syndroma albright-stenberg),,,,
"756,63",Dysplasia epiphysicalis multiplex,,,,
"756,64",Dysplasia epiphysicalis punctata (condrodystrophia calcificans congenita),,,,
"756,65",Exostosis cartilaginea multiplex,,,,
"756,68",Maleformationes generalisatae ossium aliae,,,,
"756,80","Maleformationes musculorum, tendinis et fasciae aliae",,,,
"756,99",Maleformationes ossium et musculorum nud,,,,
"757,00",Oedema hereditarium extremitatis inferioris (morbus milroy),,,,
"757,10",Naevus pigmentosus congenitus permagnus,,,,
"757,19",Naevus pigmentosus nud,,,,
"757,20",IChtyosis congenita,,,,
"757,21",Urticaria pigmentosa,,,,
"757,22",Epidermolysis bullosa,,,,
"757,23",Polythelia et polymastia,,,,
"757,24",Cutis laxa et hyperelastica,,,,
"757,25",Aplasia cutis congenita,,,,
"757,26",Defectus capillitii,,,,
"757,27",Cicatrix cutis congenita,,,,
"757,28",Maleformationes cutis aliae,,,,
"757,30",Maleformationes pilorum,,,,
"757,40",Maleformationes unguium,,,,
"757,99","Maleformationes congenitae cutis, pilorum et unguium nud",,,,
"758,00",Asplenia congenita,,,,
"758,01",Lien supernumerarius,,,,
"758,08",Maleformationes lienis aliae,,,,
"758,09",Maleformationes lienis nud,,,,
"758,10",Maleformationes glandulae adrenalis,,,,
"758,20",Ductus thyreoglossus persistens,,,,
"758,28",Maleformationes glandulae thyreoideae aliae,,,,
"758,29",Maleformationes glandulae thyreoideae nud,,,,
"758,30",Aplasia thymi,,,,
"758,38",Maleformationes glandularum endocrinarum aliae,,,,
"758,39",Maleformationes glandularum endocrinarum nud,,,,
"758,88",Maleformationes congen.aliae (except.maleformat.organor.multiplic.),,,,
"758,99",Maleformatio congenita nud,,,,
"759,00",Situs inversus,,,,
"759,10",Diplopagus,,,,
"759,20",Cyclopia,,,,
"759,21",Sirenomelia,,,,
"759,28",Monstrum aliud,,,,
"759,29",Monstrum nud,,,,
"759,30",Trisomia 21-22 (morbus down) (mongolismus),,,,
"759,40",Trisomia 17-18 (trisomia e),,,,
"759,41",Trisomia 13-15 (trisomia d),,,,
"759,42","Monosomia partialis 5 (monosomia partialis b, ""cri du chat"")",,,,
"759,48",Maleformationes congenitae propter chromosomata autosomatica aliae,,,,
"759,50",Syndroma turner,,,,
"759,51",Syndroma klinefelter,,,,
"759,52",Syndroma triplo-x,,,,
"759,53",Syndroma xyy,,,,
"759,59",Maleformationes congen.propter chromosom.genosom.aliae sive nud,,,,
"759,60",Sclerosis tuberosa (epiloia),,,,
"759,80","Syndroma marfan, arachnodactylia",,,,
"759,81",Syndroma laurence-moon-biedl-bardet,,,,
"759,82",Syndroma sturge-weber,,,,
"759,83",Syndroma prader-willis,,,,
"759,84",Syndroma waardenburg,,,,
"759,86",Ataxia telangiectatica,,,,
"759,87",Syndroma von hippel-lindau,,,,
"759,88",Maleformationes congenitae systematis multiplicis aliae definitae,,,,
"759,99",Maleformationes congenitae systematis multiplicis nud,,,,
"760,00",Morbus neonati e morbi cordis chronici rheumatici matris,,,,
"760,10",Morbus neonati e morbi cordis congenitalis matris,,,,
"760,20",Morbus neonati e hypertonia chronica matris,,,,
"760,30",Morbus neonati ex alii morbi circulatorii chronici matris,,,,
"760,40",Morbus neonati e nephritis chronica matris,,,,
"760,50",Morbus neonati ex alii morbi chronici urogenitalis matris,,,,
"761,00",Morbus neonati e syphilis matris,,,,
"761,10",Morbus neonati e diabetes mellitus matris,,,,
"761,20",Morbus neonati ex influenza matris,,,,
"761,30",Morbus neonati e rubeola matris,,,,
"761,40",Morbus neonati e toxoplasmosis matris,,,,
"761,50",Morbus neonati ex injuria matris,,,,
"761,60",Morbus neonati ex operatione matris,,,,
"761,70",Morbus neonati e substantiae chemicales per placentam transmissae,,,,
"761,80",Morbus neonati ex aliae infectiones matris non graviditatis,,,,
"761,98",Morbus neonati ex aliae causae matris,,,,
"762,00",Morbus neonati e morbo renalis matris in graviditate,,,,
"762,10",Morbus neonati e prae-eclampsia matris in graviditate,,,,
"762,20",Morbus neonati ex eclampsia matris in graviditate,,,,
"762,30",Morbus neonati e toxicosis matris nud,,,,
"762,40",Morbus neonati e hyperemesis gravidarum,,,,
"762,50",Morbus neonati e necrosis hepatis acuta sive subacuta in graviditate,,,,
"762,98",Morbus neonati ex alia toxicosis gravidarum,,,,
"763,00",Morbus neonati e pyelitis et pyelonephritis matris ante et intra partum,,,,
"763,10",Morb.neonat.ex aliae infectiones urogenitales matris ante et intra partum,,,,
"763,98",Morbus neonati ex aliae infectiones matris ante et intra partum,,,,
"764,40","Asphyxia,anoxia sive hypoxia",,,,
"764,99",Morb.neonat. e partus difficilis cum deform. pelvis matris sive org. pelvis,,,,
"765,99",Morbus neonati e partus difficilis cum disproportione deform. pelv. non ind,,,,
"766,99",Morbus neonati e partus difficilis cum malepositione fetus,,,,
"767,99",Morbus neonati e partus difficilis cum abnormitate laborum partus,,,,
"768,99",Morbus neonati e partus difficilis cum complicationibus aliis sive nud,,,,
"769,00",Morbus neonati ex insufficientia cervicis in graviditate et partu,,,,
"769,10",Morbus neonati e ruptura praematura membranae fetus,,,,
"769,20",Morbus neonati e hydramnion,,,,
"769,30",Morbus neonati e graviditate extrauterina,,,,
"769,40",Morbus neonati e plurifetatione in graviditate,,,,
"769,50",Morbus neonati e morte matris nud,,,,
"769,98",Morbus neonati ex alia complicatione in graviditate et partu,,,,
"770,00",Morbus neonati e placenta praevia,,,,
"770,10",Morbus neonati ex ablatione praematura placentae,,,,
"770,20",Morbus neonati ex infarctu placentae,,,,
"770,80",Morbus neonati ex aliis morbis placentae,,,,
"770,99",Morbus neonati e conditione placentae nud,,,,
"771,00",Morbus neonati e compressione cordae umbilici,,,,
"771,10","Morbus neonati e prolapsu cordae umbilici, compressione non indicata",,,,
"771,98",Morbus neonati e conditione cordae umbilici alia definita,,,,
"772,00",Ruptura tentorii cerebelli neonati,,,,
"772,01",Haemorrhagia ventricularis cerebri neonati,,,,
"772,02",Haematoma subdurale neonati,,,,
"772,03",Haemorrhagia cerebri alia neonati,,,,
"772,08",Laesio cerebri alia neonati,,,,
"772,09",Laesio intracranialis nud neonati,,,,
"772,10",Laesio spinalis neonati,,,,
"772,20",Fractura cranii neonati,,,,
"772,21",Fractura claviculae neonati,,,,
"772,22",Fractura humeri neonati,,,,
"772,23",Fractura femoris neonati,,,,
"772,24",Caput succedaneum,,,,
"772,25",Paresis facialis neonati,,,,
"772,26",Paralysis erb (-duchenne),,,,
"772,27",Paralysis klumpke (-dejerine),,,,
"772,28",Paralysis brachialis nud neonati,,,,
"772,29",Laesiones ossium sive nervorum aliae sive nud neonati,,,,
"772,30",Laesio cutis capitis neonati,,,,
"772,31",Cephalhaematoma neonati,,,,
"772,32",Haematoma musculi sternocleidomastoidei neonati,,,,
"772,33",Ruptura hepatis sive lienis neonati,,,,
"772,38",Alia laesio intra partum neonati,,,,
"772,49",IRritatio systematis nervosi centralis neonati,,,,
"772,59",Depressio systematis nervosi centralis neonati,,,,
"772,69",Difficultas sugendi neonati,,,,
"772,97",Difficultas temperationis ordinandae neonati,,,,
"772,98",Laesiones intra partum neonati aliae definitae,,,,
"772,99",Laesiones intra partum neonati nud,,,,
"773,00",Morbus neonati ex abortu,,,,
"773,01",Destructio fetus vivendi pro facilitate parientis,,,,
"773,08",Morbus neonati e terminatione graviditatis alia definita,,,,
"773,09",Morbus neonati e terminatione graviditatis nud,,,,
"774,00",Morbus haemolyticus fetuum et neon. cum ictero nucl. cum incomp. syst. rh,,,,
"774,10",Morbus hemolyticus fetuum et neon. cum ictero. nucl. cum incomp. syst. ab0,,,,
"774,20",Morb. haemol. fetuum et neon. cum ict. nucl. cum incomp. sanguin. alia def.,,,,
"774,29",Morbus haemolyticus fetuum et neon. cum ict. nucl. cum incomp. sanguin. nud,,,,
"774,97",Morbus haemolyticus fetuum et neonatorum cum ictero nucleari suspectus,,,,
"774,99",Morbus haemolyticus fetuum et neonatorum cum inctero nucleari nud,,,,
"775,00","Morbus haemol. fetuum et neon., ict. nucl. non ind. cum incomp. system. rh",,,,
"775,10","Morbus haemol. fetuum et neon., ict. nucl. non ind. cum incomp. system. ab0",,,,
"775,20","Morb.haemol.fetum et neon.,ict.nucl.non ind.c. incomp.sang.alia def.",,,,
"775,29","Morbus haemol. fetuum et neon., ictero nucl. non ind. cum incomp. sang. nud",,,,
"775,97","Morbus haemolyticus fetuum et neonatorum, ictero nucleari non indicata Susp",,,,
"775,99","Morbus haemolyticus fetuum et neonatorum, ictero nucleari non indicato Nud",,,,
"776,00",Syndroma aspirationis,,,,
"776,01",Mekoniumaspiration,,,,
"776,02",Pulmonell adaptionsstörning,,,,
"776,10","Syndroma membran. hyalin., ""idiopathic respir. distress syndrome"" (irds)",,,,
"776,20","Emphysema (interstitiale, mediastinale, unilobulare)",,,,
"776,25",Pneumothorax neonatorum,,,,
"776,29",respiratory distress alia sive nud,,,,
"776,30",Foetal distress,,,,
"776,40",Anoxia (hypoxia) intrauterina,,,,
"776,50",Asphyxia proxima post partum,,,,
"776,60",IMmaturitas pulmonum,,,,
"776,70",Syndroma wilson-mikity,,,,
"776,80",Apnoea repetens,,,,
"776,90",Persist fetal.cirk. (red.andn.eff.),,,,
"776,99",Anoxia et hypoxia nud,,,,
"777,00","IMmat. nud e temp. grav. breve (min.quam 35 hebd.),pond.et long.rat.non hab",,,,
"777,10","IMmat. nud e pond. in partu leve,cum temp. gravid. coll (""small for date"")",,,,
"777,20","IMmat. nud e pond. in partu leve,(2500 g sive minus),temp. gravid non ind",,,,
"777,30","IMmat.nud e long. in partu parva, cum temp. gravid. coll. (small for date)",,,,
"777,40","IMmat. nud e long. in partu parva(minus quam 47 cm),temp.grav. non ind.",,,,
"777,50","IMmaturitas nud e pondere in partu leve, cum lingitudine collatum",,,,
"777,60",Dysmaturitas,,,,
"777,90",IMmaturitas nud,,,,
"778,00",Damnum sanguinis fetale ante sive intra partum,,,,
"778,10",Postmaturitas,,,,
"778,11",Large for date (a) pondus pro tempore graviditatis,,,,
"778,15",Large for date (b) longitudo pro tempore gravidatits,,,,
"778,20",Morbus haemorrhagicus neonatorum,,,,
"778,30",Syndroma laesionis frigoris fetalis,,,,
"778,40",Anemia neonatorum,,,,
"778,45",Polyglobulia,,,,
"778,60",Febris transitoria neonatorum,,,,
"778,70",Erythema toxicum neonatorum,,,,
"778,80",Accomodatio nutritiva mala neonatorum,,,,
"778,90",Mastitis neonatorum,,,,
"778,91",Haemorrhagia a frusto umbilicali,,,,
"778,92",Embryopathia et fetopathia nud,,,,
"778,93",ICterus physiologicus sine statu notabiliter adjuvanti,,,,
"778,94",ICterus nuclearis sine morbo haemolytico,,,,
"778,95",Embryopathia/fetopathia (al def),,,,
"778,96",ICterus physiologicus cum statu notabiliter adjuvanti,,,,
"778,98",Alii morbi neonatorum,,,,
"779,00",Maceratio fetalis e causa ignota,,,,
"779,99",Morbi fetalis e causa ignota alii sive nud,,,,
"780,00",Stupor,,,,
"780,01",Coma,,,,
"780,10",Delirium,,,,
"780,20",Convulsiones,,,,
"780,30",Athetosis non congenita,,,,
"780,31",Myoclonia,,,,
"780,32",Tremor,,,,
"780,39",Motus abnormis involuntarius alius sive nud,,,,
"780,40",Ataxia,,,,
"780,49",Laesio coordinationis alia sive nud,,,,
"780,50",Vertigo,,,,
"780,60",Laesio somni,,,,
"780,70",Amnesia,,,,
"780,79",Laesio memoriae alia sive nud,,,,
"780,80",Meningismus,,,,
"781,00",Hemianopsia,,,,
"781,01",Scotoma,,,,
"781,02",Anopsia quadrantis,,,,
"781,09",Symptoma visus aliud sive nud,,,,
"781,10",Diplopia,,,,
"781,11",Exophtalmus (sine thyreotoxicosi),,,,
"781,12",Nystagmus,,,,
"781,19",Symptoma oculomotorium aliud sive nud,,,,
"781,20",Photophobia,,,,
"781,30",Amnesia acustica (surditas mentalis),,,,
"781,31",Tinnitus aurium,,,,
"781,39",Symptoma auditus aliud sive nud,,,,
"781,41",Parageusia,,,,
"781,42",Paralysis deglutitionis,,,,
"781,43",Parosmia,,,,
"781,44","Trismus, neonati excepto",,,,
"781,49","Symptomata nervorum cranialium (exceptis ii,iii,iv,vi,viii) alia sive nud",,,,
"781,50",Agraphia,,,,
"781,51",Aphasia,,,,
"781,52",Dysarthria,,,,
"781,59",Laesio loquendi alia sive nud,,,,
"781,60",Ageusia,,,,
"781,61",Paraesthesia,,,,
"781,62",Anaesthesia,,,,
"781,63",Astereognosis,,,,
"781,64",Anosmia,,,,
"781,65",Frigiditas,,,,
"781,66",Hyperaesthesia,,,,
"781,69",Anomalia sensus alia sive nud,,,,
"781,70",Encephalopathia,,,,
"781,80",Hallucinatio,,,,
"782,00",Cardialgia,,,,
"782,10",Palpitatio,,,,
"782,20",Tachycardia,,,,
"782,30",Cyanosis,,,,
"782,31",Pallor,,,,
"782,40",INsufficientia cordis acuta,,,,
"782,50",Syncope (lipothymia) vasovagalis,,,,
"782,59",Syncope (lipothymia) alia sive nud,,,,
"782,60",Oedema et hydropsia,,,,
"782,70",INtumescentia lymphonodorum,,,,
"782,80",Splenomegalia,,,,
"782,90",Chock (traumate non indicato),,,,
"783,00",Epistaxis,,,,
"783,10",Haemoptysis,,,,
"783,20",Tetania hyperventilatoria,,,,
"783,21","Apnoea, neonati excepta",,,,
"783,22",Orthopnoea,,,,
"783,29",Dyspnoea alia sive nud,,,,
"783,30",Tussis,,,,
"783,40",Sputum excessivum,,,,
"783,50",Aphonia,,,,
"783,51",Phonasthenia,,,,
"783,52",Raucitas vocis,,,,
"783,53",Rhinolia,,,,
"783,59",Permutatio vocis nud,,,,
"783,60",Stridor,,,,
"783,70",Pleurodynia,,,,
"784,00",Anorexia,,,,
"784,10",Emesis,,,,
"784,19",Nausea nud,,,,
"784,20",Pylorospasmus,,,,
"784,30",Pyrosis,,,,
"784,40",Dysphagia,,,,
"784,50",Haematemesis,,,,
"784,60",Singultus,,,,
"784,70",Ruminatio,,,,
"784,79",Ructus nud,,,,
"785,00",INtumescentia abdominis,,,,
"785,10",Hepatomegalia,,,,
"785,20","ICterus, neonati excepto",,,,
"785,30",Ascites,,,,
"785,40",Meteorismus,,,,
"785,49",Flatulentia alia sive nud,,,,
"785,50",Tenesmus rectalis,,,,
"785,51",Symptomata abdominalia acuta nud,,,,
"785,59",Colica abdominalis nud,,,,
"785,60",INcontinentia alvi,,,,
"785,70","Melaena, neonati excepta",,,,
"785,80",Peristalsis visibilis,,,,
"786,00",Stranguria,,,,
"786,01",Tenesmus vesicalis,,,,
"786,02",Colica renalis,,,,
"786,09",Algos systematis urinarii aliud sive nud,,,,
"786,10",Retentio urinae,,,,
"786,20",Enuresis,,,,
"786,29",INcontinentia urinae,,,,
"786,30",Nycturia,,,,
"786,40",Polyuria,,,,
"786,50","Oliguria, neonati excepta",,,,
"786,51","Anuria, neonati excepta",,,,
"786,60",Priapismus,,,,
"786,70",Dyspareunia,,,,
"786,71",Vaginismus,,,,
"786,79",Algos genitalium aliud sive nud,,,,
"787,00",Monoplegia transitoria extremitatis,,,,
"787,10","Extremitates inquietae (""restless legs"")",,,,
"787,19",Dolor extremitatis alius sive nud,,,,
"787,20",INtumescentia extremitatis,,,,
"787,30",Coxalgia,,,,
"787,39",Arthralgia alia sive nud,,,,
"787,40",INtumescentia articuli,,,,
"787,50",Dysbasia,,,,
"787,60",ITus abnormis,,,,
"788,00",Dehydratio,,,,
"788,10","Hyperhidrosis localisata (manus, pedis etc.)",,,,
"788,11",Hidrosis nocturna,,,,
"788,19",Hyperhidrosis alia sive nud,,,,
"788,20",Euruptio cutanea,,,,
"788,30",Noduli subcutanei,,,,
"788,40",Emaciatio,,,,
"788,50",Tetania,,,,
"788,60",Acetonaemia,,,,
"788,69",Acidosis nud,,,,
"788,70",Alkalosis,,,,
"788,80",Febris incertae causae,,,,
"788,90",Hypersedminetatio,,,,
"788,91",Hypokalaemia,,,,
"788,92",Hypocalcaemia,,,,
"788,98","Alia symptomata definita, alibi non classificabilia",,,,
"789,00",Proteinuria (albuminuria),,,,
"789,10",Bacteriuria,,,,
"789,11",Pyuria,,,,
"789,20",Chyluria,,,,
"789,30",Haematuria,,,,
"789,40",Haemoglobinuria,,,,
"789,50",Glycosuria,,,,
"789,60",Ketonuria (acetonuria),,,,
"789,98",Alia urina abnormis e causa ignota,,,,
"790,00",Nervosismus,,,,
"790,10",Asthenia,,,,
"790,19",Debilitas et fatigatio abnormis alia sive nud,,,,
"790,20",Depressio mentis,,,,
"791,99",Cephalgia nud,,,,
"792,99",Uraemia,,,,
"793,00",Observ. et explor. casus ment. pro abortu provoc. s. steril.,,,,
"793,01",Observ. et explor. post tentationem suicidii,,,,
"793,09",Observ. et explor. casus mentales alii sive nud,,,,
"793,10","Observ. et explor. neopl. maligna organ. endocrin., susp.",,,,
"793,11","Observ. et explor. neopl. maligna organ. nerv. et sens., susp.",,,,
"793,12","Observ. et explor. neopl. maligna organ. respir.,susp.",,,,
"793,13","Observ. et explor. neopl. maligna organ. digest., susp.",,,,
"793,14","Observ. et explor. neopl. maligna organ. urogen., susp.",,,,
"793,15","Observ.et explor. neopl. maligna organ. ossium, susp.",,,,
"793,19","Observ. et explor. neopl. maligna organ. aliorum sive nud, susp.",,,,
"793,80",Observ.et explor.maleformationes congenitae susp.,,,,
"793,81",Observationes et explorationes morbi neonati suspecti,,,,
"793,88",Observationes et explorationes morbi alii definiti,,,,
"793,99",Observationes et explorationes nud,,,,
"794,00",Marasmus senilis,,,,
"794,09",Senilitas alia sive nud,,,,
"795,99","Mors subita, non violenta, e causa ignota",,,,
"796,00",Casus morbi sive mortis male definiti,,,,
"796,10",Simulatio (aggravatio) morbi,,,,
"796,20","Mortus admissus, causa ignota",,,,
"796,21","Mortuus inventus, causa ignota",,,,
"796,30",Mortuus sine morbi signo,,,,
"796,99",Aliae causae ignotae sive non indicatae,,,,
"800,00","Fract.cranii (verticis, os. front., os. pariet.) non compl. (sive nud)",,,,
"800,10","Fract.cranii (verticis, os. front., os. pariet.) complicata",,,,
"800,90","Fract. cranii (verticis, os. front., os. pariet.) sequelae",,,,
"801,00",Fract.baseos cranii non complicata (sive nud),,,,
"801,10",Fract. baseos cranii complicata,,,,
"801,90",Fract. baseos cranii sequelae,,,,
"802,00",Fract. nasi non complicata (sive nud),,,,
"802,10",Fract. nasi complicata,,,,
"802,21",Fract. mandibulae non complicata (sive nud),,,,
"802,31",Fract. mandibulae complicata,,,,
"802,42",Fract. ossium faciei aliorum non complicata (sive nud),,,,
"802,52",Fract. ossium faciei aliorum complicata,,,,
"802,90",Fract. nasi sequelae,,,,
"802,91",Fract. mandibulae sequelae,,,,
"802,92",Fract. ossium faciei aliorum sequelae,,,,
"803,00",Fract. cranii aliae et nud non complicata (sive nud),,,,
"803,10",Fract. cranii aliae et nud complicata,,,,
"803,90",Fract. cranii aliae et nud sequelae,,,,
"804,00",Fract. mult. cranii sive os. faciei cum aliis ossibus non compl. (sive nud),,,,
"804,10",Fract. mult. cran. s. os. faciei cum aliis ossibus complicata,,,,
"804,90",Fract. mult. cran. s. os. faciei cum aliis ossibus sequelae,,,,
"805,00",Fract. column. cervic. sine laes. med. spinal. s. nud non compl. (s. nud),,,,
"805,10",Fract. column. cervic. sine laes. med. spinal. s. nud complicata,,,,
"805,21",Fract.column.thor.s.lumb.sine laes.med.spin.s.nud non compl.(sive nud),,,,
"805,31",Fract.column.thor.s.lumb.sine laes.med.spin.s.nud complicata,,,,
"805,42",Fract.column.sacr.s.cocc.sine laes.med.spin.s.nud non compl.(sive nud),,,,
"805,52",Fract.column.sacr.s.cocc.sine laes.med.spin.s.nud complicata,,,,
"805,63",Fract.col.vert.alia s.nud sine laes.med.spin.s.nud non compl.(sive nud),,,,
"805,73",Fract.col.vert.alia s.nud sine laes.med.spin.s.nud complicata,,,,
"805,90",Fract. column. cervic. sine laes. med. spinal. s. nud sequelae,,,,
"805,91",Fract.column.thor.s.lumb.sine laes.med.spin.s.nud sequelae,,,,
"805,92",Fract.column.sacr.s.cocc.sine laes.med.spin.s.nud sequelae,,,,
"805,93",Fract.col.vert.alia s.nud sine laes.med.spin.s.nud sequelae,,,,
"806,00",Fract.col.cerv.cum laes. medullae spin. non compl. (sive nud),,,,
"806,10",Fract.col.cerv.cum laes.medullae spin.complicata,,,,
"806,21",Fract.col.thor.cum laes.medullae spin.non compl.(sive nud),,,,
"806,22",Fract.col.lumb.cum laes.medullae spin.non compl.(sive nud),,,,
"806,31",Fract.col.thor.cum laes.medullae spin.complicata,,,,
"806,32",Fract.col.lumb.cum laes.medulllae spin.complicata,,,,
"806,43",Fract.col.sacr.et coccyg.cum laes.medull.spin.non compl.(sive nud),,,,
"806,53",Fract.col.sacr.et coccyg.cum laes.medull.spin.complicata,,,,
"806,64",Fract.col.vert.alia s.nud cum laes.medull.spin.non compl.(sive nud),,,,
"806,74",Fract.col.vert.alia s.nud cum laes.medull.spin.complicata,,,,
"806,90",Fract.col.cerv.cum laes.medullae spin.sequelae,,,,
"806,91",Fract.col.thor.cum laes.medullae spin.sequelae,,,,
"806,92",Fract.col.lumb.cum laes.medullae spin.sequelae,,,,
"806,93",Fract.col.sacr.et coccyg.cum laes.medull.spin.sequelae,,,,
"806,94",Fract.col.vert.alia s.nud cum laes.medull.spin.sequelae,,,,
"807,00",Fract. costae non complicata (sive nud),,,,
"807,10",Fract. costae complicata,,,,
"807,21",Fract. sterni non complicata (sive nud),,,,
"807,31",Fract. sterni complicata,,,,
"807,42",Fract. laryngis non complicata (sive nud),,,,
"807,52",Fract. laryngis complicata,,,,
"807,90",Fract. costae sequelae,,,,
"807,91",Fract. sterni sequelae,,,,
"807,92",Fractura laryngis sequelae,,,,
"808,00",Fract. pelvis non complicata (sive nud),,,,
"808,10",Fract. pelvis complicata,,,,
"808,90",Fract. pelvis sequelae,,,,
"809,00",Fract. trunci mult. et fract. trunci nud non compl. (sive nud),,,,
"809,10",Fract. trunci mult. et fract. trunci nud complicata,,,,
"809,90",Fract. trunci mult. et fract. trunci nud sequelae,,,,
"810,00",Fract. claviculae non complicata (sive nud),,,,
"810,10",Fract. claviculae complicata,,,,
"810,90",Fract. claviculae sequelae,,,,
"811,00",Fract. scapulae non complicata (sive nud),,,,
"811,10",Fract. scapulae complicata,,,,
"811,90",Fract. scapulae sequelae,,,,
"812,00",Fract. humeri partis superioris non complicata (sive nud),,,,
"812,10",Fract. humeri partis superioris complicata,,,,
"812,21",Fract. humeri diaphysaria sive humeri nud non complicata (sive nud),,,,
"812,31",Fract. hymeri diaphysaria sive humeri nud complicata,,,,
"812,42",Fract. humeri partis inferioris non complicata (sive nud),,,,
"812,52",Fract. humeri partis inferioris complicata,,,,
"812,90",Fract. humeri partis superioris sequelae,,,,
"812,91",Fract. humeri diaphysaria sive humeri nud sequelae,,,,
"812,92",Fract. humeri partis inferioris sequelae,,,,
"813,00",Fract. radii non complicata (sive nud),,,,
"813,10",Fract. radii complicata,,,,
"813,21",Fract. ulnae non complicata (sive nud),,,,
"813,31",Fract. ulnae complicata,,,,
"813,42",Fract. radii cum ulna non complicata (sive nud),,,,
"813,52",Fract. radii cum ulna complicata,,,,
"813,63",Fract. radii et ulna nud non complicata (sive nud),,,,
"813,73",Fract. radii et ulna nud complicata,,,,
"813,90",Fract. radii sequelae,,,,
"813,91",Fract. ulnae sequelae,,,,
"813,92",Fractura radii cum ulna sequelae,,,,
"813,93",Fract. radii et ulna nud sequelae,,,,
"814,00",Fract. ossis carpi non complicata (sive nud),,,,
"814,10",Fract. ossis carpi complicata,,,,
"814,90",Fract. ossis carpi sequelae,,,,
"815,00",Fract. ossis metacarpalis non complicata (sive nud),,,,
"815,10",Fractura ossis metacarpalis complicata,,,,
"815,90",Fract. ossis metacarpalis sequelae,,,,
"816,00",Fractura digiti manus non complicata (sive nud),,,,
"816,10",Fractura digiti manus complicata,,,,
"816,90",Fractura digiti manus sequelae,,,,
"817,00",Fracturae multiplices ossium unius manus non complicata (sive nud),,,,
"817,10",Fracturae multiplices ossium unius manus complicata,,,,
"817,90",Fracturae multiplices ossium unius manus sequelae,,,,
"818,00","Fract.aliae,multipl.et nud,unius extr.sup.non compl.(sive nud)",,,,
"818,10","Fract.aliae,multipl.et nud,unius extr.sup.complicata",,,,
"818,90","Fract.aliae,multipl.et nud,unius extr.sup.sequelae",,,,
"819,00",Fract.multipl.extrem.super.ambar.etc non complicata(sive nud),,,,
"819,10",Fract.multipl.extrem.super.ambar.etc complicata,,,,
"819,90",Fract.multipl.extrem.super.ambar.etc sequelae,,,,
"820,00",Fract. colli femoris non complicata (sive nud),,,,
"820,01",Fract. pertrochanterica non complicata (sive nud),,,,
"820,02",Fract. femoris partis superioris alia definita non complicata (sive nud),,,,
"820,03",Fract.femoris partis superioris nud non complicata (sive nud),,,,
"820,10",Fract. colli femoris complicata,,,,
"820,11",Fract. pertrochanterica complicata,,,,
"820,12",Fract. femoris partis superioris alia definita complicata,,,,
"820,13",Fract.femoris partis superioris nud complicata,,,,
"820,90",Fract. colli femoris sequelae,,,,
"820,91",Fract. pertrochanterica sequelae,,,,
"820,92",Fract. femoris partis superioris alia definita sequelae,,,,
"820,93",Fract. femoris partis superioris nud sequelae,,,,
"821,00",Fract. femor. diaphysaria sive femor. nud non complicata (sive nud),,,,
"821,10",Fract. femor. diaphysaria sive femor. nud complicata,,,,
"821,21",Fract. femor. partis inferioris non complicata (sive nud),,,,
"821,31",Fract. femor. partis inferioris complicata,,,,
"821,90",Fract. femor. diaphysaria sive femor. nud sequelae,,,,
"821,91",Fract. femor. partis inferioris sequelae,,,,
"822,00",Fract. patellae non complicata (sive nud),,,,
"822,10",Fract. patellae complicata,,,,
"822,90",Fract. patellae sequelae,,,,
"823,00",Fract. part. superior. tibiae et fibulae sive tibiae etc non compl.(s.nud),,,,
"823,10",Fract.part.superior.tibiae fibulae sive tibiae etc complicata,,,,
"823,21",Fract.diaphysaria tibiae et fibulae non complicata (sive nud),,,,
"823,31",Fract. diaphysaria tibiae et fibulae complicata,,,,
"823,90",Fract. part. superior. tibiae et fibulae sive tibiae etc sequelae,,,,
"823,91",Fract.diaphysaria tibiae et fibulae sequelae,,,,
"824,00",Fractura malleoli non complicata (sive nud),,,,
"824,10",Fract.malleoli complicata,,,,
"824,90",Fractura malleoli sequelae,,,,
"825,00",Fract. calcanei non complicata (sive nud),,,,
"825,01",Fract.ossis tarsal.et metatarsal.alio loco sive nud non compl.(sive nud),,,,
"825,10",Fract. calcanei complicata,,,,
"825,11",Fract.ossis tarsal. et metatarsal.alio loco sive nud complicata,,,,
"825,90",Fract. calcanei sequelae,,,,
"825,91",Fractura ossis tarsalis et metatarsalis alio loco sive nud sequelae,,,,
"826,00",Fract.digiti pedis non complicata (sive nud),,,,
"826,10",Fract.digiti pedis complicata,,,,
"826,90",Fract.digiti pedis sequelae,,,,
"827,00","Fract.aliae,multipl.et nud,unius extr.inf.non compl.(sive nud)",,,,
"827,10","Fract.aliae,multipl.et nud,unius extr.inf.complicata",,,,
"827,90","Fract.aliae,multipl.et nud,unius extr.inf.sequelae",,,,
"828,00","Fract.multipl.extr.infer.amb.,infer.cum etc non compl.(sive nud)",,,,
"828,10","Fract.multipl.extr.infer.amb.,infer.cum etc complicata",,,,
"828,90","Fract.multipl.extr.infer.amb.,infer.cum etc sequelae",,,,
"829,00",Fractura nud non complicata (sive nud),,,,
"829,10",Fractura nud complicata,,,,
"829,90",Fractura nud sequelae,,,,
"830,00",Luxatio mandibulae non complicata (sive nud),,,,
"830,10",Luxatio mandibulae complicata,,,,
"830,90",Luxatio mandibulae sequelae,,,,
"831,00",Luxatio humeroscapularis non complicata (sive nud),,,,
"831,01",Luxatio acromioclavicularis non complicata (sive nud),,,,
"831,02",Luxatio scapulae nud non complicata (sive nud),,,,
"831,10",Luxatio humeroscapularis complicata,,,,
"831,11",Luxatio acromioclavicularis complicata,,,,
"831,12",Luxatio scapulae nud complicata,,,,
"831,90",Luxatio humeroscapularis sequelae,,,,
"831,91",Luxatio acromioclavicularis sequelae,,,,
"831,92",Luxatio scapulae nud sequelae,,,,
"832,00",Luxatio capituli radii cubiti non complicata (sive nud),,,,
"832,01",Luxatio radii et ulnae cubiti non complicata (sive nud),,,,
"832,02",Luxatio cubiti alia sive nud non complicata (sive nud),,,,
"832,10",Luxatio capituli radii cubiti complicata,,,,
"832,11",Luxatio radii et ulnae cubiti complicata,,,,
"832,12",Luxatio cubiti alia sive nud complicata,,,,
"832,90",Luxatio capituli radii cubiti sequelae,,,,
"832,91",Luxatio radii et ulnae cubiti sequelae,,,,
"832,92",Luxatio cubiti alia sive nud sequelae,,,,
"833,00",Luxatio radii carpi non complicata (sive nud),,,,
"833,01",Luxatio ulnae carpi non complicata (sive nud),,,,
"833,02",Luxatio radii et ulnae carpi non complicata (sive nud),,,,
"833,03",Luxatio ossis carpalis non complicata (sive nud),,,,
"833,04",Luxatio articulationis carpi radialis nud non complicata (sive nud),,,,
"833,10",Luxatio radii carpi complicata,,,,
"833,11",Luxatio ulnae carpi complicata,,,,
"833,12",Luxatio radii et ulnae carpi complicata,,,,
"833,13",Luxatio ossis carpalis complicata,,,,
"833,14",Luxatio articulationis carpi radialis nud complicata,,,,
"833,90",Luxatio radii carpi sequelae,,,,
"833,91",Luxatio ulnae carpi sequelae,,,,
"833,92",Luxatio radii et ulnae carpi sequelae,,,,
"833,93",Luxatio ossis carpalis sequelae,,,,
"833,94",Luxatio articulationis carpi radialis nud sequelae,,,,
"834,00",Luxatio digiti manus non complicata (sive nud),,,,
"834,10",Luxatio digiti manus complicata,,,,
"834,90",Luxatio digiti manus sequelae,,,,
"835,00",Luxatio coxae non complicata (sive nud),,,,
"835,10",Luxatio coxae complicata,,,,
"835,90",Luxatio coxae sequelae,,,,
"836,00",Luxatio patellae non complicata (sive nud),,,,
"836,01",Luxatio genus nud non complicata (sive nud),,,,
"836,10",Luxatio patellae complicata,,,,
"836,11",Luxatio genus nud complicata,,,,
"836,90",Luxatio patellae sequelae,,,,
"836,91",Luxatio genus nud sequelae,,,,
"837,00",Luxatio talocruralis non complicata (sive nud),,,,
"837,10",Luxatio talocruralis complicata,,,,
"837,90",Luxatio talocruralis sequelae,,,,
"838,00","Luxatio pedis (tarsi, metatarsi, digitorum) non complicata (sive nud)",,,,
"838,10","Luxatio pedis (tarsi, metatarsi, digitorum) complicata",,,,
"838,90","Luxatio pedis (tarsi, metatarsi, digitorum) sequelae",,,,
"839,00",Luxatio vertebrae cervicalis non complicata (sive nud),,,,
"839,01",Luxatio vertebrae alterius non complicata (sive nud),,,,
"839,10",Luxatio vertebrae cervicalis complicata,,,,
"839,11",Luxatio vertebrae alterius complicata,,,,
"839,52",Luxatio alio loco non complicata (sive nud),,,,
"839,62",Luxatio alio loco complicata,,,,
"839,73",Luxatio loco multiplici sive nud non complicata (sive nud),,,,
"839,83",Luxatio loco multiplici sive nud complicata,,,,
"839,90",Luxatio vertebrae cervicalis sequelae,,,,
"839,91",Luxatio vertebrae alterius sequelae,,,,
"839,92",Luxatio alio loco sequelae,,,,
"839,93",Luxatio loco multiplici sive nud sequelae,,,,
"840,00",Distorsio et distensio regionis scapularis et humeri proximalis,,,,
"841,00",Distorsio et distensio cubiti et antebrachii,,,,
"842,00",Distorsio et distensio carpi et manus,,,,
"843,00",Distorsio et distensio coxae et femoris proximalis,,,,
"844,00",Distorsio et distensio genus et cruris,,,,
"845,00",Distorsio et distensio malleoli et pedis,,,,
"846,00",Distorsio et distensio regionis sacroilicae,,,,
"847,00",Distorsio et distensio colli,,,,
"847,81",Distorsio et distensio alterius partis dorsi,,,,
"847,92",Distorsio et distensio dorsi nud,,,,
"848,00",Distorsio et distensio alia sive nud,,,,
"850,00",Commotio cerebri non complicata (sive nud),,,,
"850,90",Commotio cerebri sequelae,,,,
"851,00","Contusio cerebri, laceratio cerebri non complicata (sive nud)",,,,
"851,10","Contusio cerebri, laceratio cerebri complicata",,,,
"851,90","Contusio cerebri, laceratio cerebri sequelae",,,,
"852,00","Haemorrhagia subarachnoidalis, subduralis etc non complicata (sive nud)",,,,
"852,10","Haemorrhagia subarachnoidalis, subduralis etc complicata",,,,
"852,90","Haemorrhagia subarachnoidalis, subduralis etc sequelae",,,,
"853,00",Haemorrhagia intracran. posttraum. alia etc non complicata (sive nud),,,,
"853,10",Haemorrhagia intracran. posttraum. alia etc complicata,,,,
"853,90",Haemorrhagia intracran. posttraum. alia etc sequelae,,,,
"854,00",INjuria intracranialis alia definita non complicata (sive nud),,,,
"854,01",INjuria intracranialis nud non complicata (sive nud),,,,
"854,10",INjuria intracranialis alia definita complicata,,,,
"854,11",INjuria intracranialis nud complicata,,,,
"854,90",INjuria intracranialis alia definita sequelae,,,,
"854,91",INjuria intracranialis nud sequelae,,,,
"860,00",Pneumothorax traumaticus non complicata (sive nud),,,,
"860,01",Haemothorax traumaticus non complicata (sive nud),,,,
"860,02",Pneumothorax et haemothorax traumaticus nud non complicata (sive nud),,,,
"860,10",Pneumothorax traumaticus complicata,,,,
"860,11",Haemothorax traumaticus complicata,,,,
"860,12",Pneumothorax et haemothorax traumaticus nud complicata,,,,
"860,90",Pneumothorax traumaticus sequelae,,,,
"860,91",Haemothorax traumaticus sequelae,,,,
"860,92",Pneumothorax et haemothorax traumaticus nud sequelae,,,,
"861,00",INjuria cordis non complicata (sive nud),,,,
"861,10",INjuria cordis complicata,,,,
"861,21",INjuria pulmonis non complicata (sive nud),,,,
"861,31",INjuria pulmonis complicata,,,,
"861,90",INjuria cordis sequelae,,,,
"861,91",INjuria pulmonis sequelae,,,,
"862,00",INjuria organ. intrathoracic. aliorum definit. non complicata (sive nud),,,,
"862,01",INjuria organ. intrathoracic. aliorum nud non complicata (sive nud),,,,
"862,10",INjuria organ. intrathoracic. aliorum definit. complicata,,,,
"862,11",INjuria organ. intrathoracic. aliorum nud complicata,,,,
"862,90",INjuria organ. intrathoracic. aliorum definit. sequelae,,,,
"862,91",INjuria organ. intrathoracic. aliorum nud sequelae,,,,
"863,00",INjuria intestinalis non complicata (sive nud),,,,
"863,01",INjuria gastrointestinalis alia sive nud non complicata (sive nud),,,,
"863,10",INjuria intestinalis complicata,,,,
"863,11",INjuria gastrointestinalis alia sive nud complicata,,,,
"863,90",INjuria intestinalis sequelae,,,,
"863,91",INjuria gastrointestinalis alia sive nud sequelae,,,,
"864,00",INjuria hepatis non complicata (sive nud),,,,
"864,10",INjuria hepatis complicata,,,,
"864,90",INjuria hepatis sequelae,,,,
"865,00",INjuria lienis non complicata (sive nud),,,,
"865,10",INjuria lienis complicata,,,,
"865,90",INjuria lienis sequelae,,,,
"866,00",INjuria renis non complicata (sive nud),,,,
"866,10",INjuria renis complicata,,,,
"866,90",INjuria renis sequelae,,,,
"867,00",INjuria organorum pelvis non complicata (sive nud),,,,
"867,10",INjuria organorum pelvis complicata,,,,
"867,90",INjuria organorum pelvis sequelae,,,,
"868,00",INjuria organorum intraabdominalium aliorum non complicata (sive nud),,,,
"868,01",INjuria organorum intraabdominalium loco multiplici non compl. (sive nud),,,,
"868,02",INjuria organorum intraabdominalium nud non complicata (sive nud),,,,
"868,10",INjuria organorum intraabdominalium aliorum complicata,,,,
"868,11",INjuria organorum intraabdominalium loco multiplici complicata,,,,
"868,12",INjuria organorum intraabdominalium nud complicata,,,,
"868,90",INjuria organorum intraabdominalium aliorum sequelae,,,,
"868,91",INjuria organorum intraabdominalium loco multiplici sequelae,,,,
"868,92",INjuria organorum intraabdominalium nud sequelae,,,,
"869,00",Laesio traum. interna nud sive organ. intrathor. etc non compl. (sive nud),,,,
"869,10",Laesio traum. interna nud sive organ. intrathor. etc complicata,,,,
"869,90",Laesio traum. interna nud sive organ. intrathor. etc sequelae,,,,
"870,00","Vulnus palpebrae et orbitae, oculi excepto non complicata (sive nud)",,,,
"870,01",Vulnus perforans oculi non complicata (sive nud),,,,
"870,02","Vulnus oculi, perforatione non indicata non complicata (sive nud)",,,,
"870,03",Vulnus oculi et orbitae nud non complicata (sive nud),,,,
"870,10","Vulnus palpebrae et orbitae, oculi excepto complicata",,,,
"870,11",Vulnus perforans oculi complicata,,,,
"870,12","Vulnus oculi, perforatione non indicata complicata",,,,
"870,13",Vulnus oculi et orbitae nud complicata,,,,
"870,90","Vulnus palpebrae et orbitae, oculi excepto sequelae",,,,
"870,91",Vulnus perforans oculi sequelae,,,,
"870,92","Vulnus oclui, perforatione non indicata sequelae",,,,
"870,93",Vulnus oculi et orbitae nud sequelae,,,,
"871,10",Enucleatio oculi complicata,,,,
"871,90",Enucleatio oculi sequelae,,,,
"872,00",Vulnus auris externae non complicata (sive nud),,,,
"872,10",Vulnus auris externae complicata,,,,
"872,90",Vulnus auris externae sequelae,,,,
"873,00",Vulnus capitis partis superioris non complicata (sive nud),,,,
"873,10",Vulnus capitis partis superioris complicata,,,,
"873,21",Vulnus nasi non complicata (sive nud),,,,
"873,31",Vulnus nasi complicata,,,,
"873,72",Fractura coronae dentis non complicata (sive nud),,,,
"873,73",Fractura radicis dentis non complicata (sive nud),,,,
"873,74",Fractura dentis nud non complicata (sive nud),,,,
"873,75",Luxatio dentis non complicata (sive nud),,,,
"873,76",Vulnus faciei partis alterius non complicata (sive nud),,,,
"873,77",Vulnus capitis nud non complicata (sive nud),,,,
"873,82",Fractura coronae dentis complicata,,,,
"873,83",Fractura radicis dentis complicata,,,,
"873,84",Fractura dentis nud complicata,,,,
"873,85",Luxatio dentis complicata,,,,
"873,86",Vulnus faciei partis alterius complicata,,,,
"873,87",Vulnus capitis nud complicata,,,,
"873,90",Vulnus capitis partis superioris sequelae,,,,
"873,91",Vulnus nasi sequelae,,,,
"873,92",Fractura coronae dentis sequelae,,,,
"873,93",Fractura radicis dentis sequelae,,,,
"873,94",Fractura dentis nud sequelae,,,,
"873,95",Luxatio dentis sequelae,,,,
"873,96",Vulnus faciei partis alterius sequelae,,,,
"873,97",Vulnus capitis nud sequelae,,,,
"874,00",Vulnus colli non complicata (sive nud),,,,
"874,10",Vulnus colli complicata,,,,
"874,90",Vulnus colli sequelae,,,,
"875,00",Vulnus thoracis non complicata (sive nud),,,,
"875,10",Vulnus thoracis complicata,,,,
"875,90",Vulnus thoracis sequelae,,,,
"876,00",Vulnus dorsi non complicata (sive nud),,,,
"876,10",Vulnus dorsi complicata,,,,
"876,90",Vulnus dorsi sequelae,,,,
"877,00",Vulnus regionis glutealis non complicata (sive nud),,,,
"877,10",Vulnus regionis glutealis complicata,,,,
"877,90",Vulnus regionis glutealis sequelae,,,,
"878,00","Vulnus genital. extern., amput. traumat. incl. non complicata (sive nud)",,,,
"878,10","Vulnus genital. extern., amput. traumat. incl. complicata",,,,
"878,90","Vulnus genital. extern., amput. traumat. incl. sequelae",,,,
"879,00","Vulnera faciei, colli et trunci loci definit. non compl. (sive nud)",,,,
"879,10","Vulnera faciei, colli et trunci loci definiti complicata",,,,
"879,71","Vulnera faciei, colli et trunci multiplicia non complicata (sive nud)",,,,
"879,72","Vulnera faciei, colli et trunci nud non complicata (sive nud)",,,,
"879,81","Vulnera faciei, colli et trunci multiplicia complicata",,,,
"879,82","Vulnera faciei, colli et trunci nud complicata",,,,
"879,90","Vulnera faciei, colli et trunci loci definiti sequelae",,,,
"879,91","Vulnera faciei, colli et trunci multiplicia sequelae",,,,
"879,92","Vulnera faciei, colli et trunci nud sequelae",,,,
"880,00",Vulnus regionis scapularis et brachii non complicata (sive nud),,,,
"880,10",Vulnus regionis scapularis et brachii complicata,,,,
"880,90",Vulnus regionis scapularis et brachii sequelae,,,,
"881,00","Vulnus cubiti, antebrachii et carpi non complicata (sive nud)",,,,
"881,10","Vulnus cubiti, antebrachii et carpi complicata",,,,
"881,90","Vulnus cubiti, antebrachii et carpi sequelae",,,,
"882,00","Vulnus manus, digiti (solius) excepto non complicata (sive nud)",,,,
"882,10","Vulnus manus, digiti (solius) excepto complicata",,,,
"882,90","Vulnus manus, digiti (solius) excepto sequelae",,,,
"883,00","Vulnus digiti, non complicata (sive nud)",,,,
"883,10","Vulnus digiti, complicata",,,,
"883,90","Vulnus digiti, sequelae",,,,
"884,00",Vulnera multipl. et nud extrem. super. non complicata (sive nud),,,,
"884,10",Vulnera multipl. et nud extrem. super. complicata,,,,
"884,90",Vulnera multipl. et nud extrem. super. sequelae,,,,
"885,00",Amputatio traumat. pollicis (totalis) (partialis) non compl. (sive nud),,,,
"885,10",Amputatio traumat. pollicis (totalis) (partialis) complicata,,,,
"885,90",Amputatio traumat. pollicis (totalis) (partialis) sequelae,,,,
"886,00",Amputatio traumat. digiti alterius (total.) (part.) non compl. (sive nud),,,,
"886,10",Amputatio traumat. digiti alterius (total.) (part.) complicata,,,,
"886,90",Amputatio traumat. digiti alterius (total.) (part.)sequelae,,,,
"887,00",Amputatio traum. extrem. super. et man. (tot.)(part.) non compl. (sive nud),,,,
"887,10",Amputatio traum. extrem. super. et man. (tot.) (part.) complicata,,,,
"887,90",Amputatio traum. extrem. super. et man. (tot.) (part.) sequelae,,,,
"890,00",Vulnus regionis coxae et femoris non complicata (sive nud),,,,
"890,10",Vulnus regionis coxae et femoris complicata,,,,
"890,90",Vulnus regionis coxae et femoris sequelae,,,,
"891,00","Vuln.region.gen.,crur.(fem.excepto)et reg.mall.non compl.(sive nud)",,,,
"891,10","Vulnus region. genus, crur. (femoris excepto) et reg. malleoli complicata",,,,
"891,90","Vulnus region. genus, crur. (femoris excepto) et reg. malleoli sequelae",,,,
"892,00","Vulnus pedis, digiti (solius) excepto non complicata (sive nud)",,,,
"892,10","Vulnus pedis, digiti (solius) excepto complicata",,,,
"892,90","Vulnus pedis, digiti (solius) excepto sequelae",,,,
"893,00",Vulnus digiti pedis non complicata (sive nud),,,,
"893,10",Vulnus digiti pedis complicata,,,,
"893,90",Vulnus digiti pedis sequelae,,,,
"894,00",Vulnera unius extremitatis inferio. multiplicia non complic. (sive nud),,,,
"894,01",Vulnera unius extremitatis inferior. nud non complicata (sive nud),,,,
"894,10",Vulnera unius extremitatis inferior. multiplicia complicata,,,,
"894,11",Vulnera unius extremitatis inferior. nud complicata,,,,
"894,90",Vulnera unius extremitatis inferior. multiplicia sequelae,,,,
"894,91",Vulnera unius extremitatis inferior. nud sequelae,,,,
"895,00",Amputatio traumat. digiti ped. (total.) (partial.) non complic. (sive nud),,,,
"895,10",Amputatio traumat. digiti ped. (total.) (partial.) complicata,,,,
"895,90",Amputatio traumat. digiti ped. (total.) (partial.) sequelae,,,,
"896,00",Amputatio traumat. pedis (total.) (partial.) non complicata (sive nud),,,,
"896,10",Amputatio traumat. pedis (total.) (partial.) complicata,,,,
"896,90",Amputatio traumat. pedis (total.) (partial.) sequelae,,,,
"897,00",Amputatio traum. extrem. infer. (total.) (partial.) non compl. (sive nud),,,,
"897,10",Amputatio traum. extrem. infer. (total.) (partial.) complicata,,,,
"897,90",Amputatio traum. extrem. infer. (total.) (partial.) sequelae,,,,
"900,00",Vulnera multipl. extrem. super. ambar. (non complicata sive nud),,,,
"900,10",Vulnera multipl. extrem. super. ambar. complicata,,,,
"900,90",Vulnera multipl. extrem. super. ambar. sequelae,,,,
"901,00",Vulnera multipl. extrem. infer. ambar. (non complicata sive nud),,,,
"901,10",Vulnera multipl. exterm. infer. ambar. complicata,,,,
"901,90",Vulnera multipl. extrem. infer. ambar. sequelae,,,,
"902,00",Vulnera multipl. extrem. super. c. vuln. extr. infer. non compl. (sive nud),,,,
"902,10",Vulnera multipl. extrem. super. c. vuln. extr. infer. complicata,,,,
"902,90",Vulnera multipl. extrem. super. c. vuln.extr. infer. sequelae,,,,
"903,00",Vulnera multiplicia manuum ambarum non complicata (sive nud),,,,
"903,10",Vulnera multiplicia manuum ambarum complicata,,,,
"903,90",Vulnera multiplicia manuum ambarum sequelae,,,,
"904,00",Vulnera multiplicia capit. cum vuln. extrem. non complicata (sive nud),,,,
"904,10",Vulnera multiplicia capit. cum vuln. extrem. complicata,,,,
"904,90",Vulnera multiplicia capit. cum vuln. extrem. sequelae,,,,
"905,00",Vulnera multiplicia trunci cum vuln. extrem. non complicata (sive nud),,,,
"905,10",Vulnera multiplicia trunci cum vuln. extrem. complicata,,,,
"905,90",Vulnera multiplicia trunci cum vuln. extrem. sequelae,,,,
"906,00",Vulnera multiplicia faciei cum vuln. extrem. non complicata (sive nud),,,,
"906,10",Vulnera multiplicia faciei cum vuln. extrem. complicata,,,,
"906,90",Vulnera multiplicia faciei cum vuln. extrem. sequelae,,,,
"907,00",Vulnera multiplicia loci alterius definiti non complicata (sive nud),,,,
"907,01",Vulnera multiplicia nud non complicata (sive nud),,,,
"907,10",Vulnera multiplicia loci alterius definiti complicata,,,,
"907,11",Vulnera multiplicia nud complicata,,,,
"907,90",Vulnera multiplicia loci alterius definiti sequelae,,,,
"907,91",Vulnera multiplicia nud sequelae,,,,
"910,00",INjuria superficialis faciei et colli et verticis sine infect. (sive nud),,,,
"910,10",INjuria superficialis faciei et colli et verticis cum infectione,,,,
"910,90",INjuria superficialis faciei et verticis sequelae,,,,
"911,00",INjuria superficialis trunci sine infectione,,,,
"911,10",INjuria superficialis trunci cum infectione (sive nud),,,,
"911,90",INjuria superficialis trunci sequelae,,,,
"912,00",INjuria superfic. region. scapular. et brachii sine infectione (sive nud),,,,
"912,10",INjuria superfic. region. scapular. et brachii cum infectione,,,,
"912,90",INjuria superfic. region. scapular. et brachii sequelae,,,,
"913,00","INjuria superfic. cubiti, antebrachii et carpi sine infectione (sive nud)",,,,
"913,10","INjuria superfic. cubiti, antebrachii et carpi cum infectione",,,,
"913,90","INjuria superfic. cubiti, antebrachii et carpi sequelae",,,,
"914,00","INjuria superfic. manus, digiti (solius) excepta sine infect. (sive nud)",,,,
"914,10","INjuria superfic. manus, digiti (solius) excepta cum infectione",,,,
"914,90","INjuria superfic. manus, digiti (solius) excepta sequelae",,,,
"915,00",INjuria superfic. digiti sine infectione (sive nud),,,,
"915,10",INjuria superfic. digiti cum infectione,,,,
"915,90",INjuria superfic. digiti sequelae,,,,
"916,00","INjuria superfic. coxae, femor., crur. et malleoli sine infect. (sive nud)",,,,
"916,10","INjuria superfic. coxae, femor., crur. et malleoli cum infectione",,,,
"916,90","INjuria superfic. coxae, femor., crur. et malleoli sequelae",,,,
"917,00",INjuria superfic. pedis et digiti pedis sine infectione (sive nud),,,,
"917,10",INjuria superfic. pedis et digiti pedis cum infectione,,,,
"917,90",INjuria superfic. pedis et digiti pedis sequelae,,,,
"918,00",INjuria superfic. loci alterius sive multiplex sine infectione (sive nud),,,,
"918,01",INjuria superficialis nud sine infectione (sive nud),,,,
"918,10",INjuria superfic. loci alterius sive multiplex cum infectione,,,,
"918,11",INjuria superficialis nud cum infectione,,,,
"918,90",INjuria superfic. loci alterius sive multiplex sequelae,,,,
"918,91",INjuria superficialis nud sequelae,,,,
"920,00","Contusio faciei, verticis et colli, oculi excepta",,,,
"921,00",Contusio oculi et orbitae,,,,
"922,00",Contusio trunci,,,,
"923,00",Contusio regionis scapularis et brachii,,,,
"924,00","Contusio cubiti, antebrachii et carpi",,,,
"925,00","Contusio manus, digiti (solius) excepta",,,,
"926,00",Contusio digiti,,,,
"927,00","Contusio coxae, femoris, cruris et malleoli",,,,
"928,00",Contusio pedis et digiti pedis,,,,
"929,00",Contusio loci alterius sive multiplex,,,,
"929,01",Contusio nud,,,,
"930,00",Corpus alienum conjunctivae,,,,
"930,01",Corpus alienum viarum lacrimalium,,,,
"930,02",Corpus alienum alterius loci oculi et oculi adnexorum sive nud,,,,
"931,00",Corpus alienum auris,,,,
"932,00",Corpus alienum nasi,,,,
"933,00",Corpus alienum pharyngis et laryngis,,,,
"934,00",Corpus alienum bronchi et pulmonis,,,,
"935,00","Corpus alienum oris, oesophagi et ventriculi",,,,
"936,00",Corpus alienum intestini et coli,,,,
"937,00",Corpus alienum ani et recti,,,,
"938,00",Corpus alienum organorum digestinis nud,,,,
"939,00",Corpus alienum tractus urogenitalis,,,,
"940,00",Ambustio oculi compl. non ind. gradus non descriptus,,,,
"940,10",Ambustio oculi compl. non ind. gradus i,,,,
"940,20",Ambustio oculi compl. non ind. gradus ii,,,,
"940,30",Ambustio oculi compl. non ind. gradus iii,,,,
"940,80",Ambustio oculi complicata,,,,
"940,90",Ambustio oculi sequelae,,,,
"941,00","Ambustio faciei, capitis et colli compl. non ind. gradus non descriptus",,,,
"941,10","Ambustio faciei, capitis et colli compl. non ind. gradus i",,,,
"941,20","Ambustio faciei, capitis et colli compl. non ind. gradus ii",,,,
"941,30","Ambustio faciei, capitis et colli compl. non ind. gradus iii",,,,
"941,80","Ambustio faciei, capitis et colli complicata",,,,
"941,90","Ambustio faciei, capitis et colli sequelae",,,,
"942,00",Ambustio trunci compl. non indicata gradus non descriptus,,,,
"942,10",Ambustio trunci compl. non indicata gradus i,,,,
"942,20",Ambustio trunci compl. non indicata gradus ii,,,,
"942,30",Ambustio trunci compl. non indicata gradus iii,,,,
"942,80",Ambustio trunci complicata,,,,
"942,90",Ambustio trunci sequelae,,,,
"943,00","Ambustio extr. sup., carpi et man. except. compl. non ind. grad. non descr.",,,,
"943,10","Ambustio extr. sup., carpi et man. except. compl. non ind. grad. i",,,,
"943,20","Ambustio extr. sup., carpi et man. except. compl. non ind. grad. ii",,,,
"943,30","Ambustio extr. sup., carpi et man. except. compl. non ind. grad. iii",,,,
"943,80","Ambustio extremitat. super., carpi et manus exceptis complicata",,,,
"943,90","Ambustio extremitat. super., carpi et manus exceptis sequelae",,,,
"944,00",Ambustio carpi et manus complicat. non ind. gradus non descript.,,,,
"944,10",Ambustio carpi et manus complicat. non ind. gradus i,,,,
"944,20",Ambustio carpi et manus complicat. non ind. gradus ii,,,,
"944,30",Ambustio carpi et manus complicat. non ind. gradus iii,,,,
"944,80",Ambustio carpi et manus complicata,,,,
"944,90",Ambustio carpi et manus sequelae,,,,
"945,00",Ambustio extremitatis inferioris complic. non ind. gradus non descriptus,,,,
"945,10",Ambustio extremitatis inferioris complic. non ind. gradus i,,,,
"945,20",Ambustio extremitatis inferioris complic. non ind. gradus ii,,,,
"945,30",Ambustio extremitatis inferioris complic. non ind. gradus iii,,,,
"945,80",Ambustio extremitatis inferioris complicata,,,,
"945,90",Ambustio extremitatis inferioris sequelae,,,,
"946,00","Amb. faciei, cap. et colli c. amb. extr. compl. non ind. grad. non descr.",,,,
"946,10","Ambustio faciei, capit. et colli cum ambust. extr. compl. non ind. grad i",,,,
"946,20","Ambustio faciei, capit. et colli cum ambust. extr. compl. non ind. grad ii",,,,
"946,30","Ambustio faciei, capit. et colli cum ambust. extr. compl. non ind. grad iii",,,,
"946,80","Ambustio faciei, capit. et colli cum ambust. extr. complicata",,,,
"946,90","Ambustio faciei, capit. et colli cum ambust. extr. sequelae",,,,
"947,00",Ambustio trunci cum ambust. extrem. complic. non indic. gradus non descr.,,,,
"947,10",Ambustio trunci cum ambust. extrem. complic. non indic. gradus i,,,,
"947,20",Ambustio trunci cum ambust. extrem. complic. non indic. gradus ii,,,,
"947,30",Ambustio trunci cum ambust. extrem. complic. non indic. gradus iii,,,,
"947,80",Ambustio trunci cum ambustione extremitatis complicata,,,,
"947,90",Ambustio trunci cum ambustione extremitatis sequelae,,,,
"948,00",Ambust. faciei etc c. amb. trunci et extr. compl. non ind. grad. non descr.,,,,
"948,10",Ambustio faciei etc c. amb. trunci et extr. compl. non ind. gradus i,,,,
"948,20",Ambustio faciei etc c. amb. trunci et extr. compl. non ind. gradus ii,,,,
"948,30",Ambustio faciei etc c. amb. trunci et extr. compl. non ind. gradus iii,,,,
"948,80",Ambustio faciei etc c. ambustione trunci et extremitatis complicata,,,,
"948,90",Ambustio faciei etc c. ambustione trunci et extremitatis sequelae,,,,
"949,00",Ambustio loco alio definito complicat. non ind. gradus non descriptus,,,,
"949,01",Ambustio nud complicatione non indicata gradus non descriptus,,,,
"949,10",Ambustio loco alio definito complicat. non ind. gradus i,,,,
"949,11",Ambustio nud complicatione non indicata gradus i,,,,
"949,20",Ambustio loco alio definito complicat. non ind. gradus ii,,,,
"949,21",Ambustio nud complicatione non indicata gradus ii,,,,
"949,30",Ambustio loco alio definito complicat. non ind. gradus iii,,,,
"949,31",Ambustio nud complicatione non indicata gradus iii,,,,
"949,80",Ambustio loco alio definito complicata,,,,
"949,81",Ambustio nud complicata,,,,
"949,90",Ambustio loco alio definito sequelae,,,,
"949,91",Ambustio nud sequelae,,,,
"950,00",INjuria nervi optici vulnus non indicatum,,,,
"950,10",INjuria nervi optici cum vulnere,,,,
"950,90",INjuria nervi optici sequelae,,,,
"951,00","INjuria nervi iii, iv, vi vulnus non indicatum",,,,
"951,01",INjuria nervi cranialis alterius sive nud vulnus non indicatum,,,,
"951,10","INjuria nervi iii, iv, vi cum vulnere",,,,
"951,11",INjuria nervi cranialis alterius sive nud cum vulnere,,,,
"951,90","INjuria nervi iii, iv, vi sequelae",,,,
"951,91",INjuria nervi cranialis alterius sive nud sequelae,,,,
"952,00",INjuria nervi brachii vulnus non indicatum,,,,
"952,10",INjuria nervi brachii cum vulnere,,,,
"952,90",INjuria nervi brachii sequelae,,,,
"953,00",INjuria nervi antebrachii vulnus non indicatum,,,,
"953,10",INjuria nervi antebrachii cum vulnere,,,,
"953,90",INjuria nervi antebrachii sequelae,,,,
"954,00",INjuria nervi carpi et manus vulnus non indicatum,,,,
"954,10",INjuria nervi carpi et manus cum vulnere,,,,
"954,90",INjuria nervi carpi et manus sequelae,,,,
"955,00",INjuria nervi femoris vulnus non indicatum,,,,
"955,10",INjuria nervi femoris cum vulnere,,,,
"955,90",INjuria nervi femoris sequelae,,,,
"956,00",INjuria nervi cruris vulnus non indicatum,,,,
"956,10",INjuria nervi cruris cum vulnere,,,,
"956,90",INjuria nervi cruris sequelae,,,,
"957,00",INjuria nervi malleoli et pedis vulnus non indicatum,,,,
"957,10",INjuria nervi malleoli et pedis cum vulnere,,,,
"957,90",INjuria nervi malleoli et pedis sequelae,,,,
"958,00",Laesio traum. medull. cervic. sine fract. column. vertebr. vulnus non ind.,,,,
"958,10",Laesio traum. medull. cervic. sine fract. column. vertebr. cum vulnere,,,,
"958,21",Laesio traum. medull. dors./thor. sine fract. col. vertebr. vuln. non ind.,,,,
"958,22",Laesio traum. medull. lumbal. sine fract. column. vertebr. vulnus non ind.,,,,
"958,31",Laesio traum. medull. dors./thor. sine fract. col. vertebr. cum vulnere,,,,
"958,32",Laesio traum. medull. lumbal. sine fract. column. vertebr. cum vulnere,,,,
"958,43",Laesio traum. medull. sacral. sine fract. column. vertebr. vulnus non ind.,,,,
"958,53",Laesio traum. medull. sacral. sine fract. column. vertebr. cum vulnere,,,,
"958,64",Laesio traum. medull. spinal. nud sine fract. col. vertebr. vulnus non ind.,,,,
"958,74",Laesio traum. medull. spinal. nud sine fract. col. vertebr. cum vulnere,,,,
"958,90",Laesio traum. medull. cervic. sine fract. column. vertebr. sequelae,,,,
"958,91",Laesio traum. medull. dors./thor. sine fract. col. vertebr. sequelae,,,,
"958,92",Laesio traum. medull. lumbal. sine fract. column. vertebr. sequelae,,,,
"958,93",Laesio traum. medull. sacral. sine fract. column. vertebr. sequelae,,,,
"958,94",Laesio traum. medull. spinal. nud sine fract. col. vertebr. sequelae,,,,
"959,00",INjuria nervi cervicalis sympathici vulnus non indicatum,,,,
"959,10",INjuria nervi cervicalis sympathici cum vulnere,,,,
"959,21",INjuria nervi alterius sive injuria nervorum multiplex vulnus non indicatum,,,,
"959,22",INjuria nervi nud vulnus non indicatum,,,,
"959,31",INjuria nervi alterius sive injuria nervorum multiplex cum vulnere,,,,
"959,32",INjuria nervi nud cum vulnere,,,,
"959,90",INjuria nervi cervicalis sympathici sequelae,,,,
"959,91",INjuria nervi alterius sive injuria nervorum multiplex sequelae,,,,
"959,92",INjuria nervi nud sequelae,,,,
"960,00",Ogynnsam inverkan av penicillin,,,,
"960,10",Ogynnsam inverkan av antibiotica mot svamp,,,,
"960,20",Ogynnsam inverkan av kloramfenikol,,,,
"960,30",Ogynnsam inverkan av erytromyciner,,,,
"960,40",Ogynnsam inverkan av streptomyciner,,,,
"960,50",Ogynnsam inverkan av tetracykliner,,,,
"960,98",Ogynnsam inverkan av andra antibiotika,,,,
"960,99",Ogynnsam inverkan av antibiotika uns,,,,
"961,00",Ogynnsam inverkan av sulfapreparat,,,,
"961,10",Ogynnsam inverkan av arsenikhaltiga antisyfilitika,,,,
"961,20",Ogynnsam inverkan av silver och dess föreningar,,,,
"961,30",Ogynnsam inverkan av oxykinolinderivat,,,,
"961,98",Ogynnsam inverkan av andra kemoterapeutika,,,,
"961,99",Ogynnsam inverkan av kemoterapeutika uns,,,,
"962,00",Ogynnsam inverkan av adrenalin och noradrenalin,,,,
"962,05",Ogynnsam inverkan av glykokortikoider och mineralkortikoider,,,,
"962,10",Ogynnsam inverkan av androgena och adnra anabola steroider,,,,
"962,20",Ogynnsam inverkan av östrogener,,,,
"962,30",Ogynnsam inverkan av insulin och perorala diabetespreparat,,,,
"962,40",Ogynnsam inverkan av hypofysframlobens hormoner,,,,
"962,50",Ogynnsam inverkan av hypofysbaklobens hormoner,,,,
"962,60",Ogynnsam inverkan av gestagener,,,,
"962,70",Ogynnsam inverkan av tyreoideahormoner,,,,
"962,80",Ogynnsam inverkan av antityreoideapreparat,,,,
"962,98",Ogynnsam inverkan av andra hormoner och syntetiska substitut,,,,
"962,99",Ogynnsam inverkan av hormoner och syntetiska substitut uns,,,,
"963,00",Ogynnsam inverkan av antihistaminer,,,,
"963,08",Ogynnsam inverkan av övriga antiemetika,,,,
"963,10",Ogynnsam inverkan av medel vid leukemi och andra neoplasmer,,,,
"963,20",Ogynnsam inverkan av medel vid elektrolytrubbningar,,,,
"963,40","Ogynns. inv. av medel vid chockbeh., dialysvätskor, inf. lösn. för par.nutr",,,,
"963,50",Ogynnsam inverkan av enzymer,,,,
"963,60",Ogynnsam inverkan av vitaminer,,,,
"964,00",Ogynnsam inverkan av medel vid järnbristanemi,,,,
"964,10",Ogynnsam inverkan av medel vid megaloblastanemi,,,,
"964,20",Ogynnsam inverkan av medel vid trombos,,,,
"964,30",Ogynnsam inverkan av vitamin k och syntetiska k-vitaminpreparat,,,,
"964,40",Ogynnsam inverkan av hemostatika,,,,
"964,98",Ogynnsam inverkan av andra medel med inverkan på blodkomponenter,,,,
"964,99",Ogynnsam inverkan av medel vid blodsjukdomar uns,,,,
"965,00",Ogynnsam inverkan av analgetika av morfintyp,,,,
"965,10",Ogynnsam inverkan av salicylsyrederivat,,,,
"965,20",Ogynnsam inverkan av kinin och oxiklorokin,,,,
"965,30",Ogynnsam inverkan av kolchicin,,,,
"965,40",Ogynnsam inverkan av anilider,,,,
"965,50",Ogynnsam inverkan av pyrazolonderivat,,,,
"965,98",Ogynnsam inverkan av andra analgetika och antipyretika,,,,
"965,99",Ogynnsam inverkan av analgetika och antipyretika uns,,,,
"966,00","Ogynnsam inverkan av oxazolidin-, pyrrolidin- och pyrimidindionderivat",,,,
"966,10",Ogynnsam inverkan av hydantoinderivat,,,,
"966,98",Ogynnsam inverkan av andra antiepileptika,,,,
"966,99",Ogynnsam inverkan av antiepielptika uns,,,,
"967,00",Ogynnsam inverkan av barbiturater,,,,
"967,10",Ogynnsam inverkan av kloralhydrat,,,,
"967,20",Ogynnsam inverkan av paraldehyd,,,,
"967,30",Ogynnsam inverkan av bromider (organiska och oorganiska),,,,
"967,98",Ogynnsam inverkan av andra hypnotika och sedativa,,,,
"967,99",Ogynnsam inverkan av andra hypnotika och sedativa uns,,,,
"968,00",Ogynnsam inverkan av muskelavslappande medel,,,,
"968,10",Ogynnsam inverkan av anestetiska gaser,,,,
"968,98",Ogynnsam inverkan av andra medel vid narkos,,,,
"968,99",Ogynnsam inverkan av medel vid narkos uns,,,,
"969,99",Ogynnsam inverkan av lokalanestetika,,,,
"970,00",Ogynnsam inverkan av psykostimulantia,,,,
"970,10",Ogynnsam inverkan av neuroleptika (tranquillizers),,,,
"970,90",Ogynnsam inverkan av antidepressiva medel (tricykliska tymoleptika),,,,
"970,98",Ogynnsam inverkan av andra medel vid psykiska rubbningar,,,,
"970,99",Ogynnsam inverkan av medel vid psykiska rubbningar uns,,,,
"971,00",Ogynnsam inverkan av lsd,,,,
"971,01",Ogynnsam inverkan av psilocybin,,,,
"971,03",Ogynnsam inverkan av marihuana,,,,
"971,04",Ogynnsam inverkan av haschisch,,,,
"971,08",Ogynnsam inverkan av andra psykotomimetika,,,,
"971,09",Ogynnsam inverkan av psykotomimetika uns,,,,
"972,00",Ogynnsam inverkan av kolinergika,,,,
"972,10",Ogynnsam inverkan av antikolinergika,,,,
"972,20",Ogynnsam inverkan av adrenergika,,,,
"972,30",Ogynnsam inverkan av antiadrenergika,,,,
"972,98",Ogynnsam inverkan av andra medel med primär inverkan på autonoma Nervsyst.,,,,
"972,99",Ogynnsam inverkan av andra medel med primär inverkan på autonoma Nervs.uns,,,,
"973,00",Ogynnsam inverkan av medel för nedsättning av hjärtmuskulaturens Retbarhet,,,,
"973,10",Ogynnsam inverkan av adrenergika med uttalad hjärtverk. (beta-Receptorstim),,,,
"973,20",Ogynnsam inverkan av medel vid hyperkolesterolemi,,,,
"973,30",Ogynnsam inverkan av ganglieblockerande medel,,,,
"973,40",Ogynnsam inverkan av kärlvidgande medel,,,,
"973,50",Ogynnsam inverkan av medel vid hypertoni,,,,
"973,60",Ogynnsam inverkan av medel vid varixbehandling,,,,
"973,90",Ogynnsam inverkan av hjärtglykosider,,,,
"973,98",Ogynnsam inverkan av andra medel med primär inverkan på kardiovask. syst.,,,,
"973,99",Ogynnsam inverkan av hjärt- och kärlmedel uns,,,,
"974,00",Ogynnsam inverkan av antacida,,,,
"974,05",Ogynnsam inverkan av antidiarroika,,,,
"974,10",Ogynnsam inverkan av intestinalt irriterande avföringsmedel,,,,
"974,20",Ogynnsam inverkan av uppmjukande avföringsmedel,,,,
"974,30",Ogynnsam inverkan av saliniska avföringsmedel,,,,
"974,40",Ogynnsam inverkan av medel verkande huvudsakligen på tjocktarmen,,,,
"974,50",Ogynnsam inverkan av andra avföringsmedel,,,,
"974,60",Ogynnsam inverkan av emetika (kräkmedel),,,,
"974,98",Ogynnsam inverkan av andra preparat med primär inverkan på digest.organen,,,,
"974,99",Ogynnsam inverkan av medel vid rubbningar i digestionsorganen uns,,,,
"975,00",Ogynnsam inverkan av kvicksilverdiuretika,,,,
"975,10",Ogynnsam inverkan av purinderivat,,,,
"975,20",Ogynnsam inverkan av kolsyreanhydrashämmare,,,,
"975,30",Ogynnsam inverkan av saliniska medel,,,,
"975,90",Ogynnsam inverkan av tiazider och andra sulfonamidderivat,,,,
"975,98",Ogynnsam inverkan av andra diuretika,,,,
"975,99",Ogynnsam inverkan av diuretika uns,,,,
"976,10",Ogynnsam inverkan av spasmolytika,,,,
"976,20",Ogynnsam inverkan av guld och dess föreningar,,,,
"976,98",Ogynns.inv.av andra agens med direkt verkan på muskel- och skelettsystem,,,,
"976,99","Ogynnsam inverkan av medel med direkt verkan på muskel- och Skelettsyst,uns",,,,
"977,00",Ogynnsam inverkan av utvärtes läkemedel annorstädes ej klassificerbara,,,,
"977,10",Ogynnsam inverkan av farmaceutiska färgämnen annorstädes ej Klassificerbara,,,,
"977,20",Ogynnsam inverkan av diagnostiska medel,,,,
"977,88","Ogynnsam inverkan av andra, annorstädes ej klassificerbara läkemedel",,,,
"977,99",Ogynnsam inverkan av läkemedel uns,,,,
"978,00",Ogynnsam inverkan av opiumder.med barbiturater eller Neurolept.(tranquill.),,,,
"978,10","Ogynnsam inverkan av salicylater med antikoagul., antihist. och antiemetika",,,,
"978,20",Ogynnsam inverkan av barbitur. med salicyl.eller andra icke vanebild.analg.,,,,
"978,30",Ogynns.inv.av non-barb.sed.med salicyl.eller andra icke vanebild.analg.,,,,
"978,40",Ogynnsam inverkan av barbiturater med non-barbitursedativa,,,,
"978,41",Ogynns.inv.av barbitur.med non-barbituratsed.och med psykoterapeutika,,,,
"978,49",Ogynnsam inverkan av barbiturater med psykofarmaka uns,,,,
"978,80",Ogynns. inv. av barbutur. i andra komb. med verksamma ämnen än ovan nämnda,,,,
"978,81",Ogynns. inv. av organ. eller oorgan. bromider med andra non-barbituratsed.,,,,
"978,82",Ogynns. inv. av org. el. oorg. brom. med andra non-barb.sed.o.m. psykoter.,,,,
"978,83",Ogynns. inv. av org. el. oorg. brom. med psykoterapeutika,,,,
"978,84",Ogynns.inv.av non-barb.sed.utom brom. i andra komb.m.verks.ä.än o.nämnda,,,,
"978,85",Ogynnsam inverkan av meprobamat med andra psykoterapeutika,,,,
"978,86",Ogynns.inv.av andra psykoterap.i andra komb. än ovan nämnda,,,,
"978,88",Ogynnsam inverkan av andra specificer. komb. av läkemedel och droger,,,,
"979,00",Ogynnsam inverkan av alkohol och opiumderivat,,,,
"979,10",Ogynnsam inverkan av alkohol och barbiturater,,,,
"979,20",Ogynnsam inverkan av alkohol och nonbarbituratsedativa,,,,
"979,30",Ogynnsam inverkan av alkohol och antihistaminer,,,,
"979,40",Ogynnsam inverkan av alkohol och psykofarmakologiska medel,,,,
"980,00",Toxisk effekt av etylalkohol,,,,
"980,01",Toxisk effekt av etylalkoholhaltiga tekniska substanser (alkoholsurrogat),,,,
"980,10",Toxisk effekt av metylakohol,,,,
"980,20",Toxisk effekt av isopropylalkohol,,,,
"980,98",Toxisk effekt av andra alkoholer,,,,
"980,99",Toxisk effekt av alkohol uns,,,,
"981,00",Toxisk effekt av fotogen,,,,
"981,10",Toxisk effekt av bensin,,,,
"981,20",Toxisk effekt av petroleumnafta,,,,
"981,98",Toxisk effekt av andra petroleumprodukter,,,,
"981,99",Toxisk effekt av flytande petroleumprodukter (ej gaser) uns,,,,
"982,00",Toxisk effekt av bensen (bensol),,,,
"982,02",Toxisk effekt av homologa produkter till bensen (bensol),,,,
"982,10",Toxisk effekt av koltetraklorid,,,,
"982,20",Toxisk effekt av koldisulfid,,,,
"982,90",Toxisk effekt av etylanglykol (och andra glykoler),,,,
"982,98",Toxisk effekt av andra industriella lösningsmedel,,,,
"982,99",Toxisk effekt av industriella lösningsmedel uns,,,,
"983,00","Toxisk effekt av aromater (tjära, tjärprodukter, fenol)",,,,
"983,10",Toxisk effekt av mineralsyror,,,,
"983,18",Toxisk effekt av andra syror,,,,
"983,19",Toxisk effekt av syra uns,,,,
"983,20","Toxisk effekt av lut (natronlut, ammoniak)",,,,
"983,28",Toxisk effekt av andra alkalier,,,,
"983,29",Toxisk effekt av alkali uns,,,,
"983,99",Toxisk effekt av frätande ämne uns,,,,
"984,99",Toxisk effekt av bly och dess föreningar (inklusive ångor därav),,,,
"985,00",Toxisk effekt av kvicksilver och dess föreningar,,,,
"985,10",Toxisk effekt av aersenik och dess föreningar,,,,
"985,20",Toxisk effekt av mangan och dess föreningar,,,,
"985,30",Toxisk effekt av beryllium och dess föreningar,,,,
"985,90",Toxisk effekt av tallium och dess föreningar,,,,
"985,98",Toxisk effekt av andra metaller och metallföreningar,,,,
"985,99","Toxisk effekt av övriga, huvudsakligen ej medikamentella metaller uns",,,,
"986,00",Toxisk effekt av koloxid använd som hushållsgas,,,,
"986,08","Toxisk effekt av annan koloxid (motorgas, masugnsgas o.s.v.)",,,,
"986,09",Toxisk effekt av koloxid (kolmonoxid) uns,,,,
"987,00","Toxisk effekt av kondenserade petroleumgaser (butan, propan)",,,,
"987,10","Toxisk effekt av andra kolvätegaser (metan, sumpgas, acetylen)",,,,
"987,20",Toxisk effekt av kvävedioxid (nitrösa gaser),,,,
"987,30",Toxisk effekt av svaveldioxid,,,,
"987,40",Toxisk effekt av freongaser,,,,
"987,90","Toxisk effekt av klor, klordioxid",,,,
"987,98","Toxisk effekt av annan gas, rök eller ånga",,,,
"987,99","Toxisk effekt av gas, rök eller ånga uns",,,,
"988,00",Toxisk effekt av skaldjur,,,,
"988,10",Toxisk effekt av svampar,,,,
"988,20",Toxisk effekt av andra växter använda som födoämnen,,,,
"988,98",Toxisk effekt av andra skadliga födoämnen,,,,
"988,99",Toxisk effekt av skadliga födoämnen uns,,,,
"989,00",Toxisk effekt av cyanider (cyanväte),,,,
"989,10",Toxisk effekt av stryknin,,,,
"989,20",Toxisk effekt av klorerade pesticider,,,,
"989,30",Toxisk effekt av paration och andra organiska fosforsyreestrar,,,,
"989,31",Toxisk effekt av nikotin (som pesticid),,,,
"989,38",Toxisk effekt av andra pesticider,,,,
"989,39","Toxisk effekt av pesticider (insekticider, rodenticider, herbicider) uns",,,,
"989,40",Toxisk effekt av ormgift,,,,
"989,41",Toxisk effekt av insektsgift,,,,
"989,48",Toxisk effekt av gift av annat (naturligt) giftigt djur,,,,
"989,49",Toxisk effekt av gift av (naturligt) giftigt djur uns,,,,
"989,50",Toxisk effekt av tvål och andra tvättmedel,,,,
"989,90",Toxisk effekt av tobak,,,,
"989,98",Toxisk effekt av andra ämnen ej annorstädes klassificerbara,,,,
"990,00","Ogynnsam effekt av radioaktivitet, ej diagnostisk eller terapeutisk",,,,
"990,10",Ogynnsam effekt av diagnostisk röntgenbestrålning,,,,
"990,20",Ogynnsam effekt av radioaktiv isotop eller spårsubstans,,,,
"990,30",Ogynnsam effekt av annan ospecificerad strålning i diagnostiskt syfte,,,,
"990,40","Ogynnsam effekt av radioterapi, utvärtes",,,,
"990,50","Ogynnsam effekt av radioterapi, invärtes",,,,
"990,60","Ogynnsam effekt av radioterapi, annan och uns",,,,
"990,98","Ogynnsam effekt av annan strålning (tex infraröd, ultraviolett)",,,,
"990,99",Strålningseffekt uns,,,,
"991,00",Köldskada i ansiktet,,,,
"991,10",Köldskada på hand,,,,
"991,20",Köldskada på fot,,,,
"991,30",Köldskada på andra och ospecificerade ställen,,,,
"991,40",Immersion foot,,,,
"991,98",Andra köldskador,,,,
"991,99",Ogynnsam effekt av nedsatt temperatur uns,,,,
"992,00","Värmeslag (värmefeber, solsting)",,,,
"992,10",Värmesvimning,,,,
"992,20",Värmekramp,,,,
"992,30","Värmeutmattning, anhydrotisk",,,,
"992,40",Värmeutmattning av salt- (och vatten-) förlust,,,,
"992,50",Värmeutmattning uns,,,,
"992,60","Värmetrötthet, övergående",,,,
"992,70",Värmeödem,,,,
"992,98",Andra ogynnsamma värmeeffekter,,,,
"992,99",Ogynnsam effekt av värme uns,,,,
"993,00","Baurotrama, otitiskt",,,,
"993,10","Baurotrama, sinuitiskt",,,,
"993,20",Annan eller ospecificerad skada av hög höjd,,,,
"993,30","Kassunsjuka, dykarsjuka",,,,
"994,00","Ogynnsam inverkan av blixt (chock, brännskada)",,,,
"994,10","Ogynnsam inverkan av drunkning, drunkningstillbud etc.",,,,
"994,20",Ogynnsam inverkan av hunger (svält),,,,
"994,30",Ogynnsam inverkan törst (vattenbrist),,,,
"994,40",Ogynnsam inverkan av annan skada (tex utmattning) av blottställd Belägenhet,,,,
"994,50",Ogynnsam inverkan av överansträngning,,,,
"994,60","Ressjuka (rörelsesjuka) (sjö-, tåg-, bil-, luftsjuka osv)",,,,
"994,70","Asfyxi, kvävning",,,,
"994,80","Ogynnsam inverkan av elektrisk ström (stöt, eld, brännskada)",,,,
"994,98",Ogynnsam inverkan av andra effekter ej annorst.klass.(tex vanskötsel etc),,,,
"995,00",Vissa tidiga komplikationer till luftemboli,,,,
"995,10",Vissa tidiga komplikationer till fettemboli,,,,
"995,20",Vissa tidiga komplikationer till sekundär eller återk.(rekurr.)blödn. etc,,,,
"995,30",Vissa tidiga kompl. till traumatiskt aneurysm och annan arteriell skada,,,,
"995,40",Vissa tidiga kompl. till nervskada eller skelettsk. (tex sek. till frakt.),,,,
"995,50",Vissa tidiga komplikationer till chock,,,,
"995,60","Vissa tidiga kompl. till traum. anuri, myohaemoglob.uria (""crush syndrome"")",,,,
"995,70",Vissa tidiga kompl. till volkmanns ischemiska kontraktur,,,,
"995,98",Andra tidiga komplikationer till trauma,,,,
"996,00",Skada på ansikte och hals (utom öga och skallskada),,,,
"996,10",Skada på bål,,,,
"996,20",Skada på skulderparti och överarm,,,,
"996,30","Skada på armbåge, underamr, handlov",,,,
"996,40",Skada på hand utom finger,,,,
"996,50",Skada på finger,,,,
"996,60","Skada på höft, lår",,,,
"996,70","Skada på knä, ben, ankel, fot",,,,
"996,88",Skada på andra och multipla lokalisationer,,,,
"996,99",Skada på ej angiven lokalisation,,,,
"997,00",Reaktion mot lumbal- eller spinalpunktion,,,,
"997,10",Postkardiotomisyndrom,,,,
"997,20",Sen komplikation i amputationsstump,,,,
"997,30",Lymfödemsyndrom efter mastektomi,,,,
"997,40",Komplikation av kateter (tex komplikation under dialys),,,,
"997,50",Mekanisk komplikation av invärtes protes,,,,
"997,60",Andra komplikationer av shunt eller invärtes proteser,,,,
"997,70",Komplikation av transplanterat organ,,,,
"997,80",Komplikation av åter fastsatt extremitet,,,,
"997,90",Dumpingsyndrom efter gastrektomi,,,,
"997,98",Annat postgastrektomisyndrom,,,,
"998,00",Postoperativ chock,,,,
"998,10",Postoperativ blödning eller hematom,,,,
"998,20",Oavsiktlig perforering eller sönderslitning,,,,
"998,30",Bristning av operationssår,,,,
"998,40",Främmande kropp oavsiktligt kvarlämnad i operationssår,,,,
"998,50",Postoperativ sårinfektion,,,,
"998,60",Kvarstående postoperativ fistel,,,,
"998,70",Bristande funktion hos kolostomi och enterostomi (ileostomi etc),,,,
"998,90",Postoperativ nervpares,,,,
"998,91",Luftemboli (under operation),,,,
"998,98",Andra komplikationer vid kirurgiska åtgärder,,,,
"999,00",Vaccina generalisata,,,,
"999,10",Encefalit (encefalomyelit) efter immunisering,,,,
"999,20",Serumhepatit,,,,
"999,30","Annan infektion efter infusion,injektion,transfusion eller vaccination",,,,
"999,40",Anafylaktisk chock,,,,
"999,50",Andra serumreaktioner,,,,
"999,60",Abo-inkompatibilitet,,,,
"999,70",Rh-inkompatibilitet,,,,
"999,80",Andra reaktioner mot transfusion,,,,
"999,98",Andra komplikationer av medicinsk vård,,,,
"999,99",Komplikation av medicinsk vård uns,,,,
"Y00,99",Undersökning av endokrina systemet och metabolismen,,,,
"Y01,99",Undersökning av blodet och de blodbildande organen,,,,
"Y02,09",Undersökning av nervsystemet,,,,
"Y02,90",Undersökning av öron,,,,
"Y02,91",Undersökning av ögon,,,,
"Y02,98",Undersökning av övriga sinnesorgan,,,,
"Y03,99",Undersökning av cirkulationsorganen,,,,
"Y04,99",Undersökning av respirationsorganen,,,,
"Y05,99",Undersökning av matsmältningsorganen,,,,
"Y06,09",Undersökning av genitalorganen,,,,
"Y06,99",Undersökning av urinorganen,,,,
"Y07,99",Undersökning av huden,,,,
"Y08,99",Undersökning av muskel- och skelettsystemet,,,,
"Y09,99",Andra specifika undersökningar,,,,
"Y10,99",Allmän kroppsundersökning,,,,
"Y11,09",Allmän psykiatrisk undersökning p g a social missanpassning,,,,
"Y11,99",Övriga psykiatriska undersökningar,,,,
"Y12,01",Tuberkulintest,,,,
"Y12,02",Allergitest,,,,
"Y12,08",Övriga hudtests,,,,
"Y19,01",Graviditetsundersökning,,,,
"Y19,02",Kontrollpatient i klinisk forskning,,,,
"Y19,08",Övriga undersökningar,,,,
"Y20,99",Kontroll av artificiella öppningar och katetrar,,,,
"Y21,99",Punktion av kavitet,,,,
"Y29,00",Justering (byte) av pacemaker,,,,
"Y29,01",Dialys,,,,
"Y29,08",Övriga åtgärder utan uppgift om diagnos,,,,
"Y30,00","Inpassning av protes, arm",,,,
"Y30,01","Inpassning av protes, ben (även gångträning)",,,,
"Y30,02","Inpassning av protes, öga",,,,
"Y30,03","Inpassning av protes, tandprotes",,,,
"Y30,04","Inpassning av protes, stomibandage",,,,
"Y30,08","Inpassning av protes, övriga",,,,
"Y30,09","Inpassning av protes, uns",,,,
"Y31,99",Avlägsnande av yttre stödförband,,,,
"Y32,99",Avlägsnande av osteosyntesmaterial o dyl,,,,
"Y33,99",Plastikkirurgi efter skada eller operation,,,,
"Y34,09",Uppföljande undersökning av inaktiv lungtuberkulos efter behandling,,,,
"Y34,19",Uppföljande undersökning av inaktiv lungtuberkulos som ej varit aktiv,,,,
"Y34,29",Uppföljande undersökning av andra fall av inaktiv tuberkulos,,,,
"Y34,39",Uppföljande undersökning av tumörfall efter behandling,,,,
"Y34,90",Uppföljande undersökning av psykisk sjukdom,,,,
"Y34,98","Uppföljande undersökning av annan sjukdom, skada eller operation",,,,
"Y39,99",Övrig medicinsk (och kirurgisk) eftervård utan aktuella besvär,,,,
"Y40,09",Preventiva åtgärder avseende kontakter till sjukdomsfall i tuberkulos,,,,
"Y40,19",Preventiva åtgärder avseende kontakter till sjukdomsfall i polio,,,,
"Y40,29",Preventiva åtgärder avseende kontakter till sjukdomsfall i rabies,,,,
"Y40,39",Preventiva åtgärder avseende kontakter till sjukdomsfall i smittkoppor,,,,
"Y40,99",Preventiva åtgärder avseende kontakter till övr sjukdomsfall el uns,,,,
"Y41,09",Preventiva åtgärder avseende smittbärare av difteri,,,,
"Y41,19",Preventiva åtgärder avseende smittbärare av tyfoidfeber,,,,
"Y41,29",Preventiva åtgärder avseende smittbärare av venerisk sjukdom,,,,
"Y41,39",Preventiva åtgärder avseende smittbärare av amöbadysenteri,,,,
"Y41,90",Preventiva åtgärder avseende smittbärare av paratyfoidfeber,,,,
"Y41,91",Preventiva åtgärder avseende smittbärare av annan salmonellainfektion,,,,
"Y41,99",Preventiva åtgärder avseende övriga smittbärare eller uns,,,,
"Y42,00",Smittkoppsvaccination,,,,
"Y42,01",Difteriympning,,,,
"Y42,02",Dpt-ympning (trippelvaccination),,,,
"Y42,03",Polioympning,,,,
"Y42,04",Tetanusympning,,,,
"Y42,05",Ympning mot mässling,,,,
"Y42,06",Ympning mot katarrala infektioner,,,,
"Y42,08",Övriga ympningar,,,,
"Y42,09",Ympning (vaccination) uns,,,,
"Y43,00","Legal sterilisering, medicinsk indikation",,,,
"Y43,01","Legal sterilisering, medicinsk-social indikation",,,,
"Y43,02","Legal sterilisering, social indikation",,,,
"Y43,03","Legal sterilisering, eugenisk indikation",,,,
"Y43,08",Profylaktisk sterilisering av andra skäl,,,,
"Y43,09",Sterilisering uns,,,,
"Y44,00",Hyposensibilisering,,,,
"Y44,09",Övriga profylaktiska åtgärder eller uns,,,,
"Y49,99",Övriga preventiva åtgärder,,,,
"Y50,99",Plastikkirurgi av kosmetiska skäl,,,,
"Y51,99",Omskärelse,,,,
"Y59,99",Övrig kirurgi (utan sjukdom),,,,
"Y60,99",Prenatal vård och observation,,,,
"Y61,99",Postpartum observation utan abnorma symptom,,,,
"Y62,99",Förebyggande barnavård,,,,
"Y69,99",Övrig förebyggande mödra- och barnavård,,,,
"Y70,09",Friska donatorer av blod,,,,
"Y70,19",Friska donatorer av hud,,,,
"Y70,29",Friska donatorer av ben,,,,
"Y70,39",Friska donatorer av njure,,,,
"Y70,99",Friska donatorer av övrigt,,,,
"Y71,00",Friskt barn åtföljande sjuk moder,,,,
"Y71,09",Övriga friska personer åtföljande sjuk,,,,
"Y79,99",Övriga personer utan aktuella besvär eller sjukdom,,,,
"Y80,09",Singel född i sluten förlossningsvård,,,,
"Y80,19",Singel född före intagning på sjukhus,,,,
"Y80,29",Singel ej född i sluten förlossningsvård,,,,
"Y80,99",Singel,,,,
"Y81,09","Tvilling, också den andra tvillingen levande född i sluten förlvård",,,,
"Y81,19","Tvilling, också den andra tvillingen levande född före int på sjukhus",,,,
"Y81,29","Tvilling, också den andra tvillingen levande född ej i sluten förlvård",,,,
"Y81,99","Tvilling, också den andra tvillingen levande född",,,,
"Y82,09","Tvilling, den andra tvillingen dödfödd, född i sluten förlossningsvård",,,,
"Y82,19","Tvilling, den andra tvillingen dödfödd, född före intagning på sjukhus",,,,
"Y82,29","Tvilling, den andra tvillingen dödfödd, ej född i sluten förlossningsvård",,,,
"Y82,99","Tvilling, den andra tvillingen dödfödd",,,,
"Y83,09","Tvilling utan uppgift om den andra tvillingen, född i sluten förlvård",,,,
"Y83,19","Tvilling utan uppgift om den andra tvillingen, född före int på sjukhus",,,,
"Y83,29","Tvilling utan uppgift om den andra tvillingen, ej född i sluten förlvård",,,,
"Y83,99",Tvilling utan uppgift om den andra tvillingen,,,,
"Y84,09","Annan multipel, också övriga multiplar levande födda i sluten förlvård",,,,
"Y84,19","Annan multipel, också övriga multiplar levande födda före int på sjukhus",,,,
"Y84,29","Annan multipel, också övriga multiplar levande födda ej i sluten förlvård",,,,
"Y84,99","Annan multipel, också övriga multiplar levande födda",,,,
"Y85,09","Annan multipel, alla övriga multiplar dödfödda, född i sluten förlvård",,,,
"Y85,19","Annan multipel, alla övriga multiplar dödfödda, född före int på sjukhus",,,,
"Y85,29","Annan multipel, alla övriga multiplar dödfödda, ej född i sluten förlvård",,,,
"Y85,99","Annan multipel, alla övriga multiplar dödfödda",,,,
"Y86,09","Annan multipel, övr multiplar lev o dödfödda, född i sluten förlvård",,,,
"Y86,19","Annan multipel, övr multiplar lev o dödfödda, född före int på sjukhus",,,,
"Y86,29","Annan multipel, övr multiplar lev o dödfödda, ej född i sluten förlvård",,,,
"Y86,99","Annan multipel, övr multiplar lev o dödfödda",,,,
"Y87,09","Annan multipel, utan uppg om övr multiplar, född i sluten förlvård",,,,
"Y87,19","Annan multipel, utan uppg om övr multiplar, född före int på sjukhus",,,,
"Y87,29","Annan multipel, utan uppg om övr multiplar, ej född i sluten förlvård",,,,
"Y87,99","Annan multipel, utan uppg om övr multiplar",,,,
"Y89,09","Friskt, levande fött barn utan uppg om bördtyp född i sluten förlvård",,,,
"Y89,19","Friskt, levande fött barn utan uppg om bördtyp, född före int på sjukhus",,,,
"Y89,29","Friskt, levande fött barn utan uppg om bördtyp, ej född i sluten förlvård",,,,
"Y89,99","Friskt, levande fött barn utan uppg om bördtyp",,,,
