code,label,label_en,parent_code,valid_from,valid_to
001X,Kolera,,,,
002A,Tyfoidfeber,,,,
002B,Paratyfoidfeber A,,,,
002C,Paratyfoidfeber B,,,,
002D,Paratyfoidfeber C,,,,
002X,"Paratyfoidfeber, ospecificerad",,,,
003A,Salmonellagastroenterit,,,,
003B,Salmonellaseptikemi,,,,
003C,Lokaliserade salmonellainfektioner,,,,
003W,Andra specificerade salmonellainfektioner,,,,
003X,"Andra salmonellainfektioner, ospecificerade",,,,
004A,Shigella dysenteriae (serogrupp A),,,,
004B,Shigella flexneri (serogrupp B),,,,
004C,Shigella boydii (serogrupp C),,,,
004D,Shigella sonnei (serogrupp D),,,,
004W,Annan specificerad shigellos,,,,
004X,"Shigellos, ospecificerad",,,,
005A,Matförgiftning orsakad av stafylokocker,,,,
005B,Matförgiftning orsakad av Clostridium botulinum,,,,
005C,Matförgiftning orsakad av Clostridium perfringens,,,,
005D,Matförgiftning orsakad av andra klostridier,,,,
005E,Matförgiftning orsakad av Vibrio parahaemolyticus,,,,
005J,Matförgiftning orsakad av Bacillus cereus,,,,
005W,Annan bakteriell matförgiftning,,,,
005X,"Matförgiftning, ospecificerad",,,,
006A,Akut amöbadysenteri utan uppgift om abscess,,,,
006B,Kronisk intestinal amöbainfekt utan uppgift om abscess,,,,
006C,Icke dysenterisk kolit orsakad av amöba,,,,
006D,Leverabscess orsakad av amöba,,,,
006E,Lungabscess orsakad av amöba,,,,
006F,Hjärnabscess orsakad av amöba,,,,
006G,Sårbildning i huden orsakad av amöba,,,,
006W,Amöbainfektion med annan lokalisation än 006A-G,,,,
006X,"Amöbainfektion, ospecificerad",,,,
007A,Balantidiasis,,,,
007B,Giardiasis,,,,
007C,Coccidios,,,,
007D,Intestinal trikomonasinfektion,,,,
007J,Infektion orsakad av Cryptosporidium,,,,
007W,Tarmsjukdomar orsakade av andra specificerade protozoer,,,,
007X,"Andra protozosjukdomar i tarmen, ospecificerade",,,,
008A,Tarminfektion orsakad av Escherichia coli,,,,
008B,Tarminfektion orsakad av Arizona,,,,
008C,Tarminfektion orsakad av Aerobacter aerogenes,,,,
008D,Tarminfektion orsakad av Proteus,,,,
008E,Tarminfektion orsakad av andra specificerade bakterier,,,,
008F,Ospecificerad bakteriell enterit,,,,
008H,Enterit orsakad av adenovirus,,,,
008J,Enterit orsakad av Coxsackievirus,,,,
008K,Enterit orsakad av ECHO-virus,,,,
008L,Enterit orsakad av rotavirus,,,,
008M,Enterit orsakad av andra specificerade virus,,,,
008W,Enterit ors av andra organismer som ej klass annorstäd,,,,
009A,"Infektiös kolit, enterit och gastroenterit",,,,
009B,"Kolit, enterit och gastroenterit, troligen infektiös",,,,
009C,Infektiös diarre,,,,
009D,"Diarre, troligen av infektiöst ursprung",,,,
010A,Primärtuberkulos,,,,
010B,Tuberkulös pleurit vid färsk infektion,,,,
010W,Annan primär progressiv tuberkulos,,,,
010X,"Primär tuberkulös infektion, ospecificerad",,,,
011A,Lungtuberkulos med diffusa infiltrat,,,,
011B,Lungtuberkulos med väl avgränsade härdar,,,,
011C,Lungtuberkulos med kavern,,,,
011D,Bronkialtuberkulos vid lungtuberkulos,,,,
011E,Tuberkulös lungfibros,,,,
011F,Tuberkulösa bronkiektasier,,,,
011G,Tuberkulös pneumoni (alla former),,,,
011H,Tuberkulös pneumotorax,,,,
011W,Annan specificerad lungtuberkulos,,,,
011X,"Lungtuberkulos, ospecificerad",,,,
012A,Tuberkulös pleurit,,,,
012B,Tuberkulos i intratorakala lymfkörtlarna,,,,
012C,Isolerad tuberkulos i trakea och bronker,,,,
012D,Tuberkulös laryngit,,,,
012W,Annan specificerad tuberkulos i andningsorganen,,,,
013A,Tuberkulös meningit,,,,
013B,Tuberkulom i hjärnhinnorna,,,,
013W,Annan tuberkulos i centrala nervsystemet,,,,
013X,"Tuberkulos i hjärnhinnor och centrala nervsystem, ospec",,,,
014X,"Tuberkulos i tarmarna, bukhinnan och tarmkäxkörtlarna",,,,
015A,Tuberkulos i kotpelaren,,,,
015B,Tuberkulos i höft,,,,
015C,Tuberkulos i knäled,,,,
015H,Tuberkulos i andra delar av skelettet,,,,
015W,Tuberkulos i annan led,,,,
015X,"Tuberkulos i skelettet och lederna, ospecificerad",,,,
016A,Tuberkulos i njure,,,,
016B,Tuberkulos i andra urinorgan,,,,
016C,Tuberkulos i epididymis,,,,
016D,Tuberkulos i andra manliga könsorgan,,,,
016E,Tuberkulos i kvinnliga könsorgan,,,,
016X,"Tuberkulos i urin- och könsorganen, ospecificerad",,,,
017A,Tuberkulos i hud och underhud,,,,
017B,Knölros och andra överkänslighetsreaktioner vid tbc,,,,
017C,Tuberkulos i perifera lymfkörtlar,,,,
017D,Tuberkulos i öga,,,,
017E,Tuberkulos i öra,,,,
017F,Tuberkulos i tyreoidea,,,,
017G,Tuberkulos i binjurar,,,,
017H,Tuberkulos i mjälten,,,,
017W,Tuberkulos i andra specificerade organ,,,,
018A,Akut miliartuberkulos,,,,
018W,Annan specificerad miliartuberkulos,,,,
018X,"Miliartuberkulos, ospecificerad",,,,
020X,Pest,,,,
021X,Tularemi,,,,
022X,Mjältbrand,,,,
023X,Undulantfeber,,,,
024X,Rots,,,,
025X,Melioidos,,,,
026X,Råttbettsfeber,,,,
027A,Listerios,,,,
027B,Erysipelotrixinfektion,,,,
027C,Pasteurellos,,,,
027W,Andra djurburna bakteriesjukdomar än 020-027C,,,,
027X,"Andra djurburna bakteriesjukdomar, ospecificerade",,,,
030X,Lepra,,,,
031A,Mykobakteriell lungaffektion,,,,
031B,Mykobakteriell hudaffektion,,,,
031W,Andra specificerade mykobakteriella sjukdomar,,,,
031X,"Andra mykobakteriella sjukdomar, ospecificerade",,,,
032X,Difteri,,,,
033A,Kikhosta orsakad av Bordetella pertussis,,,,
033B,Kikhosta orsakad av Bordetella parapertussis,,,,
033W,Kikhosta orsakad av annan specificerad organism,,,,
033X,Kikhosta orsakad av icke specificerad organism,,,,
034A,Streptokocktonsillit,,,,
034B,Scarlatina,,,,
035X,Rosfeber,,,,
036A,Meningokockmeningit,,,,
036B,Meningokockencefalit,,,,
036C,Meningokockemi,,,,
036D,Waterhouse-Friderichsens syndrom av meningokocker,,,,
036E,Meningokockkardit,,,,
036W,Andra specificerade meningokockinfektioner än 036A-E,,,,
036X,"Meningokockinfektion, ospecificerad",,,,
037X,Stelkramp,,,,
038A,Streptokockseptikemi,,,,
038B,Stafylokockseptikemi,,,,
038C,Pneumokockseptikemi,,,,
038D,Septikemi orsakad av anaerober,,,,
038E,Septikemi orsakad av gramnegativa bakterier,,,,
038W,Andra specificerade septikemier,,,,
038X,"Septikemi, ospecificerad",,,,
039X,Aktinomykos,,,,
040A,Gasgangrän,,,,
040B,Rinosklerom,,,,
040C,Whipples sjukdom,,,,
040D,Nekrobacillos,,,,
040W,Andra bakteriesjukdomar,,,,
041A,Infektion orsakad av streptokocker,,,,
041B,Infektion orsakad av stafylokocker,,,,
041C,Infektion orsakad av pneumokocker,,,,
041D,Infektion orsakad av Friedländers bacill,,,,
041E,Infektion orsakad av Escherichia coli,,,,
041F,Infektion orsakad av Haemophilus influenzae,,,,
041G,"Infektion orsakad av Proteus (mirabilis, morganii)",,,,
041H,Infektion orsakad av Pseudomonas,,,,
041W,Infektion orsakad av andra specificerade bakterier,,,,
041X,"Bakterieinfektion, ospecificerad",,,,
045X,Polio,,,,
046A,Kuru,,,,
046B,Jakob-Creutzfeldts sjukdom,,,,
046C,Subakut skleroserande panencefalit,,,,
046D,Progressiv multifokal leukoencefalopati,,,,
046W,Andra spec slow virus-infekt i centr nervsyst än 046A-D,,,,
046X,"Slow virus-infektion i centrala nervsystemet, ospec",,,,
047A,Meningit orsakad av Coxsackievirus,,,,
047B,Meningit orsakad av ECHO-virus,,,,
047W,Meningit orsakad av annat specificerat enterovirus,,,,
047X,"Meningit orsakad av enterovirus, ospecificerat",,,,
048X,Andra sjukd i centrala nervsyst orsakade av enterovirus,,,,
049A,Lymfocytisk koriomeningit,,,,
049B,Meningit orsakad av adenovirus,,,,
049W,Andra spec ej artropodburna virussjukd i centr nervsyst,,,,
049X,Andra ospec ej artropodburna virussjukd i cent nervsyst,,,,
050X,Smittkoppor,,,,
051X,Kokoppor,,,,
052A,Varicellae med pneumonit,,,,
052B,Varicellae med encefalit,,,,
052W,Varicellae med annan specificerad komplikation,,,,
052X,Varicellae utan uppgift om komplikation,,,,
053A,Herpes zoster med meningit,,,,
053B,Herpes zoster med andra komplikationer från nervsystem,,,,
053C,Herpes zoster med ögonkomplikationer,,,,
053H,Herpes zoster med andra specificerade komplik än 053A-C,,,,
053W,Herpes zoster med icke specificerad komplikation,,,,
053X,Herpes zoster utan uppgift om komplikation,,,,
054A,Eczema herpeticum,,,,
054B,Genital herpes,,,,
054C,Gingivostomatit orsakad av herpes simplex,,,,
054D,Encefalit orsakad av herpes simplex,,,,
054E,Herpes simplex med ögonkomplikationer,,,,
054H,Herpes simplex med andra komplikationer än 054A-D,,,,
054W,Herpes simplex med icke specificerad komplikation,,,,
054X,Herpes simplex utan uppgift om komplikation,,,,
055A,Mässlingsencefalit,,,,
055B,Pneumoni efter mässling,,,,
055C,Otit efter mässling,,,,
055H,Mässling med andra komplikationer än 055A-C,,,,
055W,Mässling med icke specificerad komplikation,,,,
055X,Mässling utan uppgift om komplikation,,,,
056A,Röda hund med neurologiska komplikationer,,,,
056H,Röda hund med andra komplikationer än 056A,,,,
056W,Röda hund med icke specificerad komplikation,,,,
056X,Röda hund utan uppgift om komplikation,,,,
057A,Erythema infectiosum,,,,
057W,Andra specificerade virusexantem än 050-057A,,,,
057X,"Andra virusexantem, ospecificerade",,,,
060X,Gula febern,,,,
061X,Denguefeber,,,,
062X,Virusencefalit överförd av myggor,,,,
063X,Virusencefalit överförd av fästingar,,,,
064X,Virusencefalit överförd av andra och ospecific leddjur,,,,
065X,Hemorragisk feber överförd av leddjur,,,,
066X,Andra virussjukdomar överförda av leddjur än 060-065,,,,
070A,Virushepatit A med leverkoma,,,,
070B,Virushepatit A utan uppgift om leverkoma,,,,
070C,Virushepatit B med leverkoma,,,,
070D,Virushepatit B utan uppgift om leverkoma,,,,
070E,Annan virushepatit än A eller B med leverkoma,,,,
070F,Annan virushepatit än A el B utan uppgift om leverkoma,,,,
070G,"Virushepatit, ospecificerad, med leverkoma",,,,
070X,"Virushepatit, ospecificerad, utan uppgift om leverkoma",,,,
071X,Rabies,,,,
072A,Påssjukeorkit,,,,
072B,Påssjukemeningit,,,,
072C,Påssjukeencefalit,,,,
072D,Påssjukepankreatit,,,,
072H,Påssjuka med andra komplikationer än 072A-D,,,,
072W,Påssjuka med icke specificerade komplikationer,,,,
072X,Påssjuka utan uppgift om komplikation,,,,
073X,Papegojsjuka,,,,
074A,Herpangina,,,,
074B,Epidemisk pleurodyni,,,,
074C,Coxsackiekardit,,,,
074D,"Hand, foot and mouth disease",,,,
074W,Andra specif sjukd orsakade av Coxsackievirus än 074A-D,,,,
075X,Körtelfeber,,,,
076X,Trakom,,,,
077A,Inklusionskonjunktivit,,,,
077B,Epidemisk keratokonjunktivit,,,,
077C,Faryngokonjunktivalfeber,,,,
077D,Annan adenoviruskonjunktivit,,,,
077E,Epidemisk hemorrhagisk konjunktivit,,,,
077W,Annan viruskonjunktivit,,,,
077X,"Viruskonjunktivit, ospecificerad",,,,
078A,Molluscum contagiosum,,,,
078B,Virusvårtor,,,,
078C,Miliarfeber,,,,
078D,Cat-scratch disease,,,,
078E,Mul- och klövsjuka,,,,
078F,Cytomegalvirussjukdom,,,,
078G,Hemorragisk nefrosonefrit,,,,
078H,Arenaviral hemorragisk feber,,,,
078J,Klamydiainfektion i urogenitalorganen,,,,
078W,Andra virussjukdomar,,,,
079A,Sjukdom orsakad av adenovirus,,,,
079B,Sjukdom orsakad av ECHO-virus,,,,
079C,Sjukdom orsakad av Coxsackie-virus,,,,
079D,Sjukdom orsakad av rhinovirus,,,,
079J,Sjd ors av humant T-lymfotropt virus typ III (HTLV-III),,,,
079W,Sjukdom orsakad av andra specificerade virus,,,,
079X,Sjukdom orsakad av ospecificerat virus,,,,
080X,Fläcktyfus överförd av löss,,,,
081X,Annan fläcktyfus,,,,
082B,Boutonneus-feber,,,,
082W,Annan specificerad rickettsios överförd av fästingar,,,,
082X,"Rickettsios överförd av fästingar, ospecificerad",,,,
083A,Q-feber,,,,
083W,Andra specificerade rickettsioser,,,,
083X,"Andra rickettsioser, ospecificerade",,,,
084A,Falciparum-malaria (malign),,,,
084B,Vivax-malaria (benign),,,,
084C,Kvartär-malaria,,,,
084D,Oval-malaria,,,,
084E,Annan malaria,,,,
084F,Blandad malaria,,,,
084G,Icke specificerad malaria,,,,
084H,Inducerad malaria,,,,
084W,Blackwater fever,,,,
084X,Andra perniciösa komplikationer till malaria,,,,
085A,"Leishmanios, visceral form (kala-azar)",,,,
085B,"Leishmanios, kutan form, urban",,,,
085C,"Leishmanios, kutan form, asiatisk",,,,
085D,"Leishmanios, kutan form, etiopisk",,,,
085E,"Leishmanios, kutan form, amerikansk",,,,
085F,"Leishmanios, mukokutan form, amerikansk",,,,
085X,"Leishmanios, ospecificerad",,,,
086A,Chagas sjukdom med hjärtengagemang,,,,
086B,Chagas sjukdom med engagemang av andra organ än hjärtat,,,,
086C,Chagas sjukdom utan uppgift om organengagemang,,,,
086D,Gambia-trypanosomiasis,,,,
086E,Rhodesia-tryponasomiasis,,,,
086F,"Afrikansk trypanosomiasis, ospecificerad",,,,
086X,"Trypanosomiasis, ospecificerad",,,,
087A,Återfallsfeber överförd av löss,,,,
087B,Återfallsfeber överförd av fästingar,,,,
087X,"Återfallsfeber, ospecificerad",,,,
088X,Annan sjukdom överförd av leddjur,,,,
090A,Tidig medfödd syfilis med symtom,,,,
090B,Tidig medfödd latent syfilis,,,,
090C,"Tidig medfödd syfilis, ospecificerad",,,,
090D,Syfilitisk interstitiell keratit,,,,
090E,Juvenil neurosyfilis,,,,
090F,Annan sen medfödd syfilis med symtom,,,,
090G,Sen medfödd latent syfilis,,,,
090H,"Sen medfödd syfilis, ospecificerad",,,,
090X,"Medfödd syfilis, ospecificerad",,,,
091A,Primär genital syfilis,,,,
091B,Tidig anal syfilis,,,,
091C,Annan primär syfilis än 091A-B,,,,
091D,Sekundär syfilis i hud eller slemhinnor,,,,
091E,Adenopati beroende på sekundär syfilis,,,,
091F,Uveit beroende på sekundär syfilis,,,,
091G,Sekundär syfilis i inre organ och skelett,,,,
091H,Återfall av sekundär syfilis,,,,
091W,Andra former av sekundär syfilis än 091D-H,,,,
091X,Icke specificerad sekundär syfilis,,,,
092A,"Tidig latent syfilis, serolog återfall efter behandling",,,,
092X,"Tidig latent syfilis, ospecificerad",,,,
093A,Aneurysm i aorta beroende på syfilis,,,,
093B,Syfilitisk aortit,,,,
093C,Syfilitisk endokardit,,,,
093W,Annan specificerad kardiovaskulär syfilis än 093A-C,,,,
093X,"Kardiovaskulär syfilis, ospecificerad",,,,
094A,Tabes dorsalis,,,,
094B,Paralysie generale,,,,
094C,Syfilitisk meningit,,,,
094D,Asymtomatisk neurosyfilis,,,,
094W,Annan specificerad neurosyfilis än 094A-D,,,,
094X,"Neurosyfilis, ospecificerad",,,,
095X,Sen syfilis med symtom andra former än 093-094,,,,
096X,Sen latent syfilis,,,,
097A,"Sen syfilis, ospecificerad",,,,
097B,"Latent syfilis, ospecificerad",,,,
097X,"Syfilis, ospecificerad",,,,
098A,Akut gonokockinfekt i nedre del av urin- och könsorgan,,,,
098B,Akut gonokockinfekt i övre delen av urin- och könsorgan,,,,
098C,Kronisk gonokockinfekt i nedre del av urin- och könsorg,,,,
098D,Kronisk gonokockinfekt i övre del av urin- och könsorg,,,,
098E,Gonokockinfektion i ögonen,,,,
098F,Gonokockinfektion i lederna,,,,
098G,Gonokockinfektion i svalget,,,,
098H,Gonokockinfektion i anus och rektum,,,,
098W,Gonokockinfektion med annan lokalisation än 098A-H,,,,
099A,Chankroid,,,,
099B,Lymphogranuloma venereum,,,,
099C,Granuloma inguinale,,,,
099D,Reiters sjukdom,,,,
099E,Annan uretrit som ej orsakas av gonokocker,,,,
099W,Andra specificerade veneriska sjukdomar,,,,
099X,"Andra veneriska sjukdomar, ospecificerade",,,,
100A,Leptospirosis icterohemorrhagica,,,,
100W,Annan specificerad leptospiros,,,,
100X,"Leptospiros, ospecificerad",,,,
101X,Vincents angina,,,,
102X,Yaws,,,,
103X,Pinta,,,,
104X,Andra spiroketinfektioner,,,,
110A,Dermatofytos i hårbottnen och skäggbottnen,,,,
110B,Dermatofytos i nagel,,,,
110C,Dermatofytos i hand,,,,
110D,Dermatofytos i ljumske och perianalt,,,,
110E,Dermatofytos på fot,,,,
110F,Dermatofytos på bålen,,,,
110G,Djup dermatofytos,,,,
110W,Dermatofytos med annan lokalisation än 110A-G,,,,
110X,Dermatofytos med icke specificerad lokalisation,,,,
111A,Pityriasis versicolor,,,,
111B,Tinea nigra,,,,
111C,Tinea blanca,,,,
111D,Svart piedra,,,,
111W,Annan specificerad dermatomykos,,,,
111X,"Dermatomykos, ospecificerad",,,,
112A,Candidainfektion i munnen,,,,
112B,Candidainfektion i vulva och vagina,,,,
112C,Candidainfektion i andra urogenitalorgan,,,,
112D,Candidainfektion i hud och naglar,,,,
112E,Candidainfektion i lunga,,,,
112F,Disseminerad candidainfektion,,,,
112W,Candidainfektion med annan lokalisation än 112A-F,,,,
112X,Candidainfektion med icke specificerad lokalisation,,,,
114X,Koccidioidomykos,,,,
115X,Histoplasmos,,,,
116A,Blastomykos,,,,
116B,Parakoccidioidomykos,,,,
116C,Lobomykos,,,,
117D,Aspergillos,,,,
117E,Mykotiskt mycetom,,,,
117F,Kryptokockos,,,,
117X,Annan och ospecificerad mykos,,,,
118X,Opportunistisk mykos,,,,
120A,Infektion med Schistosoma haemotobium,,,,
120B,Infektion med Schistosoma mansoni,,,,
120C,Infektion med Schistosoma japonicum,,,,
120D,Hudschistosomiasis,,,,
120W,Annan specificerad schistosomiasis än 120A-D,,,,
120X,"Schistosomiasis, ospecificerad",,,,
121A,Opisthorchiasis,,,,
121B,Clonorchiasis,,,,
121C,Paragonimiasis,,,,
121D,Fascioliasis,,,,
121E,Fasciolopsiasis,,,,
121F,Metagonimiasis,,,,
121G,Heterophyiasis,,,,
121W,Annan specificerad trematodinfektion,,,,
121X,"Annan trematodinfektion, ospecificerad",,,,
122A,Echinococcus granulosus-infektion i levern,,,,
122B,Echinococcus granulosus-infektion i lunga,,,,
122C,Echinococcus granulosus-infektion i tyreoidea,,,,
122D,Echinococcus granulosus-infektion med ann lokalisation,,,,
122E,"Echinococcus granulosus-infektion, ospecificerad",,,,
122F,Echinococcus multilocularis-infektion i levern,,,,
122G,Echinococcus multilocularis-infektion med annan lokalis,,,,
122H,"Echinococcus multilocularis-infektion, ospecificerad",,,,
122W,"Echinokockos i levern, ospecificerad",,,,
122X,"Echinokockos, annan än 122A-W och ospecificerad",,,,
123A,"Infektion med Taenia solium, intestinal form",,,,
123B,Cysticerkos,,,,
123C,Infektion med Taenia saginata,,,,
123D,"Taeniasis, ospecificerad",,,,
123E,"Diphyllobothriasis, intestinal form",,,,
123F,Sparganos,,,,
123G,Hymenolepiasis,,,,
123W,Annan specificerad bandmaskinfektion än 123A-G,,,,
123X,"Taeniasis, ospecificerad",,,,
124X,Trikinos,,,,
125A,Bancroftifialarios,,,,
125B,Malaysisk filarios,,,,
125C,Loiasis,,,,
125D,Onchocerciasis,,,,
125E,Dipetalonemaiasis,,,,
125F,Infektion med Mansonella ozzardi,,,,
125G,Annan specificerad filarios,,,,
125H,Dracontiasis,,,,
125X,"Filarios, ospecificerad",,,,
126A,Infektion med Ancylostoma duodenale,,,,
126B,Infektion med Necator americanus,,,,
126C,Infektion med Ancylostoma braziliare,,,,
126D,Infektion med Ancylostoma ceylanicum,,,,
126W,Infektion med annan specificerad Ancylostoma-art,,,,
126X,"Ancylostomiasis och necatoriasis, ospecificerad",,,,
127A,Spolmaskinfektion,,,,
127B,Anisakiasis,,,,
127C,Strongyloidiasis,,,,
127D,Piskmaskinfektion,,,,
127E,Springmaskinfektion,,,,
127F,Capillariasis,,,,
127G,Trichostrongyliasis,,,,
127H,Andra tarmmasksjukdomar än 126-127G,,,,
127W,Blandad tarmmasksjukdom,,,,
127X,"Tarmmasksjukdom, ospecificerad",,,,
128A,Toxocariasis,,,,
128B,Gnathostomiasis,,,,
128W,Annan maskinfektion än 120-128B,,,,
128X,"Masksjukdom, ospecificerad",,,,
129X,Icke specificerad tarmparasitsjukdom,,,,
130X,Toxoplasmainfektion,,,,
131A,Urogenital trikomoniasis,,,,
131W,Trikomonasinfektion med annan lokalisation än 131A,,,,
131X,"Trikomonasinfektion, ospecificerad",,,,
132A,Huvudlöss,,,,
132B,Kroppslöss,,,,
132C,Flatlöss,,,,
132D,Angrepp av flera typer av löss,,,,
132X,"Pedikulos, ospecificerad",,,,
133A,Scabies,,,,
133W,Annan kvalsterinfestation än 133A,,,,
133X,"Akarinos, ospecificerad",,,,
134A,Myiasis,,,,
134B,Annan artropodinfestation,,,,
134C,Hirudiniasis,,,,
134W,Annan specificerad infestation,,,,
134X,"Annan infestation, ospecificerad",,,,
135X,Sarkoidos,,,,
136A,Ainhum,,,,
136B,Behcets syndrom,,,,
136C,Specifik infektion med fritt levande amöbor,,,,
136D,Pneumocystisinfektion,,,,
136E,Psorospermiasis,,,,
136F,Sarkosporidios,,,,
136W,Annan specificerad infektionssjukdom eller parasitsjukd,,,,
136X,"Infektionssjukdom eller parasitsjukdom, ospecificerad",,,,
137A,Sena effekter av tbc i andningsorgan el tuberkulos UNS,,,,
137B,Sena effekter av tuberkulos i centrala nervsystemet,,,,
137C,Sena effekter av tuberkulos i urin- och könsorganen,,,,
137D,Sena effekter av tuberkulos i skelett och leder,,,,
137E,Sena effekter av tuberkulos i andr spec organ än 137A-D,,,,
138X,Sena effekter av polio,,,,
139A,Sena effekter av virusencefalit,,,,
139B,Sena effekter av trakom,,,,
139W,Sena effekter av andra o icke spec inf sjd o parasitsjd,,,,
140A,"Malign tumör i överläppen, inom läpprödsgränsen",,,,
140B,"Malign tumör i underläppen, inom läpprödgränsen",,,,
140D,Malign tumör på överläppens insida,,,,
140E,Malign tumör på underläppens insida,,,,
140F,Malign tumör på insidan av läpp UNS,,,,
140G,Malign tumör i läppkommissuren,,,,
140W,Malign tumör med annan lokalisation i läpp,,,,
140X,Malign tumör inom läpprödsgränsen på läpp UNS,,,,
141A,Malign tumör på tungbasen,,,,
141B,Malign tumör på tungans översida,,,,
141C,Malign tumör i tungspetsen och tungranden,,,,
141D,Malign tumör på tungans undersida,,,,
141E,Malign tumör i de främre två tredjedelarna av tungan,,,,
141F,Malign tumör i tungans mellanzon,,,,
141G,Malign tumör i tungtonsillen,,,,
141W,Malign tumör med annan lokalisation i tungan,,,,
141X,"Malign tumör i tungan, ospecificerad",,,,
142A,Malign tumör i parotiskörteln,,,,
142B,Malign tumör i submandibulariskörteln,,,,
142C,Malign tumör i sublingualiskörteln,,,,
142W,Malign tumör med annan lokalis i stora spottkörtlarna,,,,
142X,Malign tumör med icke spec lokal i stora spottkörtlarna,,,,
143A,Malign tumör i överkäkstandköttet,,,,
143B,Malign tumör i underkäkstandköttet,,,,
143W,Malign tumör med annan lokalisation i tandköttet,,,,
143X,Malign tumör med icke specif lokalisation i tandköttet,,,,
144A,Malign tumör i munbottnens främre del,,,,
144B,Malign tumör i munbottnens laterala del,,,,
144W,Malign tumör i munbottnen utom 144A-B,,,,
144X,Icke specificerad lokalisation av munbottenstumör,,,,
145A,Malign tumör i kindslemhinnan,,,,
145B,Malign tumör i muningången,,,,
145C,Malign tumör i hårda gommen,,,,
145D,Malign tumör i mjuka gommen,,,,
145E,Malign tumör i uvula,,,,
145F,"Malign tumör i gom, ospecificerad",,,,
145G,Malign tumör i retromolara området,,,,
145W,Malign tumör i munhålan,,,,
145X,"Malign tumör i munhålan, ospecificerad",,,,
146A,Malign tumör i tonsill,,,,
146B,Malign tumör i fossa tonsillaris,,,,
146C,"Malign tumör i gombågar (främre, bakre)",,,,
146D,Malign tumör i vallecula epiglottica,,,,
146E,Malign tumör på linguala ytan av epiglottis,,,,
146F,Malign tumör mellan orofarynx och epiglottis,,,,
146G,Malign tumör i laterala väggen av orofarynx,,,,
146H,Malign tumör i bakre väggen av orofarynx,,,,
146W,"Malign tumör i orofarynx, utom 146A-H",,,,
146X,Malign tumör med icke spec lokalisation i orofarynx,,,,
147A,"Malign tumör i rinofarynx, övre väggen",,,,
147B,"Malign tumör i rinofarynx, bakre väggen",,,,
147C,"Malign tumör i rinofarynx, sidoväggen",,,,
147D,"Malign tumör i rinofarynx, främre väggen",,,,
147W,"Malign tumör i rinofarynx, utom 147A-D",,,,
147X,Malign tumör med icke specif lokalisation i rinofarynx,,,,
148A,"Malign tumör i hypofarynx, postkrikoidala rummet",,,,
148B,"Malign tumör i hypofarynx, fossa piriformis",,,,
148C,"Malign tumör i hypofarynx, aryepiglottiska vecket",,,,
148D,"Malign tymör i hypofarynx, bakre hypofarynxväggen",,,,
148W,"Malign tumör i hypofarynx, utom 148A-D",,,,
148X,"Malign tumör i hypofarynx, icke spec lokalisation",,,,
149A,"Malign tumör i farynx, ospecificerat",,,,
149B,Malign tumör i Waldeyers ring,,,,
149W,"Mal tumör i läpp, munhåla och svalg, utom 140-149B",,,,
149X,"Mal tumör i läpp, munhåla o svalg, ofullständ angiv lok",,,,
150D,"Malign tumör i matstrupen, övre delen",,,,
150E,"Malign tumör i matstrupen, mellersta delen",,,,
150F,"Malign tumör i matstrupen, nedre delen",,,,
150W,"Malign tumör i matstrupen, multipel lokalis",,,,
150X,"Malign tumör i matstrupen, icke specificerad lokalisat",,,,
151A,Malign tumör i kardia,,,,
151B,Malign tumör i pylorus,,,,
151C,Malign tumör i antrum ventriculi,,,,
151D,Malign tumör i fundus ventriculi,,,,
151E,Malign tumör i corpus ventriculi,,,,
151F,"Malign tumör i curvatura minor, ospecificerad",,,,
151G,"Malign tumör i curvatura major, ospecificerad",,,,
151W,Malign tumör i magsäcken utom 151A-G,,,,
151X,"Malign tumör i magsäcken,icke specificerad lokalisation",,,,
152A,Malign tumör i duodenum,,,,
152B,Malign tumör i jejunum,,,,
152C,Malign tumör i ileum,,,,
152D,Malign tumör i Meckels divertikel,,,,
152W,"Malign tumör i tunntarmen, utom 152A-D",,,,
152X,"Malign tumör i tunntarmen, icke spec lokalisation",,,,
153A,Malign tumör i flexura hepatica,,,,
153B,Malign tumör i colon transversum,,,,
153C,Malign tumör i colon descendens,,,,
153D,Malign tumör i sigmoideum,,,,
153E,Malign tumör i caecum,,,,
153F,Malign tumör i appendix,,,,
153G,Malign tumör i colon ascendens,,,,
153H,Malign tumör i flexura lienalis,,,,
153W,"Malign tumör i tjocktarmen, utom 153A-H",,,,
153X,"Malign tumör i tjocktarmen, icke spec lokalisation",,,,
154A,Malign tumör i flexura rectosigmoidea,,,,
154B,Malign tumör i rektum,,,,
154C,Malign tumör i analkanalen,,,,
154D,"Malign tumör i anus, ospecificerad",,,,
154W,"Malign tumör i  ändtarmen, utom 154A-D",,,,
155A,"Malign tumör i levern, primär tumör",,,,
155B,Malign tumör i intrahepatiska gallgångarna,,,,
155C,"Malign tumör i levern, icke spec som primär el sekund",,,,
156A,Malign tumör i gallblåsan,,,,
156B,Malign tumör i extrahepatiska gallgångarna,,,,
156C,Malign tumör i ampulla Vateri,,,,
156W,Malign tumör i gallblåsan och gallgång,,,,
156X,"Malign tumör i gallblåsa och gallgång,icke spec lokalis",,,,
157A,Malign tumör i caput pancreatis,,,,
157B,Malign tumör i corpus pancreatis,,,,
157C,Malign tumör i cauda pancreatis,,,,
157D,Malign tumör i ductus pancreatis,,,,
157E,Malign tumör i Langerhanska öarna,,,,
157W,"Malign tumör i pankreas, annan än 157A-E",,,,
157X,"Malign tumör i pankreas, icke specificerad lokalisation",,,,
158A,Malign tumör i retroperitonealrummet,,,,
158W,Malign tumör i spec delar av peritoneum,,,,
158X,"Malign tumör i peritoneum, icke spec lokalisation",,,,
159A,"Malign tumör i tarmkanalen, icke spec lokalisation",,,,
159B,"Malign tumör i mjälten, icke klassificerad annorstädes",,,,
159W,"Malign tumör matsmältningsorg, spec lokal utom 159A-B",,,,
159X,Malign tumör i matsmältningsorg utan lokalisation,,,,
160A,Malign tumör i näshåla,,,,
160B,"Malign tumör i örontrumpet, mellanöra och mastoideus",,,,
160C,Malign tumör i maxillarsinus,,,,
160D,Malign tumör i etmoidalsinus,,,,
160E,Malign tumör i frontalsinus,,,,
160F,Malign tumör i sfenoidalsinus,,,,
160W,"Malign tumör i näsa, bihåla och mellanöra utom 160A-F",,,,
160X,"Malign tumör i bihålor, ospecificerad",,,,
161A,Malign tumör i glottis,,,,
161B,Malign tumör i supraglottis,,,,
161C,Malign tumör i subglottis,,,,
161D,Malign tumör i larynxbrosken,,,,
161W,"Malign tumör i larynx, utom 161A-D",,,,
161X,"Malign tumör i larynx, icke specificerad lokalisation",,,,
162A,Malign tumör i trakea,,,,
162C,Malign tumör i huvudbronk,,,,
162D,"Malign tumör i överlob, bronk eller lunga",,,,
162E,"Malign tumör i mellanlob, bronk eller lunga",,,,
162F,"Malign tumör i underlob, bronk eller lunga",,,,
162W,"Malign tumör i trakea, bronk och lunga, utom 162A-F",,,,
162X,"Malign tumör i bronk och lunga, icke spec lokalisation",,,,
163A,"Malign tumör i lungsäcken, parietala väggen",,,,
163B,"Malign tumör i lungsäcken, viscerala väggen",,,,
163W,Malign tumör i lungsäcken utom 163A-B,,,,
163X,"Malign tumör i lungsäcken, icke specificerad lokalisat",,,,
164A,Malign tumör i tymus,,,,
164B,Malign tumör i hjärtat,,,,
164C,Malign tumör i främre mediastinum,,,,
164D,Malign tumör i bakre mediastinum,,,,
164W,"Malign tumör i tymus, hjärtat o mediastinum,utom 164A-D",,,,
164X,Malign tumör i icke specificerad del av mediastinum,,,,
165A,"Malign tumör i övre luftvägarna,icke spec lokalisation",,,,
165W,"Malign tumör i andnorg o brösthålans org, utom 160-165A",,,,
165X,"Malign tumör i andningsorganen, icke spec lokalisation",,,,
170A,Malign tumör i skallens ben och ansiktsbenen,,,,
170B,Malign tumör i underkäkens ben,,,,
170C,"Malign tumör i kotpelaren, förutom sakrum och coccyx",,,,
170D,"Malign tumör i revben, sternum och klavikel",,,,
170E,Malign tumör i övre extremitetens långa ben och skapula,,,,
170F,Malign tumör i övre extremitetens korta ben,,,,
170G,"Malign tumör i bäckenben, sakrum och coccyx",,,,
170H,Malign tumör i nedre extremitetens långa ben,,,,
170W,Malign tumör i nedre extremitetens korta ben,,,,
170X,"Malign tumör i ben och ledbrosk,icke spec lokalisation",,,,
171A,"Malign tumör i huvudet, ansiktet och halsen",,,,
171C,Malign tumör i övre extremitet inklusive skuldran,,,,
171D,Malign tumör i nedre extremitet inklusive höften,,,,
171E,Malign tumör i bröstkorgen,,,,
171F,Malign tumör i buken,,,,
171G,Malign tumör i bäckenet,,,,
171H,"Malign tumör i bålen, icke specificerad del",,,,
171W,Malign tumör i bindväv och annan mjukvävnad,,,,
171X,"Malign tumör i bindväv, icke specificerad lokalisation",,,,
172A,Malignt melanom på läpp,,,,
172B,Malignt melanom på ögonlock inklusive ögonvrå,,,,
172C,Malignt melanom på ytteröra och yttre hörselgång,,,,
172D,Malignt melanom ann än 172A-C o ej spec del av ansiktet,,,,
172E,Malignt melanom på huvudsvålen och halsen,,,,
172F,Malignt melanom på bålen förutom skrotum,,,,
172G,Malignt melanom på övre extremitet inklusive skuldran,,,,
172H,Malignt melanom på nedre extremitet inklusive höften,,,,
172W,"Malignt melanom i huden, utom 172A-H",,,,
172X,"Malignt melanom i huden, ospecificerad lokalisation",,,,
173A,Malign tumör i läpphuden,,,,
173B,Malign tumör i ögonlock inklusive ögonvrå,,,,
173C,Malign tumör i ytteröra och yttre hörselgången,,,,
173D,Mal tumör i hud ann än 173A-C o i ospec del av ansiktet,,,,
173E,Malign tumör i huvudsvålen och halsen,,,,
173F,Malign tumör i huden på bålen utom skrotum,,,,
173G,Malign tumör i huden på övre extremitet inkl skuldran,,,,
173H,Malign tumör i huden på nedre extremitet inkl höften,,,,
173W,"Malign tumör i huden, andra än 173A-H",,,,
173X,Malign tumör med icke specificerad lokalisation i huden,,,,
174A,Malign tumör i bröstvårta och vårtgård,,,,
174B,Malign tumör i centrala delen av bröstkörtel,,,,
174C,Malign tumör i övre inre kvadranten av bröstkörtel,,,,
174D,Malign tumör i nedre inre kvadranten av bröstkörtel,,,,
174E,Malign tumör i övre yttre kvadranten av bröstkörtel,,,,
174F,Malign tumör i nedre yttre kvadranten av bröstkörtel,,,,
174G,Malign tumör i axillary tail (fram mot armhålan),,,,
174W,"Malign tumör i kvinnlig bröstkörtel, andra än 174A-G",,,,
174X,"Malign tumör i kvinnlig bröstkörtel, icke spec lokal",,,,
175X,Malign tumör i manlig bröstkörtel,,,,
179X,Malign tumör i livmodern med icke spec lokalisation,,,,
180A,Malign tumör i endocervix,,,,
180B,Malign tumör i exocervix,,,,
180W,"Malign tumör i cervix uteri, andra än 180A-B",,,,
180X,"Malign tumör i cervix uteri, icke spec lokalisation",,,,
181X,Malign tumör i moderkakan,,,,
182A,Malign tumör i corpus uteri utom istmus,,,,
182B,Malign tumör i istmus uteri,,,,
182W,"Malign tumör i corpus uteri, annan lokalis än i 182A-B",,,,
183A,Malign tumör i ovarium,,,,
183C,Malign tumör i äggledare,,,,
183D,Malign tumör i breda ligamentet,,,,
183E,Malign tumör i parametrium,,,,
183F,Malign tumör i runda ligamentet,,,,
183W,"Malign tumör i ovarium och uterina adnexa, utom 183A-F",,,,
183X,"Malign tumör i uterina adnexa, icke spec lokalisation",,,,
184A,Malign tumör i vagina,,,,
184B,Malign tumör i labia majora,,,,
184C,Malign tumör i labia minora,,,,
184D,Malign tumör i klitoris,,,,
184E,"Malign tumör i vulva, icke specificerad lokalisation",,,,
184W,"Malign tumör i de kvinnliga könsorganen,andra än 184A-E",,,,
184X,"Malign tumör i de kvinnliga könsorganen,icke spec lokal",,,,
185X,Malign tumör i prostata,,,,
186A,Malign tumör i icke nedstigen testikel,,,,
186X,Malign tumör i testikel annan än 186A och ospec lokal,,,,
187B,Malign tumör i preputiet,,,,
187C,Malign tumör i glans penis,,,,
187D,Malign tumör i peniskroppen,,,,
187E,"Malign tumör i penis, icke specificerad lokalisation",,,,
187F,Malign tumör i epididymis,,,,
187G,Malign tumör i sädesledare,,,,
187H,Malign tumör i skrotum,,,,
187W,"Malign tumör i de manliga könsorgan,annan lok än 187A-H",,,,
187X,"Malign tumör i de manliga könsorganen,icke specif lokal",,,,
188A,Malign tumör i trigonum,,,,
188B,Malign tumör i blåstaket,,,,
188C,Malign tumör i urinblåsans sidovägg,,,,
188D,Malign tumör i urinblåsans framvägg,,,,
188E,Malign tumör i urinblåsans bakvägg,,,,
188F,Malign tumör i blåshalsen,,,,
188G,Malign tumör i uretäröppning,,,,
188H,Malign tumör i urachusgången,,,,
188W,"Malign tumör i urinblåsan, andra än  188A-H",,,,
188X,"Malign tumör i urinblåsan, icke spec lokalisation",,,,
189A,Malign tumör i njure med undantag av njurbäcken,,,,
189B,Malign tumör i njurbäcken,,,,
189C,Malign tumör i uretär,,,,
189D,Malign tumör i uretra,,,,
189E,Malign tumör i parauretrala körtlarna,,,,
189W,"Malign tumör i njurar o andra urinorgan,annan än 189A-E",,,,
189X,"Malign tumör i njure o andra urinorg, icke spec lokalis",,,,
190A,"Mal tumör i ögonglob utom konj, korn,retina o korioidea",,,,
190B,Malign tumör i orbita,,,,
190C,Malign tumör i tårkörtel,,,,
190D,Malign tumör i konjunktiva,,,,
190E,Malign tumör i kornea,,,,
190F,Malign tumör i retina,,,,
190G,Malign tumör i korioidea,,,,
190H,Malign tumör i tårkanal,,,,
190W,"Malign tumör i öga, annan än 190A-H",,,,
190X,"Malign tumör i öga, icke specificerad lokalisation",,,,
191A,Malign tumör i storhjärnan utom lober och ventriklar,,,,
191B,Malign tumör i frontalloben,,,,
191C,Malign tumör i temporalloben,,,,
191D,Malign tumör i parietalloben,,,,
191E,Malign tumör i occipitalloben,,,,
191F,Malign tumör i ventrikel,,,,
191G,Malign tumör i lillhjärnan,,,,
191H,Malign tumör i hjärnstammen,,,,
191W,"Malign tumör i hjärnan, annan än 191A-H",,,,
191X,"Malign tumör i hjärnan, icke specificerad lokalisation",,,,
192A,Malign tumör i kranialnerver,,,,
192B,Malign tumör i hjärnhinnor,,,,
192C,Malign tumör i ryggmärgen,,,,
192D,Malign tumör i ryggmärgens hinnor,,,,
192W,"Malign tumör i nervsystemet, annan än 192A-D",,,,
192X,"Malign tumör i nervsystemet, icke spec lokalisation",,,,
193X,Malign tumör i tyreoidea,,,,
194A,Malign tumör i binjure,,,,
194B,Malign tumör i bisköldkörtel,,,,
194D,Malign tumör i hypofys och ductus craniopharyngealis,,,,
194E,Malign tumör i corpus pineale,,,,
194F,Malign tumör i glomus caroticum,,,,
194G,Malign tumör i paraganglier,,,,
194W,"Malign tumör i endokrina körtlar, annan än 194A-G",,,,
194X,"Malign tumör i endokrina körtlar,icke spec lokalisation",,,,
195A,"Malign tumör ofullst angiv lok i huvud, ansikte o hals",,,,
195B,Malign tumör ofullst angiven lokalisation bröstkorgen,,,,
195C,Malign tumör ofullst angiven lokalisation i buken,,,,
195D,Malign tumör ofullst angiven lokalisation i bäckenet,,,,
195E,Malign tumör ofullst angiven lokalis i övre extremitet,,,,
195F,Malign tumör ofullst angiven lokalis i nedre extremitet,,,,
195W,Malign tumör ofullst angiven lok annan spec än 195A-F,,,,
196A,"Mal tumör sekund o ick spec i lymfk,huvud,ansikte,hals",,,,
196B,Mal tumör sekund o ick spec i lymfk m intratorakal lok,,,,
196C,Mal tumör sekund o ick spec i lymfk m intraabdominell l,,,,
196D,Mal tumör sekund o ick spec i lymfk axill o övre extrm,,,,
196F,Mal tumör sekund o ick spec i lymfk ljumske o nedr extr,,,,
196G,Malign tumör sekund o ick spec i lymfkörtel bäckenet,,,,
196W,"Malign tumör sekund o ick spec i lymfk, multipla lokal",,,,
196X,Malign tumör i lymfkörtlarna icke spec lokalisation,,,,
197A,Malign tumör sekundär i lunga,,,,
197B,Malign tumör sekundär i mediastinum,,,,
197C,Malign tumör sekundär i lungsäck,,,,
197D,"Malign tumör sekundär i resp organ, annan än 197A-C",,,,
197E,Malign tumör sekundär i tunntarmen inkl duodenum,,,,
197F,Malign tumör sekundär i tjocktarmen och rektum,,,,
197G,Malign tumör sekundär i retroperitonealrum o peritoneum,,,,
197H,"Malign tumör, sekundär i levern",,,,
197W,"Malign tumör, sekundär i andra matsmältningsorgan",,,,
198A,"Malign tumör, sekundär i njure",,,,
198B,"Malign tumör, sekundär i urinorgan utom njure",,,,
198C,"Malign tumör, sekunddär i huden",,,,
198D,"Malign tumör, sekundär i hjärnan och ryggmärgen",,,,
198E,Malign tumör sekundär i nervsyst utom hjärna o ryggmärg,,,,
198F,"Malign tumör, sekundär i ben och benmärg",,,,
198G,"Malign tumör, sekundär i ovarium",,,,
198H,"Malign tumör, sekundär i binjure",,,,
198W,"Malign tumör sekundär, andra spec lokalisat än 198A-H",,,,
199A,Disseminerad malign tumör,,,,
199B,"Icke specificerad lokal av carcinom, cancer malignitet",,,,
200A,Histiocytärt lymfom,,,,
200B,Lymfosarkom,,,,
200C,Burkitts tumör,,,,
200W,Lymfo- och retikelcellssarkom andra spec form än 200A-C,,,,
201E,"Hodgkins sjukdom, lymfocyt-histiocytpredominans",,,,
201F,"Hodgkins sjukdom, nodulär skleros",,,,
201G,"Hodgkins sjukdom, blandad cellularitet",,,,
201H,"Hodgkins sjukdom, lymfocyt-depletion",,,,
201X,"Hodgkins sjukdom, ospecificerad",,,,
202A,Nodulärt lymfom,,,,
202B,Mycosis fungoides,,,,
202C,Sezarys sjukdom,,,,
202D,Malign histiocytos,,,,
202E,Leukemisk retikuloendotelios,,,,
202F,Letterer-Siwes sjukdom,,,,
202G,Malign mastcellstumör,,,,
202W,Andra maligna lymfom än 202A-G,,,,
202X,Annan o ospec malign tumör i lymfoid o histiocyt vävnad,,,,
203A,Multipelt myelom,,,,
203B,Plasmacellsleukemi,,,,
203W,Immunoproliferativa tumörer andra än 203A-B,,,,
204A,Akut lymfatisk leukemi,,,,
204B,Kronisk lymfatisk leukemi,,,,
204C,Subakut lymfatisk leukemi,,,,
204W,Annan lymfatisk leukemi,,,,
204X,"Lymfatisk leukemi, ospecificerad",,,,
205A,Akut myeloisk leukemi,,,,
205B,Kronisk myeloisk leukemi,,,,
205C,Subakut myeloisk leukemi,,,,
205D,Myeloiskt sarkom,,,,
205W,Myeloisk leukemi annan än 205A-D,,,,
205X,"Myeloisk leukemi, ospecificerad",,,,
206A,Akut monocytleukemi,,,,
206B,Kronisk monocytleukemi,,,,
206C,Subakut monocytleukemi,,,,
206W,Monocytleukemi annan än 206A-C,,,,
206X,"Monocytleukemi, ospecificerad",,,,
207A,Akut erytremi och erytroleukemi,,,,
207B,Kronisk erytremi,,,,
207C,Megakaryocytisk leukemi,,,,
207W,Specificerad leukemi annan än 207A-C,,,,
208A,Akut leukemi med icke specificerad celltyp,,,,
208B,Kronisk leukemi med icke specificerad celltyp,,,,
208C,Subakut leukemi med icke specificerad celltyp,,,,
208W,Annan leukemi med icke specificerad celltyp,,,,
208X,"Leukemi med icke specific celltyp, ospec betr förlopp",,,,
210A,Benign tumör i läpp,,,,
210B,Benign tumör i tungan,,,,
210C,Benign tumör i stora spottkörtlarna,,,,
210D,Benign tumör i munbottnen,,,,
210E,Benign tumör i annan och ej specificerad del av munnen,,,,
210F,Benign tumör i tonsill,,,,
210G,Benign tumör i orofarynx utom tonsill,,,,
210H,Benign tumör i rinofarynx,,,,
210W,Benign tumör i hypofarynx,,,,
210X,"Benign tumör i svalget, ospecificerad",,,,
211A,Benign tumör i matstrupen,,,,
211B,Benign tumör i magsäcken,,,,
211C,Benign tumör i tunntarmen inkl tolvfingertarmen,,,,
211D,Benign tumör i tjocktarmen,,,,
211E,Benign tumör i rektum och analkanalen,,,,
211F,Benign tumör i levern och gallvägarna,,,,
211G,Benign tumör i bukspottkörteln utom Langerhanska öarna,,,,
211H,Benign tumör i Langerhanska öarna,,,,
211W,Benign tumör i retroperitonealt och peritoneum,,,,
211X,Benign tumör i matsmältningskanalen annan än 211A-W,,,,
212A,"Benign tumör i näsans hålrum, mellanöra och bihålor",,,,
212B,Benign tumör i larynx,,,,
212C,Benign tumör i trakea,,,,
212D,Benign tumör i bronk och lunga,,,,
212E,Benign tumör i lungsäck,,,,
212F,Benign tumör i mediastinum,,,,
212G,Benign tumör i tymus,,,,
212H,Benign tumör i hjärtat,,,,
212W,"Benign tumör i andnorg o brösthålans org,ann än 212A-H",,,,
212X,"Benign tumör i andningsorg o brösthålan org,ej spec lok",,,,
213A,Benign tumör i skallens och ansiktets ben,,,,
213B,Benign tumör i underkäksben,,,,
213C,Benign tumör i kotpelaren utom sakrum och coccyx,,,,
213D,"Benign tumör i revben, bröstben och nyckelben",,,,
213E,Benign tumör i övre extremit långa ben o skulderbladet,,,,
213F,Benign tumör i övre extremitetens korta ben,,,,
213G,"Benign tumör i bäckenben, sakrum och coccyx",,,,
213H,Benign tumör i nedre extremitetens långa ben,,,,
213W,Benign tumör i nedre extremitetens korta ben,,,,
213X,Benign tumör i ben och ledbrosk annan än 213A-W,,,,
214X,Lipom,,,,
215A,"Benign tumör i mjukvävnad i huvud, ansikte och hals",,,,
215C,Benign tumör i mjukvävnad i övre extremit inkl skuldran,,,,
215D,Benign tumör i mjukvävnad i nedre extremitet inkl höft,,,,
215E,Benign tumör i mjukvävnad i bröstkorgen,,,,
215F,Benign tumör i mjukvävnad i buken,,,,
215G,Benign tumör i mjukvävnad i bäckenet,,,,
215H,"Benign tumör i mjukvävnad i bålen, ospecificerad",,,,
215W,"Benign tumör i mjukvävnad inkl bindväv, annan än 215A-H",,,,
215X,"Benign tumör i mjukvävnad inkl bindväv, icke spec lokal",,,,
216A,Benign tumör i läpphuden,,,,
216B,"Benign tumör i huden på ögonlock, inklusive ögonvrå",,,,
216C,Benign tumör i huden på ytteröra och hörselgång,,,,
216D,Benign tumör i huden på ansiktet utom 216A-C,,,,
216E,Benign tumör i huvudsvålen och huden på halsen,,,,
216F,Benign tumör i huden på bålen utom skrotum,,,,
216G,Benign tumör i huden på övre extremitet inkl skuldran,,,,
216H,Benign tumör i huden på nedre extremitet inkl höften,,,,
216W,Benign tumör på hudyta annan än 216A-H,,,,
216X,Benign tumör på hudyta med icke spec lokalisation,,,,
217X,Benign tumör i bröstkörtel,,,,
218X,Uterusmyom,,,,
219A,Benign tumör i cervix uteri,,,,
219B,Benign tumör i corpus uteri,,,,
219W,Benign tumör i uterus annan än 219A-B,,,,
219X,Benign tumör i icke specificerad del av uterus,,,,
220X,Benign tumör i äggstock,,,,
221A,Benign tumör i äggledare och ligament,,,,
221B,Benign tumör i vagina,,,,
221C,Benign tumör i vulva,,,,
221W,"Benign tumör i de kvinnliga könsorganen, andra spec lok",,,,
221X,"Benign tumör i de kvinnliga könsorganen, icke spec lok",,,,
222A,Benign tumör i testis,,,,
222B,Benign tumör i penis,,,,
222C,Benign tumör i prostata,,,,
222D,Benign tumör i epididymis,,,,
222E,Benign tumör i skrotum,,,,
222W,Benign tumör i de manliga könsorganen annan än 222A-E,,,,
222X,"Benign tumör i de manliga könsorganen, icke spec lokal",,,,
223A,Benign tumör i njure utom njurbäcken,,,,
223B,Benign tumör i njurbäcken,,,,
223C,Benign tumör i uretär,,,,
223D,Benign tumör i urinblåsan,,,,
223W,Benign tumör i njure o andra urinorgan annan än 234A-D,,,,
223X,"Benign tumör i njure och andra urinorgan, icke spec lok",,,,
224A,"Ben tum i ögonglob ej i konj,kornea,retina o korioidea",,,,
224B,Benign tumör i orbita,,,,
224C,Benign tumör i tårkörtel,,,,
224D,Benign tumör i konjunktiva,,,,
224E,Benign tumör i kornea,,,,
224F,Benign tumör i retina,,,,
224G,Benign tumör i korioidea,,,,
224H,Benign tumör i tårkanal,,,,
224W,Benign tumör i öga annan än 224A-W,,,,
224X,"Benign tumör i öga, icke specificerad lokalisation",,,,
225A,Benign tumör i hjärnan,,,,
225B,Benign tumör i kranialnerver,,,,
225C,Benign tumör i hjärnhinnor,,,,
225D,Benign tumör i ryggmärgen,,,,
225E,Benign tumör i ryggmärgens hinnor,,,,
225W,"Benign tumör i hjärna,ryggmärg o nervsyst ann än 225A-E",,,,
225X,Benign tumör i hjärnan och nervsyst icke spec lokalis,,,,
226X,Benign tumör i tyreoidea,,,,
227A,Benign tumör i binjure,,,,
227B,Benign tumör i bisköldkörtel,,,,
227D,Benign tumör i hypofys och ductus craniopharyngeale,,,,
227E,Benign tumör i corpus pineale,,,,
227F,Benign tumör i glomulus caroticum,,,,
227G,Benign tumör i paraganglier,,,,
227W,Benign tumör i endokrina körtlar annan än 227A-G,,,,
227X,Benign tumör i endokrina körtlar med icke spec lokalis,,,,
228A,"Hemangiom, alla lokalisationer",,,,
228B,"Lymfangiom, alla lokalisationer",,,,
229A,Benign tumör i lymfkörtlar,,,,
229W,Benign tumör i blod och lymfkärl utom lymfkörtlar,,,,
229X,Benign tumör i blod och lymfkärl med icke spec lokalis,,,,
230A,"Cancer in situ i läpp, munhåla och svalg",,,,
230B,Cancer in situ i matstrupen,,,,
230C,Cancer in situ i magsäcken,,,,
230D,Cancer in situ i tjocktarmen,,,,
230E,Cancer in situ i rektum,,,,
230F,Cancer in situ i analkanalen,,,,
230G,"Cancer in situ i anus, ospecificerad",,,,
230H,Cancer in situ i annan än 230D-G o ospecif del av tarm,,,,
230W,Cancer in situ i levern och gallvägarna,,,,
230X,Cancer in situ i matsmältnorg ann än 230A-W o ospec del,,,,
231A,Cancer in situ i larynx,,,,
231B,Cancer in situ i trakea,,,,
231C,Cancer in situ i bronk och lunga,,,,
231W,Cancer in situ i andningsorgan annan än 231A-C,,,,
231X,"Cancer in situ, icke specific lokalis i andningsorganen",,,,
232A,Cancer in situ i läpphuden,,,,
232B,"Cancer in situ i ögonlock, inklusive ögonvrå",,,,
232C,Cancer in situ i huden i öra och hörselgång,,,,
232D,Cancer in situ i ansiktets hud annan än 232A-C,,,,
232E,Cancer in situ i huvudsvålen och huden på halsen,,,,
232F,"Cancer in situ i huden på bålen, utom skrotum",,,,
232G,Cancer in situ i huden på övre extremitet inkl skuldran,,,,
232H,Cancer in situ i huden på nedre extremitet inkl höften,,,,
232W,"Cancer in situ i hud, specif lokalisat annan än 232A-H",,,,
232X,"Cancer in situ i huden, icke specificerad lokalisation",,,,
233A,Cancer in situ i bröstkörtel,,,,
233B,Cancer in situ i cervix uteri,,,,
233C,Cancer in situ i uterus utom cervix o annan spec lokal,,,,
233D,Cancer in situ i kvinnliga könsorgan annan än 233A-C,,,,
233E,Cancer in situ i prostata,,,,
233F,Cancer in situ i penis,,,,
233G,Cancer in situ i andra och icke spec manliga  könsorgan,,,,
233H,Cancer in situ i urinblåsan,,,,
233X,Cancer in situ i urinorgan annan än 233E-H,,,,
234A,Cancer in situ i öga,,,,
234W,Cancer in situ annan än 230-234W,,,,
234X,Cancer in situ icke specificerad lokalisation,,,,
235A,Tumör av oklar natur i stora spottkörtlarna,,,,
235B,"Tumör av oklar natur i läpp, munhåla och svalg",,,,
235C,"Tumör av oklar natur i magsäck, tarmar och rektum",,,,
235D,Tumör av oklar natur i levern och gallvägar,,,,
235E,Tumör av oklar natur i retroperitonealt och peritoneum,,,,
235F,Tumör av oklar natur i matsmältningsorgan ann än 235A-E,,,,
235G,Tumör av oklar natur i larynx,,,,
235H,"Tumör av oklar natur i trakea, bronk och lunga",,,,
235W,"Tumör av oklar natur i lungsäck, tymus och mediastinum",,,,
235X,Tumör av oklar natur i andningsorgan annan än 235G-W,,,,
236A,Tumör av oklar natur i uterus,,,,
236B,Tumör av oklar natur i placenta,,,,
236C,Tumör av oklar natur i ovarium,,,,
236D,Tumör av oklar natur i kvinnlig könsorg annan än 236A-C,,,,
236E,Tumör av oklar natur i testikel,,,,
236F,Tumör av oklar natur i prostata,,,,
236G,Tumör av oklar natur i manlig könsorgan annan än 236E-F,,,,
236H,Tumör av oklar natur i urinblåsan,,,,
236X,Tumör av oklar natur i urinorgan,,,,
237A,Tumör av oklar natur i hypofysen o ductus craniopharyng,,,,
237B,Tumör av oklar natur i corpus pineale,,,,
237C,Tumör av oklar natur i binjure,,,,
237D,Tumör av oklar natur i paraganglier,,,,
237E,Tumör av oklar natur i endokrina körtlar ann än 237A-D,,,,
237F,Tumör av oklar natur i hjärnan och ryggmärgen,,,,
237G,Tumör av oklar natur i hjärnhinnor,,,,
237H,Tumör av oklar natur i neurofibromatos,,,,
237X,Tumör av oklar natur i nervsystemet annan än 237F-H,,,,
238A,Tumör av oklar natur i ben och ledbrosk,,,,
238B,Tumör av oklar natur i bindväv och annan mjukvävnad,,,,
238C,Tumör av oklar natur i huden,,,,
238D,Tumör av oklar natur i bröstkörtel,,,,
238E,Polycythemia vera,,,,
238F,Tumör av oklar natur i histiocyt- och mastceller,,,,
238G,Tumör av oklar natur i plasmaceller,,,,
238H,Tumör av oklar nat i lymfat o blodbild vävn utom 238E-G,,,,
238W,Tumör av oklar natur med spec lokalisation utom 238A-H,,,,
238X,Tumör av oklar natur med icke specificerad lokalisation,,,,
239A,Icke specificerad tumör i matsmältningsorganen,,,,
239B,Icke specificerad tumör i andningsorganen,,,,
239C,"Icke specificerad tumör i ben, mjukvävnad och hud",,,,
239D,Icke specificerad tumör i bröstkörtel,,,,
239E,Icke specificerad tumör i urinblåsan,,,,
239F,Icke specif tumör i  urin- och könsorgan annan än 239E,,,,
239G,Icke specificerad tumör i hjärnan,,,,
239H,Icke spec tumör i endokrin körtl o andr del av nervsyst,,,,
239W,Icke specificerad tumör i organ annan än 239A-H,,,,
239X,Icke specificerad tumör med icke spec lokalisation,,,,
240A,Struma som specificeras som enkel,,,,
240X,"Struma, ospecificerad",,,,
241A,Atoxisk uninodulär struma,,,,
241B,Atoxisk multinodulär struma,,,,
241X,"Atoxisk nodulär struma, ospecificerad",,,,
242A,Diffus giftstruma,,,,
242B,Uninodulär giftstruma,,,,
242C,Multinodulär giftstruma,,,,
242D,"Giftstruma, ej specificerad som uni- eller multinodulär",,,,
242E,Tyreotoxikos beroende på ektopisk sköldkörtelvävnad,,,,
242W,Tyreotoxikos av annan specificerad orsak,,,,
242X,Tyreotoxikos utan att struma eller annan orsak nämns,,,,
243X,Medfödd hypotyreos,,,,
244A,Hypotyreos efter kirurgiskt ingrepp,,,,
244B,Hypotyreos efter strålbehandling,,,,
244C,Jod-hypotyreos,,,,
244D,Iatrogen hypotyreos annan än 244C,,,,
244W,Annan specificerad förvärvad hypotyreos annan än 244A-D,,,,
244X,"Hypotyreos, ospecificerad",,,,
245A,Akut tyreoidit,,,,
245B,Subakut tyreoidit,,,,
245C,Kronisk lymfoidcellstyreoidit,,,,
245D,Kronisk fibrös tyreoidit,,,,
245E,Iatrogen tyreoidit,,,,
245W,Annan och ej specificerad kronisk tyreoidit,,,,
245X,"Tyreoidit, ospecificerad",,,,
246A,Rubbningar i kalcitoninsekretionen,,,,
246B,Medfödd struma,,,,
246C,Sköldkörtelcysta,,,,
246D,Blödning och infarkt i sköldkörteln,,,,
246W,Specificerad sjukdom i sköldkörteln annan än 240-246D,,,,
246X,"Sjukdomar i sköldkörteln, ospecificerad",,,,
250A,Diabetes utan uppgift om komplikation,,,,
250B,Diabetes med ketoacidos,,,,
250C,Diabetes med koma,,,,
250D,Diabetes med njurkomplikation,,,,
250E,Diabetes med ögonkomplikation,,,,
250F,Diabetes med neurologisk komplikation,,,,
250G,Diabetes med perifer cirkulationsrubbning,,,,
250H,Diabetes med andra specificerade manifestationer,,,,
250X,Diabetes med icke specificerade komplikationer,,,,
251A,Hypoglykemiskt koma (av exogent insulin),,,,
251B,Hyperinsulinism (överproduktion av endogent insulin),,,,
251C,"Hypoglykemi, ospecificerad",,,,
251D,Hypoinsulinemi efter kirurgiskt ingrepp,,,,
251E,Överproduktion av glukagon,,,,
251F,Överproduktion av gastrin,,,,
251W,Rubbning i pankreas inre sekretion annan än 251A-251F,,,,
251X,"Rubbning i pankreas inre sekretion, ospecificerad",,,,
252A,Hyperparatyreoidism,,,,
252B,Hypoparatyreoidism,,,,
252W,Sjukdom i paratyreoideakörtlarna annan än 252A-B,,,,
252X,"Sjukdomar i paratyreoideakörtlarna, ospecificerad",,,,
253A,Akromegali och gigantism,,,,
253B,Ökad produktion av framlobshormoner annan än 253A,,,,
253C,Panhypopituitarism,,,,
253D,Hypofysär kortvuxenhet,,,,
253E,Rubbning i hypofysframloben annan än 253A-D,,,,
253F,Diabetes insipidus,,,,
253G,Andra rubbningar av neurohypofysen,,,,
253H,Iatrogena hypofysrubbningar,,,,
253W,Rubbningar i hypofysen andra än 253A-H,,,,
253X,"Rubbningar i hypofysen, ospecificerade",,,,
254A,Bestående hyperplasi av tymus,,,,
254B,Abscess i tymus,,,,
254W,Specificerade sjukdomar i tymus andra än 254A-B,,,,
254X,"Sjukdomar i tymus, ospecificerade",,,,
255A,Cushings syndrom (kroniskt överskott av kortisol),,,,
255B,Hyperaldosteronism,,,,
255C,Adrenogenitala rubbningar,,,,
255D,Hypersekretion från binjurebarken annan än 255A-C,,,,
255E,Binjurebarkinsufficiens,,,,
255F,Binjurebarksinsufficiens annan än 255E,,,,
255G,Binjuremärgshyperfunktion,,,,
255W,Specificerad sjukdom i binjurarna annan än 255A-G,,,,
255X,"Sjukdomar i binjurarna, ospecificerad",,,,
256A,Hyperestrogenism,,,,
256B,Ovarial hyperfunktion annan än 256A,,,,
256C,Iatrogen ovarial hypofunktion,,,,
256D,Ovarial hypofunktion annan än 256C,,,,
256E,Polycystiska ovarier,,,,
256W,Specificerad ovarial dysfunktion annan än 256A-E,,,,
256X,"Dysfunktion hos ovarierna, ospecificerad",,,,
257A,Testikulär hyperfunktion,,,,
257B,Iatrogen testikulär hypofunktion,,,,
257C,Testikulär hypofunktion annan än 257B,,,,
257W,Specificerad testikulär dysfunktion annan än 257A-C,,,,
257X,"Testikulär dysfunktion, ospecificerad",,,,
258A,Polyglandulär aktivitet vid multipel endokrin neoplasi,,,,
258B,Kombinationer av endokrin dysfunktion annan än 258A,,,,
258W,Specificerad polyglandulär dysfunktion utom 258A-B,,,,
258X,"Polyglandulär dysfunktion, ospecificerad",,,,
259A,Försenad sexuell utv o pubertet som ej klass annorstäd,,,,
259B,För tidig sexuell utv o pubertet som ej klass annorstäd,,,,
259C,Carcinoidsyndrom,,,,
259D,Ektopisk hormonsekretion som ej klassificer annorstädes,,,,
259E,Kortvuxenhet som ej klassificeras annorstädes,,,,
259W,Specificerad endokrin rubbning annan än 240-259E,,,,
259X,"Endokrin rubbning, ospecificerad",,,,
260X,Proteinundernäring,,,,
261X,Energiundernäring,,,,
262X,Svår protein-energiundernäring annan än 260-261,,,,
263A,Undernäring av måttlig grad,,,,
263B,Undernäring av lätt grad,,,,
263C,Avstannad utveckling orsak av protein-energiundernäring,,,,
263W,Specificerad protein-energiundernäring annan än 263A-C,,,,
263X,"Protein-energiundernäring, ospecificerad",,,,
264F,A-vitaminbrist med nattblindhet,,,,
264W,A-vitaminbrist annan än 264F,,,,
264X,"A-vitaminbrist, ospecificerad",,,,
265A,Beriberi,,,,
265B,Tiaminbrist icke spec manifestation och annan än 265A,,,,
265C,Pellagra,,,,
265X,Niacinbrist icke spec manifestation och annan än 265C,,,,
266A,Riboflavinbrist,,,,
266B,B6-vitaminbrist,,,,
266C,Folsyrebrist,,,,
266D,B12-vitaminbrist,,,,
266X,"B-vitaminbrist, ospecificerad",,,,
267X,Askorbinsyrebrist,,,,
268A,Aktiv rakit,,,,
268B,Rakit sena effekter,,,,
268C,Osteomalaci,,,,
268X,"D-vitaminbrist, ospecificerad",,,,
269A,K-vitaminbrist,,,,
269B,Brist på vitaminer annan än 264-269A,,,,
269C,Vitamibrist icke specificerad,,,,
269D,Brist på mineralämnen,,,,
269W,Specificerade näringsbrister utom 260-269D,,,,
269X,Ospecificerade näringsbristtillstånd utom 260-269W,,,,
270A,Störningar i aminosyratransporten,,,,
270B,Fenylketonuri,,,,
270C,Störning i omsättn av aromat aminosyror annan än 270A-B,,,,
270D,Störningar i omsättningen av grenade aminosyror,,,,
270E,Störningar i omsättningen av svavelhaltiga aminosyror,,,,
270F,Störning av histidinomsättningen,,,,
270G,Rubbningar av urinämnesomsättningen,,,,
270H,Störningar i omsättningen av alifatiska aminosyror,,,,
270W,Spec rubbn i transp o omsättn av aminosyr utom 270A-H,,,,
270X,"Rubbning i transport o omsättning av aminosyror, ospec",,,,
271A,Glykogenos,,,,
271B,Galaktosemi,,,,
271C,Ärftlig fruktosintolerans,,,,
271D,Laktasbrist och laktosmalabsorption,,,,
271E,Renal glykosuri,,,,
271W,Spec rubbn av transp o oms av kolhydrat annan än 271A-E,,,,
271X,"Rubbning av transport o omsättning av kolhydrater,ospec",,,,
272A,Ren hyperkolesterolemi,,,,
272B,Ren hypertriglyceridemi,,,,
272C,Blandad hyperlipidemi,,,,
272D,Hyperkylomikronemi,,,,
272E,Hyperlipidemi annan än 272A-C och icke specificerad,,,,
272F,Lipoproteinbrist,,,,
272G,Lipodystrofi,,,,
272H,Lipidoser,,,,
272W,Spec rubbning i lipidomsättningen annan än 272A-H,,,,
272X,"Rubbningar i lipidomsättningen, ospecificerad",,,,
273A,Polyklonal hypergammaglobulinemi,,,,
273B,Monoklonal paraproteinemi,,,,
273C,Andra paraproteinemier,,,,
273D,Makroglobulinemi,,,,
273W,Spec rubbning i plasmaproteinomsättning annan än 273A-D,,,,
273X,"Rubbningar av plasmaproteinomsättningen, ospecificerad",,,,
274A,Gikt med ledsymtom,,,,
274B,Gikt med njursymtom,,,,
274W,Gikt med andra manifestationer,,,,
274X,"Gikt, ospecificerad",,,,
275A,Rubbningar i järnomsättningen,,,,
275B,Rubbningar i kopparomsättningen,,,,
275C,Rubbningar i magnesiumomsättningen,,,,
275D,Rubbningar i fosforomsättningen,,,,
275E,Rubbningar i kalciumomsättningen,,,,
275W,Specif rubbningar i mineralomsättningen annan än 275A-E,,,,
275X,"Rubbningar i mineralomsättningen, ospecificerad",,,,
276A,Hyperosmolalitet och/eller hypernatremi,,,,
276B,Hyposmolalitet och/eller hyponatremi,,,,
276C,Acidos,,,,
276D,Alkalos,,,,
276E,Blandad syra-basbalansrubbning,,,,
276F,Minskad vätskevolym,,,,
276G,Ökad vätskevolym,,,,
276H,Hyperkalemi,,,,
276W,Hypokalemi,,,,
276X,Elektrolyt- och vätskerubbningar andra än 276A-W,,,,
277A,Cystisk fibros,,,,
277B,Rubbningar i porfyrinomsättningen,,,,
277C,Rubbning av purin- o pyrimidinomsättn annan än 277A-B,,,,
277D,Amyloidos,,,,
277E,Rubbning i utsöndringen av bilirubin,,,,
277F,Mukopolysaccaridos,,,,
277G,Andra brister i cirkulerande enzymer,,,,
277W,Specific rubbningar i ämnesomsättning andra än 270-277G,,,,
277X,"Rubbningar i ämnesomsättningen, ospecificerade",,,,
278A,Fetma,,,,
278B,Lokaliserad fetma,,,,
278C,Hypervitaminos A,,,,
278D,Hyperkarotinemi,,,,
278E,Hypervitaminos D,,,,
278W,Övernäringstillstånd annat än 278A-E,,,,
279G,AIDS-related complex (ARC),,,,
279J,Brister huvudsakligen i den humorala immuniteten,,,,
279K,Aquired immune deficiency syndrome (AIDS),,,,
279L,Andra brister huvudsakl i cellförmedlad immunitet,,,,
279M,Icke specificerad immunbrist,,,,
279N,Autoimmun sjukdom som ej klassificeras annorstädes,,,,
279W,Spec rubbn som påverkar immunmekanismen andra än 279J-N,,,,
279X,"Immunbristsjukdom, ospecificerad",,,,
280X,Järnbristanemi,,,,
281A,Perniciös anemi,,,,
281B,B12-bristanemier annan än 281A,,,,
281C,Folatbristanemi,,,,
281D,Specificerade megaloblastanemier andra än 281A-C,,,,
281E,Anemi på grund av proteinbrist,,,,
281W,Anemi i samband med annan specificerad näringsbrist,,,,
281X,Bristanemier ospecificerad,,,,
282A,Ärftlig sfärocytos,,,,
282B,Ärftlig elliptocytos,,,,
282C,Hemolytisk anemi av störd glutation-metabolism,,,,
282D,Hemolytisk anemi beroende på enzymbrist,,,,
282E,Talassemi,,,,
282F,Sicklecellsanemi (anlagsbärare),,,,
282G,Sicklecellsanemi (manifest),,,,
282H,Hemoglobinopatier andra än 282A-G,,,,
282W,Ärftliga hemolytiska anemier andra än 282A-H,,,,
282X,"Ärftlig hemolytisk anemi, ospecificerad",,,,
283A,Autoimmun hemolytisk anemi,,,,
283B,Icke-autoimmun hemolytisk anemi,,,,
283C,Hemoglobinuri betingad av hemolys av yttre orsak,,,,
283X,"Förvärvad hemolytisk anemi, ospecificerad",,,,
284A,Konstitutionell aplastisk anemi,,,,
284W,Specificerad förvärvad aplastisk anemi annan än 284A,,,,
284X,"Aplastisk anemi, ospecificerad",,,,
285A,Sideroblastisk anemi,,,,
285B,Anemi efter akut större blödning,,,,
285W,Anemier andra än 280-285B,,,,
285X,"Anemi, ospecificerad",,,,
286A,Medfödd brist på faktor VIII,,,,
286B,Medfödd brist på faktor IX,,,,
286C,Medfödd brist på faktor XI,,,,
286D,"Medfödd brist på koagulationsfakt annan än VIII, IX, XI",,,,
286E,von Willebrands sjukdom,,,,
286F,Förvärvad koagulationsrubb pga cirkuler antikoagulans,,,,
286G,Defibrineringssyndrom,,,,
286H,Förvärvad koag rubbn beroen på brist bildn av koag fakt,,,,
286X,Koagulationsrubbningar annan än 286A-H och ospec,,,,
287A,Allergisk purpura,,,,
287B,Kvalitativa trombocytdefekter,,,,
287C,Purpura ej trombocytbetingad annan än 287A,,,,
287D,Primär trombocytopeni,,,,
287E,Sekundär trombocytopeni,,,,
287F,"Trombocytopeni, ospecificerad",,,,
287W,Specificerat tillstånd med blödningsbenägenhet,,,,
287X,Ospecificerat tillstånd med blödningsbenägenhet,,,,
288A,Agranulocytos,,,,
288B,Defekt funktion hos granulocyter,,,,
288C,Genetiskt betingade granulocytanomalier,,,,
288D,Eosinofili,,,,
288W,Specific sjukdomar i vita blodkroppar andra än 288A-D,,,,
288X,Ospecificerade sjukdomar i vita blodkroppar,,,,
289A,Sekundär polycytemi,,,,
289B,Kronisk lymfadenit,,,,
289C,Ospecifik mesenteriallymfadenit,,,,
289D,Icke specificerad lymfadenit,,,,
289E,Hypersplenism,,,,
289F,Specificerade mjältsjukdomar annan än 289E,,,,
289G,Ärftligt betingat polycytemi,,,,
289H,Methemoglobinemi,,,,
289W,Spec sjukdom i blod o blodbild organ andra än 280-289H,,,,
289X,Ospecificerade sjukdomar i blod och blodbildande organ,,,,
290A,Senil demens,,,,
290B,Presenil demens,,,,
290E,Multiinfarktdemens,,,,
290W,Specificerad åldersdemens annan än 290A-E,,,,
290X,"Demens i samband med åldrandet, ospecificerad",,,,
291A,Delirium tremens,,,,
291B,"Korsakovs psykos, alkoholbetingad",,,,
291C,Alkoholbetingad demens annan än 291A-B,,,,
291D,Alkoholhallucinos,,,,
291E,Patologiskt alkoholrus,,,,
291F,Patologisk svartsjuka,,,,
291W,Specificerad alkoholpsykos annan än 291A-F,,,,
291X,"Alkoholpsykoser, ospecificerade",,,,
292A,Psykos under drogabstinens,,,,
292B,Paranoid och/eller hallucinatorisk drogpsykos,,,,
292C,Patologiskt drogrus,,,,
292W,Drogpsykos specificerad annan än 292A-C,,,,
292X,"Drogpsykos, ospecificerad",,,,
293A,Förvirringstillstånd akut,,,,
293B,Förvirringstillstånd subakut,,,,
293W,Specificerad övergående organisk psykos annan än 293A-B,,,,
293X,"Organisk psykos, övergående ospecificerad",,,,
294A,"Korsakovs psykos, ej alkoholbetingad eller UNS",,,,
294B,Demens vid somatisk sjukdomar som klassific annorstädes,,,,
294W,Specificerad kronisk organisk psykos annan än 294A-B,,,,
294X,"Psykos, kronisk organisk ospecificerad",,,,
295A,"Schizofreni, simplex",,,,
295B,"Schizofreni, hebefreni",,,,
295C,"Schizofreni, katatoni",,,,
295D,"Schizofreni, paranoid form",,,,
295E,Akut schizofren episod,,,,
295F,Gränsschizofrent tillstånd,,,,
295G,Schizofrent resttillstånd,,,,
295H,Schizoaffektiv form,,,,
295W,Specificerad form av schizofreni annan än 295A-H,,,,
295X,"Schizofreni, ospecificerad",,,,
296A,"Unipolär affektiv psykos, mani",,,,
296B,"Unipolär affektiv psykos, melankoli",,,,
296C,"Bipolär affektiv psykos, manisk fas",,,,
296D,"Bipolär affektiv psykos, melankolisk fas",,,,
296E,"Bipolär affektiv psykos, blandform",,,,
296W,Specificerad affektiv psykos annan än 296A-E,,,,
296X,"Affektiv psykos, ospecificerad",,,,
297B,Paranoisk psykos,,,,
297C,Parafreni,,,,
297D,Inducerad psykos,,,,
297W,Specificerade paranoida tillstånd andra än 297A-D,,,,
297X,"Paranoida tillstånd, ospecificerade",,,,
298A,Reaktiv depressiv psykos,,,,
298B,Reaktiv excitativ psykos,,,,
298C,Reaktivt förvirringstillstånd,,,,
298E,Reaktiv paranoid psykos,,,,
298W,Specificerad reaktiv psykos annan än 298A-E,,,,
298X,"Reaktiv psykos, ospecificerad",,,,
299A,Infantil autism,,,,
299B,Desintegrativ psykos,,,,
299W,Specificerad barndomspsykos annan än 299A-B,,,,
299X,"Barndomspsykos, ospecificerad",,,,
300A,Ångestneuros,,,,
300B,Hysteri,,,,
300C,Fobi,,,,
300D,Tvångsneuros,,,,
300E,Neurotisk depression,,,,
300F,Neurasteni,,,,
300G,Depersonalisationssyndrom,,,,
300H,Hypokondri,,,,
300W,Specificerad neuros annan än 300A-H,,,,
300X,"Neuros, ospecificerad",,,,
301A,Paranoid personlighetsstörning,,,,
301B,Affektiv personlighetsstörning,,,,
301C,Schizoid personlighetsstörning,,,,
301D,Explosiv personlighetsstörning,,,,
301E,Anankastisk personlighetsstörning,,,,
301F,Hysteroid personlighetsstörning,,,,
301G,Astenisk personlighetsstörning,,,,
301H,Antisocial personlighetsstörning,,,,
301J,Gränspsykotisk personlighet,,,,
301W,Specificerad personlighetsstörning annan än 301A-J,,,,
301X,"Personlighetsstörning, ospecificerad",,,,
302X,Sexuella störningar,,,,
303X,Alkoholberoende,,,,
304A,"Narkomani, morfin och andra opiater",,,,
304B,"Narkomani, barbiturater",,,,
304C,"Narkomani, kokain",,,,
304D,"Narkomani, cannabis",,,,
304E,"Narkomani, amfetamin och andra psykostimulantia",,,,
304F,"Narkomani, hallucinogener",,,,
304G,Sniffning av thinner/bensin m m,,,,
304H,"Narkomani, kombination av olika droger",,,,
304W,"Narkomani, specificerade droger andra än 304A-H",,,,
304X,"Narkomani, icke specificerade droger",,,,
305A,Alkoholmissbruk,,,,
305B,Tobaksmissbruk,,,,
305X,Missbruk av droger och läkemedel,,,,
306X,Psykofysiologisk reaktion,,,,
307A,Stamning,,,,
307B,Anorexia nervosa,,,,
307C,Tics,,,,
307D,Rörelsestereotypier,,,,
307E,Specifika sömnstörningar,,,,
307F,"Ätproblem, andra och ospecificerade",,,,
307G,Enures,,,,
307H,Enkopres,,,,
307W,Psykalgi,,,,
307X,"Psykiska symtom och syndrom, andra och ospecificerade",,,,
308X,Katastrofreaktion,,,,
309A,Akut krisreaktion,,,,
309B,Fördröjd krisreaktion,,,,
309X,"Krisreaktion, ospecificerad",,,,
310A,Frontallobssyndrom,,,,
310C,Postkontusionellt syndrom,,,,
310W,Spec icke psykot störn efter hjärnskada annan än 310A-C,,,,
310X,"Icke psykotiska psykiska störn efter hjärnskada, ospec",,,,
311X,Depressiva störningar som ej klassificeras annorstädes,,,,
312X,Uppföranderubbn hos barn o ungd som ej klass annorstäd,,,,
313A,Emotionella störn hos barn o ungd med rädsla och ångest,,,,
313B,Emotion störn hos barn o ungdom m nedstämdh o förtvivl,,,,
313C,Emotion störn hos barn o ungd med känsligh el skygghet,,,,
313D,Relationsproblem hos barn och ungdom,,,,
313W,Spec emotionell störn hos barn o ungdom andra än 313A-D,,,,
313X,"Emotionella störningar i barndom och ungdomsår, ospec",,,,
314J,Minimal brain dysfunction (MBD),,,,
314W,Hyperkinetiska syndrom hos barn o ungdom andra än 314J,,,,
314X,"Hyperkinetiska syndrom i barndomen, ospecificerade",,,,
315A,Speciella läs- och skrivsvårigheter,,,,
315B,Speciella räknesvårigheter,,,,
315D,Försenad tal- och språkutveckling,,,,
315E,Försenad motorisk utveckling,,,,
315W,Specificerade störningar i utvecklingen andra än 315A-E,,,,
315X,"Störningar i utvecklingen hos barn o ungdom, ospec",,,,
317X,Lätt psykisk utvecklingsstörning,,,,
318A,Måttlig psykisk utvecklingsstörning,,,,
318B,Svår psykisk utvecklingsstörning,,,,
318C,Djup psykisk utvecklingsstörning,,,,
319X,Ospecificerad psykisk utvecklingsstörning,,,,
320A,Meningit orsakad av Haemophilus influenzae,,,,
320B,Meningit orsakad av pneumokocker,,,,
320C,Meningit orsakad av streptokocker,,,,
320D,Meningit orsakad av stafylokocker,,,,
320H,Meningit vid andra bakteriesjd som klassific annorstäd,,,,
320W,Meningit orsakad av specificerade bakterier utom 320A-D,,,,
320X,Meningit orsakad av icke specificerad bakterie,,,,
321A,Meningit orsakad av svampinfektioner,,,,
321E,Meningit orsakad av Herpes simplex-virus,,,,
321H,Meningit orsakad av virus andra än 321E,,,,
321W,Meningit orsakad av andra organismer utom 321A-H,,,,
322A,Icke varig meningit,,,,
322B,Eosinofil meningit,,,,
322C,Kronisk meningit,,,,
322X,"Meningit, ospecificerad",,,,
323D,Virusencefalit överförd av artropoder,,,,
323F,Encefalit som följd av immunisering,,,,
323G,Postinfektiös encefalit,,,,
323H,Toxisk encefalit,,,,
323W,"Spec encefalit, myelit o encefalomyelit annan än 323D-H",,,,
323X,"Encefalit, myelit och encefalomyelit, ospecificerad",,,,
324A,Intrakraniell abscess,,,,
324B,Intraspinal abscess,,,,
324X,Intrakraniell o intraspinal abscess utan spec lokalisat,,,,
325X,Flebit och tromboflebit i skallens venösa hålrum,,,,
326X,Sena effekter av abscess el varig infektion i skallen,,,,
330A,Leukodystrofi,,,,
330B,Cerebral lipidos,,,,
330W,Andra cerebrala degenerationer manifesterade i barndom,,,,
330X,"Cerebral degeneration manifest i barndomen, ospec",,,,
331A,Presenil och senil degeneration av Alzheimer-typ,,,,
331B,Picks sjukdom,,,,
331C,Senil degeneration av hjärnan av ospecificerad typ,,,,
331D,Kommunicerande hydrocefalus,,,,
331E,Obstruktiv hydrocefalus,,,,
331W,Specificerad cerebral degeneration annan än 331A-E,,,,
331X,"Cerebral degeneration, ospec",,,,
332A,Paralysis agitans,,,,
332B,Sekundär parkinsonism,,,,
333A,Degenerativ sjukdom i basala ganglier andra än 330-332,,,,
333B,Essentiell tremor o and definierade former av tremor,,,,
333C,Myoklonus,,,,
333D,Tics av organiskt ursprung,,,,
333E,Huntingtons korea,,,,
333F,Annan korea,,,,
333G,Idiopatisk torsionsdystoni,,,,
333H,Symtomatisk torsionsdystoni,,,,
333W,Specificerade extrapyramidala sjukdomar utom 333A-H,,,,
333X,"Extrapyramidala sjukdomar, ospec och andra än 333A-W",,,,
334A,Friedreichs ataxi,,,,
334B,Ärftlig spastisk paraplegi,,,,
334C,Primär cerebellär degeneration,,,,
334D,Annan cerebellär ataxi än 334A-C,,,,
334E,Cerebellär ataxi vid sjukdomar som klassif annorstädes,,,,
334W,Specific spinocerebellära sjukdomar andra än 334A-E,,,,
334X,"Spinocerebellär sjukdom, ospecificerad",,,,
335A,Progressiv spinal muskelatrofi med tidig debut,,,,
335B,Progressiv spinal muskelatrofi med senare debut,,,,
335C,Amyotrofisk lateralskleros,,,,
335W,Specificerad motorneuronsjd andra än 335A-C,,,,
335X,"Motorneuronsjukdomar, ospecificerade",,,,
336A,Syringomyeli och syringobulbi,,,,
336B,Vaskulära myelopatier,,,,
336C,Subakut kombinerad degeneration av ryggmärgen,,,,
336D,Ryggmärgskompression vid sjukdom som klassif annorstäd,,,,
336W,Specificerad myelopati annan än 336A-D,,,,
336X,"Sjukdomar i ryggmärgen, ospecificerad",,,,
337A,Idiopatisk perifer autonom neuropati,,,,
337B,Perifer autonom neuropati som klassificeras annorstädes,,,,
337X,"Sjukdomar i autonoma nervsystemet, ospecificerade",,,,
340X,Multipel skleros,,,,
341A,Neuromyelitis optica,,,,
341B,Schilders sjukdom,,,,
341W,Spec demyelinis sjd i centr nervsystem andra än 341A-B,,,,
341X,Demyeliniserande sjukdom i centrala nervsystemet ospec,,,,
342A,Slapp hemiplegi,,,,
342B,Spastisk hemiplegi,,,,
342X,"Hemiplegi, ospecificerad",,,,
343A,Diplegi,,,,
343B,Hemiplegi,,,,
343C,Tetraplegi,,,,
343D,Monoplegi,,,,
343W,Specificerad form av cerebral pares andra än 343A-D,,,,
343X,"Cerebral pares, ospecificerad",,,,
344A,Tetraplegi,,,,
344B,Paraplegi,,,,
344C,Förlamning av båda övre extremiteterna,,,,
344D,Monoplegi i nedre extremitet,,,,
344E,Monoplegi i övre extremitet,,,,
344F,Ospecificerad monoplegi,,,,
344G,Cauda equina-syndrom,,,,
344W,Spec förlamningssyndrom andra än 334A-G,,,,
344X,"Förlamningssyndrom, ospecificerad",,,,
345J,Primär generaliserad epilepsi,,,,
345K,Sekundär generaliserad epilepsi,,,,
345L,Infantil spasm,,,,
345M,Partiell eller fokal epilepsi med medvetandegrumling,,,,
345N,Partiell eller fokal epilepsi utan medvetandegrumling,,,,
345P,Grand mal-anfall av oklart ursprung,,,,
345Q,Status epilepticus,,,,
345W,Specificerad epilepsi utom 345J-Q,,,,
345X,"Epilepsi, ospecificerad",,,,
346A,Klassisk migrän,,,,
346B,Vanlig migrän,,,,
346C,Hortons syndrom,,,,
346W,Spec migrän eller vaskulär huvudvärk annan än 346A-C,,,,
346X,"Migrän, ospecificerad",,,,
347X,Kataplexi och narkolepsi,,,,
348A,Hjärncystor,,,,
348B,Anoxisk hjärnskada,,,,
348C,Benign intrakraniell hypertension,,,,
348D,Icke specificerad encefalopati,,,,
348E,Hjärnkompression,,,,
348F,Hjärnödem,,,,
348W,Specificerade tillstånd i hjärnan andra än 348A-F,,,,
348X,"Tillstånd i hjärnan, ospecificerad",,,,
349A,Reaktioner efter spinal- eller lumbalpunktion,,,,
349B,Komplik från nervsystemet efter kirurgisk implantation,,,,
349C,Sjukdomar i mjuka hjärnhinnorna som ej klass annorstäd,,,,
349W,Specificerade sjukdomar i nervsystemet andra än 349A-C,,,,
349X,"Sjukdomar i nervsystemet, ospecificerade",,,,
350A,Trigeminusneuralgi efter herpesinfektion,,,,
350B,Trigeminusneuralgi annan än 350A,,,,
350C,Atypisk ansiktssmärta,,,,
350W,Specificerad sjukdom i trigeminusnerven annan än 350A-C,,,,
350X,"Sjukdomar i trigeminusnerven, ospecificerade",,,,
351A,Bells pares,,,,
351W,Specificerade sjukdomar i facialisnerven andra än 351A,,,,
351X,"Sjukdomar i facialisnerven, ospecificerade",,,,
352A,Sjukdomar i nervus olfactorius,,,,
352B,Glossofaryngeusneuralgi,,,,
352C,Sjukdomar i nervus glossopharyngeus andra än 352B,,,,
352D,Sjukdomar i nervus vagus,,,,
352E,Sjukdomar i nervus accessorius,,,,
352F,Sjukdomar i nervus hypoglossus,,,,
352G,Multipla kranialnervsförlamningar,,,,
352X,"Sjukdomar i kranialnerver, andra än 350-352G, ospec",,,,
353A,Brakialplexuslesion,,,,
353B,Lumbosakralplexuslesion,,,,
353C,Cervikalrotslesion som ej klass annorstädes,,,,
353D,Torakalrotslesion som ej klass annorstädes,,,,
353E,Lumbosakralrotslesion som ej klass annorstädes,,,,
353F,Neuralgisk amyotrofi,,,,
353G,Fantom-extremitetssyndrom,,,,
353W,Spec sjukdomar i nervrötter och plexus andra än 353A-G,,,,
353X,"Sjukdomar i nervrötter och plexus, ospecificerade",,,,
354A,Karpaltunnel-syndrom,,,,
354B,Nervus medianus-lesion andra än 354A,,,,
354C,Nervus ulnaris-lesion,,,,
354D,Nervus radialis-lesion,,,,
354E,Kausalgi,,,,
354F,Mononeuropathia multiplex,,,,
354W,"Spec mononeuropati i övre extremitet, andra än 354A-F",,,,
354X,"Mononeuropati i övre extremitet, ospecificerad",,,,
355A,Nervus ischiadicus-lesion,,,,
355B,Meralgia paraesthetica,,,,
355C,Nervus femoralis-lesion,,,,
355D,Nervus fibularis-lesion,,,,
355E,Nervus tibialis-lesion,,,,
355F,Tarsaltunnel-syndrom,,,,
355G,Nervus plantaris-lesion,,,,
355H,Spec mononeuropati i bäckenbot el nedre extr ut 355A-G,,,,
355W,"Mononeuropati i nedre extremitet, ospecificerad",,,,
355X,Mononeuropati med icke angiven lokalisation,,,,
356A,Ärftlig perifer neuropati,,,,
356B,Peroneal muskelatrofi,,,,
356C,Ärftlig sensorisk neuropati,,,,
356D,Heredopathia atactica polyneuritiformis,,,,
356E,Idiopatisk progressiv polyneuropati,,,,
356W,Spec ärftl o idiop perifer neuropati annan än 356A-G,,,,
356X,"Ärftlig och idiopatisk perifer neuropati, ospecificerad",,,,
357A,Akut inflammatorisk polyneuropati,,,,
357B,Polyneuropati vid kollagen kärlsjukdom,,,,
357C,Polyneuropati vid diabetes,,,,
357D,Polyneuropati vid maligna sjukdomar,,,,
357E,Polyneuropati vid andra sjukdomar,,,,
357F,Alkoholpolyneuropati,,,,
357G,Polyneuropati orsakad av läkemedel,,,,
357H,Polyneuropati orsakad av andra tox ämnen utom läkemedel,,,,
357W,Annan spec inflam o toxisk neuropati annan än 357A-H,,,,
357X,"Inflammatorisk och toxisk neuropati, ospecificerad",,,,
358A,Myasthenia gravis,,,,
358B,Myastena syndrom vid sjukdomar som klassif annorstädes,,,,
358C,Toxiska myoneurala sjukdomar,,,,
358W,Specificerade myoneurala sjukdomar andra än 358A-C,,,,
358X,"Myoneurala sjukdomar, ospecificerade",,,,
359A,Medfödd myopati,,,,
359B,Ärftlig progressiv muskeldystrofi,,,,
359C,Myotona sjukdomar,,,,
359D,Metabolisk myopati,,,,
359E,Toxisk myopati,,,,
359F,Endokrin myopati,,,,
359G,Symtomatisk inflammatorisk myopati,,,,
359W,Specificerad myopati andra än 359A-G,,,,
359X,"Muskeldystrofi och annan myopati, ospecificerad",,,,
360A,Varig inflammation i ögats inre,,,,
360B,Annan inflammation i ögats inre,,,,
360C,Degenerativa sjukdomar i ögongloben,,,,
360D,Hypotoni av ögat,,,,
360E,Degenererande tillstånd i ögongloben,,,,
360F,Kvarvarande magnetisk främmande kropp i ögongloben,,,,
360G,Kvarvarande icke magnetisk främ kropp i ögongloben,,,,
360W,Specificerade sjukdomar i ögongloben andra än 360A-G,,,,
360X,"Sjukdomar i ögongloben, ospecificerade",,,,
361A,Näthinneavlossning med defekt,,,,
361B,Retinochis och retinala cystor,,,,
361C,Näthinneavlossning utan defekt,,,,
361D,Näthinnedefekt utan näthinneavlossning,,,,
361W,Specificer former av näthinneavlossning andra än 361A-D,,,,
361X,"Näthinneavlossning, ospecificerad",,,,
362A,Diabetisk retinopati,,,,
362B,Förändringar av retinalkärlen andra än 362A,,,,
362C,Retrolental fibroplasi,,,,
362D,Retinal vaskulär ocklusion,,,,
362E,Separation av näthinnans lager,,,,
362F,Degeneration av gula fläcken o centr delar av näthinnan,,,,
362G,Degeneration av perifera delar av näthinnan,,,,
362H,Ärftlig degeneration av näthinnan,,,,
362W,Specificerade förändringar i näthinnan andra än 362A-H,,,,
362X,"Sjukliga förändringar i näthinnan, ospecificerade",,,,
363A,Fokal inflammation i näthinnan och åderhinnan,,,,
363B,Disseminerad inflammation i näthinnan och åderhinnan,,,,
363C,Icke spec inflammation i åderhinnan och andra än 363A-B,,,,
363D,Ärr på åderhinnan,,,,
363E,Degeneration av åderhinnan,,,,
363F,Medfödd dystrofi i åderhinnan,,,,
363G,Blödning eller bristning i åderhinnan,,,,
363H,Avlossning av åderhinnan,,,,
363W,Specificerade förändringar i åderhinnan andra än 363A-H,,,,
363X,"Inflammation samt ärr och andra sjd i åderhinnan, ospec",,,,
364A,Akut irit,,,,
364B,Kronisk irit,,,,
364C,Vissa former av inflammation i iris och ciliarkroppen,,,,
364D,Icke specificerad inflammation i iris och ciliarkroppen,,,,
364E,Kärlförändringar i regnbågshinnan och ciliarkroppen,,,,
364F,Degenerativa förändr i regnbågshinnan och ciliarkroppen,,,,
364G,"Cysta på iris, ciliarkroppen och främre kammaren",,,,
364H,Sammanväxning och bristningar av iris och ciliarkroppen,,,,
364W,Spec sjukdomar i iris och ciliarkroppen andra än 364A-H,,,,
364X,"Sjukdomar i iris och ciliarkroppen, ospecificerade",,,,
365A,Borderline-glaukom,,,,
365B,Glaukom med öppen kammarvinkel,,,,
365C,Glaukom med sluten kammarvinkel,,,,
365D,Glaukom på grund av kortisonmedicinering,,,,
365F,Glaukom vid linsförändringar,,,,
365G,Glaukom vid andra ögonsjukdomar,,,,
365W,Glaukom annan än 365A-G,,,,
365X,"Glaukom, ospecificerad",,,,
366A,"Infantil, juvenil och presenil katarakt",,,,
366B,Katarakt utvecklad i högre ålder,,,,
366C,Katarakt efter ögonskada,,,,
366D,Katarakt efter ögonsjukdomar,,,,
366E,Katarakt av läkemedel eller vid andra sjukdomar,,,,
366F,Sekundär katarakt,,,,
366W,Specificerad katarakt annan än 366A-F,,,,
366X,"Katarakt, ospecificerad",,,,
367A,Hyperopi,,,,
367B,Myopi,,,,
367C,Astigmatism,,,,
367D,Anisometropi och aniseikoni,,,,
367E,Presbyopi,,,,
367F,Ackommodationsrubbningar,,,,
367W,Spec förändr i refraktion o ackommation andra än 367A-F,,,,
367X,"Förändring i ögats refraktion o ackommodation, ospec",,,,
368A,Amblyopia ex anopsia,,,,
368B,Subjektiva synstörningar,,,,
368C,Diplopi,,,,
368D,Störningar i samsynen andra än 368A-C,,,,
368E,Synfältsdefekter,,,,
368F,Färgsinnesdefekter,,,,
368G,Nattblindhet,,,,
368W,Specificerade synstörningar andra än 368A-G,,,,
368X,"Synstörningar, ospecificerade",,,,
369A,Blindhet på båda ögonen,,,,
369B,"Blindhet på ett öga, allvarl nedsatt syn på andra ögat",,,,
369C,Allvarligt nedsatt syn på båda ögonen,,,,
369D,Icke specificerad synnedsättning på båda ögonen,,,,
369G,Blindhet på ett öga,,,,
369H,Allvarligt nedsatt syn på ett öga,,,,
369W,Icke specificerad synnedsättning på ett öga,,,,
369X,"Synnedsättning, ospecificerad",,,,
370A,Sår på hornhinnan,,,,
370B,Keratitis dendritica,,,,
370C,Ytlig keratit utan konjunktivit annan än 370A-B,,,,
370D,Keratokonjunktivit annan än 370A-C,,,,
370E,"Keratonkonjunktivit, ospecificerad och andra än 370B-C",,,,
370F,Interstitiell och djup keratit,,,,
370G,Kärlinväxning i hornhinnan,,,,
370W,Specificerade former av keratit andra än 370A-G,,,,
370X,"Keratit, ospecificerad",,,,
371A,Ärr och grumlingar i hornhinnan,,,,
371B,Pigmenteringar och inlagringar i hornhinnan,,,,
371C,Ödem i hornhinnan,,,,
371D,Förändringar i hornhinnemembranerna,,,,
371E,Degeneration i hornhinnan,,,,
371F,Medfödda hornhinnedystrofier,,,,
371G,Keratokonus,,,,
371H,Förändringar av hornhinnans form annan än 371G,,,,
371W,Specificerade hornhinneförändringar andra än 371A-H,,,,
371X,"Hornhinnegrumlingar och hornhinneförändringar, ospec",,,,
372A,Akut konjunktivit,,,,
372B,Kronisk konjunktivit,,,,
372C,Blefarokonjunktivit,,,,
372D,Ospecificerade konjunktiviter och andra än 372A-C,,,,
372E,Pterygium,,,,
372F,Bindhinnedegeneration och bindhinneinlagringar,,,,
372G,Ärr i bindhinnan,,,,
372H,Kärlförändringar och cystor i bindhinnan,,,,
372W,Specificerade sjukdomar i bindhinnan andra än 372A-H,,,,
372X,"Sjukdomar i bindhinnan, ospecificerade",,,,
373A,Blefarit,,,,
373B,Hordeolum och andra djupa inflammationer i ögonlocken,,,,
373C,Chalazion,,,,
373D,Icke infektiösa dermatoser i ögonlocken,,,,
373W,Specificerad inflammation i ögonlocken annan än 373A-D,,,,
373X,"Inflammation i ögonlocken, ospecificerad",,,,
374A,Entropion och trikiasis,,,,
374B,Ektropion,,,,
374C,Lagoftalmi,,,,
374D,Ptos,,,,
374E,Förändring av ögonlockens funktion annan än 374A-D,,,,
374F,Degener förändr av ögonlocken o det periokulära området,,,,
374W,Specificerade förändringar av ögonlocken andra än 374F,,,,
374X,"Sjukliga förändringar av ögonlocken, ospecificerade",,,,
375A,Dakryoadenit,,,,
375B,Förändringar i tårkörteln andra än 375A,,,,
375C,Tårflöde,,,,
375D,Akut och ospecificerad inflammation i tårvägarna,,,,
375E,Kronisk inflammation i tårvägarna,,,,
375F,Stenos och insufficiens i tårvägarna,,,,
375G,Förändringar i tårvägarna andra än 375A-F,,,,
375W,Specificerade sjukdomar i tårapparaten annan än 375A-G,,,,
375X,"Sjukdomar i tårapparaten, ospecificerade",,,,
376A,Akut inflammation i ögonhålan,,,,
376B,Kronisk inflammation i ögonhålan,,,,
376D,"Exoftalmus, annan än endokrin",,,,
376E,Förändringar i ögonhålans form,,,,
376F,Enoftalmus,,,,
376G,Kvarvarande gammal främmande kropp i ögonhålan,,,,
376W,Specificerade sjukdomar i ögonhålan andra än 376A-G,,,,
376X,"Sjukdomar i ögonhålan, ospecificerade",,,,
377A,Papillödem,,,,
377B,Optikusatrofi,,,,
377C,Förändringar av synnervspapillen andra än 377A-B,,,,
377D,Optikusneurit,,,,
377E,Förändringar i synnerven andra än 377D,,,,
377W,Spec förändringar i synnerv el synbanor andra än 377A-E,,,,
377X,"Förändringar i synnerv eller synbanor, ospecificerade",,,,
378A,Inåtskelning,,,,
378B,Utåtskelning,,,,
378C,Tillfällig skelning,,,,
378D,Ospecificerade skelningar och andra än 378A-C,,,,
378E,Latent skelning,,,,
378F,Paralytisk skelning,,,,
378G,Mekanisk skelning,,,,
378H,Andra former av skelning än 378A-G,,,,
378W,"Rubbningar i det binokulära seendet, andra än 378A-H",,,,
378X,"Skelning o andra rubbn i det binokulära seendet, ospec",,,,
379A,Sklerit och episklerit,,,,
379B,Andra förändringar i senhinnan,,,,
379C,Sjukliga förändringar i glaskroppen,,,,
379D,Avsaknad av ögonlins och lägesförändring av linsen,,,,
379E,Rubbningar i pupillfunktionen,,,,
379F,Nystagmus och andra oregelbundna ögonrörelser,,,,
379W,Spec sjukl förändr i ögat o dess omgivn annan än 379A-F,,,,
379X,"Andra sjukliga förändringar i ögat, ospecificerade",,,,
380A,Kondrit och perikondrit i öronmusslan,,,,
380B,Infektiös extern otit,,,,
380C,Extern otit annan än 380B,,,,
380D,Icke infektiösa sjukdomar i öronmusslan,,,,
380E,Vaxpropp,,,,
380F,Förvärvad stenos i hörselgången,,,,
380W,Spec sjukdom i öronmusslan o hörselgång annan än 380A-F,,,,
380X,"Sjukdomar i öronmusslan o hörselgången, ospecificerade",,,,
381A,Akut icke varig mellanöreinflammation,,,,
381B,Kronisk serös mellanöreinflammation,,,,
381C,Kronisk mukös mellanöreinflammation,,,,
381D,Andra än 381A-C o ospec kron icke variga mellanöreinfl,,,,
381E,"Icke varig mellanöreinflammation, ej spec akut el kron",,,,
381F,Inflammation i örontrumpeten,,,,
381G,Tilltäppning av örontrumpeten,,,,
381H,Öppen örontrumpet,,,,
381W,Specificerade sjukdomar i örontrumpeten andra än 381F-H,,,,
381X,"Sjukdomar i örontrumpeten, ospecificerade",,,,
382A,Akut varig mellanöreinflammation,,,,
382B,Kronisk varig otosalpingit,,,,
382C,Kronisk attikoantral varig mellanöreinflammation,,,,
382D,Ospecificerad kronisk varig mellanöreinflammation,,,,
382E,Ospecificerad varig mellanöreinflammation,,,,
382X,"Mellanöreinflammation, ospecificerad",,,,
383A,Akut mastoidit,,,,
383B,Kronisk mastoidit,,,,
383C,Petrosit,,,,
383D,Komplikationer efter mastoidektomi,,,,
383W,Specif sjukdomar i processus mastoideus andra än 383A-D,,,,
383X,"Mastoidit, ospecificerad",,,,
384A,Akut myringit utan uppgift om mellanöreinflammation,,,,
384B,Kronisk myringit utan uppgift om mellanöreinflammation,,,,
384C,Perforation av trumhinnan,,,,
384W,Specificerade sjukdomar i trumhinnan andra än 384A-C,,,,
384X,"Sjukdomar i trumhinnan, ospecificerade",,,,
385A,Tympanoskleros,,,,
385B,Sammanväxningar i mellanörat,,,,
385C,"Förvärvade abnormiteter i hörselbenen, andra än 385A-B",,,,
385D,Kolesteatom i mellanörat och processus mastoideus,,,,
385W,Spec sjd i mellanörat o processus mastoideus ut 385A-D,,,,
385X,"Sjukdomar i mellanörat och processus mastoideus, ospec",,,,
386A,Ménières sjukdom,,,,
386B,Perifer yrsel ospecificerad,,,,
386C,Yrsel av central orsak,,,,
386D,Labyrintit,,,,
386E,Labyrintfistel,,,,
386F,Labyrintdysfunktion,,,,
386W,Specific sjukdomar i labyrintsystemet andra än 386A-F,,,,
386X,"Yrselsyndrom och labyrintsjukdomar, ospecificerade",,,,
387A,"Otoskleros som involverar ovala fönstret, icke obliter",,,,
387B,"Otoskleros som involverar ovala fönstret, oblitererande",,,,
387C,Otoskleros i hörselsnäckan,,,,
387W,Specificerad otoskleros annan än 387A-C,,,,
387X,"Otoskleros, ospecificerad",,,,
388A,Degenerativa och vaskulära sjukdomar i örat,,,,
388B,Bullereffekter på innerörat,,,,
388C,"Plötslig hörselförlust, ospecificerad",,,,
388D,Tinnitus,,,,
388E,Andra onormala hörselförnimmelser,,,,
388F,Sjukdomar i hörselnerven,,,,
388G,Öronflytning,,,,
388H,Öronvärk,,,,
388W,Specificerad sjukdom i örat annan än 388A-H,,,,
388X,"Sjukdomar i örat, ospecificerade",,,,
389A,Hörselnedsättning på grund av ledningshinder,,,,
389B,Sensorineural hörselnedsättning,,,,
389C,Blandad lednings- och sensorineural hörselnedsättning,,,,
389H,Dövstumhet som ej klassificeras annorstädes,,,,
389W,Spec form av hörselnedsättning annan än 389A-H,,,,
389X,"Hörselnedsättnig, ospecificerad",,,,
390X,Akut reumatisk feber utan uppgift om hjärtsjukdom,,,,
391A,Akut reumatisk perikardit,,,,
391B,Akut reumatisk endokardit,,,,
391C,Akut reumatisk myokardit,,,,
391W,Reumatiska hjärtsjd spec akuta andra än 391A-C,,,,
391X,"Reumatisk hjärtsjukdom, akut ospecificerad",,,,
392A,Reumatisk korea med hjärtsjukdom,,,,
392X,Reumatisk korea utan uppgift om hjärtsjukdom,,,,
393A,Kronisk reumatisk perikardit med konstriktion,,,,
393B,Kronisk reumatisk perikardit utan konstriktion,,,,
393X,"Kronisk reumatisk perikardit, ospecificerad",,,,
394A,Mitralisstenos,,,,
394B,Reumatisk mitralisinsufficiens,,,,
394C,Mitralisstenos med insufficiens,,,,
394X,"Sjukdomar i mitralisklaffar, andra än 394A-C och ospec",,,,
395A,Reumatisk aortastenos,,,,
395B,Reumatisk aortainsufficiens,,,,
395C,Reumatisk aortastenos med insufficiens,,,,
395X,"Reum sjukdomar i aortaklaffarna,andra än 395A-C o ospec",,,,
396X,Sjukdomar i både mitralis- och aortaklaffar,,,,
397A,Trikuspidalisklaffel,,,,
397B,Reumatiskt pulmonalisklaffel,,,,
397X,"Reumatiskt klaffel, ospecificerat med avseende på klaff",,,,
398A,Kronisk reumatisk myokardit,,,,
398X,"Annan kronisk reumatisk hjärtsjukdom, ospecificerad",,,,
401A,Malign hypertoni,,,,
401B,Benign hypertoni,,,,
401X,"Essentiell hypertoni, ospecificerad",,,,
402A,Malign hypertoni med hjärtsjukdom,,,,
402B,Benign hypertoni med hjärtsjukdom,,,,
402X,"Hypertoni, ospecificerad, med hjärtsjukdom",,,,
403A,Malign hypertoni med njursjukdom,,,,
403B,Benign hypertoni med njursjukdom,,,,
403X,"Hypertoni, ospecificerad, med njursjukdom",,,,
404A,Malign hypertoni med hjärt- och njursjukdom,,,,
404B,Benign hypertoni med hjärt- och njursjukdom,,,,
404X,"Hypertoni, ospec, med hjärt- och njursjukdom",,,,
405A,Malign sekundär hypertoni,,,,
405B,Benign sekundär hypertoni,,,,
405X,"Sekundär hypertoni, ospecificerad",,,,
410A,Akut transmural hjärtinfarkt,,,,
410B,Akut subendokardiell hjärtinfarkt,,,,
410W,"Hjärtinfarkt specificerad akut, annan än 410A-B",,,,
410X,"Hjärtinfarkt akut, ospecificerad",,,,
411A,Misstänkt hjärtinfarkt,,,,
411B,Preinfarktsyndrom,,,,
411C,Postinfarktsyndrom,,,,
411X,"Ischemisk hjärtsjd akut eller subakut, andra än 410A-C",,,,
412X,Gammal hjärtinfarkt,,,,
413X,Anginösa bröstsmärtor,,,,
414A,Ateroskleros i kranskärlen,,,,
414B,Hjärtaneurysm,,,,
414W,Specific kronisk ischemisk hjärtsjukdom annan än 414A-B,,,,
414X,"Kronisk ischemisk hjärtsjukdom, ospecificerad",,,,
415A,Akut cor pulmonale,,,,
415B,Akut lungemboli,,,,
416A,Primär pulmonell hypertoni,,,,
416B,Sekundär pulmonell hypertoni,,,,
416W,Spec kroniskt sjukdtillst inom lungcirk annat än 416A-B,,,,
416X,"Kroniskt sjukdomstillstånd inom lungcirkulationen,ospec",,,,
417A,Arteriovenös fistel i lungkärlen,,,,
417B,Aneurysm i lungartär,,,,
417W,Specificerade sjukdtillst inom lungcirk andra än 417A-B,,,,
417X,"Sjukdomstillstånd inom lungcirkulationen,ospecificerade",,,,
420X,"Akut perikardit, ospecificerad",,,,
421A,Akut och subakut bakteriell endokardit,,,,
421X,"Akut och subakut endokardit, ospecificerad",,,,
422X,"Akut myokardit, ospecificerad",,,,
423A,Hemoperikardium,,,,
423B,Perikardit kronisk icke konstriktiv,,,,
423C,Perikardit konstriktiv,,,,
423W,Specificerade sjukdomar i perikardiet andra än 423A-C,,,,
423X,"Sjukdomar i perikardiet, ospecificerade",,,,
424A,Mitralisklaffel,,,,
424B,Aortaklaffel,,,,
424C,Trikuspidalisklaffel,,,,
424D,Pulmonalisklaffel,,,,
424X,"Sjukdomar i endokardiet, ospecificerade",,,,
425A,Endomyokardiell fibros,,,,
425B,Hypertrofisk kardiomyopati,,,,
425D,Endokardiell fibroelastos,,,,
425E,Primär kardiomyopati annan än 425A-D,,,,
425F,Alkoholkardiomyopati,,,,
425X,"Sekundär kardiomyopati, ospecificerad",,,,
426A,"Atrioventrikulärt block, totalt",,,,
426B,"Atrioventrikulärt block, annat än 426A och ospec",,,,
426C,"Vänstersidigt grenblock, totalt",,,,
426D,Vänstersidigt skänkelblock,,,,
426E,"Högersidigt grenblock, totalt",,,,
426F,"Grenblock, ospecificerat",,,,
426G,Hjärtblock annan än 426A-F,,,,
426H,Abnorm atrioventrikulär excitation,,,,
426W,Retledningsrubbningar andra än 426A-H,,,,
426X,"Retledningsrubbningar, ospecificerade",,,,
427A,Paroxysmal supraventikulär takykardi,,,,
427B,Paroxysmal ventrikulär takykardi,,,,
427C,"Paroxysmal takykardi, ospecificerad",,,,
427D,Förmaksflimmer och förmaksfladder,,,,
427E,Ventrikelflimmer,,,,
427F,Hjärtstillestånd,,,,
427G,Extrasystolier,,,,
427W,"Hjärtrytmrubbningar, andra än 427A-G",,,,
427X,"Hjärtrytmrubbning, ospecificerad",,,,
428A,Kronisk hjärtinsufficiens,,,,
428B,Vänsterhjärtsvikt,,,,
428X,"Hjärtinsufficiens, ospecificerad",,,,
429A,"Myokardit, ospecificerad",,,,
429B,Degenerativ hjärtmuskelförändring,,,,
429C,"Kardiovaskulär sjukdom, ospecificerad",,,,
429D,Hjärtförstoring,,,,
429E,Funktionella störningar som följd av hjärtkirurgi,,,,
429F,Ruptur av cordae tendinae,,,,
429G,Ruptur av papillarmuskel,,,,
429W,"Ofullständigt preciserad hjärtsjukdom, annan än 429A-G",,,,
429X,"Ofullst prec hjärtsjukdom o kompl till hjärtsjd, ospec",,,,
430X,Subaraknoidalblödning,,,,
431X,Hjärnblödning,,,,
432A,"Extradural blödning, icke traumatisk",,,,
432B,"Subdural blödning, icke traumatisk",,,,
432X,"Intrakraniell blödning, ospecificerad",,,,
433A,Ocklusion och stenos av basilarartär,,,,
433B,Ocklusion och stenos av carotisartär,,,,
433C,Ocklusion och stenos av vertebralartär,,,,
433D,Ocklusion och stenos av multipel och bilateral typ,,,,
433W,Spec ocklus o stenos av precerebrala artär utom 433A-D,,,,
433X,"Ocklusion och stenos av precerebral artär, ospec",,,,
434A,Cerebral trombos,,,,
434B,Cerebral emboli,,,,
434X,"Ocklusion av cerebral artär, ospecificerad",,,,
435X,Övergående cerebral ischemi,,,,
436X,Akut ofullständigt preciserad cerebrovaskulär sjukdom,,,,
437A,Cerebral ateroskleros,,,,
437B,Generaliserad ischemisk cerebrovaskul sjd annan än 437A,,,,
437C,Hypertensiv encefalopati,,,,
437D,"Cerebralt aneurysm, icke brustet",,,,
437E,Cerebral arterit,,,,
437F,Moyamoyasjukdom,,,,
437G,Icke varig trombos i intrakraniell venös sinus,,,,
437W,Ofullstän spec cerebrovaskulära sjukdom annan än 437A-G,,,,
437X,"Cerebrovaskulära sjukdomar, ospecificerade",,,,
438X,Sena effekter av cerebrovaskulär sjukdom,,,,
440A,Ateroskleros i aorta,,,,
440B,Ateroskleros i njurartär,,,,
440C,Ateroskleros i extremitetsartärer,,,,
440W,Ateroskleros i andra spec artärer annan än 440A-C,,,,
440X,Generaliserad och ospecificerad ateroskleros,,,,
441A,Dissekerande aortaaneurysm oavsett lokalisation,,,,
441B,"Torakalt aortaaneurysm, brustet",,,,
441C,"Torakalt aortaaneurysm, icke brustet",,,,
441D,"Bukaortaaneurysm, brustet",,,,
441E,"Bukaortaaneurysm, icke brustet",,,,
441F,"Aortaaneurysm med icke spec lokalisation, brustet",,,,
441G,"Aortaaneurysm med icke spec lokalisation, icke brustet",,,,
442A,Aneurysm i artär i övre extremitet,,,,
442B,Aneurysm i njurartär,,,,
442C,Aneurysm i arteria iliaca,,,,
442D,Aneurysm i artär i nedre extremitet,,,,
442W,Aneurysm i annan specificerad artär annan än 442A-D,,,,
442X,Aneurysm med icke specificerad lokalisation,,,,
443A,Raynauds sjukdom,,,,
443B,Tromboangitis obliterans,,,,
443W,Specificerade sjukdomar i perifera kärl andra än 443A-D,,,,
443X,"Sjukdom i perifera kärl, ospecificerad",,,,
444A,Emboli och trombos i bukaorta,,,,
444B,Emboli och trombos i annan del av aorta,,,,
444C,Emboli och trombos i extremitetsartärer,,,,
444W,Emboli och trombos i spec artär annan än 444A-C,,,,
444X,Emboli och trombos i icke specificerad artär,,,,
446A,Polyarteritis nodosa,,,,
446B,Akut febrilt mukokutant lymfkörtelsyndrom,,,,
446C,Överkänslighetsangit,,,,
446D,Letalt medellinjegranulom,,,,
446E,Wegeners granulomatos,,,,
446F,Jättecellsarterit,,,,
446G,Trombotisk mikroangiopati,,,,
446H,Takayasus sjukdom,,,,
447A,"Arteriovenös fistel, förvärvad",,,,
447B,Artärstenos,,,,
447C,Artärruptur,,,,
447D,Hyperplasi av njurartär,,,,
447E,Kompressionssyndrom i arteria coeliaca,,,,
447F,Nekros i artär,,,,
447G,"Arterit, ospecificerad",,,,
447W,Specif sjukd i artärer o arterioler annan än 440A-447G,,,,
447X,"Sjukdomar i artärer och arterioler, ospecificerade",,,,
448A,Ärftlig hemorragisk telangiektasi,,,,
448B,"Nevus, icke neoplastiskt",,,,
448X,"Sjukdomar i kapillärerna, andra än 448A-B och ospec",,,,
451A,Flebit o tromboflebit i nedre extremiteters ytliga kärl,,,,
451B,Flebit o tromboflebit i nedre extremiteters djupa kärl,,,,
451C,Flebit o tromboflebit i nedre extremiteters kärl ospec,,,,
451W,Flebit o tromboflebit med annan lokalis annan än 451A-C,,,,
451X,Flebit och tromboflebit med icke spec lokalisation,,,,
452X,Trombos i portavenen,,,,
453A,Budd-Chiaris syndrom,,,,
453B,Thrombophlebitis migrans,,,,
453C,Trombos i vena cava,,,,
453D,Trombos i vena renalis,,,,
453W,Emboli el trombos i specificerade vener andra än 453A-D,,,,
453X,Emboli eller trombos i icke specificerad ven,,,,
454A,Varicer med bensår,,,,
454B,Varicer med inflammation,,,,
454C,Varicer med bensår och inflammation,,,,
454X,Varicer utan uppgift om bensår eller inflammation,,,,
455A,Inre hemorrojder utan uppgift om komplikation,,,,
455B,Inre trombotiserade hemorrojder,,,,
455C,Inre hemorrojder med annan kompl än 455B,,,,
455D,Yttre hemorrojder utan uppgift om komplikation,,,,
455E,Yttre trombotiserade hemorrojder,,,,
455F,Yttre hemorrojder med annan komplikation än 455E,,,,
455G,"Hemorrojder, ej spec inre el yttre, utan uppg om kompl",,,,
455H,Trombotiserande hemorrojder ej spec som inre el yttre,,,,
455W,"Hemorrojder, ej spec som inre el yttre med annan kompl",,,,
455X,Kvarvarande hemorrojdhudflikar,,,,
456A,Esofagusvaricer med blödning,,,,
456B,Esofagusvaricer utan uppgift om blödning,,,,
456D,Sublinguala varicer,,,,
456E,Varicocele,,,,
456F,Bäckenvaricer,,,,
456G,Varicer i vulva,,,,
456W,Varicer med annan lokalisation än 454-456G,,,,
457A,Lymfödem efter mastektomi,,,,
457B,Andra lymfödem,,,,
457C,Lymfangit,,,,
457W,"Icke infektiös sjukdom i lymfkärlen, annan än 457A-C",,,,
457X,"Icke infektiös sjukdom i lymfkärlen, ospecificerad",,,,
458A,Ortostatisk hypotoni,,,,
458B,Kronisk  hypotoni,,,,
458X,"Hypotoni, ospecificerad",,,,
459A,"Blödning, icke specificerad",,,,
459B,Posttrombotiskt syndrom,,,,
459C,Kompression av ven,,,,
459W,Specific sjukdom i cirkulationsorganen annan än 459A-C,,,,
459X,"Sjukdom i cirkulationsorganen, ospecificerad",,,,
460X,Akut nasofaryngit,,,,
461A,"Maxillarsinuit, akut",,,,
461B,"Frontalsinuit, akut",,,,
461C,"Etmoidalsinuit, akut",,,,
461D,"Sfenoidalsinuit, akut",,,,
461W,Annan akut sinuit än 461A-D,,,,
461X,"Sinuit, akut ospecificerad",,,,
462X,Akut faryngit,,,,
463X,Akut tonsillit,,,,
464A,Akut laryngit,,,,
464B,Akut trakeit,,,,
464C,Akut laryngotrakeit,,,,
464D,Akut epiglottit,,,,
464E,Krupp,,,,
465A,Akut laryngofaryngit,,,,
465W,Akut övre luftvägsinfekt med multipel lokal ann än 465A,,,,
465X,Akut övre luftvägsinfektion med ospec lokalisation,,,,
466A,Akut bronkit,,,,
466B,Akut bronkiolit,,,,
470X,Sned nässkiljevägg,,,,
471A,Polyp i näshålan,,,,
471J,Polyp i bakre näsöppningen,,,,
471W,Polyp i sinus,,,,
471X,"Näspolyp, ospecificerad",,,,
472A,Kronisk rinit,,,,
472B,Kronisk faryngit,,,,
472C,Kronisk nasofaryngit,,,,
473A,Kronisk maxillarsinuit,,,,
473B,Kronisk frontalsinuit,,,,
473C,Kronisk etmoidalsinuit,,,,
473D,Kronisk sfenoidalsinuit,,,,
473W,Specificerad kronisk sinuit annan än 473A-D,,,,
473X,"Kronisk sinuit, ospecificerad",,,,
474A,Kronisk tonsillit,,,,
474B,Hypertrofi av tonsiller och adenoider,,,,
474C,Adenoida vegetationer,,,,
474W,Kroniska sjukd i tonsiller o adenoider andra än 474A-C,,,,
474X,"Kroniska sjukdomar i tonsiller och adenoider, ospec",,,,
475X,Halsböld,,,,
476A,Kronisk laryngit,,,,
476B,Kronisk laryngotrakeit,,,,
477A,Allergisk rinit orsakad av pollen,,,,
477W,Allergisk rinit orsakad av allergener annan än 477A,,,,
477X,Allergisk rinit av icke specificerad orsak,,,,
478A,Hypertrofi av näsmusslorna,,,,
478B,Sjukdomar i näshåla och sinus annan än 478A,,,,
478C,Andra sjukdomar i svalget som ej klassific annorstädes,,,,
478D,Stämbandsförlamning,,,,
478E,Polyp på stämband eller i struphuvudet,,,,
478F,"Sjukdomar i stämbanden, andra än 478D-E",,,,
478G,Larynxödem,,,,
478H,Sjukdomar i struphuvudet som ej klassificer annorstädes,,,,
478W,Överkänslighetsreaktion i övre luftväg utan angiv lokal,,,,
478X,Andra än 478A-W och ospec sjukdomar i övre luftvägarna,,,,
480A,Pneumoni orsakad av adenovirus,,,,
480B,Pneumoni orsakad av respiratoriskt syncytialvirus,,,,
480C,Pneumoni orsakad av parainfluensavirus,,,,
480W,Pneumoni orsakad av andra virus som ej klass annorstäd,,,,
480X,"Viruspneumoni, ospecificerad",,,,
481X,Pneumoni orsakad av pneumokocker,,,,
482A,Pneumoni orsakad av Klebsiella pneumoniae,,,,
482B,Pneumoni orsakad av Pseudomonas,,,,
482C,Pneumoni orsakad av Haemophilus influenzae,,,,
482D,Pneumoni orsakad av streptokocker,,,,
482E,Pneumoni orsakad av stafylokocker,,,,
482J,Pneumoni orsakad av Legionella pneumophila,,,,
482W,Pneumoni orsakad av specificerad bakterie ann än 482A-J,,,,
482X,"Pneumoni bakteriell, ospecificerad",,,,
483X,Pneumoni orsakad av spec mikroorganism annan än 482A-X,,,,
484B,Pneumoni vid cytomegalvirussjukdom,,,,
484C,Pneumoni vid ornitos,,,,
484D,Pneumoni vid kikhosta,,,,
484E,Pneumoni vid tularemi,,,,
484F,Pneumoni vid mjältbrand,,,,
484G,Pneumoni vid aspergillos,,,,
484H,Penumoni vid andra systemiska mykoser,,,,
484W,Pneumoni vid infektionssjukdom annan än  484A-H,,,,
485X,Bronkopneumoni,,,,
486X,Pneumoni orsakad av icke specificerad mikroorganism,,,,
487A,Influensa med pneumoni,,,,
487B,Influensa med andra respiratoriska manifestationer,,,,
487W,Influensa med manifestationer annan än 487A-B,,,,
490X,Bronkit icke specificerad som akut eller kronisk,,,,
491A,Kronisk bronkit okomplicerad,,,,
491B,Kronisk bronkit mukopurulent,,,,
491C,Kronisk bronkit obstruktiv,,,,
491W,Bronkit specificerad kronisk annan än 491A-C,,,,
491X,"Bronkit kronisk, ospecificerad",,,,
492X,Lungemfysem,,,,
493A,Astma av exogen typ,,,,
493B,Astma av endogen typ,,,,
493X,Astma av icke specificerad typ,,,,
494X,Bronkiektasier,,,,
495A,Tröskdammlunga,,,,
495C,Fågelskötarsjuka,,,,
495H,Ventilationspneumonit,,,,
495W,Specificerad allergisk pneumonit annan än 495A-H,,,,
495X,"Allergisk alveolit, ospecificerad",,,,
496X,Kronisk obstruktiv lungsjukdom som ej klass annorstädes,,,,
500X,Pneumokonios orsakad av stenkol,,,,
501X,Asbestos,,,,
502X,Pneumokonios orsakad av kisel utom asbest,,,,
503X,Pneumokonios orsakad av annat oorganiskt damm,,,,
504X,Lungsjukdom orsakad av inandning av annat damm,,,,
505X,Pneumokonios icke specificerad,,,,
506A,Bronkit och pneumonit orsakad av rök eller ånga,,,,
506B,Lungödem akut orsakat av rök eller ånga,,,,
506C,Övre luftvägsinflammation orsakad av rök eller ånga,,,,
506D,Akut tillst i luftväg ors av rök el ånga ann än 506A-C,,,,
506E,Kroniskt sjukl tillst i luftvägarna ors av rök el ånga,,,,
506X,"Sjukliga tillst i lungorna orsak av rök el ånga, ospec",,,,
507A,Pneumonit orsakad av inhal av föda el uppkräkt maginneh,,,,
507B,Pneumonit orsakad av inhalation av olja eller essenser,,,,
507W,Pneumonit specificerad annan än 507A-B,,,,
508A,Lungmanifestation akut orsakad av strålning,,,,
508B,Kroniska el andra lungmanifestationer ors av strålning,,,,
508W,Lungmanifest orsakade av yttre orsaker annan än 508A-B,,,,
508X,Lungmanifestationer orsakade av ospec yttre orsaker,,,,
510A,Empyem med fistel,,,,
510X,Empyem utan fistel,,,,
511A,Pleurit utan uppg om vätskeutgjut el aktuell tuberkulos,,,,
511B,Pleurit m utgjutn m uppg om ann bakt ors än tuberkulos,,,,
511J,Pleuraplack,,,,
511K,Pleurainrullning,,,,
511W,"Spec pleurautgjutning, utom tuberkulos annan än 511A-K",,,,
511X,"Utgjutning i lungsäcken, ospecificerad",,,,
512X,Pneumotorax,,,,
513A,Lungabscess,,,,
513B,Mediastinalabscess,,,,
514X,Blodöverfyllnad i lungorna,,,,
515X,Bindvävsomvandling av lungorna efter inflammation,,,,
516A,Pulmonär alveolär proteinos,,,,
516C,Pulmonär alveolär mikrolitiasis,,,,
516D,Idiopatisk lungfibros,,,,
516W,Specificerad alveolär lungsjukdom annan än 516A-D,,,,
516X,"Annan alveolär lungsjukdom, ospecificerad",,,,
517A,Reumatoid lungsjukdom,,,,
517B,Reumatisk pneumoni,,,,
517C,Lungengagemang vid systemisk skleros,,,,
517W,Lungengagemang vid andra sjukdomar som klass annorstäd,,,,
518A,Lungatelektas,,,,
518B,Interstitiellt emfysem,,,,
518C,Kompensatoriskt emfysem,,,,
518D,Lungeosinofili,,,,
518F,Lunginsufficiens efter trauma o kirurgiskt ingrepp,,,,
518W,Lungsjukdomar som ej klassificerats annorstädes,,,,
519A,Bristande funktion i trakeostomi,,,,
519B,Sjukdom i luftstrupe o bronker som ej klass annorstädes,,,,
519C,Mediastinit,,,,
519D,Sjukdomar i mediastinum som ej klassificer annorstädes,,,,
519E,Sjukdomar i diafragma,,,,
519W,Spec sjukdom i andningsorganen som ej klass annorstädes,,,,
519X,"Andra sjukdomar i andningsorganen, ospecificerade",,,,
520A,Avsaknad av tänder genom utebliven tandutveckling,,,,
520B,Övertaliga tänder,,,,
520C,Avvikelser i tändernas storlek och form,,,,
520D,Fläckiga tänder,,,,
520E,Störningar i tandbildningen,,,,
520F,Ärftl rubbningar i tandvävnad som ej klass annorstädes,,,,
520G,Rubbningar i tandframbrottet,,,,
520H,Besvär vid tandsprickningen,,,,
520W,Specific rubbningar i tandutvecklingen annan än 520A-H,,,,
520X,"Rubbningar i tändernas utveckling och frambrott, ospec",,,,
521A,Tandkaries,,,,
521B,Nedslitning av tänderna,,,,
521C,Abrasion,,,,
521D,Tanderosion,,,,
521E,Patologisk resorption,,,,
521F,Cementpålagring,,,,
521G,Ankylos av tänder,,,,
521H,Posteruptiva färgföränd av tändernas hårdvävnader,,,,
521W,Spec sjukdomar i tändernas hårdvävnader andra än 521A-H,,,,
521X,"Sjukdomar i tändernas hårdvävnader, ospecificerade",,,,
522A,Pulpit,,,,
522B,Nekros i pulpan,,,,
522C,Pulpadegeneration,,,,
522D,Sekundär dentinbildning i pulpan,,,,
522E,Akut periradikulär osteit,,,,
522F,Periapikal abscess utan fistel,,,,
522G,Kronisk periradikulär osteit,,,,
522H,Periapikal abscess med fistel,,,,
522W,Radikulär cysta,,,,
522X,"Sjukdom i pulpa o periradikul vävn, utom 522A-W o ospec",,,,
523A,Akut gingivit,,,,
523B,Kronisk gingivit,,,,
523C,Gingivaretraktion,,,,
523D,Akuta parodontala tillstånd,,,,
523E,Parodontit,,,,
523G,Tandbeläggningar,,,,
523W,Spec sjukd i gingiva o parodontal vävn annan än 523A-G,,,,
523X,"Sjukdomar i gingivan och de parodontala vävn, ospec",,,,
524A,Uttalade anomalier i käkarnas storlek,,,,
524B,Anomalier i förhållandet mellan käke och skallbas,,,,
524C,Anomalier i förhållandet mellan tandbågarna,,,,
524D,Anomalier i tändernas ställning,,,,
524E,"Malocklusion, icke specificerad",,,,
524F,Onormal funktion hos tänder och käkar,,,,
524G,Rubbningar i käkleden,,,,
524W,Specificerade dentofaciala anomalier andra än 524A-G,,,,
524X,"Tand och käkmissbildningar med malocklusion, ospec",,,,
525A,Förlust av tänder på grund av systemsjukdom,,,,
525B,"Förlust av tänder genom olycka, extrakt el lokal sjd",,,,
525C,Atrofi av tandlöst alveolarutskott,,,,
525D,Retinerad tandrot,,,,
525W,Spec sjd o tillst i tänder o omgiv vävnad utom 525A-D,,,,
525X,Andra sjukdomar o tillst i tänder o omgiv vävnad ospec,,,,
526A,Odontogena utvecklingscystor,,,,
526B,Icke-odontogena utvecklingscystor,,,,
526C,Andra cystor i käken,,,,
526D,Centralt jättecellsgranulom,,,,
526E,Inflammatoriska tillstånd i käkarna,,,,
526F,Alveolit i käkbenet,,,,
526W,"Specificerade sjukdomar i käkarna, andra än 526A-F",,,,
526X,"Sjukdomar i käkarna, ospecificerade",,,,
527A,Spottkörtelatrofi,,,,
527B,Spottkörtelhypertrofi,,,,
527C,Spottkörtelinflammation,,,,
527D,Spottkörtelabscess,,,,
527E,Spottkörtelfistel,,,,
527F,Spottsten,,,,
527G,Mukocele,,,,
527H,Rubbad spottkörtelfunktion,,,,
527W,Specificerade sjukdomar i spottkörtlarna andr än 527A-H,,,,
527X,"Sjukdomar i spottkörtlarna, ospecificerade",,,,
528A,Stomatit,,,,
528B,Gangränös stomatit,,,,
528C,Afte och andra sår i munslemhinnan,,,,
528D,Inflammation och abscess i munslemhinnan,,,,
528E,Cystor i munslemhinnan,,,,
528F,Sjukdomar i läpparna,,,,
528G,Leukoplaki i munslemhinnan och på tungan,,,,
528H,Epitelförändringar i munslemhinnan och på tungan,,,,
528W,Submukös fibros i munslemhinnan inklusive tungan,,,,
528X,Andra än 528A-W och ospec sjukdomar i munslemhinnan,,,,
529A,Glossit,,,,
529B,Lingua geographica,,,,
529C,Glossitis rhombica mediana,,,,
529D,Papillhypertrofi på tungan,,,,
529E,Atrofi av tungpapillerna,,,,
529F,Skrotaltunga,,,,
529G,Tungsmärtor,,,,
529W,Specificerade tillstånd i tungan andra än 529A-G,,,,
529X,"Sjukdomar och andra tillstånd i tungan, ospecificerade",,,,
530A,Achalasia cardiae,,,,
530B,Esofagit,,,,
530C,Sår i esofagus,,,,
530D,Striktur och stenos av esofagus,,,,
530E,Perforation av esofagus,,,,
530F,Esofagusdyskinesi,,,,
530G,"Esofagusdivertikel, förvärvad",,,,
530H,Gastro-esofagalt sår- och blödningssyndrom,,,,
530W,Specificerade sjukdomar i esofagus andra än 530A-H,,,,
530X,"Sjukdomar i esofagus, ospecificerade",,,,
531A,Magsår akut med blödning,,,,
531B,Magsår akut med perforation,,,,
531C,Magsår akut med blödning och perforation,,,,
531D,Magsår akut utan uppgift om blödning eller perforation,,,,
531E,Magsår kroniskt el icke specificerat med blödning,,,,
531F,Magsår kroniskt el icke specificerat med perforation,,,,
531G,Magsår kroniskt el icke spec med blödning o perforation,,,,
531H,Magsår kroniskt utan uppgift om blödning el perforation,,,,
531X,Magsår akut el kroniskt utan uppg om blöd el perforatio,,,,
532A,Tolvfingertarmsår akut med blödning,,,,
532B,Tolvfingertarmsår akut med perforation,,,,
532C,Tolvfingertarmsår akut med blödning och perforation,,,,
532D,Tolvfingertarmsår akut utan uppg om blödn eller perfor,,,,
532E,Tolvfingertarmsår kroniskt el icke spec med blödning,,,,
532F,Tolvfingertarmsår kroniskt el icke spec med perforation,,,,
532G,Tolvfingertarmsår kron el icke spec med blödn o perfor,,,,
532H,Tolvfingertarmsår kroniskt utan uppg om blödn el perfor,,,,
532X,Tolvfingertarmsår akut el kron ut uppg om blödn el perf,,,,
533A,Mag-tolftarmsår akut med blödning,,,,
533B,Mag-tolftarmsår akut med perforation,,,,
533C,Mag-tolftarmsår akut med blödning och perforation,,,,
533D,Mag-tolftarmsår akut utan uppg om blödning el perforat,,,,
533E,Mag-tolftarmsår kroniskt el icke spec med blödning,,,,
533F,Mag-tolftarmsår kroniskt el icke spec med perforation,,,,
533G,Mag-tolftarmsår kron eller icke spec med blödn o perfor,,,,
533H,Mag-tolftarmsår kroniskt utan uppg om blödn el perforat,,,,
533X,Mag-tolftarmsår akut el kron utan uppg om blödn el perf,,,,
534A,Recidivsår efter op magsäck akut med blödning,,,,
534B,Recidivsår efter op magsäck akut med perforation,,,,
534C,Recidivsår efter op magsäck akut med blödn o perforat,,,,
534D,Recidivsår ef op magsäck akut utan uppg om blöd el perf,,,,
534E,Recidivsår efter op magsäck kron el icke spec med blödn,,,,
534F,Recidivsår efter op magsäck kron el icke spec med perf,,,,
534G,Rec ef op magsäck kron el icke spec med blödn och perf,,,,
534H,Recidivsår ef op magsäck kron utan uppg om blöd el perf,,,,
534X,Rec ef op magsäck akut el kron ut uppg om blödn el perf,,,,
535A,Akut gastrit,,,,
535B,Atrofisk gastrit,,,,
535C,Hypertrofisk gastrit,,,,
535D,Gastrit orsakad av alkohol,,,,
535E,Annan gastrit,,,,
535F,Ospecificerad gastrit och gastroduodenit,,,,
535G,Duodenit,,,,
536A,Aklorhydri,,,,
536B,Akut dilatation av magsäcken,,,,
536C,Habituella kräkningar,,,,
536W,Dyspepsi och andra rubbningar i magsäckens funktion,,,,
536X,"Rubbningar i magsäckens funktion, ospecificerade",,,,
537A,Hypertrofisk pylorusstenos hos vuxen,,,,
537B,Divertikel i magsäcken,,,,
537D,Tömningshinder i tolvfingertarmen,,,,
537E,Fistel i magsäcken eller tolvfingertarmen,,,,
537F,Gastroptos,,,,
537W,Spec rubbn i magsäck o tolvfingertarm annan än 537A-F,,,,
537X,"Rubbningar i magsäcken och tolvfingertarmen, ospec",,,,
540A,Akut appendicit med allmän peritonit,,,,
540B,Akut appendicit med peritonealabscess,,,,
540X,Akut appendicit utan uppgift om peritonit,,,,
541X,"Appendicit, ospecificerad",,,,
542X,Appendicit annan,,,,
543X,"Sjukdomar i appendix, andra än 540-542",,,,
550A,Ljumskbråck inklämt med gangrän,,,,
550B,Ljumskbråck inklämt utan uppgift om gangrän,,,,
550X,Ljumskbråck utan uppgift om inklämning eller gangrän,,,,
551A,Femoralbråck inklämt med gangrän,,,,
551B,Navelbråck inklämt med gangrän,,,,
551C,Bukväggsbråck inklämt med gangrän,,,,
551D,Diafragmabråck inklämt med gangrän,,,,
551W,Bukbråck inklämt med spec lokal med gangrän utom 551A-D,,,,
551X,Bukbråck inklämt med icke spec lokalisation med gangrän,,,,
552A,Femoralbråck inklämt utan uppgift om gangrän,,,,
552B,Navelbråck inklämt utan uppgift om gangrän,,,,
552C,Bukväggsbråck inklämt utan uppgift om gangrän,,,,
552D,Diafragmabråck inklämt utan uppgift om gangrän,,,,
552W,"Bukbråck inkl m spec lok,ut uppg om gangrän utom 552A-D",,,,
552X,"Bukbråck inkl m icke spec lokal, utan uppg om gangrän",,,,
553A,Femoralbråck,,,,
553B,Navelbråck,,,,
553C,Bukväggsbråck,,,,
553D,Diafragmabråck,,,,
553W,Bukbråck med annan specificerad lokalisation,,,,
553X,Bukbråck med icke specificerad lokalisation,,,,
555A,Regional enterit,,,,
555B,Regional kolit,,,,
555C,Regional inflammation i både tunntarmen och tjocktarmen,,,,
555X,Regional enterit med icke specificerad lokalisation,,,,
556X,Sårig inflammation i tjocktarmen och ändtarmen,,,,
557A,Akut cirkulationsrubbning i tarmen,,,,
557B,Kronisk cirkulationsrubbning i tarmen,,,,
557X,"Cirkulationsrubbning i tarmen, ospecificerad",,,,
558X,Icke infektiös inflammation i magsäck och tarm,,,,
560A,Invagination,,,,
560B,Paralytisk ileus,,,,
560C,Volvulus,,,,
560D,Obstruktion av tarmen,,,,
560W,Annan tarmobstruktion utan uppgift om bråck,,,,
560X,"Tarmobstruktion utan uppgift om bråck, ospecificerad",,,,
562A,Divertikel i tunntarmen,,,,
562B,Divertikel i tjocktarmen,,,,
564A,Obstipation,,,,
564B,Colon irritabile,,,,
564C,Sjukdomstillstånd efter magsäcksoperationer,,,,
564D,Kräkning som följd av gastrointestinala kir ingrepp,,,,
564E,Andra postoperativa funktionella rubbningar,,,,
564F,Funktionell diarre,,,,
564G,Analspasm,,,,
564H,"Megakolon, annan än Hirschsprungs sjukdom",,,,
564W,Spec funktionella rubbningar i tarmen annan än 564A-H,,,,
564X,"Funktionell tarmsjukdom, ospecificerad",,,,
565A,Analfissur,,,,
565B,Analfistel,,,,
566X,Abscess i ändtarms- och stolgångsområdet,,,,
567B,Pneumokockperitonit,,,,
567C,Peritonit annan purulent,,,,
567W,Peritonit specificerad annan än 567A-C,,,,
567X,"Peritonit, ospecificerad",,,,
568A,Peritoneala adherenser,,,,
568W,Specificerad sjukdom i peritoneum annan än 567-568A,,,,
568X,"Peritoneum, andra sjukdomar ospecificerade",,,,
569A,Anal och rektal polyp,,,,
569B,Rektalprolaps,,,,
569C,Stenos i rektum och anus,,,,
569D,Blödning i rektum och anus,,,,
569E,Sjukdomar i rektum och anus andra än 569A-D,,,,
569F,Tarmabscess,,,,
569G,Bristande funktion hos kolostomi el enterostomi,,,,
569W,Specificerad sjukdom i tarmen annan än 569E-G,,,,
569X,"Andra sjukdomar i tarmen, ospecificerade",,,,
570X,Akut och subakut nekros i levern,,,,
571A,Alkoholfettlever,,,,
571B,Akut alkoholhepatit,,,,
571C,Levercirros orsakad av alkohol,,,,
571D,Ospecificerad leverskada orsakad av alkohol,,,,
571E,Kronisk hepatit,,,,
571F,Levercirros utan uppgift om alkohol som orsak,,,,
571G,Biliär cirros,,,,
571W,Spec kron icke alkoholbetingad leversjukdom utom 571E-G,,,,
571X,"Kron leversjd utan uppgift om alkohol som orsak, ospec",,,,
572A,Leverabscess,,,,
572B,Portainfektion,,,,
572C,Leverkoma,,,,
572D,Portahypertension,,,,
572E,Hepatorenalt syndrom,,,,
572W,Följdtillstånd vid kronisk leversjukdom annan än 572A-E,,,,
573A,Kronisk passiv staslever,,,,
573D,Hepatit ospecificerad,,,,
573E,Leverinfarkt,,,,
573W,Specificerad leversjukdom annan än 573A-E,,,,
573X,Ospecificerade leversjukdomar,,,,
574A,Gallsten med akut kolecystit,,,,
574B,Gallsten med annan kolecystit,,,,
574C,Gallsten utan uppgift om kolecystit,,,,
574D,Koledokussten med akut kolecystit,,,,
574E,Koledokussten med annan kolecystit,,,,
574F,Koledokussten utan uppgift om kolecystit,,,,
575A,Akut kolecystit,,,,
575B,Annan kolecystit,,,,
575C,Avstängning av gallblåsa utan uppgift om gallsten,,,,
575D,Hydrops i gallblåsan,,,,
575E,Gallblåseperforation,,,,
575F,Gallblåsefistel,,,,
575G,Kolesterolos i gallblåsan,,,,
575W,Specificerad sjukdom i gallblåsan annan än 575A-G,,,,
575X,Ospecificerade sjukdomar i gallblåsan,,,,
576A,Postkolecystektomisyndrom,,,,
576B,Kolangit,,,,
576C,Förträngning av gallgång,,,,
576D,Perforation av gallgång,,,,
576E,Gallgångsfistel,,,,
576F,Kramp i sfinkter Oddi,,,,
576W,Specificerade sjukdomar i gallvägarna andra än 576A-F,,,,
576X,Ospecificerade sjukdomar i gallvägarna,,,,
577A,Akut pankreatit,,,,
577B,Kronisk pankreatit,,,,
577C,Cysta eller pseudocysta i pankreas,,,,
577W,Specificerad pankreassjukdom annan än 577A-C,,,,
577X,Ospecificerade pankreassjukdomar,,,,
578A,Hematemes,,,,
578B,Melena,,,,
578X,"Blödning i mag-tarmkanalen, ospecificerad",,,,
579A,Celiaki,,,,
579B,Tropisk sprue,,,,
579C,Blind loop syndrome,,,,
579D,Annan än 579A-C o icke spec malabsorption eft kir ingr,,,,
579E,Pankreatisk steatorre,,,,
579W,Intestinal malabsorption specificerad annan än 579A-E,,,,
579X,"Intestinal malabsorption, ospecificerad",,,,
580A,Akut glomerulonefrit m proliferativa glomerulusförändr,,,,
580E,Akut glomerulonefrit med snabbt progressivt förlopp,,,,
580W,Akut glomerulonefrit m spec annan pat-anatom njurföränd,,,,
580X,"Akut glomerulonefrit, ospecificerad",,,,
581A,Nefrotiskt syndrom m proliferativa glomerulusförändring,,,,
581B,Nefrotiskt syndrom m membranösa glomerulusförändringar,,,,
581C,Nefrotiskt syndr m både membr o prolif glomerulusföränd,,,,
581D,Nefrotiskt syndrom med minimal förändring av glomeruli,,,,
581W,Nefrotiskt syndr m spec pat-anat njurföränd utom 581A-D,,,,
581X,"Nefrotiskt syndrom, ospecificerat",,,,
582A,Kronisk glomerulonefrit m proliferativ glomerulusföränd,,,,
582B,Kronisk glomerulonefrit m membranösa glomerulusförändr,,,,
582C,Kron glomerulonefr m membran o prolif glomerulusförändr,,,,
582E,Kronisk glomerulonefrit med snabbt progressivt förlopp,,,,
582W,Kron glomerulonefrit m annan spec patanatom njurförändr,,,,
582X,"Kronisk glomerulonefrit, ospecificerad",,,,
583A,"Nefrit el nefropati,ej spec akut el kron,m prolif förän",,,,
583B,"Nefrit el nefropati,ej spec akut el kron,m membr föränd",,,,
583C,"Nefrit el nefropati,ej spec akut el kron,m både förändr",,,,
583E,"Nefrit el nefropati,ej spec akut el kron,m snabb förlop",,,,
583G,"Nefrit el nefropati,ej spec akut el kron, m kortik nekr",,,,
583H,"Nefrit el nefropati,ej spec akut el kron, m medull nekr",,,,
583W,"Nefrit el nefropati,ej spec akut el kron,m spec pat för",,,,
583X,"Nefrit el nefropati,ej spec akut el kron,m ick spec för",,,,
584F,Akut njursvikt med tubulär nekros,,,,
584G,Akut njursvikt med kortikal nekros,,,,
584H,Akut njursvikt med medullär nekros,,,,
584W,Akut njursvikt m spec njurförändring annan än 584F-H,,,,
584X,"Akut njursvikt, ospecifcerad",,,,
585X,Kronisk njursvikt,,,,
586X,Ospecificerad njursvikt,,,,
587X,Icke spec njurskleros,,,,
588A,Renal osteodystrofi,,,,
588B,Nefrogen diabetes insipidus,,,,
588W,Spec sjd orsak av nedsatt njurfunktion annan än 588A-B,,,,
588X,"Sjukdom orsakad av nedsatt njurfunktion, ospecificerad",,,,
589A,Ensidig liten njure,,,,
589B,Dubbelsidig liten njure,,,,
589X,"Liten njure, ospecificerad",,,,
590A,Kronisk pyelonefrit ock kronisk pyonefros,,,,
590B,Akut pyelonefrit och akut pyonefros,,,,
590C,Renal och perirenal abscess,,,,
590D,Pyeloureteritis cystica,,,,
590W,"Pyelonefrit el pyonefros, ej specif som akut el kronisk",,,,
590X,"Njurinfektion, ospecificerad",,,,
591X,Hydronefros,,,,
592A,Njursten,,,,
592B,Uretärsten,,,,
592X,"Sten i urinvägar, ospecificerad",,,,
593A,Nefroptos,,,,
593B,Hypertrofi av njure,,,,
593C,"Njurcysta, förvärvad",,,,
593D,Striktur av eller knickbildning på uretär,,,,
593E,Uretärobstruktion annan än 593A-D,,,,
593F,Hydrouretär,,,,
593G,Postural proteinuri,,,,
593H,Vesikouretär reflux,,,,
593W,Spec sjukdom i njure och uretär annan än 592A-593H,,,,
593X,"Sjukdom i njure och uretär, ospecificerad",,,,
594A,Sten i blåsdivertikel,,,,
594B,Blåssten annan än 594A,,,,
594C,Sten i uretra,,,,
594W,Specificerad sten i de nedre urinvägarna ann än 594A-C,,,,
594X,"Sten i de nedre urinvägarna, ospecificerad",,,,
595A,Akut cystit,,,,
595B,Kroniskt interstitiell cystit,,,,
595C,Kronisk cystit annan än 595B,,,,
595D,Trigonit,,,,
595W,Specificerad cystit annan än 595A-D,,,,
595X,"Cystit, ospecificerad",,,,
596A,Blåshalsobstruktion,,,,
596B,Intestinovesikal fistel,,,,
596C,Blåsfistel som ej klassificeras annorstädes,,,,
596D,Blåsdivertikel,,,,
596E,Blåsatoni,,,,
596F,Funktionella blåsrubbningar andra än 596A-E,,,,
596G,Icke traumatisk blåsruptur,,,,
596H,Blödning i urinblåseväggen,,,,
596W,Specificerad sjukdom i urinblåsan annan än 595-596W,,,,
596X,"Sjukdomar i urinblåsan, ospecificerade",,,,
597A,Uretraabscess,,,,
597W,Uretrit annan än 597A,,,,
598A,Uretrastriktur beroende på infektion,,,,
598B,Traumatisk uretrastriktur,,,,
598C,Postoperativ uretrastriktur,,,,
598W,Specificerad uretrastriktur annan än 598A-C,,,,
598X,"Uretrastriktur, ospecificerad",,,,
599A,Urinvägsinfektion med icke specificerad lokalisation,,,,
599B,Uretrafistel,,,,
599C,Uretradivertikel,,,,
599D,Uretrakarunkel,,,,
599E,Falsk uretragång,,,,
599F,Prolaps av uretraslemhinnan,,,,
599G,Icke specificerat urinvägshinder,,,,
599H,Hematuri,,,,
599W,Spec sjukdom i uretra och urinvägarna annan än 599A-H,,,,
599X,Andra sjukdomar i uretra och urinvägarna ospecificerad,,,,
600X,Prostataförstoring,,,,
601A,Akut prostatit,,,,
601B,Kronisk prostatit,,,,
601C,Abscess i prostata,,,,
601D,Prostatocystit,,,,
601W,Spec inflammatoriska sjukdomar i prostata ann än 601A-D,,,,
601X,"Inflammatorisk sjukdom i prostata, ospecificerad",,,,
602A,Konkrement i prostata,,,,
602B,Blödning i prostata,,,,
602C,Atrofi av prostata,,,,
602W,Specificerad sjukdom i prostata annan än 600-602C,,,,
602X,"Sjukdomar i prostata, ospecificerade",,,,
603A,Cystiskt hydrocele,,,,
603B,Infekterat hydrocele,,,,
603W,Specificerat hydrocele annat än 603A-B,,,,
603X,"Hydrocele, ospecificerat",,,,
604A,"Orkit, epididymit och epididymo-orkit med abscess",,,,
604X,"Orkit,epididymit o epididymo-orkit utan uppg om abscess",,,,
605X,Förhudsförträngning,,,,
606X,Infertilitet hos man,,,,
607A,Leukoplaki på penis,,,,
607B,Inflammation i ollon och förhud,,,,
607C,Andra inflammatoriska sjukdomar i penis,,,,
607D,Priapism,,,,
607W,Specificerad sjukdom i penis annan än 607A-D,,,,
607X,"Sjukdom i penis, ospecificerad",,,,
608A,Inflammation i sädesblåsorna,,,,
608B,Spermatocele,,,,
608C,Torsion av testikel,,,,
608D,Atrofi av testikel,,,,
608E,Inflammatorisk sjd i de manl könsorg annan än 601A-608D,,,,
608W,Spec sjukdom i de manliga könsorganen ann än 601A-608E,,,,
608X,"Sjukdom i de manliga könsorganen, ospecificerad",,,,
610A,Solitär cysta i bröstkörteln,,,,
610B,Diffus cystisk mastopati,,,,
610C,Fibroadenomatos i bröstkörteln,,,,
610D,Fibroskleros i bröstkörteln,,,,
610E,Ektasi av bröstkörtelgångarna,,,,
610W,Spec benign degenerativ bröstkörtelföränd ann än 610A-E,,,,
610X,"Benigna degenerativa bröstkörtelförändringar, ospec",,,,
611A,Inflammatoriska sjukdomar i bröstkörteln,,,,
611B,Hyperplasi av bröst,,,,
611C,Fissur i bröstvårta,,,,
611D,Fettnekros i bröst,,,,
611E,Atrofi av bröst,,,,
611F,Galaktocele,,,,
611G,Galaktorre,,,,
611H,Sjukdomstecken och symtom från bröst,,,,
611W,Specificerad sjukdom i bröst annan än 611A-H,,,,
611X,"Sjukdom i bröst, ospecificerad",,,,
614A,Akut salpingit och ooforit,,,,
614B,Kronisk salpingit och ooforit,,,,
614C,"Salpingit och ooforit, ej specificerad akut el kronisk",,,,
614D,Akut parametrit och bäckenperitonit,,,,
614E,Kronisk el ospecificerad parametrit och bäckenperitonit,,,,
614F,Akut eller ospecificerad bäckenperitonit hos kvinna,,,,
614G,Bäckenadherenser hos kvinna,,,,
614H,Kronisk bäckenperitonit hos kvinna annan än 614E,,,,
614W,Spec inflam sjd i de kvinnl bäckenorgan ann än 614A-H,,,,
614X,Inflammatorisk sjukdom i de kvinnl bäckenorganen ospec,,,,
615A,Akut inflammation i uterus utom cervix,,,,
615B,Kronisk inflammation i uterus utom cervix,,,,
615X,"Inflammatorisk sjukdom i uterus utom cervix, ospec",,,,
616A,Cervicit och endocervicit,,,,
616B,Vaginit och vulvovaginit,,,,
616C,Cysta i Bartholins körtel,,,,
616D,Abscess i Bartholins körtel,,,,
616E,Abscess i vulva annan än 616D,,,,
616F,Ulceration i vulva,,,,
616W,"Spec cervicit, vaginit och vulvovaginit utom 616A-B",,,,
616X,"Cervicit, vaginit och vulvovaginit, ospecificerade",,,,
617A,Endometrios i uterus,,,,
617B,Endometrios i ovarium,,,,
617C,Endometrios i äggledare,,,,
617D,Endometrios i bäckenets peritoneum,,,,
617E,Rektovaginal och vaginal endometrios,,,,
617F,Endometrios i tarm,,,,
617G,Endometrios i ärr eller hud,,,,
617W,Endometrios med specificer lokalisation annan än 617A-G,,,,
617X,Endometrios med ospecificerad lokalisation,,,,
618A,Prolaps av vaginalväggen utan uppgift om uterusprolaps,,,,
618B,Uterusprolaps utan uppgift om prolaps av vaginalväggen,,,,
618C,"Uterovaginal prolaps, ofullständig",,,,
618D,"Uterovaginal prolaps, fullständig",,,,
618E,Uterovaginal prolaps ospecificerad,,,,
618F,Prolaps av cervix och vagina efter hysterektomi,,,,
618G,"Vaginalt enterocele, medfött eller förvärvat",,,,
618H,Gammal skada på musklerna i bäckenbottnen,,,,
618W,Specificerade prolapser hos kvinna andra än 618A-H,,,,
618X,"Prolaps hos kvinna, ospecificerad",,,,
619A,Fistlar mellan urinvägarna och de kvinnliga könsorganen,,,,
619B,Fistlar mellan matsmältningsorg o kvinnliga könsorganen,,,,
619C,Fistel mellan de kvinnliga könsorganen och huden,,,,
619W,Spec fistlar mell kvinnl könsorg o andr org utom 619A-C,,,,
619X,Ospec fistel mellan kvinnliga könsorgan och andra organ,,,,
620A,Follikelcysta på ovarium,,,,
620B,Cysta i corpus luteum eller blodcysta,,,,
620C,Ovarialcystor andra än 620A-B och ospecificerade,,,,
620D,Förvärvad atrofi av ovarium och äggledare,,,,
620E,Prolaps av ovarium och äggledare,,,,
620F,"Torsion av ovarium, ovarialstjälk eller äggledare",,,,
620G,Lacerationssyndrom i parametriet,,,,
620H,Hematom i parametriet,,,,
620W,"Spec sjd i ovarier, äggled o parametr utom inf o 620A-H",,,,
620X,"Icke inflam sjd i ovarier, äggled o parametrier, ospec",,,,
621A,Slemhinnepolyper i corpus uteri,,,,
621B,Kronisk subinvolution av uterus,,,,
621C,Uterushypertrofi,,,,
621D,Glandulärcystisk hyperplasi av endometriet,,,,
621E,Hematometra,,,,
621F,Intrauterina synekier,,,,
621G,Avvikande läge av uterus,,,,
621H,Kronisk inversion av uterus,,,,
621W,Specificerade sjukdomar i uterus som ej klass annorstäd,,,,
621X,"Sjukdomar i uterus som ej klassific annorstädes, ospec",,,,
622A,Erosion och ektropi i cervix,,,,
622B,Dysplasi av cervix,,,,
622C,Leukoplaki på cervix,,,,
622D,Gammal skada på cervix,,,,
622E,Striktur och stenos av cervix,,,,
622F,Cervixinsufficiens,,,,
622G,Hypertrofisk förlängning av cervix,,,,
622H,Slemhinnepolyp i cervix,,,,
622W,Spec icke inflammator sjukdom i cervix annan än 622A-H,,,,
622X,"Icke inflammatoriska sjukdomar i cervix, ospecificerade",,,,
623A,Dysplasi i vagina,,,,
623B,Leukoplaki i vagina,,,,
623C,Striktur eller atresi av vagina,,,,
623D,Trång hymenring,,,,
623E,Gammal skada i vagina,,,,
623F,"Leukorre, icke specificerad som infektiös",,,,
623G,Vaginalhematom,,,,
623H,Polyp i vagina,,,,
623W,Spec icke inflammatorisk sjd i vagina annan än 623A-H,,,,
623X,"Icke inflammatorisk sjukdom i vagina, ospecificerad",,,,
624A,Dystrofi av vulva,,,,
624B,Atrofi av vulva,,,,
624C,Hypertrofi av klitoris,,,,
624D,Hypertrofi av labia,,,,
624E,Gammal skada eller ärr i vulva,,,,
624F,Hematom i vulva,,,,
624G,Polyp på labia och i vulva,,,,
624W,Spec icke infl sjd i vulva och perineum annan än 624A-G,,,,
624X,Icke inflammatorisk sjukdom i vulva och perineum ospec,,,,
625A,Dyspareuni,,,,
625B,Vaginism,,,,
625C,Smärtsam ägglossning,,,,
625D,Dysmenorre,,,,
625E,Premenstruellt spänningssyndrom,,,,
625F,Pelvic congestion syndrome,,,,
625G,Stressinkontinens hos kvinna,,,,
625W,Spec symtom i samb m de kvinnl könsorgan ann än 625A-G,,,,
625X,Smärtor o andra symtom i de kvinnl könsorganen ospec,,,,
626A,Amenorre,,,,
626B,Sparsamma eller glesa menstruationer,,,,
626C,Rikliga eller täta menstruationer,,,,
626D,Pubertetsblödningar,,,,
626E,Oregelbunden menstruationscykel,,,,
626F,Ovalationsblödning,,,,
626G,Metrorragi,,,,
626H,Blödning efter samlag,,,,
626W,Spec mensrubbn o blödn fr de kvinnl könsorg utom 626A-W,,,,
626X,Mensrubbn o onorm blödn från kvinnliga könsorgan ospec,,,,
627A,Menorragi i samband med menopausen,,,,
627B,Blödning efter menopausen,,,,
627C,Tillstånd i samband med klimakteriet och vid menopausen,,,,
627D,Atrofisk vaginit efter menopausen,,,,
627E,Tillstånd sammanhängande med icke naturlig menopaus,,,,
627W,Spec sjdtillst i samb m o eft menopaus annan än 627A-E,,,,
627X,"Sjukliga tillstånd i samband med o eft menopausen,ospec",,,,
628A,Infertilitet vid anovulation,,,,
628C,Infertilitet beroende på störd funktion i äggledarna,,,,
628D,Infertilitet beroende på förändringar el sjukd i uterus,,,,
628E,Infertilitet pga förändr el sjukd i cervix el vagina,,,,
628W,Kvinnlig infertilitet av spec orsak annan än 628A-E,,,,
628X,Kvinnlig infertilitet av icke specificerad orsak,,,,
629A,Hematocele hos kvinna,,,,
629B,Hydrocele hos kvinna,,,,
629W,Spec sjd i de kvinnliga könsorganen annan än 614A-628B,,,,
629X,"Sjukdom i de kvinnliga könsorganen, ospecificerad",,,,
630X,Druvbörd,,,,
631X,Annat onormalt utfall av befruktningen,,,,
632X,Uteblivet missfall,,,,
633A,Graviditet i bukhålan,,,,
633B,Graviditet i äggledaren,,,,
633C,Äggstocksgraviditet,,,,
633W,Extrauteringraviditet annan än 633-633W,,,,
633X,"Extrauteringraviditet, ospecificerad",,,,
634A,"Komplik efter spont missfall,infekt i könsorg o bäcken",,,,
634B,"Komplik efter spont missfall, långv el rikl blödning",,,,
634C,"Komplik efter spont missfall, skada på organ i bäcken",,,,
634D,Komplik efter spontant missfall i form av njursvikt,,,,
634E,"Komplik efter spontant missfall, ämnesomsättningsrubbn",,,,
634F,Komplikation efter spontant missfall i form av chock,,,,
634G,Komplikation efter spontant missfall i form av emboli,,,,
634H,Spec kompl efter spontant missfall annan än 634A-G,,,,
634W,Icke specificerad komplikation efter spontant missfall,,,,
634X,Spontant missfall utan att komplikation anges,,,,
635A,Kompl efter leg abort i form av inf i könsorg o bäcken,,,,
635B,Kompl efter legal abort i form av långv el riklig blödn,,,,
635C,"Kompl efter legal abort,skada på organ o vävn i bäcken",,,,
635D,Kompl efter legal abort i form av njursvikt,,,,
635E,Kompl efter legal abort i form av ämnesomsättningsrubbn,,,,
635F,Kompl efter legal abort i form av chock,,,,
635G,Kompl efter legal abort i form av emboli,,,,
635H,Spec komplikation efter legal abort annan än 635A-G,,,,
635W,Icke specificerad komplikation efter legal abort,,,,
635X,Legal abort utan att komplikation anges,,,,
636A,"Kompl efter illegal abort, infekt i könsorgan o bäcken",,,,
636B,Kompl efter illegal abort i form av långv el rikl blödn,,,,
636C,"Kompl efter illegal abort, skada på org o vävn i bäcken",,,,
636D,Kompl efter illegalt framkall abort i form av njursvikt,,,,
636E,Komplik efter illegal abort i form av ämnesomsättnrubbn,,,,
636F,Komplik efter illegalt framkallad abort i form av chock,,,,
636G,Kompl efter illegalt framkallad abort i form av emboli,,,,
636H,Spec komplik efter illegalt framk abort annan än 636A-G,,,,
636W,Icke spec komplikation efter illegalt framkallad abort,,,,
636X,Illegalt framkallad abort utan att komplikation anges,,,,
637A,"Kompl efter icke spec missfall, inf i könsorg o bäcken",,,,
637B,"Kompl efter icke spec missfall, långvar el riklig blödn",,,,
637C,"Kompl efter icke spec missfall, skada på organ i bäcken",,,,
637D,Kompl efter icke spec missfall i form av njursvikt,,,,
637E,"Kompl efter icke spec missfall, ämnesomsättningsrubbn",,,,
637F,Kompl efter icke specificerat missfall i form av chock,,,,
637G,Kompl efter icke specificerat missfall i form av emboli,,,,
637H,Spec kompl annan än 637A-G efter icke spec missfall,,,,
637W,Icke specificerad kompl efter icke spec missfall,,,,
637X,Icke specificerat missfall utan att komplikation anges,,,,
638A,"Kompl efter missl försök t abort,inf i könsorg o bäcken",,,,
638B,"Kompl efter missl försök t abort, långv el riklig blödn",,,,
638C,"Kompl efter missl försök t abort, skada på org i bäcken",,,,
638D,Kompl efter misslyck försök t abort i form av njursvikt,,,,
638E,"Kompl efter missl försök t abort, ämnesomsättningsrubbn",,,,
638F,Kompl efter misslyckat försök t abort i form av chock,,,,
638G,Kompl efter misslyck försök t abort i form av emboli,,,,
638H,Spec kompl ann än 638A-G efter misslyck försök t abort,,,,
638W,Icke spec komplation efter misslyck försök till abort,,,,
638X,Misslyck försök till abort utan att komplikation anges,,,,
639A,Kompl efter abort etc i form av inf i könsorg o bäcken,,,,
639B,Kompl efter abort etc i form av långv el rikl blödning,,,,
639C,"Kompl efter abort etc, skada på organ o vävnad i bäcken",,,,
639D,"Kompl efter abort, utomkvedshav etc i form av njursvikt",,,,
639E,Kompl efter abort etc i form av ämnesomsättningsrubbn,,,,
639F,"Kompl efter abort, utomkvedshav etc i form av chock",,,,
639G,"Kompl efter abort, utomkvedshav etc i form av emboli",,,,
639W,Spec komplikation efter abort etc annan än 634A-637X,,,,
639X,Icke spec komplikation till tillstånd under 630X-638X,,,,
640A,Hotande missfall,,,,
640W,Specificerad blödning i tidig graviditet annan än 640A,,,,
640X,"Blödning i tidig graviditet, ospecificerad",,,,
641A,Placenta praevia utan blödning,,,,
641B,Blödning från placenta praevia,,,,
641C,För tidig avlossning av placenta,,,,
641D,Blödning före förlossn i samband med koagulationsrubbn,,,,
641W,Andra blödningar före förlossningen utom 640-641W,,,,
641X,"Blödningar i sen graviditet, ospecificerade",,,,
642A,Benign essent hypertoni som kompl vid grav el förloss,,,,
642B,"Hypertoni,sekundär t njursjd,som kompl vid grav,förloss",,,,
642C,"Hypertoni,som kompliceras v gravid m m, annan än 642A-B",,,,
642D,Övergående hypertoni under graviditeten,,,,
642E,Lätt eller ospecificerad preeklampsi,,,,
642F,Svår preeklampsi,,,,
642G,Eklampsi,,,,
642H,Preeklampsi el eklampsi där hypertoni funnits före grav,,,,
642X,"Hypertoni, ospec, som kompl vid graviditet el barnsbörd",,,,
643A,Lätta graviditetskräkningar,,,,
643B,Graviditetskräkning med ämnesomsättningsstörning,,,,
643C,Kräkningar i sen graviditet,,,,
643W,Spec kräkningstillstånd som kompl till graviditet,,,,
643X,"Graviditetskräkningar, ospecificerade",,,,
644A,Hotande förtidsbörd,,,,
644B,Prematurt värkarbete,,,,
645X,Överburenhet,,,,
646A,Fetus papyraceus,,,,
646B,Ödem el stor viktökn under grav utan uppg om hypertoni,,,,
646C,Ospec njursjukdom under grav utan uppgift om hypertoni,,,,
646D,Habituell abort,,,,
646E,Perifer neurit under graviditet,,,,
646F,Asymtomatisk bakteriuri under graviditeten,,,,
646G,Infektioner i urogenitalorganen under graviditet,,,,
646H,Leversjukdom under graviditet,,,,
646W,Spec komplikation under graviditet annan än 642-646H,,,,
646X,"Komplikation vid graviditet, ospecificerad",,,,
647A,Syfilis som komplikation till förlossning,,,,
647B,Gonorre som komplikation till förlossning,,,,
647C,Veneriska sjukdomar som komplikation till förlossning,,,,
647D,Tuberkulos som komplikation till förlossning,,,,
647E,Malaria som komplikation till förlossning,,,,
647F,Röda hund som komplikation till förlossning,,,,
647G,Virussjd annan än 647F som kompl till förlossning,,,,
647W,Spec infektsjd o parasitsjd som kompl till förlossning,,,,
647X,"Infektsjd el parasitsjd, ospec som kompl t förlossning",,,,
648A,Diabetes mellitus som komplikation till förlossning,,,,
648B,Rubbad tyroideafunktion som kompl till förlossning,,,,
648C,Anemi som komplikation till förlossning,,,,
648D,Drogberoende som komplikation till förlossning,,,,
648E,Psykiska störningar som komplikation till förlossning,,,,
648F,Medfödda hjärt-kärlsjukdomar som kompl till förlossning,,,,
648G,Andra hjärt-kärlsjd än 648F som kompl till förlossning,,,,
648H,"Skelett o ledsjd i rygg,bäcken el n extr s kompl t förl",,,,
648W,Patologisk glykostolerans som kompl till förlossning,,,,
648X,Spec tillstånd andra än 648A-W som kompl t förlossning,,,,
650X,"Normal förlossning, förlossning utan komplikation",,,,
651A,Tvillinggraviditet,,,,
651B,Trillinggraviditet,,,,
651C,Fyrlinggraviditet,,,,
651W,Flerbördsgraviditeter andra än 651A-C,,,,
651X,"Flerbördsgraviditet, ospecificerad",,,,
652A,Instabilt läge,,,,
652B,Sätesläge el annat onorm fosterläge s vänts t huvudbjud,,,,
652C,Sätesläge utan uppgift om vändning,,,,
652D,Tvärläge eller snedläge,,,,
652E,Ansikts- eller pannbjudning,,,,
652F,Högt stående huvud vid fullgångenhet,,,,
652G,Flerbörd m onormal bjudning hos ett el flera av fostren,,,,
652H,Förlossning med framfallen arm,,,,
652W,Specificerade fellägen vid förlossning andra än 652A-H,,,,
652X,"Fosterfelläge, ospecificerat",,,,
653A,"Större, ej närmare spec abnormitet i bäckenskelettet",,,,
653B,Allmänt förträngt bäcken,,,,
653C,Förträngd bäckeningång,,,,
653D,Förträngd bäckenutgång,,,,
653E,Disproportion mellan foster och bäcken,,,,
653F,Ovanligt stort foster som orsak till disproportionen,,,,
653G,Hydrocefalus hos foster som orsak till disproportionen,,,,
653H,Fosterabnorm som orsak t disproportion annan än 653A-G,,,,
653W,"Disproportion av annan spec orsak, annan än 653A-H",,,,
653X,"Disproportion mellan bäcken- och fosterstorlek, ospec",,,,
654A,"Medfödda missbildningar i livmodern, vid graviditet",,,,
654B,"Tumör i corpus uteri, vid graviditet",,,,
654C,"Ärrbildning i livmodern efter tidig kir ingr,vid grav",,,,
654D,Retroverterad och inklämd gravid livmoder,,,,
654E,Abnorm i form o läge hos grav livmoder annan än 654A-D,,,,
654F,"Cervixinsufficiens, vid graviditet",,,,
654G,Medfödd el förvärv abn i livmoderhals v grav an än 651F,,,,
654H,"Medfödd eller förvärvad abnormitet i vagina, vid grav",,,,
654W,"Medfödd eller förvärvad abnormitet i vulva, vid grav",,,,
654X,"Abnorm i bäckenets organ o mjukdelar, vid grav, ospec",,,,
655A,Missbildn i fostrets centr nervsystem som påverk moder,,,,
655B,Kromosomrubbning hos fostret som påverkar moder,,,,
655C,Ärftlig sjd i familjen som möjlig kan påverka fostret,,,,
655D,Misstänkt skada på fostret genom virussjd hos modern,,,,
655E,Misstänkt skada på fostret v sjd hos modern utom 655A-D,,,,
655F,Misstänkt skada på fostret pga av droger s moder tagit,,,,
655G,Misstänkt skada på fostret genom strålning av moder,,,,
655W,"Känd el misst fosterabn som påv moder, ej klass annorst",,,,
655X,Känd el misstänkt fosterabn som påverkar vård av moder,,,,
656A,Feto-maternell blödning,,,,
656B,Rhesus-isoimmunisering,,,,
656C,Isoimmunisering inom andra el ospec blodgruppssystem,,,,
656D,Fosterasfyxi som påverkar vård av moder,,,,
656E,Intrauterin fosterdöd som påverkar vård av moder,,,,
656F,Intrauterin tillväxthämning som påverkar vård av moder,,,,
656G,Överdriven fetal tillväxt som påverkar vård av moder,,,,
656H,Onormala tillstånd i placenta som påverk vård av moder,,,,
656W,Spec probl h foster s påv vård av moder annan än 656A-H,,,,
656X,"Probl h foster el moderkaka s påv vård av moder, ospec",,,,
657X,Onormalt stor mängd fostervatten,,,,
658A,Oligohydramnion,,,,
658B,För tidig hinnbristning,,,,
658C,Fördröjd förlossn efter spontan el ospec hinnbristning,,,,
658D,Fördröjd förlossning efter artificiell hinnsprängning,,,,
658E,"Infektion av fostervattenhåla,fosterhinnor el moderkaka",,,,
658W,Problem hänförbar t fostervattenhåla o hinn utom 658A-E,,,,
658X,"Problem,ospec, hänförbar t fostervattenhålan o hinnorna",,,,
659A,Misslyckat mekaniskt igångsättande av förlossningsarb,,,,
659B,Misslyckat medicinskt igångsättande av förlossningsarb,,,,
659C,"Feber hos modern under värkarbetet, ospecificerad",,,,
659D,Allmän infektion under värkarbetet,,,,
659E,Mångföderska,,,,
659F,Äldre förstföderska,,,,
659W,Spec anledn t vård o ingrepp vid förlossn ann än 659A-F,,,,
659X,"Anledning t vård i samband m värkarb o förlossn, ospec",,,,
660A,Förlossningshinder pga onormalt fosterläge,,,,
660B,Förlossningshinder pga förändringar i bäckenskelettet,,,,
660C,Förlossningshinder pga förändring i bäckenets mjukdelar,,,,
660D,Djup tvärställning eller vidöppen bjudning,,,,
660E,Skulderdystoci,,,,
660F,Tvillingkollision,,,,
660G,"Misslyckat försök till vaginal förlossning, ospec",,,,
660H,"Misslyckat försök att förlösa m tång el sugklocka,ospec",,,,
660W,Specificerat förlossningshinder annat än 660A-H,,,,
660X,"Förlossningshinder, ospecificerat",,,,
661A,Hypoton värksvaghet,,,,
661B,Sekundär hypoton värksvaghet,,,,
661C,Annan än 661A-B och ospecificerad värksvaghet,,,,
661D,Värkstorm,,,,
661E,"Hypertont, okoordinerat eller utdraget värkarbete",,,,
661X,"Värkrubbning, ospecificerad",,,,
662A,Förlängt öppningsskede,,,,
662B,"Förlängt värkarbete, ospecificerat",,,,
662C,Förlängt utdrivningsskede,,,,
662D,"Fördröjd förlossning av andra tvillingen, trilling etc",,,,
663A,Framfall av navelsträngen,,,,
663B,Navelsträngen runt halsen med kompression,,,,
663C,Andra än 663B o ospec navelsträngskompl m kompression,,,,
663D,Andra än 663A o ospecificerad navelsträngskomplikation,,,,
663E,Kort navelsträng,,,,
663F,Vasa praevia,,,,
663G,Kärlskada i navelsträngen,,,,
663W,Specificerad navelsträngskomplikation annan än 663A-G,,,,
663X,"Navelsträngskomplikationer, ospecificerad",,,,
664A,Perinealbristning av första graden,,,,
664B,Perinealbristning av andra graden,,,,
664C,Perinealbristning av tredje graden,,,,
664D,Perinealbristning av fjärde graden,,,,
664E,Icke specificerad perinealbristning,,,,
664F,Hematom i vulva eller perineum,,,,
664W,Spec skador i perineum o vulva vid förlossn utom 664A-F,,,,
664X,"Skador i perineum och vulva under förlossningen, ospec",,,,
665A,Uterusruptur före förlossningsarbetets början,,,,
665B,Uterusruptur under eller efter värkarbetet,,,,
665C,Inversion av livmodern,,,,
665D,"Skada på cervix, cervixruptur",,,,
665E,Hög laceration i vagina,,,,
665F,Skador på bäckenorganen annan än 665A-E,,,,
665G,Skada på bäckenets leder och ligament,,,,
665H,Bäckenhematom,,,,
665W,Spec förlossningsskador på modern annan än 665A-H,,,,
665X,"Förlossningsskador på modern, ospecificerade",,,,
666A,Blödning under efterbördsskedet,,,,
666B,Blödning omedelbart efter förlossningen annan än 666A-B,,,,
666C,Fördröjd och sekundär blödning efter förlossningen,,,,
666D,Koagulationsrubbningar efter förlossningen,,,,
667A,Kvarhållen moderkaka utan blödning,,,,
667B,Kvarhållna delar av moderkakan el hinnor utan blödning,,,,
668A,Lungkomplikationer av bedövningsmedel vid förlossning,,,,
668B,Hjärtkomplikationer av bedövningsmedel vid förlossning,,,,
668C,Centralnervösa komplikationer av bedövnmedel v förloss,,,,
668W,Spec kompl av bedövnmedel vid förloss annan än 668A-C,,,,
668X,"Kompl av bedövningsmedel etc vid förlossning, ospec",,,,
669A,Chocktillstånd hos modern vid förlossning,,,,
669B,Chock under eller efter värkarbete och förlossning,,,,
669C,Blodtrycksfall hos modern vid förlossning,,,,
669D,Akut njursvikt efter värkarbete och förlossning,,,,
669E,Komplikationer till obstetriska ingrepp andra än 669A-D,,,,
669F,Förlossning m tång el sugklocka utan uppgift om indik,,,,
669G,Sätesextraktion utan uppgift om indikation,,,,
669H,Kejsarsnitt utan uppgift om indikation,,,,
669W,Spec kompl till värkarbete och förloss annan än 669A-H,,,,
669X,Kompl till värkarb o förloss som ej klass annorstädes,,,,
670X,Svårare infektion under barnsängstiden,,,,
671A,Åderbråck i benen som komplikation till förlossning,,,,
671B,Åderbråck i vulva och bäckenbotten som kompl t förloss,,,,
671C,Ytliga tromboflebiter som komplikation till förlossning,,,,
671D,Djup ventrombos före förlossningen,,,,
671E,Djup ventrombos efter förlossningen,,,,
671F,Annan flebit och trombos vid förlossning,,,,
671W,Spec venösa kompl und grav o barnsängstid ann än 671A-F,,,,
671X,"Venösa kompl under grav och barnsängstiden, ospec",,,,
672X,Feber av oklar orsak under barnsängstiden,,,,
673A,Luftemboli vid förlossning,,,,
673B,Fostervattenemboli vid förlossning,,,,
673C,Emboli på grund av blodpropp vid förlossning,,,,
673D,Septisk emboli vid förlossning,,,,
673W,Specificerade obstetriska lungembolier andra än 673A-D,,,,
674A,Cerebrovaskulära sjukdomar under barnsängstiden,,,,
674B,Sårruptur efter kejsarsnitt,,,,
674C,Ruptur av suturerat sår i perineum vid förlossning,,,,
674D,Kompl från sår efter förlossningsop annan än 674B-C,,,,
674E,Placentapolyp,,,,
674W,Spec kompl under barnsängstiden annan än 670X-674E,,,,
674X,"Komplikationer under barnsängstiden, ospecificerade",,,,
675A,Infektion i bröstvårtan i samband med barnsbörd,,,,
675B,Bröstböld i samband med barnsbörd,,,,
675C,Ytlig bröstkörtelinflammation i samband med barnsbörd,,,,
675W,Spec infek i bröstkört o -vårta v förloss utom 675A-C,,,,
675X,"Infektion i bröstkörtel o- vårta v barnsbörd, ospec",,,,
676A,Indragen bröstvårta i samband med barnsbörd,,,,
676B,Sprucken bröstvårta i samband med barnsbörd,,,,
676C,Mjölkstockning i samband med barnsbörd,,,,
676D,Annan än 675A-676C o icke spec sjd i bröst v barnsbörd,,,,
676E,Sviktande mjölkproduktion i samband med barnsbörd,,,,
676F,Undertryckt mjölkproduktion i samband med barnsbörd,,,,
676G,Galaktorre i samband med barnsbörd,,,,
676W,Andra laktationssjukdomar vid barnsbörd än 676C-G,,,,
676X,"Laktationssjukdomar i samband med barnsbörd, ospec",,,,
680A,Karbunkel eller furunkel i ansiktet,,,,
680B,Karbunkel eller furunkel i nacken,,,,
680C,Karbunkel eller furunkel på bålen,,,,
680D,Karbunkel eller furunkel på överarm och underarm,,,,
680E,Karbunkel eller furunkel på hand,,,,
680F,Karbunkel eller furunkel i sätesregionen,,,,
680G,Karbunkel eller furunkel på ben utom fot,,,,
680H,Karbunkel eller furunkel på fot,,,,
680W,Karbunkel el furunkel m spec lokalis annan än 680A-H,,,,
680X,Karbunkel eller furunkel med icke spec lokalisation,,,,
681A,Cellulit och abscess i finger,,,,
681B,Cellulit och abscess i tå,,,,
681X,"Cellulit och abscess i finger eller tå, ospec lokalis",,,,
682A,Cellulit och abscess i ansiktet,,,,
682B,Cellulit och abscess på halsen,,,,
682C,Cellulit och abscess på bålen,,,,
682D,Cellulit och abscess på överarm och underarm,,,,
682E,Cellulit och abscess i hand utom fingrar,,,,
682F,Cellulit och abscess i sätesregionen,,,,
682G,Cellulit och abscess på ben utom fot,,,,
682H,Cellulit och abscess i fot utom tår,,,,
682W,Cellulit och abscess med spec lokal annan än 681A-682H,,,,
682X,Cellulit och abscess med icke specificerad lokalisation,,,,
683X,Akut lymfkörtelinflammation,,,,
684X,Impetigo,,,,
685A,Pilonidalcysta med abscess,,,,
685B,Pilonidalcysta utan uppgift om abscess,,,,
686A,Pyoderma,,,,
686B,Pyogent granulom,,,,
686W,Lokala infektioner i hud och underhud andra än 686A-B,,,,
686X,"Lokala infektioner i hud och underhud, ospecificerade",,,,
690X,Erytematoskvamös dermatos,,,,
691A,Blöjeksem,,,,
691W,"Atopisk dermatit, annan",,,,
692A,Kontakteksem orsakat av tvättmedel,,,,
692B,Kontakteksem orsakat av oljor och smörjmedel,,,,
692C,Kontakteksem orsakat av lösningsmedel,,,,
692D,Kontakteksem orsakat av läkemedel i kontakt med huden,,,,
692E,Kontakteksem orsakat av andra kemiska produkter,,,,
692F,Kontakteksem orsakat av födoämnen i kontakt med huden,,,,
692G,Kontakteksem orsakat av växter (utom födoämnen),,,,
692H,Kontakteksem orsakat av solstrålning,,,,
692W,Kontakteksem el eksem orsak av spec orsak ann än 692A-H,,,,
692X,Kontakteksem o andra kontaktdermatit av icke spec orsak,,,,
693A,Dermatit orsakad av läkemedel,,,,
693B,Dermatit orsakad av födoämnen,,,,
693W,"Dermatit orsakad av specificerat ämne, annan än 693A-B",,,,
693X,Dermatit orsakad av icke specificerat ämne,,,,
694A,Dermatitis herpetiformis,,,,
694B,Subkorneal pustulös dermatos,,,,
694C,"Dermatitis herpetiformis, juvenil",,,,
694D,Impetigo herpetiformis,,,,
694E,Pemfigus,,,,
694F,Pemfigoid,,,,
694G,Benign slemhinnepemfigoid,,,,
694W,"Blåsdermatoser, annan",,,,
694X,"Blåsdermatoser, ospecificerade",,,,
695A,Toxiskt erytem,,,,
695B,Erythema multiforme,,,,
695C,Erythema nodosum,,,,
695D,Rosacea,,,,
695E,Lupus erythematosus discoides,,,,
695W,Erytematösa tillstånd andra än 695A-E,,,,
695X,"Erytematösa tillstånd, ospecificerade",,,,
696A,Psoriatisk ledsjukdom,,,,
696B,"Psoriasis, annan",,,,
696C,Parapsoriasis,,,,
696D,Pityriasis rosea,,,,
696E,Pityriasis rubra pilaris,,,,
696F,Fjällning annan än 696A-E och ospecificerad,,,,
696W,Psoriasisliknande tillstånd annat än  696A-F,,,,
697A,Lichen planus,,,,
697B,Lichen nitidus,,,,
697W,Lichenform som ej klassificeras annorstädes,,,,
697X,"Lichen, ospecificerad",,,,
698A,Pruritus ani,,,,
698B,Klåda i genitalregionen,,,,
698C,Prurigo,,,,
698D,Lichen simplex chronicus,,,,
698E,Dermatitis factitia,,,,
698W,Klåda annan än 698A-E,,,,
698X,"Pruritus, ospecificerad",,,,
700X,Liktornar och hudförhårdnader,,,,
701A,Scleroderma circumscriptum,,,,
701B,"Keratodermi, förvärvad",,,,
701C,"Acanthosis nigricans, förvärvad",,,,
701D,Striae atrophicae,,,,
701E,Keloid,,,,
701F,"Abnorm granulationsvävnad, annan än 701E",,,,
701W,Spec hypertrof o atrof tillstånd i hud annan än 701A-F,,,,
701X,"Hypertrofisk och atrofisk hudsjd, ospecificerad",,,,
702X,Andra dermatoser,,,,
703A,Nageltrång,,,,
703W,Sjukdomar i naglar andra än 703A,,,,
703X,"Sjukdomar i naglar, ospecificerade",,,,
704A,Alopeci,,,,
704B,Hirsutism,,,,
704C,Sjukdomar i hårskaften,,,,
704D,Variationer i hårfärgen,,,,
704W,Spec sjukdom i hår och hårfolliklar annan än 704A-D,,,,
704X,"Sjukdomar i hår och hårfolliklar, ospecificerade",,,,
705A,Anhidros,,,,
705B,Värmeutslag,,,,
705W,Specificerad sjukdom i svettkörtlarna annan än 705A-B,,,,
705X,"Sjukdomar i svettkörtlarna, ospecificerade",,,,
706A,Acne varioliformis,,,,
706B,Annan akne,,,,
706C,Talgcysta,,,,
706D,Seborre,,,,
706W,Specificerade sjukdomar i talgkörtlar andra än 706A-D,,,,
706X,"Sjukdomar i talgkörtlarna, ospecificerade",,,,
707A,Dekubitalsår,,,,
707B,Sår på nedre extremitet utom dekubitalsår,,,,
707W,Kroniskt sår med spec lokalisation annan än 707A-B,,,,
707X,Kroniskt sår med icke specificerad lokalisation,,,,
708A,"Urtikaria, allergisk",,,,
708B,"Urtikaria, idiopatisk",,,,
708C,Urtikaria beroende på kyla eller värme,,,,
708D,"Urtikaria, dermografisk",,,,
708E,"Urtikaria, vibratorisk",,,,
708F,"Urtikaria, kolinergisk",,,,
708W,"Urtikaria, specificerad, annan än 708A-F",,,,
708X,"Urtikaria, ospecificerad",,,,
709A,Dyskromi,,,,
709B,Kärlsjukdomar i huden,,,,
709C,Ärrtillstånd och fibros i huden,,,,
709D,Degenerativa hudsjukdomar,,,,
709E,Främmandekroppsgranulom i hud eller underhud,,,,
709W,Specificerade sjuukdomar i huden andra än 707A-709E,,,,
709X,"Sjukdomar i hud och underhud, ospecificerade",,,,
710A,Systemisk lupus erythematosus,,,,
710B,Systemisk skleros,,,,
710C,Siccasyndromet,,,,
710D,Dermatomyosit,,,,
710E,Polymyosit,,,,
710W,Spec systemiska bindvävssjukdomar andra än 710A-E,,,,
710X,"Systemiska bindvävssjukdomar, ospecificerade",,,,
711A,Varig artrit,,,,
711B,Uroartropati,,,,
711C,Artropati vid Behcets sjukdom,,,,
711D,Enteroartropati,,,,
711E,Artropati i samband med andra bakteriesjukdomar,,,,
711F,Artropati i samband med andra virussjukdomar,,,,
711G,Artropati i samband med svampsjukdomar,,,,
711H,Artropati i samband med masksjukdomar,,,,
711W,Artropati i samb m infekt o parasitsjd annan än 711A-H,,,,
711X,"Artropati i samband med infektion, ospecificerad",,,,
712B,Kondrokalcinos orsakad av dikalciumpyrofosfatkristaller,,,,
712C,Kondrokalcinos orsakad av pyrofosfatkristaller,,,,
712D,"Kondrokalcinos, ospecificerad",,,,
712W,Specificerade kristallartropatier andra än 712A-D,,,,
712X,"Kristallartropatier, ospecificerade",,,,
713A,Artropati i samband med endokrina och metaboliska sjd,,,,
713B,Artropati vid andra mag-tarmsjukdomar än infektioner,,,,
713C,Artropati vid blodsjukdomar,,,,
713D,Artropati vid hudsjukdomar,,,,
713E,Artropati vid andningsorganens sjukdomar,,,,
713F,Artropati vid nervsystemets sjukdomar,,,,
713G,Artropati vid överkänslighetsreaktion,,,,
713H,Annan allmänsjukdom med ledengagemang,,,,
713W,Artropati vid andra sjukdomar som klass annorstädes,,,,
714A,Reumatoid artrit,,,,
714B,Feltys syndrom,,,,
714C,Reum artrit m engag från andra inre org el organsystem,,,,
714D,"Reumatoid artrit, juvenil",,,,
714E,"Artropati efter reumatisk feber, kronisk",,,,
714W,"Reumatoid artrit, specificerad, annan än 714A-E",,,,
714X,"Polyartrit, inflammatorisk, ospecificerad",,,,
715A,Artros generaliserad,,,,
715B,Artros lokaliserad primär,,,,
715C,Artros lokaliserad sekundär,,,,
715D,"Artros lokal,ej specificerad som primär eller sekundär",,,,
715W,Artros i mer än en led men ej spec som generaliserad,,,,
715X,Artros ej spec som generaliserad eller lokaliserad,,,,
716A,Kaschin-Becks sjukdom,,,,
716B,"Artropati, traumatisk",,,,
716C,"Artrit, allergisk",,,,
716E,"Artropati, tillfälligt uppträdande",,,,
716F,"Polyartropati eller polyartrit, icke specificerad",,,,
716G,"Monoartrit, icke specificerad",,,,
716W,"Artropati, specificerad annan än 716A-E",,,,
716X,"Artropati annan, ospecificerad",,,,
717A,"Ruptur i mediala menisken, längsgående",,,,
717B,Ruptur av mediala meniskens framhorn,,,,
717C,Ruptur av mediala meniskens bakhorn,,,,
717D,Ruptur av mediala menisk annan än 714A-C o icke spec,,,,
717E,Ruptur av laterala menisken,,,,
717F,Ruptur av menisk som ej klass annorstädes,,,,
717G,Fri kropp i knäled,,,,
717H,Chondromalacia patellae,,,,
717W,"Ledbrosksjukdom i knäled, specificerad annan än 717A-H",,,,
717X,"Ledbrosksjukdom i knäled, ospecificerad",,,,
718A,Ledbrosksjukdom,,,,
718B,Fri kropp i led,,,,
718C,"Luxation, patologisk",,,,
718D,"Luxation, habituell",,,,
718E,Kontraktur i led,,,,
718F,Ankylotisk led,,,,
718G,"Protrusio acetabuli, ospecificerad",,,,
718W,Ledbrosksjukdom som ej klassificeras annorstädes,,,,
718X,"Sjukdom i ledbrosk, ospec, i andra leder än knäled",,,,
719A,Ledutgjutning,,,,
719B,Hemartros,,,,
719C,Villonodulär synovit,,,,
719D,Palindrom reumatism,,,,
719E,Smärta i led,,,,
719F,Ledstelhet som ej klassificeras annorstädes,,,,
719G,Andra ledsymtom än 719A-F,,,,
719H,Gångsvårigheter,,,,
719W,"Ledsjukdomar, andra",,,,
719X,"Ledsjukdomar, ospecificerade",,,,
720A,Pelvospondylit,,,,
720B,Entesopati i ryggraden,,,,
720C,Sakroiliit som ej klassificeras annorstädes,,,,
720W,"Spondylopati, annan inflammatorisk",,,,
720X,"Spondylopati, inflammatorisk ospecificerad",,,,
721A,Spondylos cervikal utan myelopati,,,,
721B,Spondylos cervikal med myelopati,,,,
721C,Spondylos torakal utan myelopati,,,,
721D,Spondylos lumbosakral utan myelopati,,,,
721E,Spondylos torakal eller lumbal med myelopati,,,,
721F,Kissing spine,,,,
721G,Hyperostos ankyloserande vertebral,,,,
721H,Spondylopati traumatisk,,,,
721W,"Spondylos, specificerad annan än 721A-H",,,,
721X,Spondylos med icke specificerad lokalisation,,,,
722A,Halsdiskbråck utan myelopati,,,,
722B,Diskbråck torakalt eller lumbalt utan myelopati,,,,
722C,"Diskbråck med icke spec lokalisation, utan myelopati",,,,
722D,Diskherniering intraspongiös,,,,
722E,Diskdegeneration i halskotpelaren,,,,
722F,Diskdegeneration i bröst- och ländkotpelaren,,,,
722G,Diskdegeneration med icke specificerad lokalisation,,,,
722H,Intervertebraldisksjukdom med myelopati,,,,
722W,Postlaminektomisyndrom,,,,
722X,Intervertebraldisksjukdom annan än 722A-W o icke spec,,,,
723A,Spinal stenos i cervikalregionen,,,,
723B,Cervikalgi,,,,
723C,Cervikokranialt syndrom,,,,
723D,Cervikobrakialt syndrom,,,,
723E,"Neurit eller radikulit UNS, brakial",,,,
723F,"Torticollis, ospecificerad",,,,
723G,Pannikulit i halsregionen,,,,
723H,Ossifikation av bakre longitudin ligament i halsregion,,,,
723W,Specificerade syndrom i halsregionen andra än 723A-H,,,,
723X,"Sjukdomar och symtom i halsregionen, ospecificerade",,,,
724A,"Spinal stenos, utom i halsregionen",,,,
724B,Smärtor i bröstryggraden,,,,
724C,Lumbago,,,,
724D,Ischias,,,,
724E,"Neurit eller radikulit UNS, torakal eller lumbosakral",,,,
724F,Icke specificerad ryggvärk,,,,
724G,Sjukdomar i sakrum,,,,
724H,Sjukdomar i coccyx,,,,
724W,Ryggsymtom annan än 724A-H,,,,
724X,"Ryggsjukdom, ospecificerad",,,,
725X,Polymyalgi reumatisk,,,,
726A,"Kapsulit, adhesiv i skulderleden",,,,
726B,Rotator cuff-syndrom i skulderleden o likn tillstånd,,,,
726C,Tillstånd i skulderregionen som ej klassif annorstädes,,,,
726D,Entesopati i armbågsregionen,,,,
726E,Entesopati i handled och mellanhand,,,,
726F,Entesopati i höftledsregionen,,,,
726G,Entesopati i knäleden,,,,
726H,Entesopati i fotled och mellanfot,,,,
726W,"Entesopatier, specificerade perifera, andra än 726D-H",,,,
726X,"Entesopati, ospecificerad",,,,
727A,Synovit och tenosynovit,,,,
727B,Bunio,,,,
727C,"Bursiter specifika, ofta arbetsbetingade",,,,
727D,"Bursit, annan",,,,
727E,"Ganglion och cysta utgående från synovia, sena o bursa",,,,
727F,Ruptur av synovia,,,,
727G,"Senruptur, icke traumatisk",,,,
727W,"Spec sjukdom i synovia, sena och bursa annan än 727A-G",,,,
727X,"Sjukdomar i synovia, sena och bursa, ospecificerade",,,,
728A,Infektiös myosit,,,,
728B,Muskelkalcifikation och muskelossifikation,,,,
728C,Inaktivitetsatrofi i muskel som ej klass annorstädes,,,,
728D,"Specificerade muskelsjukdomar, andra än 728A-C",,,,
728E,Slapphet i ligament,,,,
728G,Dupuytrens kontraktur,,,,
728H,Andra fibromatoser,,,,
728W,"Spec sjd i muskler, ligament o fascior annan än 728A-H",,,,
728X,"Sjukdomar i muskler, ligament och fascior, ospecificer",,,,
729A,"Reumatism, ospecificerad och fibrosit",,,,
729B,"Myalgi och myosit, ospecificerade",,,,
729C,"Neuralgi, neurit och radikulit, ospecificerade",,,,
729D,"Pannikulit, ospecificerade",,,,
729E,"Fasciit, ospecificerade",,,,
729F,Smärtor i extremitet,,,,
729G,Kvarliggande främmande kropp i mjukvävnad,,,,
729W,Spec symtom som kan hänföras extremitet ann än 729A-G,,,,
729X,"Sjukdomar i mjukvävnader, ospecificerade",,,,
730A,Akut osteomyelit,,,,
730B,Kronisk osteomyelit,,,,
730C,Ospecificerad osteomyelit,,,,
730D,Periostit utan angivande av osteomyelit,,,,
730X,"Infektion i benvävnad, ospecificerad",,,,
731A,Osteitis deformans utan angivande av bentumör,,,,
731C,Osteoartropati hypertrofisk pulmonär,,,,
732A,Osteokondros juvenil i ryggraden,,,,
732B,Osteokondros juvenil i höft och bäcken,,,,
732C,Epifysiolys icke-traumatisk i caput femoris,,,,
732D,Osteokondros juvenil i övre extremitet,,,,
732E,Osteokondros juvenil i nedre extremitet utom fot,,,,
732F,Osteokondros juvenil i fot,,,,
732G,Osteokondros juvenil annan än 732A-H,,,,
732H,Osteochondritis dissecans,,,,
732W,Osteokondropati specificerad form av annan än 732A-H,,,,
732X,"Osteokondropati, ospecificerad",,,,
733A,Osteoporos,,,,
733B,Spontanfraktur,,,,
733C,Bencysta,,,,
733D,Hyperostos i skallens ben,,,,
733E,Aseptisk bennekros,,,,
733F,Osteitis condensans,,,,
733G,Tietzes sjukdom,,,,
733H,Algoneurodystrofi,,,,
733W,Fördröjd eller utebliven läkning av fraktur,,,,
733X,"Sjukdomar i ben och brosk, ospecificerade",,,,
734X,Plattfot,,,,
735A,Hallux valgus (förvärvad),,,,
735B,Hallux varus (förvärvad),,,,
735C,Hallux rigidus,,,,
735D,Hallux malleus,,,,
735E,Hammartå annan än 735D,,,,
735F,Klotå (förvärvad),,,,
735W,Annan förvärvad tådeformitet än 735A-F,,,,
735X,"Tådeformitet förvärvad, ospecificerad",,,,
736A,"Deformitet i underarm, förvärvad, utom fingrar",,,,
736B,Mallet-finger,,,,
736C,"Deformitet i finger, förvärvad, annan än 736B",,,,
736D,"Deformitet i höftled, förvärvad",,,,
736E,Genu valgum  eller genu varum (förvärvad),,,,
736F,Genu recurvatum (förvärvad),,,,
736G,"Deformitet av knä, förvärvad, annan än 736E-F",,,,
736H,"Deformitet av fotled och fot, förvärvad",,,,
736W,"Deform av extremitet, förvärvad, annan än 734-736H",,,,
736X,Förvärvad extremitetsdeformitet u angiven lokalisation,,,,
737A,Hållningskyfos i ungdomen,,,,
737B,Kyfos (förvärvad),,,,
737C,Lordos (förvärvad),,,,
737D,Kyfoskolios och skolios,,,,
737W,"Specificerad ryggradskrökning, annan än 737A-D",,,,
737X,"Onormal ryggradskrökning, ospecificerad",,,,
738A,"Deformitet av näsan, förvärvad",,,,
738B,"Deformitet av huvudet, förvärvad, annan än 738A",,,,
738C,"Deformitet av halsen, förvärvad",,,,
738D,"Deformitet av bröstkorg och revben, förvärvad",,,,
738E,"Spondylolistes, förvärvad",,,,
738F,"Deformitet av rygg el ryggrad, förvärv annan än 738A-H",,,,
738G,"Deformitet av bäckenet, förvärvad",,,,
738H,Blomkålsöra,,,,
738W,"Deformitet m annan spec lok, förvärvad,annan än 738A-H",,,,
738X,"Deformitet med icke spec lokalisation, förvärvad",,,,
740A,Anencefali,,,,
740B,Craniorachischisis,,,,
740C,Iniencefali,,,,
741A,Spina bifida med hydrocefalus,,,,
741X,Spina bifida utan uppgift om hydrocefalus,,,,
742A,Encefalocele,,,,
742B,Mikrocefali,,,,
742C,Missbildningar i form av reducerad hjärnvävnad,,,,
742D,Medfödd hydrocefalus,,,,
742E,Specificerade missbildningar i hjärnan andra än 724A-D,,,,
742F,Specificerade missbildningar i ryggmärgen,,,,
742W,"Spec missbildningar i nervsystemet, andra än 740A-742F",,,,
742X,"Icke spec missbildning i hjärna, ryggmärg o nervsystem",,,,
743A,Anoftalmi,,,,
743B,Mikroftalmi,,,,
743C,Buftalmi,,,,
743D,Medfödd katarakt samt linsmissbildningar,,,,
743E,Kolobom och andra missbildningar i främre segmentet,,,,
743F,Medfödda missbildningar i bakre segmentet,,,,
743G,"Medfödda missbildningar i ögonlock, tårsystem o orbita",,,,
743W,"Specificerade missbildningar av öga, andra än 743A-G",,,,
743X,Icke specificerade missbildningar av öga,,,,
744A,Missbildningar av öra som förorsakar nedsatt hörsel,,,,
744B,Övertaligt ytteröra,,,,
744C,"Specificerade missbildningar av öra, andra än 744A-B",,,,
744D,Icke specificerade missbildningar av öra,,,,
744E,"Gälgångscysta eller gälgångsfistel, preaurikulär sinus",,,,
744F,Pterygium colli,,,,
744W,Spec missbildning av ansiktet o halsen annan än 744A-F,,,,
744X,Icke specificerad missbildning av ansiktet och halsen,,,,
745A,Truncus communis,,,,
745B,Transposition av de stora kärlen,,,,
745C,Fallots tetrad,,,,
745D,Gemensam kammare,,,,
745E,Ventrikelseptumdefekt,,,,
745F,Förmaksseptumdefekt av ostium secundum-typ,,,,
745G,Endokardiell cushion-defekt,,,,
745H,Cor biloculare,,,,
745W,Missbild v hjärt anläggn o skiljeväg slutn utom 745A-H,,,,
745X,Icke specificerad defekt v hjärtskiljeväggens slutning,,,,
746A,Missbildning av pulmonalisklaff,,,,
746B,Medfödd trikuspidalisatresi och trikuspidalisstenos,,,,
746C,Ebsteins sjukdom,,,,
746D,Medfödd stenos av aortaklaff,,,,
746E,Medfödd insufficiens av aortaklaff,,,,
746F,Medfödd mitralisstenos,,,,
746G,Medfödd mitralisinsufficiens,,,,
746H,Hypoplastiskt vänsterhjärtsyndrom,,,,
746W,"Spec medfödda hjärtmissbildningar, andra än 746A-H",,,,
746X,Icke specificerade medfödda hjärtmissbildningar,,,,
747A,Bestående ductus arteriosus,,,,
747B,Coartatio aortae,,,,
747C,"Missbildningar av aorta, andra än 747A-B",,,,
747D,Missbildningar av lungartären,,,,
747E,Missbildningar av de stora venerna,,,,
747F,Frånvaro eller hypoplasi av navelartär,,,,
747G,Missbildningar av perifera kärlsystemet,,,,
747W,Spec missbildningar av cirkulationsorgan ann än 747A-G,,,,
747X,Icke specificerade missbildningar av cirkulationsorgan,,,,
748A,Koanalatresi,,,,
748B,"Näsmissbildningar, andra än 748A",,,,
748C,Larynxmembran,,,,
748D,"Missbildning av larynx, trakea o bronk annan än 748A-C",,,,
748E,Medfödd cystlunga,,,,
748F,"Agenesi, hypoplasi och dysplasi av lunga",,,,
748G,"Missbildningar av lunga, annan än 748E-F",,,,
748W,"Spec missbildningar av andningsorgan, annan än 748A-G",,,,
748X,Icke specificerade missbildningar av andningsorganen,,,,
749A,Kluven gom,,,,
749B,Kluven läpp,,,,
749C,Kluven gom med kluven läpp,,,,
750A,Tungband,,,,
750B,"Missbildningar av tungan, andra än 750A",,,,
750C,Spec missbild av munhåla och svalg annan än 749A-750B,,,,
750D,"Trakeo-esofagal fistel,esofagusatresi o esofagusstenos",,,,
750E,"Specificerad missbildning av esofagus, annan än 750D",,,,
750F,Medfödd hypertrofisk pylorusstenos,,,,
750G,Medfött hiatusbråck,,,,
750H,"Specificerad missbildning i magsäcken, andra än 750F-G",,,,
750W,Spec missb övre del av matsmältnskanal annan än 750A-H,,,,
750X,Andra icke spec missbild av övre del av matsmältnkanal,,,,
751A,Meckels divertikel,,,,
751B,Atresi och stenos av tunntarm,,,,
751C,"Atresi och stenos av tjocktarm, rektum och anus",,,,
751D,Hirschsprungs sjd och medfödda funktion rubbn i kolon,,,,
751E,Missbildning av tarmfästet,,,,
751F,"Missbildningar av tarm, andra än 751A-E",,,,
751G,"Missbildningar av gallblåsan, gallgångarna och levern",,,,
751H,Missbildning av pankreas,,,,
751W,"Spec missbild av matsmältningsorganen, annan än 751A-H",,,,
751X,Icke specificerad missbildning av matsmältningsorganen,,,,
752A,Medfödd missbildning av ovarier,,,,
752B,Medfödd missbildning av äggledare och breda ligament,,,,
752C,Medfödd dubbel uterus,,,,
752D,"Medfödd uterusmissbildning, annan än 752C",,,,
752E,"Medfödd missbild av cervix,vagina o yttre kvin könsorg",,,,
752F,Icke nedstigen testikel,,,,
752G,Hypospadi och epispadi,,,,
752H,Obestämt kön och pseudohermafroditism,,,,
752W,"Spec medfödd missbildn av könsorganen, annan än 752A-H",,,,
752X,Icke specificerad medfödd missbildning av könsorganen,,,,
753A,Njuragenesi och njurdysgenesi,,,,
753B,Medfödd cystisk njursjukdom,,,,
753C,Medfödda obstruktiva defekter i njurbäcken och uretär,,,,
753D,"Spec medfödd missbildning av njure, annan än 753A-B",,,,
753E,"Spec medfödd missbildning av uretär, annan än 753C",,,,
753F,Medfödd exstrofi av urinblåsan,,,,
753G,Medfödd atresi och stenos av uretra och blåshals,,,,
753H,Medfödd missbildning av urachus,,,,
753W,"Spec medfödd missbild av urinblåsa, uretra utom 753A-H",,,,
753X,Icke specificerad medfödd missbildning av urinorganen,,,,
754A,"Vissa medfödda missbildningar av skalle, ansikte, käke",,,,
754B,Medfödd missbildning av sternokleidomastoideusmuskel,,,,
754C,Medfödd missbildning av ryggraden,,,,
754D,Medfödd höftledsluxation,,,,
754E,Medfödd genu recurvatum o böjn av nedr extr långa rörb,,,,
754F,Medfödda varusdeformiteter av fötterna,,,,
754G,Medfödda valgusdeformideter av fötterna,,,,
754H,"Medfödda deformiter av fötterna, andra än 754F-G",,,,
754W,Spec medf muskel- o skelettdeformitet andra än 754F-G,,,,
755A,Polydaktyli,,,,
755B,Syndaktyli,,,,
755C,Reduktionsmissbildningar av övre extremitet,,,,
755D,Reduktionsmissbildningar av nedre extremitet,,,,
755E,Reduktionsmissbildningar av ospecificerad extremitet,,,,
755F,Medf deform av övre extr inkl skuldergörd an än 755H-E,,,,
755G,Medf missbild av nedre extr inkl bäckengörd an än 755D,,,,
755W,Medf spec missbild av ospec extremitet annan än 755A-G,,,,
755X,Medfödd icke spec missbildning av ospecif extremitet,,,,
756A,Medfödd missbild av skalle o ansiktsben andra än 754A,,,,
756B,Medfödd missbildning av kotpelaren,,,,
756C,Medfödd missbildning av halsrevben,,,,
756D,Medfödd missbildning av revben o bröstben ann än 756C,,,,
756E,Kondrodystrofi,,,,
756F,Osteodystrofi,,,,
756G,Medfödd missbildning av diafragma,,,,
756H,Medfödd missbildning av bukväggen,,,,
756W,Spec medf missbild av muskuloskel systemet utom 756G-H,,,,
756X,Icke spec medfödd missbild muskuloskeletala systemet,,,,
757A,Ärftligt benödem,,,,
757B,Medfödd iktyos,,,,
757C,Medfödda dermatoglyfiska missbildningar,,,,
757D,Spec medfödd missbildning i huden annan än 757A-C,,,,
757E,Specificerad medfödd hårmissbildning,,,,
757F,Specificerad medfödd nagelmissbildning,,,,
757G,Specificerad medfödd missbildning av bröstkörtel,,,,
757W,Spec medf missbild av hud o täckvävnad annan än 757A-G,,,,
757X,Icke spec medfödd missbildning av hud och täckvävnad,,,,
758A,Downs syndrom,,,,
758B,Pataus syndrom,,,,
758C,Edwards syndrom,,,,
758D,Autosomalt bortfallssyndrom,,,,
758E,Balanserad autosomal translokation hos normal individ,,,,
758F,Tillstånd orsakade av autosomal anomali ann än 758D-E,,,,
758G,Gonadal dysgenesi,,,,
758H,Klinefelters syndrom,,,,
758W,Spec tills orsak av könskromosomanomali ann än 758A-H,,,,
758X,Tillstånd orsakad av anomali av icke spec kromosomer,,,,
759A,Medfödd missbildning av mjälten,,,,
759B,Medfödd missbildning av binjure,,,,
759C,Medfödd missbildning av endokrina körtlar ann än 759B,,,,
759D,Situs inversus,,,,
759E,Siamesiska tvillingar,,,,
759F,Medfödd tuberös skleros,,,,
759G,Medfödda hamartoser som ej klassificeras annorstädes,,,,
759H,Multipla medfödda missbildn som ej klass annorstädes,,,,
759W,Spec medfödda missbildningar andra än 740A-759X,,,,
759X,Medfödd icke specificerad missbildning,,,,
760A,Påverkan på foster vid högt blodtryck hos modern,,,,
760B,"Påverkan på foster vid njurskd, urinvägssjd hos modern",,,,
760C,Påverkan på foster vid infektioner hos modern,,,,
760D,"Påv på foster vid kron sjd i cirk-, andnorg hos modern",,,,
760E,Påverkan på foster vid nutritionssjukdom hos modern,,,,
760F,Påverkan på foster vid skada hos modern,,,,
760G,Påverkan på foster vid kirurgiskt ingrepp på modern,,,,
760H,Skad inverk p foster förmedl av placenta el bröstmjölk,,,,
760W,Påverk på foster vid spec tillst hos modern u 760A-H,,,,
760X,Påv på foster v ospec tillst h moder u samb m akt grav,,,,
761A,Påverkan på foster vid cervixinsufficiens,,,,
761B,Påverkan på foster vid för tidig hinnbristning,,,,
761C,Påverkan på foster vid oligohydramnion,,,,
761D,Påverkan på foster vid hydramnion,,,,
761E,Påverkan på foster vid extrauteringraviditet,,,,
761F,Påverkan på foster vid flerbarnsgraviditet,,,,
761G,Påverkan på foster vid död moder,,,,
761H,Påverk på foster vid felläge konstaterat före värkarb,,,,
761W,Påverkan på foster vid spec grav kompl annan än 761A-H,,,,
761X,"Påverkan på foster vid gravkompl hos modern, ospec",,,,
762A,Påverkan på foster vid placenta praevia,,,,
762B,"Påverkan på foster vid placentalossning o blödn, annan",,,,
762C,Påverk p fost vid an än 762A-D o ospec rubbn av placen,,,,
762D,Påverkan på foster vid placentalt transfusionssyndrom,,,,
762E,Påverkan på foster vid framfall av navelsträngen,,,,
762F,Påverk på foster vid kompress av navelstr ann än 762E,,,,
762G,Påverk på foster vid ann än 762E-F tillst hos navelstr,,,,
762H,Påverkan på foster vid korioamnionit,,,,
762W,Påverk p foster vid spec sjd i korion o amnion än 762H,,,,
762X,"Påverk p foster vid sjd tillst i korion o anmion,ospec",,,,
763A,Påverk på foster vid sätesförlossn och sätesextraktion,,,,
763B,Påv p fost v onorm bjudn el disprop mel bäck-fosterstl,,,,
763C,Påverkan på foster vid tångförlossning,,,,
763D,Påverkan på foster vid förlossning m vakuumextraktion,,,,
763E,Påverkan på foster vid kejsarsnittsförlossning,,,,
763F,Påverk på foster av narkos- o smärtstill medel t moder,,,,
763G,Påverkan på foster vid störtförlossning,,,,
763H,Påverkan på foster vid värkrubbningar,,,,
763W,Påverk p foster vid spec kompl vid förloss an än 763A-H,,,,
763X,"Påv på foster vid kompl t förloss, ospec ann än 763A-W",,,,
764A,Undervikt utan uppgift om undernäring hos fostret,,,,
764B,Undervikt med tecken på undernäring hos fostret,,,,
764C,Undernär h fost ut uppg om för låg vikt i förhåll t tid,,,,
764D,För kort i förhåll t gravtid ut uppg om undernär h fost,,,,
764E,För kort i förhåll t gravtid m teck på undernär h fost,,,,
764X,"Retarderad fostertillväxt, ospecificerad",,,,
765A,Höggradigt underburet barn,,,,
765B,Andra underburna barn än 765A,,,,
766A,Höggradigt överburet barn,,,,
766B,Nyfödd för tung i förhåll till gravtiden annan än 766A,,,,
766C,Överburet barn ej för tungt el stort i förh t gravtid,,,,
767A,"Förlossningsskada, subdural och cerebral blödning",,,,
767B,"Förlossningsskada, skada på huvudet",,,,
767C,"Förlossningsskada, klavikelfraktur",,,,
767D,"Förlossningsskada, skelettskador annan än 767C",,,,
767E,Förlossningsskada på kotpelaren och ryggmärgen,,,,
767F,Förlossningsskada på facialisnerven,,,,
767G,Förlossningsskada på brakialplexus,,,,
767H,Förlossnskador på kranial- o perifera nerv utom 767F-G,,,,
767W,Specificerad förlossningsskada annan än 767A-H,,,,
767X,"Förlossningsskada, ospecificerad",,,,
768A,Fosterdöd g hypoxi f värkarb börj el v icke spec tidpkt,,,,
768B,Fosterdöd genom hypoxi eller anoxi under värkarbetet,,,,
768C,Fetal distress hos levand fött barn före värkarb börj,,,,
768D,"Fetal distress hos lev fött barn, först obs u värkarb",,,,
768E,"Fetal distress hos levande fött barn, ospecificerad",,,,
768F,"Neonatal distress, höggradig",,,,
768G,"Neonatal distress, måttlig eller lätt",,,,
768X,"Neonatal distress hos levande fött barn, ospecificerad",,,,
769X,Idiopatisk respiratorisk distress,,,,
770A,Medfödd pneumoni,,,,
770B,Massiv aspiration hos nyfödd,,,,
770C,Interstitiellt emfysem o liknande tillstånd hos nyfödd,,,,
770D,Lungblödning hos nyfödd,,,,
770E,Primär atelektas hos nyfödd,,,,
770F,Annan än 770E o icke specificerad atelektas hos nyfödd,,,,
770G,Övergående takypne hos nyfödd,,,,
770H,Kron sjd i luftvägarna m början i den perinat perioden,,,,
770W,"Spec andningsrubbningar efter födelsen,andra än 770A-H",,,,
770X,"Andningsrubbningar hos foster o nyfödd, ospecificerade",,,,
771A,Medfödd röda hund,,,,
771B,Medfödd cytomegalvirusinfektion,,,,
771C,Medfödda infektioner annan än 771A-B,,,,
771D,Tetanus neonatorum,,,,
771E,Navelinfektion hos nyfödd,,,,
771F,Bröstkörtelinfektion hos nyfödd,,,,
771G,Konjunktivit och dakrocystit hos nyfödd,,,,
771H,Candidainfektion hos nyfödd,,,,
771W,"Infekt spec f den perinatala perioden, annan än 771A-H",,,,
772A,Fetal blodförlust,,,,
772B,Intraventrikulär blödning hos nyfödd,,,,
772C,Subaraknoidalblödning,,,,
772D,Navelblödning efter födelsen,,,,
772E,Blödning från mag-tarmkanalen,,,,
772F,Binjureblödning,,,,
772G,Hudblödningar,,,,
772W,"Spec blödning hos foster och nyfödd, annan än 772A-G",,,,
772X,"Blödning hos foster och nyfödd, ospecificerad",,,,
773A,Hemolytisk sjd hos nyfödd orsak av Rh-isoimmunisering,,,,
773B,Hemolytisk sjd hos nyfödd orsak av ABO-isoimmunisering,,,,
773C,Hemolyt sjd hos nyfödd orsak av ospec isoimmunisering,,,,
773D,Hydrops fetalis orsakad av isoimmunisering,,,,
773E,Kärnikterus hos nyfödd orsakad av isoimmunisering,,,,
773F,Sen anemi hos nyfödd orsakad av isoimmunisering,,,,
774B,Perinatal gulsot på grund av annan kraftig hemolys,,,,
774C,Neonatal gulsot i samband med underburenhet,,,,
774D,Neonatal gulsot på grund av annan enzymatisk omogenhet,,,,
774E,Perinatal gulsot på grund av leverskada,,,,
774F,Perinatal gulsot av andra orsaker,,,,
774G,Icke specificerad gulsot hos foster och nyfödd,,,,
774H,Kärnikterus hos nyfödd som ej beror på isoimmunisering,,,,
775A,Barn till diabetisk moder,,,,
775B,Neonatal diabetes mellitus,,,,
775C,Neonatal myasthenia gravis,,,,
775D,Neonatal tyreotoxikos,,,,
775E,Neonatal hypokalcemi och hypomagnesemi,,,,
775F,Övergående neonatala elektrolytrubbn annan än 775E,,,,
775G,Neonatal hypoglykemi,,,,
775H,Senmetabolisk acidos hos nyfödd,,,,
775W,Övergående neonat endokrin o metabol rubbn utom 775A-H,,,,
775X,Endokrina o metabol rubbn specifika för foster o nyfödd,,,,
776A,Blödningssjukdom hos nyfödd,,,,
776B,Övergående trombocytpeni hos nyfödd,,,,
776C,Dissemin intravaskulär koagulation hos nyfödd,,,,
776D,Övergående koagulationssjd hos nyfödd annan än 776A-C,,,,
776E,Polycytemi hos nyfödd,,,,
776F,Medfödd anemi,,,,
776G,Anemi vid underburenhet,,,,
776H,Övergående neutropeni hos nyfödd,,,,
776W,Spec överg blodsjd hos foster o nyfödd annan än 776A-H,,,,
776X,"Blodsjukdom hos foster och nyfödd, ospecificerad",,,,
777A,Mekoniumileus,,,,
777B,Obstruktion på grund av mekonium annan än 777A,,,,
777C,Tarmobstruktion på grund av propp av intorkad mjölk,,,,
777D,Hematemes och melena pga på nedsvalt blod från modern,,,,
777E,Övergående ileus hos nyfödd,,,,
777F,Nekrotiserande enterokolit hos foster och nyfödd,,,,
777G,Perinatal tarmperforation,,,,
777W,Spec sjd i mag-tarmkanal under perinat period u 777A-G,,,,
777X,"Sjd i mag-tarmkanalen under perinat perioden, ospec",,,,
778A,Hydrops fetalis som ej beror på isoimmunisering,,,,
778B,Sclerema neonatorum,,,,
778C,Köldskadesyndrom hos nyfödd,,,,
778D,Undertemperatur hos nyfödd annan än 778C,,,,
778E,Störningar av temperaturregl hos nyfödd an än 778C-D,,,,
778F,Icke specificerat ödem hos nyfödd,,,,
778G,Medfött hydrocele,,,,
778H,Bröstkörtelförstoring hos nyfödd,,,,
778W,"Tillst som eng hud o tempregl hos nyfödd,ann än 778C-F",,,,
778X,"Tillst s eng hud och tempregl h foster o nyfödd, ospec",,,,
779A,Kramper hos nyfödd,,,,
779B,Andra än 779A o ick spec cerebra retntillst hos nyfödd,,,,
779C,"Sänkt medvetandegr,koma o an abn cerebr symtom hos nyf",,,,
779D,Uppfödningsproblem hos nyfödd,,,,
779E,Läkemedelsreaktion o intoxikation specifika för nyfödd,,,,
779F,Abstinenssyndrom hos nyfödd,,,,
779G,Avbrytande av graviditet (avser fostret),,,,
779W,Ofullständig prec perinatala tillstånd andra än 779A-G,,,,
779X,And än 760A-779W o ospec tillstånd under perinat period,,,,
780A,Koma och stupor,,,,
780B,Hallucinationer,,,,
780C,Svimning,,,,
780D,Kramper,,,,
780E,Yrsel och svindel,,,,
780F,Sömnstörningar,,,,
780G,Feber av okänd orsak,,,,
780H,Trötthet,,,,
780W,Hyperhidros,,,,
780X,Allmänna symtom utom 780A-W och ospecificerade,,,,
781A,Abnorma ofrivilliga rörelser,,,,
781B,Störningar i lukt- och smaksensationer,,,,
781C,Gångrubbningar,,,,
781D,Koordinationsrubbning,,,,
781E,Övergående förlamning i extremitet,,,,
781F,Klubbfingrar,,,,
781G,Meningism,,,,
781H,Tetani,,,,
781X,Symtom från nerv- o muskuloskeletala system u 781A-H,,,,
782A,Störning av känsel i huden,,,,
782B,Rodnad och andra icke specificerade hudutslag,,,,
782C,Lokaliserad ytlig svullnad eller knuta,,,,
782D,Ödem,,,,
782E,Ospecificerad gulsot (ej hos nyfödd),,,,
782F,Cyanos,,,,
782G,Blekhet och rodnad,,,,
782H,Spontana punktformiga blödningar,,,,
782W,Förändringar i hudstrukturen,,,,
782X,Symtom från huden och andra stödjevävnader utom 782A-W,,,,
783A,Anorexi,,,,
783B,Onormal viktökning,,,,
783C,Onormal viktförlust,,,,
783D,Ätproblem och vanskötsel,,,,
783E,Utebliven förväntad normal fysiologisk utveckling,,,,
783F,Polydipsi,,,,
783G,Polyfagi,,,,
783X,"Symtom avs nutrition, ämnesomsättn o utveckl ut 783A-G",,,,
784A,Huvudvärk,,,,
784B,Halssmärtor,,,,
784C,Svullnad eller knuta i huvud- och halsregionen,,,,
784D,Afasi,,,,
784E,Röststörningar,,,,
784F,Talsvårigheter utom 784D-E,,,,
784G,Specificerade störningar i högre funktioner u 784D-F,,,,
784H,Näsblödning,,,,
784W,Blödning från halsen,,,,
784X,Symtom från huvudet och halsen utom 784A-W,,,,
785A,Icke specificerad takykardi,,,,
785B,Hjärtklappning,,,,
785C,Funktionella och icke specificerade hjärtblåsljud,,,,
785D,Andra onormala hjärtljud,,,,
785E,Gangrän,,,,
785F,Chock utan uppgift om skada,,,,
785G,Lymfkörtelförstoring,,,,
785X,Symtom från cirkulationsorganen utom 785A-G,,,,
786A,Andfåddhet och andra respiratoriska avvikelser,,,,
786B,Stridor,,,,
786C,Hosta,,,,
786D,Hemoptys,,,,
786E,Onormal upphostning,,,,
786F,Bröstsmärtor,,,,
786G,Svullnad eller knuta i bröstkorgen eller bröstorganen,,,,
786H,Onormala ljud från bröstkorgen,,,,
786W,Hicka,,,,
786X,Symtom från andningsorgan o andra bröstorg utom 786A-W,,,,
787A,Illamående och kräkningar,,,,
787B,Halsbränna,,,,
787C,Sväljningssvårigheter,,,,
787D,"Rapning, väderspänning och flatulens",,,,
787E,Synlig peristaltik,,,,
787F,Onormala tarmljud,,,,
787G,Fecesinkontinens,,,,
787H,Onormal avföring,,,,
787X,Symtom från mag-tarmkanalen utom 787A-H,,,,
788A,Njurkolik,,,,
788B,Smärtor vid vattenkastning,,,,
788C,Urinretention,,,,
788D,Urininkontinens,,,,
788E,Täta urintömningar och polyuri,,,,
788F,Oliguri och anuri,,,,
788G,Rubbningar i urineringen utom 788A-F,,,,
788H,Flytning från uretra,,,,
788W,Urinutträngning i vävnaderna,,,,
788X,Symtom från urinorganen utom 788A-W,,,,
789A,Buksmärtor,,,,
789B,Hepatomegali,,,,
789C,Splenomegali,,,,
789D,Resistens i buken eller bäckenet,,,,
789E,Défense,,,,
789F,Ascites,,,,
789X,Symtom från buken och bäckenet utom 789A-F,,,,
790A,Onormala röda blodkroppar,,,,
790B,Förhöjd sänkningsreaktion,,,,
790C,Onormalt glykostoleranstest,,,,
790D,Förhöjd alkoholnivå i blodet,,,,
790E,"Ospec förhöjn av transam,mjölksyredehydrogenas o kreat",,,,
790F,"Icke spec onormal enzymnivå i serum, annan än 790E",,,,
790G,Annan onormal blodkemi än 790C-F,,,,
790H,"Bakteriemi, ospecificerad",,,,
790W,"Viremi, ospecificerad",,,,
790X,Annat icke specificerat fynd vid blodundersökning,,,,
791A,Proteinuri,,,,
791B,Chyluri,,,,
791C,Hemoglobinuri,,,,
791D,Myoglobinuri,,,,
791E,Biliuri,,,,
791F,Glykosuri,,,,
791G,Acetonuri,,,,
791H,Celler och cylindrar i urinen,,,,
791X,Andra ospecifika fynd vid urinundersökning,,,,
792A,Ospecifika onormala fynd i cerebrospinalvätskan,,,,
792B,Ospecifika onormala fynd i avföringen,,,,
792C,Ospecifika onormala fynd i sädesvätskan,,,,
792D,Ospecifika onormala fynd i fostervätskan,,,,
792E,Ospecifika onormala fynd i saliven,,,,
792X,Ospecifika onormala fynd i kroppssubstans utom 792A-E,,,,
793A,Ospecifika onormala fynd i skallen och huvudet,,,,
793B,Ospecifika onormala fynd i lungfält,,,,
793C,Ospecifika onormala fynd i andra bröstorgan än 793B,,,,
793D,Ospecifika onormala fynd i gallvägarna,,,,
793E,Ospecifika onormala fynd i matsmältningskanalen,,,,
793F,Ospecifika onormala fynd i urogenitalorganen,,,,
793G,"Ospec onormala fynd i bukområdet,inkl retroperitoneum",,,,
793H,Ospecifika onormala fynd i muskuloskeletala system,,,,
793W,Ospecifika onormala fynd i bröstkörtel,,,,
793X,Ospec onorm fynd v radiolog o an undersökn utom 793A-W,,,,
794A,Ospecifik onormala fynd i hjärna o central nervsystem,,,,
794B,Ospec onormala fynd i perifer nervsystem o sinnesorgan,,,,
794C,Ospecifika onormala fynd vid lungfunktionsprov,,,,
794D,Ospecifika onormala fynd vid hjärt-kärlundersökning,,,,
794E,Ospecifika onormala fynd vid njurfunktionsprov,,,,
794F,Ospecifika onormala fynd vid tyreoideafunktionsprov,,,,
794G,Ospec onorm fynd v an funktionsunders av endokrina org,,,,
794H,Ospec onormala fynd vid undersökn av basalmetabolismen,,,,
794W,Ospecifika onormala fynd vid leverfunktionsprov,,,,
794X,Ospec onorm resultat av funktionsundersökn utom 794A-W,,,,
795A,Ospecifika onormala Papanicolaou-cervixutstryk,,,,
795B,Ospecifik onormala Papanicolaou-utstryk av an ursprung,,,,
795C,Ospecifika onormala fynd vid kromosomanalys,,,,
795D,Ospecifika positiva odlingsfynd,,,,
795E,Ospecifika onormala histologiska fynd utom 795A-D,,,,
795F,Ospecifik reaktion på tuberkulintest,,,,
795G,Falskt positivt serologiskt test för syfilis,,,,
795H,Ospecifika immunologiska fynd utom 795A-G,,,,
796A,Ospecifika onormala toxikologiska fynd,,,,
796B,Onormala reflexer,,,,
796C,Uppmätt förhöjt blodtryck utan hypertonidiagnos,,,,
796D,Ospecifikt lågt blodtryck,,,,
796E,Andra onormala kliniska fynd utom 780A-796D,,,,
796X,Andra ospecifika onormala fynd,,,,
797X,Senilitet utan uppgift om psykos,,,,
798A,Plötslig spädbarnsdöd,,,,
798B,Ögonblicklig död,,,,
798C,Död inom 24 timmar efter symtomdebut UNS,,,,
798X,Obevittnad död,,,,
799A,Asfyxi,,,,
799B,Andningsstillestånd,,,,
799C,Nervositet,,,,
799D,Ospecificerad svaghet,,,,
799E,Kakexi,,,,
799W,Ofullständigt definierade tillstånd utom 799A-E,,,,
799X,Okänd och ospecificerad orsak till sjukdom utom 799A-W,,,,
800A,"Sluten skallfraktur,utan uppgift intrakraniell skada",,,,
800B,"Sluten skallfraktur, intrakraniell skada",,,,
800C,"Öppen skallfraktur, utan uppgift intrakraniell skada",,,,
800D,"Öppen skallfraktur, intrakraniell skada",,,,
801A,"Sluten frakt på skallbas, utan uppg om intrakran skada",,,,
801B,"Sluten fraktur på skallbasen, intrakraniellskada",,,,
801C,"Öppen frakt på skallbasen, utan uppg intrakran skada",,,,
801D,"Öppen fraktur på skallbasen, intrakraniell skada",,,,
802A,"Näsbenen, sluten fraktur",,,,
802B,"Näsbenen, öppen fraktur",,,,
802C,"Underkäken, sluten fraktur",,,,
802D,"Underkäken, öppen fraktur",,,,
802E,"Överkäkens ben, sluten fraktur",,,,
802F,"Överkäkens ben, öppen fraktur",,,,
802G,"Orbitalgolvet, sluten fraktur",,,,
802H,"Orbitalgolvet, öppen fraktur",,,,
802W,"Ansiktsben, sluten fraktur annan än 802A-H",,,,
802X,"Ansiktsben, öppen fraktur annan än 802A-H",,,,
803A,"Sluten skallfraktur,utan uppgift intrakraniell skada",,,,
803B,"Sluten skallfraktur, med intrakraniell skada",,,,
803C,"Öppen skallfraktur, utan uppgift intrakraniell skada",,,,
803D,"Öppen skallfraktur, med intrakraniell skada",,,,
804A,"Mult frakt på skall- el ansiktsben, slut u uppg intra",,,,
804B,"Mult frakt på skall- el ansiktsben,slut m intrakran sk",,,,
804C,"Mult frakt på skall- el ansiktsben,öpp u uppg o intra",,,,
804D,"Mult frakt på skall- el ansiktsben,öpp m intrakran ska",,,,
805A,Sluten fraktur på halskotpelaren,,,,
805B,Öppen fraktur på halskotpelaren,,,,
805C,Sluten fraktur på bröstkotpelaren,,,,
805D,Öppen fraktur på bröstkotpelaren,,,,
805E,Sluten fraktur på ländkotpelaren,,,,
805F,Öppen fraktur på ländkotpelaren,,,,
805G,Sluten fraktur på sakrum och coccyx,,,,
805H,Öppen fraktur på sakrum och coccyx,,,,
805W,Sluten fraktur på icke specificerad del av ryggraden,,,,
805X,Öppen fraktur på icke specificerad del av ryggraden,,,,
806A,Sluten fraktur på halskotpelaren,,,,
806B,Öppen fraktur på halskotpelaren,,,,
806C,Sluten fraktur på bröstkotpelaren,,,,
806D,Öppen fraktur på bröstkotpelaren,,,,
806E,Sluten fraktur på ländkotpelaren,,,,
806F,Öppen fraktur på ländkotpelaren,,,,
806G,Sluten fraktur på sakrum och coccyx,,,,
806H,Öppen fraktur på sakrum och coccyx,,,,
806W,Slut frakt på icke spec del av ryggraden m ryggmärgssk,,,,
806X,Öpp frakt på icke spec del av ryggraden m ryggmärgssk,,,,
807A,Sluten fraktur på revben,,,,
807B,Öppen fraktur på revben,,,,
807C,Sluten fraktur på sternum,,,,
807D,Öppen fraktur på sternum,,,,
807E,Fraktur på revbensbrosk,,,,
807F,Sluten fraktur på larynx och trakea,,,,
807G,Öppen fraktur på larynx och trakea,,,,
808A,Sluten fraktur på acetabulum,,,,
808B,Öppen fraktur på acetabulum,,,,
808C,Sluten fraktur på os pubis,,,,
808D,Öppen fraktur på os pubis,,,,
808E,"Sluten frakt på ann spec del av bäckenet, utom 808A o C",,,,
808F,"Öppen fraktur på ann spec del av bäckenet,utom 808B o D",,,,
808W,Sluten fraktur på icke specificerad del av bäckenet,,,,
808X,Öppen fraktur på icke specificerad del av bäckenet,,,,
809A,Sluten fraktur på bålens ben,,,,
809B,Öppen fraktur på bålens ben,,,,
810A,Sluten fraktur på nyckelbenet,,,,
810B,Öppen fraktur på nyckelbenet,,,,
811A,Sluten fraktur på skulderbladet,,,,
811B,Öppen fraktur på skulderbladet,,,,
812A,Sluten fraktur på övre delen av humerus,,,,
812B,Öppen fraktur på övre delen av humerus,,,,
812C,Sluten frakt på humerusskaftet utom 812A el ospec,,,,
812D,Öppen fraktur på humerusskaftet el icke spec del,,,,
812E,Sluten fraktur på nedre delen av humerus,,,,
812F,Öppen fraktur på nedre delen av humerus,,,,
813A,Sluten fraktur på öv el icke spec del av radius el ulna,,,,
813B,Öppen fraktur på övr el icke spec del av radius el ulna,,,,
813C,Sluten fraktur på skaftet av radius och/eller ulna,,,,
813D,Öppen fraktur på skaftet av radius och/eller ulna,,,,
813E,Sluten fraktur på nedre delen av radius och/eller ulna,,,,
813F,Öppen fraktur på nedre delen av radius och/eller ulna,,,,
814A,Sluten fraktur på karpalben,,,,
814B,Öppen fraktur på karpalben,,,,
815A,Sluten fraktur på metakarpalben,,,,
815B,Öppen fraktur på metakarpalben,,,,
816A,Sluten fraktur på fingrarnas falanger,,,,
816B,Öppen fraktur på fingrarnas falanger,,,,
817A,Multipla slutna frakturer på handens ben,,,,
817B,Multipla öppna frakturer på handens ben,,,,
818A,Ofullst definier slutna frakturer på övre extremiteten,,,,
818B,Ofullst definier öppna frakturer på övre extremiteten,,,,
819A,"Multipla, slutna frakturer",,,,
819B,"Multipla, öppna frakturer",,,,
820A,"Collumfraktur, sluten",,,,
820B,"Collumfraktur, öppen",,,,
820C,"Pertrokantär fraktur, sluten",,,,
820D,"Pertrokantär fraktur, öppen",,,,
820W,"Sluten fraktur på lårbenets övre del, icke spec del",,,,
820X,"Öppen fraktur på lårbenets övre del, icke spec del",,,,
821A,Slut fraktur på femurskaftet el icke spec del av femur,,,,
821B,Öpp fraktur på femurskaftet el icke spec del av femur,,,,
821C,Sluten fraktur på nedre delen av femur,,,,
821D,Öppen fraktur på nedre delen av femur,,,,
822A,Sluten fraktur på patella,,,,
822B,Öppen fraktur på patella,,,,
823A,Slut fraktur på övre el icke spec del av tibia o fibula,,,,
823B,Öpp fraktur på övre el icke spec del av tibia o fibula,,,,
823C,Sluten fraktur på tibia- eller fibulaskaftet,,,,
823D,Öppen fraktur på tibia- eller fibulaskaftet,,,,
824A,Sluten fraktur på mediala malleolen,,,,
824B,Öppen fraktur på mediala malleolen,,,,
824C,Sluten fraktur på laterala malleolen,,,,
824D,Öppen fraktur på laterala malleolen,,,,
824E,"Bimalleolar, sluten fraktur",,,,
824F,"Bimalleolar, öppen fraktur",,,,
824G,"Trimalleolar, sluten fraktur",,,,
824H,"Trimalleolar, öppen fraktur",,,,
824W,Icke specificerad sluten fraktur i fotleden,,,,
824X,Icke specificerad öppen fraktur i fotleden,,,,
825A,Sluten fraktur på kalkaneus,,,,
825B,Öppen fraktur på kalkaneus,,,,
825C,Sluten fraktur på andra tarsal- och metatarsalben,,,,
825D,Öppen fraktur på andra tarsal- och metatarsalben,,,,
826A,Sluten fraktur på tårnas falang,,,,
826B,Öppen fraktur på tårnas falang,,,,
827A,Multipla slutna frakturer på nedre extremitet,,,,
827B,Multipla öppna frakturer på nedre extremitet,,,,
828A,"Multipl slutna frakt på övr o nedr extr,rev- o bröstben",,,,
828B,"Multipl öppna frakt på övre o nedr extr,rev- o bröstben",,,,
829A,Sluten fraktur på icke specificerat ben,,,,
829B,Öppen fraktur på icke specificerat ben,,,,
830A,Okomplicerad luxation i käkled,,,,
830B,Komplicerad luxation i käkled,,,,
831A,Okomplicerad luxation i skulderled,,,,
831B,Komplicerad luxation i skulderled,,,,
832A,Okomplicerad luxation i armbågsled,,,,
832B,Komplicerad luxation i armbågsled,,,,
833A,Okomplicerad luxation i handled,,,,
833B,Komplicerad luxation i handled,,,,
834A,Okomplicerad luxation av finger inkl tumme,,,,
834B,Komplicerad luxation av finger inkl tumme,,,,
835A,Okomplicerad luxation av höftled,,,,
835B,Komplicerad luxation av höftled,,,,
836A,"Ruptur av medial ledbrosk el menisk, aktuell skada",,,,
836B,"Ruptur av lateral ledbrosk el menisk, aktuell skada",,,,
836C,Annan än 836A-B o ospec ruptur av ledbrosk el menisk,,,,
836D,"Luxation av patella, okomplicerad",,,,
836E,"Luxation av patella, komplicerad",,,,
836F,"Luxation av knäet, okomplicerad annan än 836D",,,,
836G,"Luxation av knäet, komplicerad annan än 836E",,,,
837A,Okomplicerad luxation av fotled,,,,
837B,Komplicerad luxation av fotled,,,,
838A,Okomplicerad luxation av fot,,,,
838B,Komplicerad luxation av fot,,,,
839A,Okomplicerad luxation av halskota,,,,
839B,Komplicerad luxation av halskota,,,,
839C,Okomplicerad luxation av bröst- och ländkota,,,,
839D,Komplicerad luxation av bröst- och ländkota,,,,
839E,"Okomplicerad luxation av annan kota, annan än 839A o C",,,,
839F,"Komplicerad luxation av annan kota, annan än 839B o D",,,,
839G,"Okomplicerad annan luxation, annan än 839A,C o E",,,,
839H,"Komplicerad annan luxation, annan än 839B,D o F",,,,
839W,"Multip o ofullst def lux, okompl annan än 839A,C,E o G",,,,
839X,"Multip o ofullst def lux, kompl annan än 839B,D,F o H",,,,
840A,Distorsion i akromioklavikularled,,,,
840B,Distorsion i korakoklavikularligament,,,,
840C,Distorsion i korakohumoralligament,,,,
840D,Distorsion i infraspinatusmuskel eller sena,,,,
840E,Distorsion i rotationskapsel,,,,
840F,Distorsion i subskapularismuskel,,,,
840G,Distorsion i supraspinatusmuskel eller sena,,,,
840W,Spec distorsioner i skuldra och överarm an än 840A-G,,,,
840X,"Distorsioner i skuldra och överarm, ospecificerade",,,,
841A,Distorsion i radiala kollateralligamentet,,,,
841B,Distorsion i ulnara kollateralligamentet,,,,
841C,Distorsion i humeroradialled,,,,
841D,Distorsion i humeroulnarled,,,,
841W,Spec distorsioner i armbåge och underarm utom 841A-E,,,,
841X,"Distorsioner i armbåge och underarm, ospecificerade",,,,
842A,Distorsion i handled,,,,
842B,Distorsion i hand,,,,
843A,Distorsion i iliofemoralligament,,,,
843B,Distorsion i ischiokapsularligament,,,,
843W,"Specificerad distorsion i höft o lår, andra än 843A-B",,,,
843X,"Distorsioner i höftled och lår, ospecificerade",,,,
844A,Distorsion i laterala kollateralligamentet i knä,,,,
844B,Distorsion i mediala kollateralligamentet i knä,,,,
844C,Distorsion i korsbandsligament i knä,,,,
844D,Distorsion i övre tibiofibularled och ligament,,,,
844W,"Specificerad distorsion i knä o ben, andra än 844A-D",,,,
844X,"Distorsioner i knä och ben, ospecificerade",,,,
845A,Distorsion i vrist,,,,
845B,Distorsion i foten,,,,
846A,Distorsion i lumbosakralled och lumbosakralligament,,,,
846B,Distorsion i sakroiliakaled och sakroiliakaligament,,,,
846C,Distorsion i sakrospinalligament,,,,
846D,Distorsion i sakrotuberalligament,,,,
846W,"Distorsioner i sakroiliakaregionen, andra än 846A-D",,,,
846X,"Distorsioner i sakroiliakaregionen, ospecificerade",,,,
847A,Distorsioner i halsen,,,,
847B,Distorsioner i bröstregionen,,,,
847C,Distorsioner i ländregionen,,,,
847D,Distorsioner i sakrum,,,,
847E,Distorsioner i coccyx,,,,
847X,"Distorsioner i ryggregionen, ospecificerade",,,,
848A,Distorsioner i näsans septumbrosk,,,,
848B,Distorsioner i käken,,,,
848C,Distorsioner i tyreoidearegionen,,,,
848D,Distorsioner i revben,,,,
848E,Distorsioner i sternum,,,,
848F,Distorsioner i bäckenet,,,,
848W,"Distorsioner i spec lokalisationer, andra än 848A-F",,,,
848X,Distorsioner i icke specificerad lokalisation,,,,
850X,Hjärnskakning,,,,
851A,Hjärnlaceration el kont u uppg om öppen intrakran skad,,,,
851B,Hjärnlaceration el kont med öppen intrakraniell skada,,,,
852A,"Subarakn,subdu o extradu blöd u uppg o öpp intrakr ska",,,,
852B,"Subarakn, subdu o extradu blödn m öpp intrakran skada",,,,
853A,Intrakran blödn utan uppgift om öppen intrakran skada,,,,
853B,Intrakraniell blödning med öppen intrakraniell skada,,,,
854A,Intrakraniell skada utan uppgift om öppen eller sluten,,,,
854B,Öppen intrakraniell skada,,,,
860A,Pneumotorax utan uppgift om öppet sår in i torax,,,,
860B,Pneumotorax med öppet sår in i torax,,,,
860C,Hemotorax utan uppgift om öppet sår in i torax,,,,
860D,Hemotorax med öppet sår in i torax,,,,
860E,Pneumohemotorax utan uppgift om öppet sår in i torax,,,,
860F,Pneumohemotorax med öppet sår in i torax,,,,
861A,"Skada på hjärtat, utan uppgift om öppet sår in i torax",,,,
861B,"Skada på hjärtat, med öppet sår in i torax",,,,
861C,"Skada på lunga, utan uppgift om öppet sår in i torax",,,,
861D,"Skada på lunga, med öppet sår in i torax",,,,
862A,"Skada på diafragma,utan uppgift om öppet sår in i torax",,,,
862B,"Skada på diafragma, med öppet sår in i torax",,,,
862C,Skada på spec intratorak org u öppet sår i torax u 862A,,,,
862D,Skada på spec intrator organ m öppet sår i torax u 862B,,,,
862W,Skada på mult o ej spec intrator org ut uppg om öpp sår,,,,
862X,Skada på mult o ej spec intrator org m öpp sår i torax,,,,
863A,Skada på magsäcken utan uppgift om sår in i bukhålan,,,,
863B,Skada på magsäcken med öppet sår in i bukhålan,,,,
863C,Skada på tunntarmen utan uppgift om öppet sår i bukhåla,,,,
863D,Skada på tunntarmen med öppet sår in i bukhålan,,,,
863E,Skada på kolon el rektum ut uppg om öpp sår i bukhålan,,,,
863F,Skada på kolon eller rektum med öppet sår in i bukhålan,,,,
863W,"Skada på ann än 863A,C o E o ej spec lok ut uppg om öpp",,,,
863X,"Skada på an än 863B,D o F o ej spec lok m öpp sår i buk",,,,
864A,Skada på lever utan uppgift om öppet sår in i bukhålan,,,,
864B,Skada på levern med öppet sår in i bukhålan,,,,
865A,Skada på mjälten utan uppg om öppet sår in i bukhålan,,,,
865B,Skada på mjälten med öppet sår in i bukhålan,,,,
866A,Skada på njure utan uppgift om öppet sår in i bukhålan,,,,
866B,Skada på njure med öppet sår in i bukhålan,,,,
867A,"Skada på blåsa o uretra,utan uppg om öpp sår i bukhålan",,,,
867B,"Skada på blåsa och uretra, med öppet sår in i bukhålan",,,,
867C,"Skada på uretär,utan uppgift om öppet sår in i bukhålan",,,,
867D,"Skada på uretär, med öppet sår in i bukhålan",,,,
867E,"Skada på uterus, utan uppgift om öppet sår i bukhålan",,,,
867F,"Skada på uterus, med öppet sår in i bukhålan",,,,
867G,"Skad på bäckenorg,u uppg om öpp sår i buk ut 867A,C o E",,,,
867H,"Skada på bäckenorg,m öpp sår i bukhålan utom 867B,D o E",,,,
867W,"Skada på icke spec del av bäckenorg,utan uppg o öpp sår",,,,
867X,"Skada på icke spec del av bäckenorg,m öpp sår i bukhåla",,,,
868A,Skada på bukorgan utan uppg om öppet sår in i bukhålan,,,,
868B,Skada på bukorgan med öppet sår in i bukhålan,,,,
869A,"Inre skada ut uppg om öpp sår in i bukhålan, ospec org",,,,
869B,"Inre skada med öppet sår in i bukhålan, ospec organ",,,,
870A,Laceration av hud på ögonlock o området omkring ögat,,,,
870B,"Laceration genom hela ögonlocket, ej tårkanalsystemet",,,,
870C,Laceration av ögonlock som inbegriper tårkanalsystemet,,,,
870D,Penetrerande sår i orbita utan uppgift om främm kropp,,,,
870E,Penetrerande sår i orbita med främmande kropp,,,,
870W,Sårskador i ögonregionen annan än 870A-E,,,,
870X,"Sårskada i ögonregionen, ospecificerad",,,,
871A,Skada på ögat utan prolaps av ögonvävnad,,,,
871B,Skada på ögat m prolaps el friläggn av inre ögonvävnad,,,,
871C,Ruptur av ögat m partiell förlust av intraokulär vävn,,,,
871D,Bortslitning av ögat,,,,
871E,Icke specificerad sårskada i ögat,,,,
871F,Penetration av ögongloben med magnetisk främm kropp,,,,
871G,Penetra av ögongloben m icke magn el ospec främm kropp,,,,
871H,Icke specificerad penetration av ögongloben,,,,
871X,"Sårskada på ögongloben, ospecificerad",,,,
872A,"Sårskada på ytterörat, utan uppgift om komplikation",,,,
872B,"Sårskada på ytterörat, med komplikation",,,,
872G,"Sårskada på spec delar av ytteröra, utan uppg om kompl",,,,
872H,"Sårskada på spec delar av ytteröra, med komplikation",,,,
872W,"Sårskada på ick spec del av örat,utan uppgift om kompl",,,,
872X,"Sårskada på icke spec del av örat, med komplikation",,,,
873A,"Sårskada på skalpen, utan uppgift om komplikation",,,,
873B,"Sårskada på skalpen, med komplikation",,,,
873C,"Sårskada på näsan, utan uppgift om komplikation",,,,
873D,"Sårskada på näsan, med komplikation",,,,
873E,"Sårskada i ansiktet, utan uppgift om komplikation",,,,
873F,"Sårskada i ansiktet, med komplikation",,,,
873G,"Sårskada på inre vävnader i munnen, utan uppg om kompl",,,,
873H,"Sårskada på inre vävnader i munnen, med komplikation",,,,
873W,"An utom 870A-873H o ick spec sårskada på huvud,ut uppg",,,,
873X,"An u 870A-873H o ick spec sårskada på huvudet, m kompl",,,,
874A,"Sårskada på larynx och trakea, utan uppgift om kompl",,,,
874B,"Sårskada på larynx och trakea, med komplikation",,,,
874C,"Sårskada på tyreoidea, utan uppgift om komplikation",,,,
874D,"Sårskada på tyreoidea, med komplikation",,,,
874E,"Sårskada på farynx, utan uppgift om komplikation",,,,
874F,"Sårskada på farynx, med komplikation",,,,
874W,"Ann utom 874A-E o ick spec del av hals,u uppg om kompl",,,,
874X,"Andra än 874A-F och icke spec del av halsen, med kompl",,,,
875A,Sårskada på bröstkorgen utan uppgift om komplikation,,,,
875B,Sårskada på bröstkorgen med komplikation,,,,
876A,Sårskada på ryggen utan uppgift om komplikation,,,,
876B,Sårskada på ryggen med komplikation,,,,
877A,Sårskada på sätesregionen utan uppgift om komplikation,,,,
877B,Sårskada på sätesregionen med komplikation,,,,
878A,"Sårskada på penis, utan uppgift om komplikation",,,,
878B,"Sårskada på penis, med komplikation",,,,
878C,"Sårskada på skrotum och testiklar, utan uppg om kompl",,,,
878D,"Sårskada på skrotum och testiklar, med komplikation",,,,
878E,"Sårskada på vulva, utan uppgift om komplikation",,,,
878F,"Sårskada på vulva, med komplikation",,,,
878G,"Sårskada på vagina, utan uppgift om komplikation",,,,
878H,"Sårskada på vagina, med komplikation",,,,
878W,"Sårsk på a u 878A-G o icke spec del av könsorg,ut uppg",,,,
878X,"Sårsk på a u 878A-G o icke spec del av könsorg,m kompl",,,,
879A,"Sårskada på bröstkörtel, utan uppgift om komplikation",,,,
879B,"Sårskada på bröstkörtel, med kompl",,,,
879C,"Sårskada på främre bukväggen, utan uppgift om kompl",,,,
879D,"Sårskada på främre bukväggen, med komplikation",,,,
879E,"Sårskada på laterala bukväggen, utan uppgift om kompl",,,,
879F,"Sårskada på laterala bukväggen, med komplikation",,,,
879G,"Sårsk an än 879A-E o ospec del av bål,ut uppg om kompl",,,,
879H,"Sårskada annan än 879A-F o ospec del av bålen,med kompl",,,,
879W,"Sårskador med icke spec lokal, utan uppgift om kompl",,,,
879X,"Sårskada med icke spec lokalisation, med komplikation",,,,
880A,Sårskada i skulderregion och överarm utan uppg om kompl,,,,
880B,Sårskada i skulderregion och överarm med komplikation,,,,
880C,Sårskada i skulderregion och överarm med senskada,,,,
881A,"Sårskada på armbåge,underarm o handlov ut uppg om kompl",,,,
881B,"Sårskada på armbåge, underarm och handlov med kompl",,,,
881C,"Sårskada på armbåge, underarm och handlov med senskada",,,,
882A,Sårsk på hand ut enb finger el fingar ut uppg om kompl,,,,
882B,Sårskada på hand utom enbart finger el fingar m kompl,,,,
882C,Sårskada på hand ut enbart finger el fingar m senskada,,,,
883A,Sårskada på finger el fingrar utan uppgift om kompl,,,,
883B,Sårskada på finger eller fingrar med komplikation,,,,
883C,Sårskada på finger eller fingrar med senskada,,,,
884A,Multipla sårskador på övre extrem ut uppgift om kompl,,,,
884B,Multipla sårskador på övre extremitet med komplikation,,,,
884C,Multipla sårskador på övre extremitet med senskada,,,,
885A,"Traumatisk amp av tumme,total el part ut uppg om kompl",,,,
885B,"Traumatisk amput av tumme, total el partiell med kompl",,,,
886A,Traum amp av finger ut tumme tot el part ut uppg kompl,,,,
886B,"Traum amput av finger utom tumme,total el part m kompl",,,,
887A,"Traum amp ensidig, nedanför armbågen, ut uppg om kompl",,,,
887B,"Traumatisk amputat ensidig, nedanför armbågen, m kompl",,,,
887C,"Traum amp ensid,vid el ovanför armbåg,ut uppg om kompl",,,,
887D,"Traumat amput ensidig,vid el ovanför armbågen, m kompl",,,,
887E,"Traum amp ensid på arm,icke spec nivå,ut uppg om kompl",,,,
887F,"Traumat amputat ensidig på arm,icke spec nivå, m kompl",,,,
887G,"Traum amp dubbelsid på arm,oavs nivå,utan uppg om komp",,,,
887H,"Traumat amputat dubbelsid på arm,oavsett nivå, m kompl",,,,
890A,Sårskada på höft och lår utan uppgift om komplikation,,,,
890B,Sårskada på höft och lår med komplikaion,,,,
890C,Sårskada på höft och lår med senskada,,,,
891A,"Sårskada på knä,underben o vrist utan uppgift om kompl",,,,
891B,"Sårskada på knä, underben o vrist med komplikation",,,,
891C,"Sårskada på knä, underben o vrist med senskada",,,,
892A,"Sårskada på fot utom enbart tår,utan uppgift om kompl",,,,
892B,"Sårskada på fot utom enbart tår, med komplikation",,,,
892C,"Sårskada på fot utom enbart tår, med senskada",,,,
893A,"Sårskada på tå eller tår, utan uppgift om komplikation",,,,
893B,"Sårskada på tå eller tår, med komplikation",,,,
893C,"Sårskada på tå eller tår, med senskada",,,,
894A,Mult o icke spec sårskador på ned extr ut uppg om kompl,,,,
894B,Mult o icke spec sårskador på nedre extremitet m kompl,,,,
894C,Mult o icke spec sårskador på ne extremitet m senskada,,,,
895A,"Traum amp av tå,total el partiell ut uppgift om kompl",,,,
895B,"Traum amp av tå (tår), total el partiell med kompl",,,,
896A,"Traum amp av fot,tot el part ensidig,utan uppg om kompl",,,,
896B,"Traum amp av fot, total el part ensidig, med kompl",,,,
896C,"Traum amp av fot,tot el part dubbels, ut uppg om kompl",,,,
896D,"Traum amp av fot, total el part dubbelsidig, med kompl",,,,
897A,"Ensidig amp nedanför knäet, utan uppgift om kompl",,,,
897B,"Ensidig amputation nedanför knäet, med komplikation",,,,
897C,"Ensidig amp, vid el ovanför knäet, utan uppg om kompl",,,,
897D,"Ensidig amputation, vid eller ovanför knäet, med kompl",,,,
897E,"Ensidig amp av ben, icke spec nivå, utan uppg om kompl",,,,
897F,"Ensidig amputation av ben, icke spec nivå, med kompl",,,,
897G,"Dubbelsidig amp av ben, oavsett nivå, ut uppg om kompl",,,,
897H,"Dubbelsidig amputation av ben, oavsett nivå, med kompl",,,,
900A,Skada på karotisartär,,,,
900B,Skada på vena jugularis interna,,,,
900W,Skada på blodkärl annan än 900A-B,,,,
900X,Skada på icke spec blodkärl i huvudet och halsen,,,,
901A,Skador på bröstaorta,,,,
901B,Skador på arteria subclavia,,,,
901C,Skador på vena cava superior,,,,
901D,Skador på vena subclavia,,,,
901E,Skador på lungkärl,,,,
901W,Skador på blodkärl annan än 901A-E,,,,
901X,"Skador på bröstkorgens blodkärl, ospecificerade",,,,
902A,Skada på bukaorta,,,,
902B,Skada på vena cava inferior,,,,
902C,Skada på arteria coeliaca och arteria mesenterica,,,,
902D,Skada på vena porta och vena linealis,,,,
902E,Skada på njurkärl,,,,
902F,Skada på iliakakärl,,,,
902W,Skada på spec blodkärl i buk och bäcken utom 902A-F,,,,
902X,"Skada på blodkärl i buken och bäckenet, ospecificerade",,,,
903A,Skador på axillara kärl,,,,
903B,Skador på brakiala kärl,,,,
903C,Skador på radiala kärl,,,,
903D,Skador på ulnariskärl,,,,
903E,Skador på arteria palmaris,,,,
903F,Skador på fingrarnas kärl,,,,
903W,Skador på spec blodkärl i övre extremit an än 903A-F,,,,
903X,"Blodkärl i övre extremiteten, ospecificerade",,,,
904A,Skada på arteria femoralis communis,,,,
904B,Skada på arteria femoralis superficialis,,,,
904C,Skada på femoralvener,,,,
904D,Skada på vena saphena,,,,
904E,Skada på popliteakärl,,,,
904F,Skada på arteria eller vena tibialis,,,,
904G,Skada på djupa plantara blodkärl,,,,
904H,Skada på blodkärl i nedre extremitet annan än 904A-G,,,,
904W,"Skada på blodkärl i nedre extremitet, ospecificerad",,,,
904X,Skada på blodkärl i nedre extremitet med icke spec lok,,,,
905A,Sena besvär av skallfrakt och fraktur på ansiktsben,,,,
905B,"Sena besv frakt på ryggrad,bål ut uppg om ryggmärgskad",,,,
905C,Sena besvär av fraktur på övre extremiteterna,,,,
905D,Sena besvär av fraktur på lårbenets övre del,,,,
905E,Sena besvär av fraktur på nedre extremiteterna,,,,
905F,Sena besvär av frakt på flera ben o icke spec lokalis,,,,
905G,Sena besvär av luxation,,,,
905H,Sena besvär av distorsion utan uppgift om senskada,,,,
905W,Sena besvär av senskada,,,,
905X,Sena besvär av traumatisk amputation,,,,
906A,"Sena besvär av sårskada på huvudet, halsen o bålen",,,,
906B,Sena besvär av sårskada på extrem ut uppg om senskada,,,,
906C,Sena besvär av ytlig sårskada,,,,
906D,Sena besvär av kontusion,,,,
906E,Sena besvär av krosskada,,,,
906F,"Sena besv av brännskada på öga, ansikte, huvud o hals",,,,
906G,Sena besvär av brännskada på handled och hand,,,,
906H,Sena besvär av brännskada på extremitet utom hand,,,,
906W,Sena besvär av brännskada med spec lok annan än 906A-H,,,,
906X,Sena besvär av brännskada med icke spec lokalisation,,,,
907A,Sena besvär av intrakr skada ut uppgift om skallfrakt,,,,
907B,Sena besvär av skada på kranialnerv,,,,
907C,Sena besvär av skada på ryggmärgen,,,,
907D,"Sena besv av skada på nervrot,spinalplex o ann bålnerv",,,,
907E,Sen besv av skada p per nerv i skuldergördel o öv extr,,,,
907F,Sen besv av skada perif nerv i bäckengördel o ned extr,,,,
907X,Sena besvär av skada på ann än 907A-F o icke spec nerv,,,,
908A,Sena besvär av inre skada i bröstkorgen,,,,
908B,Sena besvär av skada på intraabdominella organ,,,,
908C,Sena besvär av skada på andra inre organ än 908A-B,,,,
908D,"Sena besvär av skada på blodkärl i huvud,hals o extrem",,,,
908E,"Sen besv av skada på blodkärl i bröstkorg,buk o bäcken",,,,
908F,Sena besvär av främm kropp i naturlig kroppsöppning,,,,
908G,Sena besvär av vissa komplikationer till yttre våld,,,,
908X,Sena besvär av icke specificerad skada,,,,
909A,"Sen besvär av förgift m läkemed,droger el biolog subst",,,,
909B,"Sen besvär av toxiskt verk ämne, icke anv i medic bruk",,,,
909C,Sena besvär av strålning,,,,
909D,Sena besvär av kompl till kirurgisk och medicinsk vård,,,,
909E,Sena besvär av vissa andra yttre orsaker än 909A-D,,,,
909X,Sena besvär av andra än 909A-E o icke spec yttre orsak,,,,
910A,"Skrubbsår på ansikte, hals o skalp utan uppg om inf",,,,
910B,"Skrubbsår på ansikte, hals o skalp, infekterat",,,,
910C,"Blåsa på ansikte, hals o skalp utan uppgift om infek",,,,
910D,"Blåsa på ansikte, hals o skalp, infekterad",,,,
910E,"Insektsbett på ansikte,hals o skalp,icke giftigt,infek",,,,
910G,"Ytl stick,flis på ansikte,hals,skalp o ut uppg om infek",,,,
910H,"Ytl sticka, flisa på ansikte, hals o skalp, infekterad",,,,
910W,"Annan skada på ansikte än 910A,C,G, utan uppg om infek",,,,
910X,"Annan skada på ansikte än 910B,D,E,H, infekterad",,,,
911A,"Skrubbsår på bålen, utan uppgift om infektion",,,,
911B,"Skrubbsår på bålen, infekterat",,,,
911C,"Blåsa på bålen, utan uppgift om infektion",,,,
911D,"Blåsa på bålen, infekterad",,,,
911E,"Insektsbett på bålen, icke giftigt, infekterat",,,,
911G,"Ytl sticka, flisa på bålen o utan uppgift om infektion",,,,
911H,"Ytlig sticka, flisa på bålen, infekterad",,,,
911W,"Annan skada på bålen än 911A,C,G utan uppgift om infek",,,,
911X,"Annan skada på bålen än 911B,D,E,H, infekterad",,,,
912A,"Skrubbsår på skuldra o överarm, utan uppg om infektion",,,,
912B,"Skrubbsår på skuldra och överarm, infekterat",,,,
912C,"Blåsa på skuldra och överarm, utan uppgift om infek",,,,
912D,"Blåsa på skuldra och överarm, infekterad",,,,
912E,"Insektsbett på skuldra och överarm, icke giftigt,infek",,,,
912G,"Ytl sticka,flisa på skuldra o överarm ut uppg om infek",,,,
912H,"Ytl sticka, flisa på skuldra o överarm, infekterad",,,,
912W,"An skada p skuldr o överarm än 912A,C,G ut uppg om inf",,,,
912X,"An skada p skuldra o överarm än 912B,D,E,H, infekterad",,,,
913A,"Skrubbsår på armbåge,underarm,handlov,ut uppg om infek",,,,
913B,"Skrubbsår på armbåge, underarm och handlov, infekterad",,,,
913C,"Blåsa på armbåge,underarm o handlov,utan uppg om infek",,,,
913D,"Blåsa på armbåge, underarm o handlov, infekterad",,,,
913E,"Insektsbett armbåge,underarm,handlov, icke gift, infek",,,,
913G,"Ytl sticka armbåge,underarm, handlov, ut uppg om infek",,,,
913H,"Ytlig sticka,flisa på armbåge,underarm, handlov, infek",,,,
913W,"An skada armbåge,underarm,handlov än 913A,C,G, u infek",,,,
913X,"An skada armbåge,underarm,handlov än 913B,D,E,H, infek",,,,
914A,"Skrubbsår på hand (utom fingrar), ut uppgift om infek",,,,
914B,"Skrubbsår på hand, händer (ut fingrar), infekterat",,,,
914C,"Blåsa på hand (utom fingrar), utan uppgift om infek",,,,
914D,"Blåsa på hand, händer (utom fingar), infekterad",,,,
914E,"Insektsbett på hand,händer (ut fingrar),icke gift,infek",,,,
914G,"Ytl sticka,flisa på hand,händer ut uppgift infek",,,,
914H,"Ytl sticka,flisa på hand o händer (utom fingrar),infek",,,,
914W,"Ann skada på hand,händer än 914A,C,G, ut uppg om infek",,,,
914X,"An skada hand,händer (utom fingr) än 914B,D,E,H,infek",,,,
915A,"Skrubbsår på finger/-rar, utan uppgift om infektion",,,,
915B,"Skrubbsår på finger/fingrar, infekterat",,,,
915C,"Blåsa på finger/fingar, utan uppgift om infektion",,,,
915D,"Blåsa på finger/fingrar, infekterad",,,,
915E,"Insektsbett på finger/-rar, icke giftigt, infekterad",,,,
915G,"Ytlig sticka,flisa finger/-rar o utan uppgift om infek",,,,
915H,"Ytlig sticka, flisa på finger/fingar, infekterad",,,,
915W,"Ann skada finger/-rar än 915A,C,G utan uppg om infek",,,,
915X,"Annan skada på finger/fingrar än 915B, D, E, H, infek",,,,
916A,"Skrubbsår höft,lår,underben o vrist,utan uppg om infek",,,,
916B,"Skrubbsår på höft, lår, underben o vrist, infekterat",,,,
916C,"Blåsa höft, lår, underben o vrist, utan uppg om infek",,,,
916D,"Blåsa på höft, lår, underben och vrist, infekterad",,,,
916E,"Insektsbett höft,lår, underb o vrist, icke gift,infek",,,,
916G,"Ytlig sticka höft,lår,underb o vrist,ut upppg om infek",,,,
916H,"Ytlig sticka, flisa höft, lår, underben o vrist, infek",,,,
916W,"An skada höft,lår,underb,vrist än 916A,C,G ut uppg inf",,,,
916X,"An skada höft,lår,underb o vrist än 916B,D,E,H, infek",,,,
917A,"Skrubbsår på fot och tår, utan uppgift om infektion",,,,
917B,"Skrubbsår på fot och tår, infekterat",,,,
917C,"Blåsa på fot och tår, utan uppgift om infektion",,,,
917D,"Blåsa på fot och tår, infekterad",,,,
917E,"Insektsbett på fot och tår, icke giftigt, infekterat",,,,
917G,"Ytlig sticka, flisa fot och tår utan uppgift om infek",,,,
917H,"Ytlig sticka, flisa på fot och tår, infekterad",,,,
917W,"An skada fot o tår än 917A,C,G, utan uppgift om infek",,,,
917X,"Annan skada på fot och tår än 917B,D,E,H, infekterad",,,,
918A,Ytlig skada på ögonlock och området omkring ögat,,,,
918B,Ytlig skada på kornea,,,,
918C,Ytlig skada på konjunktiva,,,,
918X,Ann än 918A-C o icke spec ytl skada på öga el ögonreg,,,,
919A,"Skrubbsår, multipla o icke spec lok, ut uppg om infek",,,,
919B,"Skrubbsår, multipla och icke spec lokalisationer,infek",,,,
919C,"Blåsa, multipla o icke spec lok, utan uppgift om infek",,,,
919D,"Blåsa, multipla o icke spec lokalisation, infekterad",,,,
919E,"Insektsbett, mult o icke spec lok, icke giftig, infek",,,,
919G,"Ytl sticka,flisa,mult o icke spec lok ut uppg om infek",,,,
919H,"Ytlig sticka,flisa,multipla o icke spec lokalis,infek",,,,
919W,"An skad mult o icke spec lok än 919A,C,G ut uppg om inf",,,,
919X,"An skada m mult o icke spec lok än 919B,D,E,H, infek",,,,
920X,"Krosskada i ansiktet, på skalpen och halsen, exkl ögat",,,,
921A,Blått öga utan närmare specifikation,,,,
921B,Kontusion på ögonlock och området omkring ögat,,,,
921C,Kontusion av orbitala vävnader,,,,
921D,Kontusion av ögongloben,,,,
921X,Icke specificerad kontusion av ögat,,,,
922A,Krosskada på bröstkörtel,,,,
922B,Krosskada på bröstväggen,,,,
922C,Krosskada på bukväggen,,,,
922D,Krosskada på ryggen,,,,
922E,Krosskada på könsorganen,,,,
922W,Krosskada på multipla lokalisationer på bålen,,,,
922X,Krosskada på icke specificerad del av bålen,,,,
923A,Krosskada på skuldra och överarm,,,,
923B,Krosskada på armbåge och underarm,,,,
923C,Krosskada på handlov o hand utom enbart finger/fingrar,,,,
923D,Krosskada på finger,,,,
923W,Krosskada på mult lokal på övre extremitet utom 923A-C,,,,
923X,Krosskada på icke specificerad del av övre extremitet,,,,
924A,Krosskada på höft och lår,,,,
924B,Krosskada på knä och underben,,,,
924C,"Krosskada på vrist och fot, utom tå (tår)",,,,
924D,Krosskada på tå,,,,
924E,Krosskada på mult lokal på nedre extrem an än 924A-C,,,,
924F,Krosskada på icke specificerad del av nedre extremitet,,,,
924W,Krosskada på multipla lokalis som ej klass annorstädes,,,,
924X,Krosskada på icke specificerad lokalisation,,,,
925X,"Klämskada i ansiktet, på skalpen och halsen",,,,
926A,Klämskada på yttre könsorganen,,,,
926B,"Klämskada på spec lokalisation annan än 925X, 926A",,,,
926W,Klämskada på multipla lokalisationer på bålen,,,,
926X,Klämskada på icke specificerad del av bålen,,,,
927A,Klämskada på skuldra och överarm,,,,
927B,Klämskada på armbåge och underarm,,,,
927C,"Klämskada på handlov o hand, utom enb finger (fingrar)",,,,
927D,Klämskada på finger,,,,
927W,Klämskada på multipla lokalisationer övre extremitet,,,,
927X,Klämskada på icke specificerad del av övre extremitet,,,,
928A,Klämskada på höft och lår,,,,
928B,Klämskada på knä och underben,,,,
928C,"Klämskada på vrist och fot, utom enbart tå eller tår",,,,
928D,Klämskada på tå,,,,
928W,Klämskada på multipla lokalisationer på nedre extremit,,,,
928X,Klämskada på icke specificerad del av nedre extremitet,,,,
929A,Klämskada med multipla lokalis som ej klass annorstädes,,,,
929X,Klämskada med icke specificerad lokalisation,,,,
930A,Främmande kropp i kornea,,,,
930B,Främmande kropp i konjunktivalsäcken,,,,
930C,Främmande kropp i punctum lacrimale,,,,
930W,Främmande kropp i öga annan än 930A-C och komb lokalis,,,,
930X,Främmande kropp i öga icke specificerad lokalisation,,,,
931X,Främmande kropp i öra,,,,
932X,Främmande kropp i näsa,,,,
933A,Främmande kropp i farynx,,,,
933B,Främmande kropp i larynx,,,,
934A,Främmande kropp i trakea,,,,
934B,Främmande kropp i huvudbronk,,,,
934W,Främmande kropp i spec del av bronk annan än 930-934B,,,,
934X,"Främmande kropp i bronkträdet, ospecificerad",,,,
935A,Främmande kropp i munnen,,,,
935B,Främmande kropp i esofagus,,,,
935C,Främmande kropp i magsäcken,,,,
936X,Främmande kropp i tunntarmen och tjocktarmen,,,,
937X,Främmande kropp i anus och rektum,,,,
938X,Främmande kropp i icke spec del av matsmältningsorgen,,,,
939A,Främmande kropp i blåsa och uretra,,,,
939B,Främmande kropp i uterus,,,,
939C,Främmande kropp i vulva och vagina,,,,
939D,Främmande kropp i penis,,,,
939X,Främmande kropp med ospecificerad lokalisation,,,,
940A,Brännskada orsak av kemiskt ämne på ögonlock o ögonreg,,,,
940B,Brännskador på ögonlock o ögonregion annan än 940A,,,,
940C,Brännskada ors av alk ämne i kornea o konjunktivalsäck,,,,
940D,Brännskada orsakad av syra i kornea o konjunktivalsäck,,,,
940E,Brännskada i kornea o konjunktivalsäck annan än 940C-D,,,,
940F,Brännskada resulterande ruptur o destrukt av ögonglob,,,,
940X,Icke specificerad brännskada i öga och adnexa,,,,
941A,"Brännskada ansikte, på huvudet o halsen, ospec grad",,,,
941B,"Brännskada ansikte, på huvudet o halsen, första graden",,,,
941C,"Brännskada ansikte, på huvudet o halsen, andra graden",,,,
941D,"Brännskada ansikte, på huvud o hals, tredje graden UNS",,,,
941E,"Brännskada ansikte, på huvud o hals,djup tredje graden",,,,
942A,"Brännskada på bålen, ospecificerad grad",,,,
942B,"Brännskada på bålen, första graden",,,,
942C,"Brännskada på bålen, andra graden",,,,
942D,"Brännskada på bålen, tredje graden UNS",,,,
942E,"Brännskada på bålen, djup tredje graden",,,,
943A,"Brännskada övre extr utom handlov o hand, ospec grad",,,,
943B,"Brännskada övre extr utom handlov o hand,första grad",,,,
943C,"Brännskada övre extr utom handlov o hand, andra grad",,,,
943D,"Brännsk övre extr utom handlov o hand, tredje grad UNS",,,,
943E,"Brännsk övre extr utom handlov o hand,djup tredje grad",,,,
944A,"Brännskada på handlov och hand, ospecificerad grad",,,,
944B,"Brännskada på handlov och hand, första graden",,,,
944C,"Brännskada på handlov och hand, andra graden",,,,
944D,"Brännskada på handlov och hand, tredje graden UNS",,,,
944E,"Brännskada på handlov och hand, djup tredje graden",,,,
945A,"Brännskada på nedre extremitet, ospecificerad grad",,,,
945B,"Brännskada på nedre extremitet, första graden",,,,
945C,"Brännskada på nedre extremitet, andra graden",,,,
945D,"Brännskada på nedre extremitet, tredje graden UNS",,,,
945E,"Brännskada på nere extremitet, djup tredje graden",,,,
946A,"Brännskada med flera spec lokalisationer, ospec grad",,,,
946B,"Brännskada med flera spec lokalisationer, första grad",,,,
946C,"Brännskada med flera spec lokalisationer, andra grad",,,,
946D,"Brännskada flera spec lokalisation, tredje graden UNS",,,,
946E,"Brännskada flera spec lokalisation,djup tredje graden",,,,
947A,Brännskada på munnen och farynx,,,,
947B,"Brännskada på larynx, trakea och lunga",,,,
947C,Brännskada på esofagus,,,,
947D,Brännskada på mag- och tarmkanalen,,,,
947E,Brännskada på vagina och uterus,,,,
947W,"Brännskada i specificerade inre organ, annan än 947A-E",,,,
947X,"Brännskada i inre organ, ospecificerade",,,,
948A,"Brännskada, mindre än 10 % av kroppsytan",,,,
948B,"Brännskada, 10--19 % av kroppsytan",,,,
948C,"Brännskada, 20--29 % av kroppsytan",,,,
948D,"Brännskada, 30--39 % av kroppsytan",,,,
948E,"Brännskada, 40--49 % av kroppsytan",,,,
948F,"Brännskada, 50--59 % av kroppsytan",,,,
948G,"Brännskada, 60--69 % av kroppsytan",,,,
948H,"Brännskada, 70--79 % av kroppsytan",,,,
948W,"Brännskada, 80--89 % av kroppsytan",,,,
948X,"Brännskada, 90 % eller mer av kroppsytan",,,,
949A,"Brännskada, ospecificerad",,,,
949B,"Brännskada ospecificerad, första graden",,,,
949C,"Brännskada ospecificerad, andra graden",,,,
949D,"Brännskada ospecificerad, tredje graden UNS",,,,
949E,"Brännskada ospecificerad, djup tredje graden",,,,
950A,Skada på synnerven,,,,
950B,Skada på chiasma opticum,,,,
950C,Skada på synbanan,,,,
950D,Skada på syncentrum i hjärnbarken,,,,
950X,"Skada på synnerven eller synbanan, ospecificerad",,,,
951A,Skada på nervus oculomotorius,,,,
951B,Skada på nervus trochlearis,,,,
951C,Skada på nervus trigeminus,,,,
951D,Skada på nervus abducens,,,,
951E,Skada på nervus facialis,,,,
951F,Skada på nervus acusticus,,,,
951G,Skada på nervus accessorius,,,,
951H,Skada på nervus hypoglossus,,,,
951W,"Skada specificerade kranialnerver, annan än 950A-951H",,,,
951X,Skada på icke specificerad kranialnerv,,,,
952A,Ryggmärgsskada utan skada av ryggradsben cervikaldelen,,,,
952B,Ryggmärgsskada utan skada av ryggradsben torakaldelen,,,,
952C,Ryggmärgsskada utan skada av ryggradsben lumbaldelen,,,,
952D,Ryggmärgsskada utan skada av ryggradsben sakraldelen,,,,
952E,Ryggmärgsskada utan skada av ryggradsben cauda equina,,,,
952W,Ryggmärgsskada utan skada av ryggradsben multipl lok,,,,
952X,"Ryggmärgsskada, ospecificerad",,,,
953A,Skada på cervikalrot,,,,
953B,Skada på torakalrot,,,,
953C,Skada på lumbalrot,,,,
953D,Skada på sakralrot,,,,
953E,Skada på brakialplexus,,,,
953F,Skada på lumbosakralplexus,,,,
953W,"Skada på nervrötter, multipel lokalisation",,,,
953X,"Skada på nervrötter och ryggmärgsplexus, ospecificerad",,,,
954A,Skada på cervikala sympatiska nerver,,,,
954B,Skada på sympatiska nerver annan än 954A,,,,
954W,Sk spec nerv i bål ut i skuld- o bäckengörd ut 954A-B,,,,
954X,"Skada nerv i bål utom i skulder- o bäckengörd, ospec",,,,
955A,Skada på nervus axillaris,,,,
955B,Skada på nervus medianus,,,,
955C,Skada på nervus ulnaris,,,,
955D,Skada på nervus radialis,,,,
955E,Skada på nervus musculocutaneus,,,,
955F,"Skada på sensorisk hudnerv, övre extremiteten",,,,
955G,Skada på fingernerv,,,,
955H,Skada på spec nerv i skuldergördel o öv extr ut 955A-G,,,,
955W,Skada på multipla nerver i skuldergördel o övre extrem,,,,
955X,"Skada perifer nerver i skuldergördel o övr extr, ospec",,,,
956A,Skada på nervus ischiadicus,,,,
956B,Skada på nervus femoralis,,,,
956C,Skada på nervus tibialis posterior,,,,
956D,Skada på nervus peroneus,,,,
956E,"Skada på sensorisk hudnerv, nedre extremitet",,,,
956F,Skada på spec nerv i bäckengördel o ned extr ut 956A-E,,,,
956W,Skada på multipla nerver i bäckengördel o nedre extrem,,,,
956X,"Skada perifer nerv i bäckengördel o nedre extrem,ospec",,,,
957A,Skada på ytliga nerver på huvudet och halsen,,,,
957B,"Skada på specificerade nerver, andra än 950-957A",,,,
957W,Skada på multipla nerver i flera kroppsdelar,,,,
957X,"Skada på andra än 957A-W o icke spec nerver, ospec lok",,,,
958A,"Komplikation till yttre våld, luftemboli",,,,
958B,"Komplikation till yttre våld, fettemboli",,,,
958C,"Kompl till yttre våld,sekundär o återkommande blödning",,,,
958D,Kompl till ytt våld posttraum sårinf s ej klass annorst,,,,
958E,"Komplikation till yttre våld, traumatisk chock",,,,
958F,"Komplikation till yttre våld, traumatisk anuri",,,,
958G,"Kompl till yttre våld, Volkmanns ischemiska kontraktur",,,,
958H,"Komplik till yttre våld, traumatiskt subkutant emfysem",,,,
958W,"Kompl till yttre våld, tid kompl till trauma ut 958A-H",,,,
959A,"Skada, annan och ospecificerad i ansiktet och på hals",,,,
959B,"Skada, annan och ospecificerad på bålen",,,,
959C,"Skada, annan och ospecificerad på skuldra och överarm",,,,
959D,"Skada, annan och ospec på armbåge, underarm o handled",,,,
959E,"Skada, annan och ospecificerad på hand, utom finger",,,,
959F,"Skada, annan och ospecificerad på finger",,,,
959G,"Skada, annan och ospecificerad på höft och lår",,,,
959H,"Skada, annan o ospec på knä, underben, vrist och fot",,,,
959W,"Skada specificerad lokalisation, inkl multipla skador",,,,
959X,"Skada, ospecificerad lokalisation",,,,
960A,Förgiftning med penicillin,,,,
960B,Förgiftning med antibiotika mot svamp,,,,
960C,Förgiftning med kloramfenikol,,,,
960D,Förgiftning med erytromycin och andra makrolider,,,,
960E,Förgiftning med tetracykliner,,,,
960F,Förgiftning med cefalosporiner,,,,
960G,Förgiftning med antimykobakteriella antibiotika,,,,
960H,Förgiftning med cytostatiska antibiotika,,,,
960W,Förgiftning med antibiotika annan än 960A-H,,,,
960X,"Förgiftning med antibiotika, ospecificerade",,,,
961A,Förgiftming med sulfonamider,,,,
961B,Förgiftning med arsenikhaltiga medel mot infektioner,,,,
961C,Förgiftning m medel inneh tungmetaller mot infektioner,,,,
961D,Förgiftning med kinolin och hydroxykinolinderivat,,,,
961E,Förgift m antimalariamed o drog verksam m protoz i blod,,,,
961F,Förgiftning med medel mot protozoer annan än 961D-E,,,,
961G,Förgiftning med maskmedel,,,,
961H,Förgiftning med medel mot virussjukdomar,,,,
961W,Förgift m medel mot mykobakteriesjd annan än 960A-961H,,,,
961X,Förgift m andra än 960A-961W o icke spec medel mot inf,,,,
962A,Förgiftning med binjurebarkssteroider,,,,
962B,Förgiftning med androgener och andra anabola steroider,,,,
962C,Förgiftning med ovarialhormoner o syntetiska substitut,,,,
962D,Förgiftning med insuliner och antidiabetiska medel,,,,
962E,Förgiftning med hypofysframlobens hormoner,,,,
962F,Förgiftning med hypofysbaklobens hormoner,,,,
962G,Förgiftning med paratyroideaderivat,,,,
962H,Förgiftning med tyroideahormoner och tyroideaderivat,,,,
962W,Förgiftning med antityroideamedel,,,,
962X,Förgiftning med hormoner o synt subst annan än 962A-W,,,,
963A,Förgiftning med antiallergiska och antiemetiska medel,,,,
963B,Förgift m medel mot maligna tumörer o immunosuppr medel,,,,
963C,Förgiftning med surgörande medel,,,,
963D,Förgiftning med alkaliserande medel,,,,
963E,Förgiftning med enzymer som ej klassificeras annorstäd,,,,
963F,Förgiftning med vitaminer som ej klassificer annorstäd,,,,
963W,"Förgift m företräd systempåverk medel, annan än 963A-F",,,,
963X,"Förgiftning med företrädesvis systempåverk medel,ospec",,,,
964A,Förgiftning med järn och järnföreningar,,,,
964B,Förgiftning med leverpreparat o andra medel mot anemi,,,,
964C,Förgiftning med antikoagulantia,,,,
964D,Förgiftning med vitamin K,,,,
964E,Förgiftning med fibrinolyspåverkande medel,,,,
964F,Förgift med antagonister till antikoagulan o övr koag,,,,
964G,Förgiftning med gammaglobulin,,,,
964H,Förgiftning med naturligt blod och blodprodukter,,,,
964W,Förgift m medel s företräd påv blodets komp utom 964A-H,,,,
964X,"Förgift m medel som företräd påverk blodets komp,ospec",,,,
965A,Förgiftning m opiater o närbesläktade narkotiska medel,,,,
965B,Förgiftning med salicylater,,,,
965E,Förgift med aromatiska analgetika s ej klass annorstäd,,,,
965F,Förgiftning med pyrazolonderivat,,,,
965G,Förgift med antireum verk medel,,,,
965H,Förgiftning med icke narkotiska analgetika,,,,
965W,"Förgift med spec analget,antipyrc o antireum ut 965A-H",,,,
965X,"Förgift m analgetika, antipyret o antireum medel,ospec",,,,
966A,Förgiftning med oxazolidinderivat,,,,
966B,Förgiftning med hydantoinderivat,,,,
966C,Förgiftning med succinimider,,,,
966D,Förgift m ann än 966A-C och icke spec medel mot kramp,,,,
966E,Förgiftning med medel vid parkinsonism,,,,
967A,Förgiftning med barbiturater,,,,
967B,Förgiftning med kloralhydratgruppen,,,,
967C,Förgiftning med paraldehyd,,,,
967D,Förgiftning med bromföreningar,,,,
967E,Förgiftning med metakvalonföreningar,,,,
967F,Förgiftning med glutetimidgruppen,,,,
967G,Förgiftning m blandade sedativa som ej klass annorstäd,,,,
967W,Förgiftning m spec sedativa o hypnotika an än 967A-G,,,,
967X,"Förgiftning med sedativa och hypnotika, ospecificerade",,,,
968A,Förgift med hämmare av centr nervsystem muskeltonus,,,,
968B,Förgiftning med halotan,,,,
968C,Förgiftning med gasformiga anestet verk medel ut 968B,,,,
968D,Förgiftning med intravenösa anestetika,,,,
968E,Förgiftning med an än 968A-D o icke spec narkosmedel,,,,
968F,Förgiftning med lokalanestetika,,,,
968G,Förgift med medel för perifer nerv- o plexusblockad,,,,
968H,Förgiftning med spinalanestetika,,,,
968X,Förgiftning med andra än 968F-H o icke spec lokalanest,,,,
969A,Förgiftning med antidepressiva medel,,,,
969B,Förgiftning med fentiacinderivat,,,,
969C,Förgiftning med butyrofenonderivat,,,,
969D,Förgift m antipsykot o neurolept verk medel ut 969A-C,,,,
969E,Förgiftning med bensodiazepinderivat,,,,
969F,Förgiftning med lugnande medel annan än 969A-E,,,,
969G,Förgiftning med psykodysleptika (hallucinogener),,,,
969H,Förgiftning med psykostimulantia,,,,
969W,Förgiftning med psykotropa medel annan än 969A-H,,,,
969X,"Förgiftning med psykotropa medel, ospecificerade",,,,
970A,Förgiftning med analeptika,,,,
970B,Förgiftning med opiatantagonister,,,,
970W,Förgift m spec medel s stim centr nervsyst utom 970A-B,,,,
970X,"Förgift m medel som stimulerar centr nervsystem, ospec",,,,
971A,Förgiftning med parasympatometika (kolinergika),,,,
971B,Förgiftning med parasympatolytika och spasmolytika,,,,
971C,Förgiftning med sympatomimetika (adrenergika),,,,
971D,Förgiftning med sympatolytika (antiadrenergika),,,,
971X,"Förgift m medel som påverkar autonoma nervsystem,ospec",,,,
972A,Förgiftning med hjärtrytmregulatorer,,,,
972B,Förgiftning med hjärtmuskelstärkande glykosider o likn,,,,
972C,Förgiftning med medel mot hyperlipemi o arterioskleros,,,,
972D,Förgiftning med ganglieblockerande medel,,,,
972E,Förgiftning med koronarkärlsvidgande medel,,,,
972F,Förgiftning med kärlvidgande medel annan än 972E,,,,
972G,Förgiftning med blodtryckssänkande medel andra än 972D,,,,
972H,Förgift med medel för varixbeh inkl skleroser medel,,,,
972W,Förgiftning med kapilläraktiva medel,,,,
972X,"Förgift m medel s påv hjärt-kärlsyst,o ospec ut 972A-W",,,,
973A,Förgift med antacider o medel mot magsäckssekretion,,,,
973B,Förgiftning med tarmirriterande laxermedel,,,,
973C,Förgiftning med mjukgörande laxermedel,,,,
973D,Förgift m laxermedel inkl medel mot tarmatoni ut 973B-C,,,,
973E,Förgiftning med medel som påverkar matsmältningen,,,,
973F,Förgiftning med medel mot diarrer,,,,
973G,Förgiftning med emetika,,,,
973W,Förgiftn m spec medel s påv mag-tarmkanalen ut 973A-G,,,,
973X,"Förgift med medel som påverk mag-tarmkanalen, ospec",,,,
974A,Förgiftning med kvicksilverdiuretika,,,,
974B,Förgiftning med purinderivatdiuretika,,,,
974C,Förgiftning med karboanhydrashämmare,,,,
974D,Förgiftning med saluretika,,,,
974E,Förgiftning med diuretika utom 974A-C,,,,
974F,"Förg m med s påv elektrol-,värm- o vattenbal ut 974A-E",,,,
974G,Förgiftning med mineralsalter som ej klass annorstäd,,,,
974H,Förgift med medel som påverkar urinsyremetabolismen,,,,
975A,Förgiftning med oxytosinhormoner,,,,
975B,Förgiftning med medel som påverkar muskulatur,,,,
975C,Förgiftning med skelettmuskelavslappnande medel,,,,
975D,Förgift m an än 975A-C o spec med som påverk muskelsyst,,,,
975E,Förgiftning med hostdämpande medel,,,,
975F,Förgiftning med expektorantia,,,,
975G,Förgiftning med medel mot förkylning,,,,
975H,Förgiftning med medel mot astma,,,,
975W,Förgift m ann än 975E-H o spec med m åkommor i andnorg,,,,
976A,Förgift m lokalt verkande medel mot infek o inflamm,,,,
976B,Förgiftning med medel mot klåda,,,,
976C,Förgift med lokalt adstringerande o rengörand medel,,,,
976D,"Förgiftning med uppmjukande, lenande o skyddande medel",,,,
976E,"Förgift m keratolytika, keratoplastika o a hårbehmedel",,,,
976F,Förgift m medel m inf i ögon samt i ögonsjukv anv med,,,,
976G,Förgift m medel m inf samt i ÖNH-sjv använda medel,,,,
976H,Förgift m medel använda i tandvård för lok behehandl,,,,
976W,"Förgift m med anv v hud-,ögon-,önh o tandsjv ut 976A-H",,,,
976X,"Förgift m medel anv v hud-, ögon-, önh o tandsjd,ospec",,,,
977A,Förgiftning med dietetiska medel,,,,
977B,Förgiftning med lipotropa medel,,,,
977C,Förgift m antidot o chelatbild med som ej klass annorst,,,,
977D,Förgiftning med medel vid alkoholavvänjning,,,,
977E,Förgiftning med farmaceutiskt använda substanser,,,,
977W,Förgiftning med spec droger o läkemedel utom 960A-977E,,,,
977X,"Förgiftning med andra droger och läkemedel, ospec",,,,
978A,Förgiftning med BCG vaccin,,,,
978B,Förgiftning med tyfoid och paratyfoid vaccin,,,,
978C,Förgiftning med kolera vaccin,,,,
978D,Förgiftning med pest vaccin,,,,
978E,Förgiftning med tetanus vaccin,,,,
978F,Förgiftning med difteri vaccin,,,,
978G,Förgiftn m pertussisvacc inkl kombvacc m pertussiskomp,,,,
978W,Förgiftning med annan än 978A-G o icke spec baktvaccin,,,,
978X,Förgift med blandad baktvacc utom komb m kikhostevacc,,,,
979A,Förgiftning med smittkoppsvaccin,,,,
979B,Förgiftning med rabiesvaccin,,,,
979C,Förgiftning med tyfusvaccin,,,,
979D,Förgiftning med gulafebervaccin,,,,
979E,Förgiftning med mässlingsvaccin,,,,
979F,Förgiftning med poliovaccin,,,,
979G,Förgift m a än 979A-F o ej spec virus- o rickettsiavacc,,,,
979H,"Förg m komb virus-,rickettsia- o baktvacc ut komb m per",,,,
979X,Förgift med annan än 979A-H o ospec vacc o biol subst,,,,
980A,Toxisk effekt av etylalkohol,,,,
980B,Toxisk effekt av metylalkohol,,,,
980C,Toxisk effekt av isopropylalkohol,,,,
980D,Toxisk effekt av finkelolja,,,,
980W,Toxisk effekt av alkoholer annan än 980A-D,,,,
980X,"Toxisk effekt av alkohol, ospecificerad",,,,
981X,Toxisk effekt av petroleumprodukter,,,,
982A,Toxisk effekt av benzen och homologer,,,,
982B,Toxisk effekt av koltetraklorid,,,,
982C,Toxisk effekt av koldisulfid,,,,
982D,Toxisk eff av klorerad kolvätelösningsmedel ut 982A-C,,,,
982E,Toxisk effekt av nitroglykol,,,,
982W,Toxisk effekt av lösningsmedel annan än 982A-E,,,,
983A,Toxisk effekt av frätande aromatiska ämnen,,,,
983B,Toxisk effekt av syror,,,,
983C,Toxisk effekt av frätande alkalier,,,,
983X,"Toxisk effekt av frätande ämnen, ospecificerade",,,,
984A,Toxisk effekt av oorganiska blyföreningar,,,,
984B,Toxisk effekt av organiska blyföreningar,,,,
984W,Toxisk effekt av spec blyföreningar annan än 984A-B,,,,
984X,"Toxisk effekt av bly och blyföreningar, ospecificerade",,,,
985A,Toxisk effekt av kvicksilver och dess föreningar,,,,
985B,Toxisk effekt av arsenik och dess föreningar,,,,
985C,Toxisk effekt av magnesium och dess föreningar,,,,
985D,Toxisk effekt av beryllium och dess föreningar,,,,
985E,Toxisk effekt av antimon och dess föreningar,,,,
985F,Toxisk effekt av kadmium och dess föreningar,,,,
985G,Toxisk effekt av krom,,,,
985W,Toxisk effekt av spec metaller annan än 984A-985G,,,,
985X,"Toxisk effekt av metaller, ospecificerad",,,,
986X,Toxisk effekt av kolmonoxid,,,,
987A,Toxisk effekt av kondenserade petroleumgaser,,,,
987B,Toxisk effekt av andra kolvätegaser annan än 987A,,,,
987C,Toxisk effekt av kväveoxider,,,,
987D,Toxisk effekt av svaveldioxid,,,,
987E,Toxisk effekt av freon,,,,
987F,Toxisk effekt av tårgas,,,,
987G,Toxisk effekt av klorgas,,,,
987H,Toxisk effekt av cyanvätegas,,,,
987W,Toxisk effekt av specificerade gaser andra än 987A-H,,,,
987X,"Toxisk effekt av andra gaser, ångor och rök, ospec",,,,
988A,Toxisk effekt av fisk och skaldjur,,,,
988B,Toxisk effekt av svampar,,,,
988C,Toxisk effekt av bär och andra växter,,,,
988W,Toxisk effekt av andra spec substanser utom 988A-C,,,,
988X,"Toxisk effekt av giftiga substanser i födoämnen, ospec",,,,
989A,Toxisk effekt av cyanvätesyra och cyanider,,,,
989B,Toxisk effekt av stryknin och dess salter,,,,
989C,Toxisk effekt av klorerade kolväten (som pesticider),,,,
989D,Toxisk effekt av organiska fosfater och karbamater,,,,
989E,Toxisk effekt av pesticider som ej klassif annorstädes,,,,
989F,Toxisk effekt av orm- och insektsgift,,,,
989G,Toxisk effekt av tvål och rengöringsmedel,,,,
989H,Toxisk effekt av aflatoxin och andra mykotoxiner,,,,
989W,Toxisk effekt av andra substanser utom 989A-W,,,,
989X,"Tox eff av an subst i huvudsak icke medic använd,ospec",,,,
990X,"Effekter av strålning, icke specificerade",,,,
991A,Effekter av köldskada i ansiktet,,,,
991B,Effekter av köldskada på hand,,,,
991C,Effekter av köldskada på fot,,,,
991D,Effekt av köldskada på andra än 991A-C o icke spec lok,,,,
991E,Effekter av immersion foot,,,,
991F,Effekter av frostknölar,,,,
991G,Effekter av hypotermi,,,,
991W,"Spec effekter av nedsatt temperatur, andra än 991A-G",,,,
991X,"Effekter av nedsatt temperatur, ospecificerade",,,,
992A,Effekter av värmeslag och solsting,,,,
992B,Effekter av svimning till följd av värme,,,,
992C,Effekter av värmekramper,,,,
992D,"Effekter av värmeutmattning, anhidrotisk",,,,
992E,Effekter av värmeutmattning beroende på saltförlust,,,,
992F,"Effekter av värmeutmattning, ospecificerad",,,,
992G,"Effekter av värmetrötthet, övergående",,,,
992H,Effekter av värmeödem,,,,
992W,Värmeeffekter annan än 992A-H,,,,
992X,"Effekter av värme och ljus, ospecificerade",,,,
993A,"Barotrauma, otitiskt",,,,
993B,"Trycktrauma, sinuitiskt",,,,
993C,Eff av lufttryck ut 993A-B el icke spec eff av hög höjd,,,,
993D,Kassunsjuka,,,,
993E,Effekter av lufttryck orsakade av explosion,,,,
993W,"Specificerade effekter av lufttryck, andra än 993A-E",,,,
993X,"Effekter av lufttryck, ospecificerade",,,,
994A,Effekter av blixten,,,,
994B,Effekter av drunkning och drunkningstillbud,,,,
994C,Effekter av hunger,,,,
994D,Effekter av törst,,,,
994E,Effekter av utmattning till följd av utsatt läge,,,,
994F,Effekt av utmattning pga mycket stark ansträngning,,,,
994G,Effekter av rörelsesjuka,,,,
994H,Effekter av kvävning och strypning,,,,
994W,Dödliga och icke dödliga effekter av elektrisk ström,,,,
994X,Effekter av andra icke nämnda yttre skador,,,,
995A,Ogynnsamma effekter av anafylaktisk chock,,,,
995B,Ogynnsamma effekter av angioneurotiskt ödem,,,,
995C,"Icke spec ogynnsam effekt av läkem,droger o biol subst",,,,
995D,"Ogynnsamma effekter av allergi, ospecificerad",,,,
995E,Ogynnsamma effekter av chock orsakad av anestesi,,,,
995F,Ogynnsamma effekter av barnmisshandelssyndrom,,,,
995W,Andra spec ogynnsamma effekt som ej klass annorstädes,,,,
996A,"Mek kompl orsak av instr, implantat o transpl i hjärta",,,,
996B,"Mek kompl av instr, implant o transpl i kärl ut hjärta",,,,
996C,"Mek kompl av instr,implantat o transplantat i nervsyst",,,,
996D,"Mek kompl av instr,implantat o transpl i urogenitalorg",,,,
996E,"Mek kompl orsak av inre ortop instr, impl o transplan",,,,
996F,"Mek kompl orsakad av spec proteser, impl o transplant",,,,
996G,"Infek o inflam reakt ors av inre protes,impl o transpl",,,,
996H,"Kompl orsak av inre prot, impl o transpl utom 996A-G",,,,
996W,"Kompl ors av transpl organ,avstöt el transplantatsvikt",,,,
996X,Komplikationer orsakade av åter fastsatt extremitet,,,,
997A,Komplikationer i centrala nervsystemet,,,,
997B,Hjärtkomplikationer,,,,
997C,Komplikationer i perifera kärlsystemet,,,,
997D,Komplikationer i andningsorganen,,,,
997E,Komplikationer i mag-tarmkanalen,,,,
997F,Komplikationer i urinorganen,,,,
997G,Sen komplikation i amputationsstump,,,,
997X,Kompl drabbar andr spec organsyst som ej klass annorst,,,,
998A,Postoperativ chock,,,,
998B,Blödning eller hematom som komplikation till ingrepp,,,,
998C,Accidentell punktion eller skada under ingrepp,,,,
998D,Ruptur av operationssår,,,,
998E,"Främmande kropp, oavsikt kvarlämnad under ingrepp",,,,
998F,Postoperativ infektion,,,,
998G,Kvarstående postoperativ fistel,,,,
998H,Akut reak på främm subst som oavsikt kvarl und ingrepp,,,,
998W,Spec komplikation till ingrepp som ej klass annorstädes,,,,
998X,Icke spec kompl av ingrepp som ej klass annorstädes,,,,
999A,Vaccinia generalisata som kompl av medicinsk vård,,,,
999B,Luftemboli som komplikation av medicinsk vård,,,,
999C,Kärlkomplikationer som komplikation av medicinsk vård,,,,
999D,Infektion som komplikation av medicinsk vård,,,,
999E,"Anafylaktisk chock, orsakad av serum",,,,
999F,Serumreaktioner annan än 999E,,,,
999G,AB0-inkompatibilitetsreaktion,,,,
999H,Rh-inkompatibilitetsreaktion,,,,
999W,Transfusionsreaktion annan än 999G-H,,,,
999X,An o ej spec kompl vid medic vård som ej klass annorst,,,,
E807,Järnvägsolycka,,,,
E819A,Olycka m förare motorford an än motorcykel o moped,,,,
E819B,Olycka m pass i motorfordon an än motorcykel o moped,,,,
E819C,Olycka med förare av motorcykel,,,,
E819D,Olycka med passagerare på motorcykel,,,,
E819E,Olycka med person i spårvagn,,,,
E819F,Olycka med ryttare o person på åkdon draget av djur,,,,
E819G,Olycka med cyklist,,,,
E819H,Olycka med fotgängare,,,,
E819J,Olycka med mopedist,,,,
E819W,"Olycka med specificerad person, annan än E819A-J",,,,
E819X,"Olycka med person, ospecificerad",,,,
E826,Cykelolycka,,,,
E829,Olycka med annat fordon för vägtrafik,,,,
E838A,Olycka med person i småbåt utan motor,,,,
E838B,Olycka med person i småbåt med motor,,,,
E838C,Olycka med person på fartyg (besättningsman),,,,
E838D,Olycka med person på fartyg (ej besättningsman),,,,
E838E,Olycka med vattenskidåkare,,,,
E838F,Olycka med simmare,,,,
E838G,Olycka med hamnarbetare eller stuvare,,,,
E838W,Olycka med specificerad person annan än E838A-G,,,,
E838X,"Olycka med person, ospecificerad",,,,
E841,Olycka i samband med luft- eller rymdtransport,,,,
E849,Fordonsolycka annan än E807-E841,,,,
E859,Förgift m droger läk o biol subst genom olyckshändelse,,,,
E866,"Förgift m an fasta o flyt subst,gaser o ångor g olycka",,,,
E870,"Olycka under med behandl t ex av skärskada, punkt,perf",,,,
E871,Kvarlämnat främmande föremål vid medicinsk behandling,,,,
E872,Bristande sterilitet vid medicinsk behandling,,,,
E873,Felaktig dosering vid medicinsk behandling,,,,
E874,Mekaniskt fel på instrument eller utrustning,,,,
E875,"Infekt blod,a föroren el inf vätska,drog el biol subst",,,,
E876,Andra och ospec olyckor under medicinsk behandling,,,,
E878,Kir ingr ors onor reakt el sen kompl hos pat ut anknyt,,,,
E879,Ingrepp som orsak t onormal reakt el sen kompl hos pat,,,,
E880,Fall i eller från trappa,,,,
E881,Fall från stege eller ställning,,,,
E882,Fall från byggnad eller annan konstruktion,,,,
E883,Fall i hål eller annan öppning i marken eller golvet,,,,
E884,Annat fall från en nivå till en annan,,,,
E885,"Fall i samma plan genom halkning,snavning el snubbling",,,,
E886,Fall i samma plan t följd av sammanstöt m annan person,,,,
E887,Ospecificerad orsak till fraktur,,,,
E888,Annan fallolycka än E880-E887 och ospecificerat fall,,,,
E890,Eldsvåda i privat bostad,,,,
E891,Eldsvåda i annan och ospecificerad byggnad,,,,
E892,Eldsvåda i annat än byggnad,,,,
E893,Antändning av kläder ut uppgift om samband m eldsvåda,,,,
E894,Antändning av brandfarligt ämne,,,,
E895,Olycka med kontrollerad eld i privatbostad,,,,
E896,Olycka med kontrollerad eld i annan byggnad,,,,
E897,Olycka med kontrollerad eld utom i byggnad,,,,
E898,Olycka med annan spec eld el brand annan än E890-E897,,,,
E899,Olycka med ej angivet slag av eld,,,,
E900,Olycka orsakad av stark värme,,,,
E901,Olycka orsakad av stark köld,,,,
E902,Olycka orsakad av högt eller lågt lufttryck,,,,
E903,"Åksjuka (bilsjuka, luftsjuka, sjösjuka etc)",,,,
E904,"Hunger, törst och vanvård",,,,
E905,Giftiga djur o växter som orsak t förgiftn o tox reakt,,,,
E906,Skada orsakad av djur utom E905,,,,
E907,Skada orsakad av blixt,,,,
E908,Skada orsakad av naturkatastrof,,,,
E909,Skada orsakad av naturkatastrof med rörelser i jordyta,,,,
E910,Drunkningsolycka,,,,
E911,Inand o nedsvälj av föda som orsak t kväv el andhinder,,,,
E912,Inand o nedsvälj av föremål s ors t kväv el andnhinder,,,,
E913,Mekanisk kvävning genom olyckshändelse,,,,
E914,Främmande kropp i öga genom olyckshändelse,,,,
E915,Främm kropp i an naturl kroppsöppning g olyckshändelse,,,,
E916,Slag av fallande föremål,,,,
E917,Stöt mot eller slag av föremål,,,,
E918,Klämd i eller mellan föremål genom olyckshändelse,,,,
E919,Maskinolycka,,,,
E920,Olycka med skärande eller stickande föremål,,,,
E921,Olycka med explosion av tryckkärl,,,,
E922,Olycka genom skott från skjutvapen,,,,
E923,Olycka genom explosiv vara,,,,
E924,Olycka orsakad av hett ämne el föremål el frät vätska,,,,
E925,Olycka med elektrisk ström,,,,
E926,Exponering för strålning,,,,
E927,Överansträngning och påfrestande rörelser,,,,
E928,Olyckor ors av andra el icke spec förhåll i omgivning,,,,
E929,Sena effekter av skada genom olycksfall,,,,
E947,"Ogynnsam eff av drog, läkem o biol subst i terap bruk",,,,
E950,"Självmord, -försök o an självtillfogad skada g förgift",,,,
E951,Självmord etc genom förgiftning av hushållsgas,,,,
E952,Självmord etc genom förgiftn med andra gaser och ångor,,,,
E953,"Självmord etc genom hängning, strypning och kvävning",,,,
E954,Självmord etc genom dränkning,,,,
E955,Självmord etc genom skjutvapen och explosiva ämnen,,,,
E956,Självmord etc genom skärande och stickande föremål,,,,
E957,Självmord etc genom hopp från höjd,,,,
E958,Självmord etc utom E951-E957 och icke spec sätt,,,,
E959,Sen effekt av självmordsförsök och an självtillf skada,,,,
E960,Slagsmål och våldtäkt,,,,
E961,"Mord, dråp o an misshandel etc m frät el etsande ämne",,,,
E962,Mord etc genom förgiftning,,,,
E963,"Mord etc genom hängning, strypning och kvävning",,,,
E964,Mord etc genom dränkning,,,,
E965,Mord etc med skjutvapen och explosiva ämnen,,,,
E966,Mord etc med skärande eller stickande föremål,,,,
E967,S k barnmisshandel,,,,
E968,Mord etc på annat och icke specificerat sätt,,,,
E969,Sen effekt av uppsåtlig misshandel,,,,
E976,Polisingripande som föranlett skada,,,,
E977,Sen effekt av skada genom polisingripande,,,,
E980,"Förgiftning m fast el flyt ämne, ovisst om olycksfall",,,,
E981,"Förgift genom hushållsgas, ovisst om olycksf el uppsåt",,,,
E982,"Förgift genom andra gaser, utom E981 ovisst om olycksf",,,,
E983,"Hängning, strypning el kvävning, ovisst om olycksfall",,,,
E984,"Drunkning el dränkning, ovisst om olycksfall el uppsåt",,,,
E985,"Skada g skjutvapen el explosivt ämne,ovisst om olycksf",,,,
E986,"Skada genom skärande el stick föremål,ovisst om olycksf",,,,
E987,"Fall från höjd, ovisst om olycksfall eller uppsåt",,,,
E988,Skada på annat än E985-E987 el icke specificerat sätt,,,,
E989,"Sen effekt av skada, ovisst om olycksfall eller uppsåt",,,,
E997,Skada orsakad av krigshandling,,,,
E998,Skada ors av krigshand o ådragen eft fientl upphörande,,,,
E999,Sen effekt av skada orsakad av krigshandling,,,,
V01A,Kontakt med eller exposition för kolera,,,,
V01B,Kontakt med eller exposition för tuberkulos,,,,
V01C,Kontakt med eller exposition för polio,,,,
V01D,Kontakt med eller exposition för smittkoppor,,,,
V01E,Kontakt med eller exposition för röda hund,,,,
V01F,Kontakt med eller exposition för rabies,,,,
V01G,Kontakt med eller exposition för veneriska sjukdomar,,,,
V01H,Kontakt med el exposition för virussjd annan än V01C-G,,,,
V01W,Kontakt m el exposition för smittsamma sjd an än V01A-H,,,,
V01X,"Kontakt med eller exposition för smittsamma sjd, ospec",,,,
V02A,Smittbärare kolera,,,,
V02B,Smittbärare tyfoidfeber,,,,
V02C,Smittbärare amöbiasis,,,,
V02D,Smittbärare gastrointest patog mikroorg annan än V02A-C,,,,
V02E,Smittbärare difteri,,,,
V02F,Smittbärare spec bakteriesjukdomar annan än V02E,,,,
V02G,Smittbärare virushepatit,,,,
V02H,Smittbärare gonorré,,,,
V02J,Smittbärare HTLV-III,,,,
V02W,"Smittbärare veneriska sjukdomar, annan än V02H-J",,,,
V02X,Smittbärare specificerade infektiösa organismer,,,,
V03A,Vaccinationsbehov kolera enbart,,,,
V03B,Vaccinationsbehov tyfoid-paratyfoid enbart,,,,
V03C,Vaccinationsbehov tuberkulos (BCG-vaccination),,,,
V03D,Vaccinationsbehov pest,,,,
V03E,Vaccinationsbehov tularemi,,,,
V03F,Vaccinationsbehov difteri enbart,,,,
V03G,Vaccinationsbehov kikhosta enbart,,,,
V03H,Vaccinationsbehov stelkramp enbart,,,,
V03W,Vaccbehov spec vacc mot en enda bakteriesjd ut V03A-H,,,,
V03X,Vaccinationsbehov ospecificerad bakteriesjukdom,,,,
V04A,Vaccinationsbehov polio,,,,
V04B,Vaccinationsbehov smittkoppor,,,,
V04C,Vaccinationsbehov mässling enbart,,,,
V04D,Vaccinationsbehov röda hund enbart,,,,
V04E,Vaccinationsbehov gula febern,,,,
V04F,Vaccinationsbehov rabies,,,,
V04G,Vaccinationsbehov påssjuka enbart,,,,
V04H,Vaccinationsbehov förkylning,,,,
V04W,Vaccinationsbehov influensa,,,,
V05A,Vaccinationsbehov virusencefalit överförd av artropoder,,,,
V05B,Vaccbehov virussjd överförda av artropoder utom V05A,,,,
V05C,Vaccinationsbehov leishmanios,,,,
V05W,Vaccinationsbehov specificerad sjukdom utom V05A-C,,,,
V05X,Vaccinations behov ospecificerad sjukdom,,,,
V06A,Vaccinationsbehov kolera jämte tyfoid-paratyfoidfeber,,,,
V06B,Vaccbehov difteri-stelkramp-kikhosta i kombination,,,,
V06C,Vaccbehov difteri-stelkr-kikhosta o tyfoid-paratyfoidf,,,,
V06D,Vaccbehov difteri-stelkramp-kikhosta jämte polio,,,,
V06E,Vaccinationsbehov mässling-påssjuka-röda hund,,,,
V06W,Vaccinationsbehov kombinationer utom V06A-E,,,,
V06X,Ospecificerad kombinationer av vaccinationer,,,,
V07A,Behov av isolering,,,,
V07B,Behov av desensibilisering mot allergener,,,,
V07C,Behov av förebyggande immunoterapi,,,,
V07D,Behov av förebyggande kemoterapi,,,,
V07W,Behov av annan spec förebyggande åtgärd utom V07B-D,,,,
V07X,"Behov av isolering o andra förebyggande åtgärder,ospec",,,,
V10A,Malign tumör i mag-tarm-kanalen,,,,
V10B,"Malign tumör i luftstrupe, luftrör och lunga",,,,
V10C,Malign tum i andningsorg o intratorakala org utom V10B,,,,
V10D,Malign tumör i bröstkörtel,,,,
V10F,Malign tumör i urinorgan,,,,
V10G,Leukemi,,,,
V10H,Malign tumör i andra lymfatiska och blodbildande organ,,,,
V10W,Andra maligna tumörer utom V10A-H,,,,
V10X,"Malign tumör, ospecificerad",,,,
V11X,Psykisk störning i den egna sjukhistorien,,,,
V12A,Infektions- och parasitsjd i den egna sjukhistorien,,,,
V12B,Näringsbrist i den egna sjukhistorien,,,,
V12C,Endokr o metabol rubb s rubb i immunförsvar i den egna,,,,
V12D,Sjukdom i blod o blodbild org i den egna sjukhistorien,,,,
V12E,Sjukdom i nervsyst o sinnesorg i den egna sjukhistorien,,,,
V12F,Sjukdom i cirkulationsorganen i den egna sjukhistorien,,,,
V12G,Sjukdom i andningsorganen i den egna sjukhistorien,,,,
V12H,Sjukdom i matsmältningsorganen i den egna sjukhistorien,,,,
V13A,Sjukdom i urinorganen i den egna sjukhistorien,,,,
V13B,Trofoblastisk sjukdom i den egna sjukhistorien,,,,
V13C,Sjd i könsorg samt obstetriska sjd i den egna sjukhist,,,,
V13D,Sjd i huden och underhuden i den egna sjukhistorien,,,,
V13E,Artrit i den egna sjukhistorien,,,,
V13F,Sjd i muskuloskeletala systemet i den egna sjukhist,,,,
V13G,Medfödda missbildningar i den egna sjukhistorien,,,,
V13H,Perinatala problem i den egna sjukhistorien,,,,
V13W,Andra sjukdomar utom V11-V13H i den egna sjukhistorien,,,,
V13X,"Sjukdom i den egna sjukhistorien, ospecificerad",,,,
V14A,"Läkemedelsöverk i den egna sjukhistorien, penicillin",,,,
V14B,"Läkemsöverk i den egna sjukhist, ann antib utom V14A",,,,
V14C,"Läkemedelsöverk i den egna sjukhistorien, sulfonamider",,,,
V14D,"Läkemsöverk i den egna sjukhist, andra medel m infekt",,,,
V14E,"Läkemsöverk i den egna sjukhist, anest verksam medel",,,,
V14F,"Läkemsöverk i den egna sjukhist, narkotiska medel",,,,
V14G,"Läkemedelsöverk i den egna sjukhistorien, analgetika",,,,
V14H,"Läkemsöverk i den egna sjukhistorien,serum el vacciner",,,,
V14W,"Läkemsöverk i den egna sjukhist, andra läkem ut V14A-H",,,,
V14X,"Läkemedel, ospecificerat",,,,
V15A,Allergi som inte beror på läkemedel,,,,
V15B,Tidigare hjärt-kärlkirurgi,,,,
V15C,Tidigare kirurgiskt ingrepp på an större org utom V15B,,,,
V15D,Tidigare bestrålning,,,,
V15E,Tidigare psykiskt trauma,,,,
V15F,Tidigare skada,,,,
V15G,Tidigare förgiftning,,,,
V15H,Tidigare användning av preventivmedel,,,,
V15W,"Annan spec hälsorisk i den egna sjukhist, utom V15A-H",,,,
V15X,"Annan hälsorisk i den egna sjukhistorien, ospec",,,,
V16A,"Malign tumör i familjeanamnesen, mag-tarmkanalen",,,,
V16B,"Malign tumör i familjeanam, luftstrupe, luftrör o lunga",,,,
V16C,"Mal tumör i familjeanam, andningsorg o intratorakala or",,,,
V16D,"Malign tumör i familjeanamnesen, bröstkörtel",,,,
V16E,"Malign tumör i familjeanamnesen, könsorgan",,,,
V16F,"Malign tumör i familjeanamnesen, urinorgan",,,,
V16G,Leukemi i familjeanamnesen,,,,
V16H,"Malign tumör i familjeanam, andra lymfat o blodbild org",,,,
V16W,Malign tumör i familjeanamnesen utom V16A-H,,,,
V16X,"Malign tumör i familjeanamnesen, ospecificerad",,,,
V17A,"Kronisk sjukdom i familjens sjukhist, psykisk störning",,,,
V17B,"Kronisk sjukdom i familjens sjukhist, cerebrovask sjd",,,,
V17C,"Kronisk sjd i familjens sjukhist, neurol sjd utom V17B",,,,
V17D,"Kronisk sjd i familjens sjukhist, ischemisk hjärtsjd",,,,
V17E,"Kron sjd i familjens sjukhist,kardiovask sjd utom V17D",,,,
V17F,"Kronisk sjukdom i familjens sjukhistoria, astma",,,,
V17G,Kron sjd i familjens sjukhist i andningsorg utom V17F,,,,
V17H,"Kronisk sjukdom i familjens sjukhistoria, artrit",,,,
V17W,"Kron sjd i fam sjukhist, muskuloskeletala sjd utom V17H",,,,
V18A,Diabetes i familjens sjukhistoria,,,,
V18B,Endokrin o metabol rubbn utom V18A i familjens sjukhist,,,,
V18C,Anemi i familjens sjukhistoria,,,,
V18D,Blodsjukdom utom V18C i familjens sjukhistoria,,,,
V18E,Psykisk utvecklingsstörning i familjens sjukhistoria,,,,
V18F,Sjukdom i matsmältningsorganen i familjens sjukhistoria,,,,
V18G,Njursjukdom i familjens sjukhistoria,,,,
V18H,Sjd i urin- och könsorg utom V18G i familjens sjukhist,,,,
V18W,Infektionssjukdom i familjens sjukhistoria,,,,
V19A,Blindhet eller synnedsättning i familjeanamnesen,,,,
V19B,Ögonsjukdom utom V19A i familjeanamnesen,,,,
V19C,Dövhet eller hörselnedsättning i familjeanamnesen,,,,
V19D,Öronsjukdom utom V19C i familjeanamnesen,,,,
V19E,Hudsjukdom i familjeanamnesen,,,,
V19F,Medfödda missbildningar i familjeanamnesen,,,,
V19G,Allergiska tillstånd i familjeanamnesen,,,,
V19W,Specificerade tillstånd i familjeanamnesen utom V19A-G,,,,
V20X,Hälsoövervakning av barn,,,,
V21X,Bedömning av naturliga stadier i utvecklingen,,,,
V22A,Övervakning av normal första-graviditet,,,,
V22B,Övervakning av annan normal graviditet,,,,
V22C,Graviditet som bifynd,,,,
V22X,"Normal graviditet, ospecificerad",,,,
V23A,Övervakning av högriskgravid med infertilitet i anamnes,,,,
V23B,Övervakning av högriskgrav med trofoblastisk sjd i anam,,,,
V23C,Övervakning av högriskgraviditet med abort i anamnesen,,,,
V23D,"Övervakning av högriskgraviditet, mångföderska",,,,
V23E,Övervakning av högriskgraviditet med obstetrisk risk,,,,
V23F,Övervakn av högriskgrav m dödföddhet el nyföddhetsdöd,,,,
V23W,Övervakning av högriskgraviditet utom V23A-F,,,,
V23X,"Övervakning av högriskgraviditet, ospecificerad",,,,
V24A,Postpartum-observation i okomplicerade fall,,,,
V24B,Ammande moder,,,,
V24C,Rutinkontroll efter förlossning,,,,
V25A,Allmän preventivmedelsrådgivning,,,,
V25B,Insättning av intrauterint preventivmedel,,,,
V25C,Sterilisering,,,,
V25E,Kontroll av tidigare förskrivet preventivmedel,,,,
V25W,Åtgärd för födelsekontroll utom V25A-E,,,,
V25X,"Födelsekontroll, ospecificerad",,,,
V26A,"Fertilitetsfräm åtgärd, plastik på äggled el sädesled",,,,
V26B,"Fertilitetsfrämjande åtgärd, artificiell insemination",,,,
V26C,"Fertilitetsfrämjande åtg, fertilitetsundersökning",,,,
V26D,"Fertilitetsfrämjande åtgärd, genetisk rådgivning",,,,
V26E,"Fertilitetsfrämjande åtgärd, allmän fertilitetsrådgivn",,,,
V26W,Fertilitetsfrämjande åtgärd utom V26A-E,,,,
V26X,"Fertilitetsfrämjande åtgärd, ospecificerad",,,,
V27A,"Förlossningsutfall, enkelbörd, levande fött barn",,,,
V27B,"Förlossningsutfall, enkelbörd, dödfött barn",,,,
V27C,"Förlossningsutfall, levande födda tvillingar",,,,
V27D,"Förlossningsutfall, tvillingar, en lev född, en dödfödd",,,,
V27E,"Förlossningsutfall, tvillingar, båda dödfödda",,,,
V27F,"Förlossnutfall, flerbörd, alla barn lev födda utom V27C",,,,
V27G,"Förlossnutfall, flerbörd, någon el några barn lev födda",,,,
V27H,"Förlossnutfall, flerbörd, alla barn dödfödda utom V27E",,,,
V27W,Förlossningsutfall ospecificerat,,,,
V28A,Unders av foster f förlossn för kromosomavvik g amnioce,,,,
V28B,Unders av foster f förlossn för förhöjd alfafetoprotein,,,,
V28C,Unders av foster f förlossn gm amniocentes utom V28A-B,,,,
V28D,Unders av foster f förlossn för missbild gm ultraljud,,,,
V28E,Unders av foster före förlossn f fetal tillväxthämning,,,,
V28F,Undersökn av foster före förlossn för isoimmunisering,,,,
V28W,"Undersökning av foster före förlossning, utom V28A-F",,,,
V28X,"Undersök av foster före förlossn, ospec",,,,
V30A,"Ett barn,född i sluten förlossnvård (el und an sjhvård)",,,,
V30B,"Ett barn, född före intagning på sjukhus",,,,
V30C,"Ett barn, född utanför sjukhus o ej intagen på sjukhus",,,,
V30X,"Ett barn, platsen för födseln ej specificerad",,,,
V31A,"Tvill, den andr tvill ock lev född, född i sl förlvård",,,,
V31B,"Tvill, andre tvill ock lev född, född före intag p sjh",,,,
V31C,"Tvill, andre tvill ock lev född, född utanf sjh o ej in",,,,
V31X,"Tvill, andre tvill ock lev född, platsen f föd ej spec",,,,
V32A,"Tvilling, den andra tvill dödfödd, född i slut förlvård",,,,
V32B,"Tvill, den andra tvill dödfödd, född före intag på sjh",,,,
V32C,"Tvill, andre tvill dödf, född utanf sjh o ej int på sjh",,,,
V32X,"Tvill, den andra tvill dödfödd, platsen för föd ej spec",,,,
V33A,"Tvill utan uppg om den an tvill liv, född i sl förlvård",,,,
V33B,"Tvill ut uppg om den an tvill liv, född före int på sjh",,,,
V33C,"Tvill ut uppg om andr tvill liv, född utanf sjh o ej in",,,,
V33X,"Tvill utan uppg om andre tvill liv, plats f föd ej spec",,,,
V34A,"Flerbördsbarn, öv barn ock lev födda, född i sl förlvår",,,,
V34B,"Flerbördsbarn, öv barn ock lev födda, född f intagn på",,,,
V34C,"Flerbördsbarn, öv barn ock lev födda, född utanf sjh",,,,
V34X,"Flerbördsbarn, övriga barn ock lev födda, plats ej spec",,,,
V35A,"Flerbördsbarn, alla övr barn dödf, född i slut förlvård",,,,
V35B,"Flerbördsbarn, alla öv barn dödf, född före int på sjh",,,,
V35C,"Flerbördsbarn, alla övr barn dödf, född utanf sjh o ej",,,,
V35X,"Flerbördsbarn, alla övr barn dödf, plats f föd ej spec",,,,
V36A,"Flerbördsb, övr barn lev- o dödf, född i slut förlvård",,,,
V36B,"Flerbördsb, övr barn lev- o dödf, född före int på sjh",,,,
V36C,"Flerbördsb, övr barn lev- o dödf, född utanf sjh o ej",,,,
V36X,"Flerbördsb, övr barn lev- o dödf, plats f föd ej spec",,,,
V37A,"Flerbördsb ut uppg om övr barns liv, född i slut förlv",,,,
V37B,"Flerbördsb ut uppg om övr barns liv, född f int på sjh",,,,
V37C,"Flerbördsb utan uppg om övr barns liv, född utanför sjh",,,,
V37X,"Flerbördsb utan uppgift om övr barns liv, plats ej spec",,,,
V39A,"Friskt, lev fött spädb ut uppg om bördtyp, född i sl f",,,,
V39B,"Friskt, lev fött spädb ut uppg om bördtyp, född f intag",,,,
V39C,"Friskt, lev fött spädb ut uppg om bördtyp, född utanför",,,,
V39X,"Friskt, lev fött spädb ut uppg om bördtyp, plats ej spc",,,,
V40X,Psykiska problem och beteendeproblem,,,,
V41X,Problem med sinnesorgan och andra spec funktioner,,,,
V42A,Transplanterad njure,,,,
V42B,Transplanterat hjärta,,,,
V42C,Transplanterad hjärtklaff,,,,
V42D,Transplanterad hud,,,,
V42E,Transplanterad benvävnad,,,,
V42F,Transplanterad kornea,,,,
V42G,Transplanterad lunga,,,,
V42H,Transplanterad lever,,,,
V42W,Transplanterat organ specificerat utom V42A-H,,,,
V42X,"Tillstånd efter transplantation, ospecificerat",,,,
V43A,Ögonglob ersatt men ej med transplantat,,,,
V43B,Lins ersatt men ej med transplantat,,,,
V43C,Hjärta ersatt men ej med transplantat,,,,
V43D,Hjärtklaff ersatt men ej med transplantat,,,,
V43E,Blodkärl ersatt men ej med transplantat,,,,
V43F,Urinblåsa ersatt men ej med transplantat,,,,
V43G,Led ersatt men ej med transplantat,,,,
V43H,Extremitet ersatt men ej med transplantat,,,,
V43W,Ersatt organ eller annan ersatt vävnad utom V43A-H,,,,
V44A,"Tillstånd med konstgjord kroppsöppning, trakeostomi",,,,
V44B,"Tillstånd med konstgjord kroppsöppning, gastrostomi",,,,
V44C,"Tillstånd med konstgjord kroppsöppning, ileostomi",,,,
V44D,"Tillstånd med konstgjord kroppsöppning, kolostomi",,,,
V44E,"Tillst med konstgjord kroppsöpp,enterostomi utom V44C-D",,,,
V44F,"Tillstånd med konstgjord kroppsöppning, cystostomi",,,,
V44G,Konstgjord öppning till urinvägarna utom V44F,,,,
V44H,Konstgjord vagina,,,,
V44W,Konstgjord kroppsöppning utom V44A-H,,,,
V44X,"Konstgjord kroppsöppning, ospecificerad",,,,
V45A,Pacemaker in situ,,,,
V45B,Behov av återkommande njurdialys,,,,
V45C,Insatt instrument för dränage av cerebrospinalvätska,,,,
V45D,Tarm-bypass eller tarmanastomos,,,,
V45E,Artrodes,,,,
V45F,Förekomst av intrauterint preventivmedel,,,,
V45G,Tillstånd efter ögonkirurgi,,,,
V45W,Specificerat postoperativt tillstånd utom V45A-G,,,,
V46A,Beroende av aspirationshjälpmedel,,,,
V46B,Beroende av respirator,,,,
V46W,Annat specificerat maskinellt hjälpmedel,,,,
V46X,"Beroende av maskinellt hjälpmedel, ospecificerat",,,,
V47X,Andra problem med inre organ,,,,
V48X,"Problem från huvud, hals och bål",,,,
V49X,Problem med extremiteter och andra problem,,,,
V50A,Hårtransplantation,,,,
V50B,Plastikkirurgiskt kosmetiskt ingrepp utom V50A,,,,
V50C,Rutinomskärelse eller rituell omskärelse,,,,
V50D,Håltagning i ytteröra,,,,
V50W,"Op ingrepp i ann syfte än att återst hälsa, utom V50A-D",,,,
V50X,"Op ingrepp i ann syfte än att återställa hälsan, ospec",,,,
V51X,Plastikkirurgisk eftervård,,,,
V52A,"Inpassning och justering av protes, konstgjord arm",,,,
V52B,"Inpassning och justering av protes, konstgjort ben",,,,
V52C,"Inpassning och justering av protes, konstgjort öga",,,,
V52D,"Inpassning och justering av protes, tandprotes",,,,
V52E,"Inpassning och justering av protes, bröstprotes",,,,
V52W,"Inpassning och justering av protes, specificerad",,,,
V52X,"Inpassning och justering av protes, ospecificerad",,,,
V53A,"Insättning, utprovn o just för att ersätta syn o hörsel",,,,
V53B,"Insättning, utprovn o just av glasögon o kontaktlinser",,,,
V53C,"Insättning, utprovning o justering av hörapparat",,,,
V53D,"Insättning, utprovning o justering av pacemaker",,,,
V53E,"Insättning, utprovn o just av ortodontiska hjälpmedel",,,,
V53F,"Insättning, utprovning o just av ileostomi o kolostomi",,,,
V53G,"Insätt, utprov o just av urinerings- o inkontinhjälpm",,,,
V53H,"Insättning, utprovning o justering av ortoped hjälpmed",,,,
V53W,"Insättning, utprovning o justering av rullstol",,,,
V53X,"Insätt, utprov o just av andra hjälpmedel utom V53A-W",,,,
V54A,Borttagning av osteosyntesmaterial,,,,
V54W,Specificerad ortopedisk eftervård utom V54A,,,,
V54X,"Ortopedisk eftervård, ospecificerad",,,,
V55A,Tillsyn av trakeostomi,,,,
V55B,Tillsyn av gastrostomi,,,,
V55C,Tillsyn av ileostomi,,,,
V55D,Tillsyn av kolostomi,,,,
V55E,Tillsyn av annan enterostomi utom V55C-D,,,,
V55F,Tillsyn av cystostomi,,,,
V55G,Tillsyn av kontgjord öppning till urinvägarna utom V55F,,,,
V55H,Tillsyn av konstgjord vagina,,,,
V55W,Tillsyn av specificerad konstgjord kroppsöppning,,,,
V55X,"Tillsyn av konstgjord kroppsöppning, ospecificerad",,,,
V56A,Eftervård med extrakorporeal dialys,,,,
V56W,Eftervård med dialys utom V56A,,,,
V57A,Andningsgymnastik,,,,
V57B,Fysikalisk terapi utom V57A,,,,
V57C,Arbetsterapi och yrkesinriktad rehabilitering,,,,
V57D,Talterapi,,,,
V57E,Ortoptisk träning,,,,
V57W,Specificerad rehabiliteringsåtgärd utom V57A-E,,,,
V57X,"Rehabiliteringsåtgärd, ospecificerad",,,,
V58A,Radioterap behandling,,,,
V58B,Underhållsbehandling med kemoterapi,,,,
V58C,Blodtransfusion utan uppgift om diagnos,,,,
V58D,Tillsyn av förband och suturer,,,,
V58E,Kirurgisk eftervård utom V58D,,,,
V58F,Ortodontisk eftervård,,,,
V58W,Specificerad eftervård utom V58A-F,,,,
V58X,"Eftervård, ospecificerad",,,,
V59A,Bloddonator,,,,
V59B,Huddonator,,,,
V59C,Bendonator,,,,
V59D,Benmärgsdonator,,,,
V59E,Njurdonator,,,,
V59F,Korneadonator,,,,
V59W,Donator av spec organ el annan vävnad utom V59A-F,,,,
V59X,"Donator, ospecificerad",,,,
V60A,Bostadslöshet,,,,
V60B,Bristfällig bostad,,,,
V60C,Ekonomiska problem,,,,
V60D,Ensamboende person,,,,
V60E,Person som saknar hjälp av närstående,,,,
V60F,Vård för att ge anförvant möjl till ledigh el avlastn,,,,
V60G,Person boende på institution,,,,
V60W,Spec förhållanden utom V60A-G,,,,
V60X,"Boende, hem- och ekonomiska förhållanden, ospec",,,,
V61A,Familjeupplösning,,,,
V61B,Äktenskapsproblem,,,,
V61C,Förälder-barnproblem,,,,
V61D,Problem med gamla föräldrar eller svärföräldrar,,,,
V61E,Hälsoproblem i familjen,,,,
V61F,Mångföderska (utan aktuell graviditet),,,,
V61H,Oönskad graviditet,,,,
V61W,Specificerade familjeförhållanden utom V61A-H,,,,
V61X,"Familjeförhållanden, ospecificerade",,,,
V62A,Arbetslöshet,,,,
V62B,Ogynnsam effekt av arbetsmiljön,,,,
V62C,Andra omständigheter i arbete el brist arbetsanpassning,,,,
V62D,Utbildningsproblem,,,,
V62E,Bristande social anpassning,,,,
V62F,Rättsliga förhållanden,,,,
V62G,Behandlingsvägran av religiösa skäl eller samvetsskäl,,,,
V62W,Annan psyk el fys påfrestning som ej klass annorstädes,,,,
V62X,"Psykosociala förhållanden, ospecificerade",,,,
V63A,Långt avstånd till sjukhush eller annan sjukvård,,,,
V63B,Bristande tillgång till vård i hemmet,,,,
V63C,Person som väntar på adekvat vård annorstädes,,,,
V63W,Brist på alternativa medicinska vårdmöjl utom V63A-C,,,,
V63X,"Brist på alternativa medicinska vårdmöjligheter, ospec",,,,
V64A,Vaccination ej utförd på grund av kontraindikation,,,,
V64B,Kir el annan åtgärd ej utförd på grund av kontraindikat,,,,
V64C,Kirurg el annan åtgärd ej utförd pga patientens önskan,,,,
V64D,Åtgärd ej utförd av annan orsak utom V64A-C,,,,
V65A,Frisk person som åtföljer sjuk,,,,
V65B,Person som konsulterar för annan persons räkning,,,,
V65C,Person som simulerar sjukdom,,,,
V65D,Dietrådgivning,,,,
V65E,Rådgivning som inte klassificeras annorstädes,,,,
V65F,Person med befarad sjd el besvär som befunnits frisk,,,,
V65W,Spec förhållanden som lett till sluten el öppen vård,,,,
V65X,"Andra pers i slut el öpp vård utan besvär el sjd, ospec",,,,
V66X,Konvalescens,,,,
V67A,Kontroll efter kirurgisk behandling,,,,
V67B,Kontroll efter strålbehandling,,,,
V67C,Kontroll efter kemoterapi,,,,
V67D,Kontroll efter psykoterapi el ann behandl för psyk sjd,,,,
V67E,Kontroll efter frakturbehandling,,,,
V67F,Kontroll efter annan behandling utom V67A-E,,,,
V67G,Kontroll efter behandling av flera olika slag,,,,
V67X,"Efterkontroll, ospecificerad",,,,
V68A,Utfärdande av medicinskt intyg,,,,
V68B,Förnyande av recept,,,,
V68W,Kontakt m hälso- och sjukv av spec adm skäl utom V68A-B,,,,
V68X,"Kontakt m hälso- och sjukv av administrativ skäl, ospec",,,,
V70A,Medicinsk rutinundersökning vid sjukvårdsinrättning,,,,
V70B,Allmän psykiatrisk undersökning begärd av myndighet,,,,
V70C,"Allmän psykiatrisk undersökning utom V70B, ospec",,,,
V70D,Medicinsk undersökning av administrat skäl utom V70A-C,,,,
V70E,Undersökning av medikolegala skäl,,,,
V70F,Hälsokontroll av bestämda grupper,,,,
V70G,Hälsokontroll i befolkningsundersing,,,,
V70H,Undersökning av kontrollfall i klinisk forskning,,,,
V70W,Annan specif allmän medicinsk undersökning utom V70A-H,,,,
V70X,"Allmän medicinsk undersökning, ospecificerad",,,,
V71A,Observation o utredning av misstänkt psykiskt tillstånd,,,,
V71B,Observation för misstänkt malign tumör,,,,
V71C,Observation för misstänkt tuberkulos,,,,
V71D,Observation efter arbetsskada,,,,
V71E,Observation efter annat olycksfall än arbetsskada,,,,
V71F,Observation efter uppgiven våldtäkt el sexuel övergrepp,,,,
V71G,Observation efter tillfogad skada utom V71D-F,,,,
V71H,Observation för misstänkt hjärt-kärlsjukdom,,,,
V71W,Observation för spec misstänkt tillstånd utom V71A-H,,,,
V71X,"Observation o utredning för misstänkt tillstånd, ospec",,,,
V72A,Syn- och ögonundersökning,,,,
V72B,Hörsel- och öronundersökning,,,,
V72C,Tandundersökning,,,,
V72D,Gynekologisk undersökning,,,,
V72E,"Graviditetsundersökning, graviditet ej fastställd",,,,
V72F,Radiologisk undersökning som inte klassific annorstädes,,,,
V72G,Laboratorieundersökning,,,,
V72H,Allergitest och andra hudtest,,,,
V72W,Specificerad undersökning utom V72A-H,,,,
V72X,"Speciell undersökning, ospec",,,,
V73A,Riktad hälsokontroll avseende polio,,,,
V73B,Riktad hälsokontroll avseende smittkoppor,,,,
V73C,Riktad hälsokontroll avseende mässling,,,,
V73D,Riktad hälsokontroll avseende röda hund,,,,
V73E,Riktad hälsokontroll avseende gula febern,,,,
V73F,Riktad hälsokontr avs artropodburna virussjd utom V73E,,,,
V73G,Riktad hälsokontroll avseende trakom,,,,
V73W,Riktad hälsokont avseende spec virussjukdom utom V73A-G,,,,
V73X,"Riktad hälsokontroll avseende virussjukkdom, ospecific",,,,
V74A,Riktad hälsokontroll avseende kolera,,,,
V74B,Riktad hälsokontroll avseende lungtuberkulos,,,,
V74C,Riktad hälsokontroll avseende lepra,,,,
V74D,Riktad hälsokontroll avseende difteri,,,,
V74E,Riktad hälsokontroll avseende bakteriell konjunktivit,,,,
V74F,Riktad hälsokontroll avseende könssjukdom,,,,
V74G,Riktad hälsokontroll avseende yaws,,,,
V74W,Rikt hälskont avs spec bakt- el spiroketsjd utom V74A-G,,,,
V74X,"Riktad hälsokontr avs bakteriesjd el spiroketsjd, ospec",,,,
V75A,Riktad hälsokontroll avseende rickettsiasjukdomar,,,,
V75B,Riktad hälsokontroll avseende malaria,,,,
V75C,Riktad hälsokontroll avseende leishmanios,,,,
V75D,Riktad hälsokontroll avseende trypanosomiasis,,,,
V75E,Riktad hälsokontroll avseende svampinfektioner,,,,
V75F,Riktad hälsokontroll avseende schistosomiasis,,,,
V75G,Riktad hälsokontroll avseende filariainfektion,,,,
V75H,Riktad hälsokontroll avseende tarmmasksjukdom,,,,
V75W,Rikt hälsokontroll avseende spec parasitsjd utom V75A-H,,,,
V75X,"Riktad hälsokontroll avseende infektionssjukdom, ospec",,,,
V76A,Riktad hälsokontr avseende malign tumör i andningsorgan,,,,
V76B,Riktad hälsokontr avseende malign tumör i bröstkörtel,,,,
V76C,Riktad hälsokontroll avseende malign tumör i cervix,,,,
V76D,Riktad hälsokontroll avseende malign tumör i urinblåsa,,,,
V76E,Riktad hälsokont avs malign tumör annan lok utom V76A-D,,,,
V76W,Riktad hälsokontroll avs annan malign tumör än V76A-E,,,,
V76X,"Riktad hälsokontroll avseende malign tumör, ospec",,,,
V77A,Hälsokontroll avseende tyreoideasjukdomar,,,,
V77B,Hälsokontroll avseende diabetes,,,,
V77C,Hälsokontroll avseende malnutrition,,,,
V77D,Hälsokontroll avseende fenylketonuri (PKU),,,,
V77E,Hälsokontroll avseende galaktosemi,,,,
V77F,Hälsokontroll avseende gikt,,,,
V77G,Hälsokontroll avseende cystisk fibros,,,,
V77H,Hälsokontr avs medfödda ämnesomsättningsrubbn utom V77G,,,,
V77W,Hälsokontroll avseende fetma,,,,
V77X,Rikt hälsokont avs ann utom V77A-W el ospec endokr sjd,,,,
V78A,Riktad hälsokontroll avseende järnbristanemi,,,,
V78B,Rikt hälsokont avs andra utom V78A o icke spec bristan,,,,
V78C,Riktad hälsokont avs sicklecellsanemi el anlagsbärare,,,,
V78D,Rikt hälsokont avs andra hemoglobinopatier utom V78A-C,,,,
V78W,Rikt hälsokont avs spec sjd i blod el blodbildande org,,,,
V78X,"Rikt hälsokont avs sjd i blod o blodbild organ, ospec",,,,
V79A,Riktad hälsokontroll avseende depression,,,,
V79B,Riktad hälsokontroll avseende alkoholism,,,,
V79C,Riktad hälsokontroll avseende psyk utvecklingsstörning,,,,
V79D,Rikt hälsokontr avs utvecklhandikapp i tidig barnaålder,,,,
V79W,Riktad hälsokontr avs spec psykisk störning utom V79A-C,,,,
V79X,"Rikt hälsokont avs psyk störn o utvecklhandikapp, ospec",,,,
V80A,Riktad hälsokontroll avseende neurologiska tillstånd,,,,
V80B,Riktad hälsokontroll avseende glaukom,,,,
V80C,Riktad hälsokontroll avseende ögonsjukdomar utom V80B,,,,
V80D,Riktad hälsokontroll avseende öronsjukdomar,,,,
V81A,Riktad hälsokontroll avseende ischemisk hjärtsjukdom,,,,
V81B,Riktad hälsokontroll avseende hypertoni,,,,
V81C,Rikt hälsokont avs and än V81A-B o icke spec hjärt-kärl,,,,
V81D,Riktad hälsokontroll avseende kronisk bronkit o emfysem,,,,
V81E,Rikt hälsokont avs and än V81D o icke spec sjd i andnor,,,,
V81F,Riktad hälsokontroll avseende njursjukdom,,,,
V81G,Rikt hälsokont avs and än V81F o icke spec tills i urin,,,,
V82A,Riktad hälsokontroll avseende hudsjukdomar,,,,
V82B,Riktad hälsokontroll avseende reumatisk artrit,,,,
V82C,Riktad hälsokontroll avseende reumatisk sjukd utom V82B,,,,
V82D,Riktad hälsokontroll avseen medfödd höftledsdislokation,,,,
V82E,Rikt hälsokont avs postnatal hälsokont för kromosomanom,,,,
V82F,Rikt hälsokontr avs kemisk förgiftning o ann förorening,,,,
V82G,Riktad hälsokont avs flera samtidiga riktade hälsokontr,,,,
V82W,Riktad hälsokont för annat spec tillstånd utom V73-V82G,,,,
V82X,"Riktad hälsokont för andra sjukdomar o tillstånd, ospec",,,,
