code,label,label_en,parent_code,valid_from,valid_to
SA-SC,Aktiviteter gällande lärande och att tillämpa kunskap,,,,
SA1,Lärande och att tillämpa kunskap,,SA-SC,,
SA1.AA.ZZ,Bedömning av lärande och att tillämpa kunskap,,SA1,,
SA1.AC.ZZ,Manualbaserat test eller samtal om lärande och att tillämpa kunskap,,SA1,,
SA1.AM.ZZ,Observation av lärande och att tillämpa kunskap,,SA1,,
SA1.AS.ZZ,Utredande samtal om lärande och att tillämpa kunskap,,SA1,,
SA1.AT.ZZ,"Inhämtning av uppgifter, från professionell, om lärande och att tillämpa kunskap",,SA1,,
SA1.AU.ZZ,"Inhämtning av uppgifter, från annan, om lärande och att tillämpa kunskap",,SA1,,
SA1.AV.ZZ,Uppföljande samtal om lärande och att tillämpa kunskap,,SA1,,
SA1.AX.ZZ,Annan specificerad utredande eller uppföljande aktivitet om lärande och att tillämpa kunskap,,SA1,,
SA1.AZ.ZZ,"Utredande eller uppföljande aktivitet om lärande och att tillämpa kunskap, ospecificerad",,SA1,,
SA1.PH.ZZ,Färdighetsträning i lärande och att tillämpa kunskap,,SA1,,
SA1.PN.ZZ,Råd eller information om lärande och att tillämpa kunskap,,SA1,,
SA1.PU.ZZ,Stödjande samtal om lärande och att tillämpa kunskap,,SA1,,
SA1.PV.ZZ,Behandlande samtal om lärande och att tillämpa kunskap,,SA1,,
SA1.RB.ZZ,Praktiskt stöd i lärande och att tillämpa kunskap,,SA1,,
SA1.RC.ZZ,Emotionellt stöd i lärande och att tillämpa kunskap,,SA1,,
SA1.SX.ZZ,Annan specificerad individstödjande aktivitet om lärande och att tillämpa kunskap,,SA1,,
SA1.SZ.ZZ,Stöd inom lärande och att tillämpa kunskap,,SA1,,
SA2,Målinriktade sinnesupplevelser,,SA-SC,,
SA2.AA.ZZ,Bedömning av målinriktade sinnesupplevelser,,SA2,,
SA2.AS.ZZ,Utredande samtal om målinriktade sinnesupplevelser,,SA2,,
SA2.AT.ZZ,"Inhämtning av uppgifter, från professionell, om målinriktade sinnesupplevelser",,SA2,,
SA2.AU.ZZ,"Inhämtning av uppgifter, från annan, om målinriktade sinnesupplevelser",,SA2,,
SA2.AV.ZZ,Uppföljande samtal om målinriktade sinnesupplevelser,,SA2,,
SA2.RB.ZZ,Praktiskt stöd i målinriktade sinnesupplevelser,,SA2,,
SA2.RC.ZZ,Emotionellt stöd i målinriktade sinnesupplevelser,,SA2,,
SA2.SZ.ZZ,Stöd i målinriktade sinnesupplevelser,,SA2,,
SB2,Grundläggande lärande,,SA-SC,,
SB2.AA.ZZ,Bedömning av grundläggande lärande,,SB2,,
SB2.AM.ZZ,Observation av grundläggande lärande,,SB2,,
SB2.AS.ZZ,Utredande samtal om grundläggande lärande,,SB2,,
SB2.AT.ZZ,"Inhämtning av uppgifter, från professionell, om grundläggande lärande",,SB2,,
SB2.AU.ZZ,"Inhämtning av uppgifter, från annan, om grundläggande lärande",,SB2,,
SB2.AV.ZZ,Uppföljande samtal om grundläggande lärande,,SB2,,
SB2.PH.ZZ,Färdighetsträning i grundläggande lärande,,SB2,,
SB2.PN.ZZ,Råd eller information om grundläggande lärande,,SB2,,
SB2.PU.ZZ,Stödjande samtal om grundläggande lärande,,SB2,,
SB2.RB.ZZ,Praktiskt stöd i grundläggande lärande,,SB2,,
SB2.RC.ZZ,Emotionellt stöd i grundläggande lärande,,SB2,,
SB2.SZ.ZZ,Stöd i grundläggande lärande,,SB2,,
SBH,Att ta reda på information,,SA-SC,,
SBH.AA.ZZ,Bedömning av att ta reda på information,,SBH,,
SBH.AM.ZZ,Observation av att ta reda på information,,SBH,,
SBH.AS.ZZ,Utredande samtal om att ta reda på information,,SBH,,
SBH.AT.ZZ,"Inhämtning av uppgifter, från professionell, om att ta reda på information",,SBH,,
SBH.AU.ZZ,"Inhämtning av uppgifter, från annan, om att ta reda på information",,SBH,,
SBH.AV.ZZ,Uppföljande samtal om att ta reda på information,,SBH,,
SBH.PH.ZZ,Färdighetsträning i att ta reda på information,,SBH,,
SBH.PN.ZZ,Råd eller information om att ta reda på information,,SBH,,
SBH.RB.ZZ,Praktiskt stöd i att ta reda på information,,SBH,,
SBH.RC.ZZ,Emotionellt stöd i att ta reda på information,,SBH,,
SBH.SZ.ZZ,Stöd i att ta reda på information,,SBH,,
SBQ,Att förvärva färdigheter,,SA-SC,,
SBQ.AA.ZZ,Bedömning av att förvärva färdigheter,,SBQ,,
SBQ.AM.ZZ,Observation av att förvärva färdigheter,,SBQ,,
SBQ.AS.ZZ,Utredande samtal om att förvärva färdigheter,,SBQ,,
SBQ.AT.ZZ,"Inhämtning av uppgifter, från professionell, om att förvärva färdigheter",,SBQ,,
SBQ.AU.ZZ,"Inhämtning av uppgifter, från annan, om att förvärva färdigheter",,SBQ,,
SBQ.AV.ZZ,Uppföljande samtal om att förvärva färdigheter,,SBQ,,
SBQ.PH.ZZ,Färdighetsträning i att förvärva färdigheter,,SBQ,,
SBQ.PN.ZZ,Råd eller information om att förvärva färdigheter,,SBQ,,
SBQ.PU.ZZ,Stödjande samtal om att förvärva färdigheter,,SBQ,,
SBQ.RB.ZZ,Praktiskt stöd i att förvärva färdigheter,,SBQ,,
SBQ.RC.ZZ,Emotionellt stöd i att förvärva färdigheter,,SBQ,,
SBQ.SZ.ZZ,Stöd i att förvärva färdigheter,,SBQ,,
SC2,Att tillämpa kunskap,,SA-SC,,
SC2.AA.ZZ,Bedömning av att tillämpa kunskap,,SC2,,
SC2.AM.ZZ,Observation av att tillämpa kunskap,,SC2,,
SC2.AS.ZZ,Utredande samtal om att tillämpa kunskap,,SC2,,
SC2.AT.ZZ,"Inhämtning av uppgifter, från professionell, om att tillämpa kunskap",,SC2,,
SC2.AU.ZZ,"Inhämtning av uppgifter, från annan, om att tillämpa kunskap",,SC2,,
SC2.AV.ZZ,Uppföljande samtal om att tillämpa kunskap,,SC2,,
SC2.PH.ZZ,Färdighetsträning i att tillämpa kunskap,,SC2,,
SC2.PN.ZZ,Råd eller information om att tillämpa kunskap,,SC2,,
SC2.PU.ZZ,Stödjande samtal om att tillämpa kunskap,,SC2,,
SC2.PV.ZZ,Behandlande samtal om att tillämpa kunskap,,SC2,,
SC2.RB.ZZ,Praktiskt stöd i att tillämpa kunskap,,SC2,,
SC2.RC.ZZ,Emotionellt stöd i att tillämpa kunskap,,SC2,,
SC2.SZ.ZZ,Stöd i att tillämpa kunskap,,SC2,,
SCA,Att fokusera uppmärksamhet,,SA-SC,,
SCA.AA.ZZ,Bedömning av att fokusera uppmärksamhet,,SCA,,
SCA.AM.ZZ,Observation av att fokusera uppmärksamhet,,SCA,,
SCA.AS.ZZ,Utredande samtal om att fokusera uppmärksamhet,,SCA,,
SCA.AT.ZZ,"Inhämtning av uppgifter, från professionell, om att fokusera uppmärksamhet",,SCA,,
SCA.AU.ZZ,"Inhämtning av uppgifter, från annan, om att fokusera uppmärksamhet",,SCA,,
SCA.AV.ZZ,Uppföljande samtal om att fokusera uppmärksamhet,,SCA,,
SCA.PH.ZZ,Färdighetsträning i att fokusera uppmärksamhet,,SCA,,
SCA.PN.ZZ,Råd eller information om att fokusera uppmärksamhet,,SCA,,
SCA.PU.ZZ,Stödjande samtal om att fokusera uppmärksamhet,,SCA,,
SCA.PV.ZZ,Behandlande samtal om att fokusera uppmärksamhet,,SCA,,
SCA.RB.ZZ,Praktiskt stöd i att fokusera uppmärksamhet,,SCA,,
SCA.RC.ZZ,Emotionellt stöd i att fokusera uppmärksamhet,,SCA,,
SCA.SZ.ZZ,Stöd i att fokusera uppmärksamhet,,SCA,,
SCJ,Att lösa problem,,SA-SC,,
SCJ.AA.ZZ,Bedömning av att lösa problem,,SCJ,,
SCJ.AM.ZZ,Observation av att lösa problem,,SCJ,,
SCJ.AS.ZZ,Utredande samtal om att lösa problem,,SCJ,,
SCJ.AT.ZZ,"Inhämtning av uppgifter, från professionell, om att lösa problem",,SCJ,,
SCJ.AU.ZZ,"Inhämtning av uppgifter, från annan, om att lösa problem",,SCJ,,
SCJ.AV.ZZ,Uppföljande samtal om att lösa problem,,SCJ,,
SCJ.PH.ZZ,Färdighetsträning i att lösa problem,,SCJ,,
SCJ.PU.ZZ,Stödjande samtal om att lösa problem,,SCJ,,
SCJ.PV.ZZ,Behandlande samtal om att lösa problem,,SCJ,,
SCJ.RB.ZZ,Praktiskt stöd i att lösa problem,,SCJ,,
SCJ.RC.ZZ,Emotionellt stöd i att lösa problem,,SCJ,,
SCJ.SZ.ZZ,Stöd i att lösa problem,,SCJ,,
SCL,Att fatta beslut,,SA-SC,,
SCL.AA.ZZ,Bedömning av att fatta beslut,,SCL,,
SCL.AM.ZZ,Observation av att fatta beslut,,SCL,,
SCL.AS.ZZ,Utredande samtal om att fatta beslut,,SCL,,
SCL.AT.ZZ,"Inhämtning av uppgifter, från professionell, om att fatta beslut",,SCL,,
SCL.AU.ZZ,"Inhämtning av uppgifter, från annan, om att fatta beslut",,SCL,,
SCL.AV.ZZ,Uppföljande samtal om att fatta beslut,,SCL,,
SCL.PH.ZZ,Färdighetsträning i att fatta beslut,,SCL,,
SCL.PN.ZZ,Råd eller information om att fatta beslut,,SCL,,
SCL.PU.ZZ,Stödjande samtal om att fatta beslut,,SCL,,
SCL.PV.ZZ,Behandlande samtal om att fatta beslut,,SCL,,
SCL.RB.ZZ,Praktiskt stöd i att fatta beslut,,SCL,,
SCL.RC.ZZ,Emotionellt stöd i att fatta beslut,,SCL,,
SCL.SZ.ZZ,Stöd i att fatta beslut,,SCL,,
SD,Aktiviteter gällande allmänna uppgifter och krav,,,,
SD1,Allmänna uppgifter och krav,,SD,,
SD1.AA.ZZ,Bedömning av allmänna uppgifter och krav,,SD1,,
SD1.AC.ZZ,Manualbaserat test eller samtal om allmänna uppgifter och krav,,SD1,,
SD1.AM.ZZ,Observation av allmänna uppgifter och krav,,SD1,,
SD1.AS.ZZ,Utredande samtal om allmänna uppgifter och krav,,SD1,,
SD1.AT.ZZ,"Inhämtning av uppgifter, från professionell, om allmänna uppgifter och krav",,SD1,,
SD1.AU.ZZ,"Inhämtning av uppgifter, från annan, om allmänna uppgifter och krav",,SD1,,
SD1.AV.ZZ,Uppföljande samtal om allmänna uppgifter och krav,,SD1,,
SD1.AX.ZZ,Annan specificerad utredande eller uppföljande aktivitet om allmänna uppgifter och krav,,SD1,,
SD1.AZ.ZZ,"Utredande eller uppföljande aktivitet om allmänna uppgifter och krav, ospecificerad",,SD1,,
SD1.PH.ZZ,Färdighetsträning i allmänna uppgifter och krav,,SD1,,
SD1.PN.ZZ,Råd eller information om allmänna uppgifter och krav,,SD1,,
SD1.PU.ZZ,Stödjande samtal om allmänna uppgifter och krav,,SD1,,
SD1.PV.ZZ,Behandlande samtal om allmänna uppgifter och krav,,SD1,,
SD1.RB.ZZ,Praktiskt stöd i allmänna uppgifter och krav,,SD1,,
SD1.RC.ZZ,Emotionellt stöd i allmänna uppgifter och krav,,SD1,,
SD1.SX.ZZ,Annan specificerad individstödjande aktivitet om allmänna uppgifter och krav,,SD1,,
SD1.SZ.ZZ,Stöd inom allmänna uppgifter och krav,,SD1,,
SDA,Att genomföra enstaka och mångfaldiga uppgifter,,SD,,
SDA.AA.ZZ,Bedömning av att genomföra enstaka och mångfaldiga uppgifter,,SDA,,
SDA.AM.ZZ,Observation av att genomföra enstaka och mångfaldiga uppgifter,,SDA,,
SDA.AS.ZZ,Utredande samtal om att genomföra enstaka och mångfaldiga uppgifter,,SDA,,
SDA.AT.ZZ,"Inhämtning av uppgifter, från professionell, om att genomföra enstaka och mångfaldiga uppgifter",,SDA,,
SDA.AU.ZZ,"Inhämtning av uppgifter, från annan, om att genomföra enstaka och mångfaldiga uppgifter",,SDA,,
SDA.AV.ZZ,Uppföljande samtal om att genomföra enstaka och mångfaldiga uppgifter,,SDA,,
SDA.PH.ZZ,Färdighetsträning i att genomföra enstaka och mångfaldiga uppgifter,,SDA,,
SDA.PN.ZZ,Råd eller information om att genomföra enstaka och mångfaldiga uppgifter,,SDA,,
SDA.PU.ZZ,Stödjande samtal om att genomföra enstaka och mångfaldiga uppgifter,,SDA,,
SDA.PV.ZZ,Behandlande samtal om att genomföra enstaka och mångfaldiga uppgifter,,SDA,,
SDA.RB.ZZ,Praktiskt stöd i att genomföra enstaka och mångfaldiga uppgifter,,SDA,,
SDA.RC.ZZ,Emotionellt stöd i att genomföra enstaka och mångfaldiga uppgifter,,SDA,,
SDA.SZ.ZZ,Stöd i att genomföra enstaka och mångfaldiga uppgifter,,SDA,,
SDG,Att genomföra daglig rutin,,SD,,
SDG.AA.ZZ,Bedömning av att genomföra daglig rutin,,SDG,,
SDG.AM.ZZ,Observation av att genomföra daglig rutin,,SDG,,
SDG.AS.ZZ,Utredande samtal om att genomföra daglig rutin,,SDG,,
SDG.AT.ZZ,"Inhämtning av uppgifter, från professionell, om att genomföra daglig rutin",,SDG,,
SDG.AU.ZZ,"Inhämtning av uppgifter, från annan, om att genomföra daglig rutin",,SDG,,
SDG.AV.ZZ,Uppföljande samtal om att genomföra daglig rutin,,SDG,,
SDG.PH.ZZ,Färdighetsträning i att genomföra daglig rutin,,SDG,,
SDG.PN.ZZ,Råd eller information om att genomföra daglig rutin,,SDG,,
SDG.PU.ZZ,Stödjande samtal om att genomföra daglig rutin,,SDG,,
SDG.PV.ZZ,Behandlande samtal om att genomföra daglig rutin,,SDG,,
SDG.RB.ZZ,Praktiskt stöd i att genomföra daglig rutin,,SDG,,
SDG.RC.ZZ,Emotionellt stöd i att genomföra daglig rutin,,SDG,,
SDG.SZ.ZZ,Stöd i att genomföra daglig rutin,,SDG,,
SDJ,Att hantera stress och andra psykologiska krav,,SD,,
SDJ.AA.ZZ,Bedömning av att hantera stress och andra psykologiska krav,,SDJ,,
SDJ.AM.ZZ,Observation av att hantera stress och andra psykologiska krav,,SDJ,,
SDJ.AS.ZZ,Utredande samtal om att hantera stress och andra psykologiska krav,,SDJ,,
SDJ.AT.ZZ,"Inhämtning av uppgifter, från professionell, om att hantera stress och andra psykologiska krav",,SDJ,,
SDJ.AU.ZZ,"Inhämtning av uppgifter, från annan, om att hantera stress och andra psykologiska krav",,SDJ,,
SDJ.AV.ZZ,Uppföljande samtal om att hantera stress och andra psykologiska krav,,SDJ,,
SDJ.PH.ZZ,Färdighetsträning i att hantera stress och andra psykologiska krav,,SDJ,,
SDJ.PN.ZZ,Råd eller information om att hantera stress och andra psykologiska krav,,SDJ,,
SDJ.PU.ZZ,Stödjande samtal om att hantera stress och andra psykologiska krav,,SDJ,,
SDJ.PV.ZZ,Behandlande samtal om att hantera stress och andra psykologiska krav,,SDJ,,
SDJ.RB.ZZ,Praktiskt stöd i att hantera stress och andra psykologiska krav,,SDJ,,
SDJ.RC.ZZ,Emotionellt stöd i att hantera stress och andra psykologiska krav,,SDJ,,
SDJ.SZ.ZZ,Stöd i att hantera stress och andra psykologiska krav,,SDJ,,
SDK,Att hantera sitt beteende,,SD,,
SDK.AA.ZZ,Bedömning av att hantera sitt beteende,,SDK,,
SDK.AM.ZZ,Observation av att hantera sitt beteende,,SDK,,
SDK.AS.ZZ,Utredande samtal om att hantera sitt beteende,,SDK,,
SDK.AT.ZZ,"Inhämtning av uppgifter, från professionell, om att hantera sitt beteende",,SDK,,
SDK.AU.ZZ,"Inhämtning av uppgifter, från annan, om att hantera sitt beteende",,SDK,,
SDK.AV.ZZ,Uppföljande samtal om att hantera sitt beteende,,SDK,,
SDK.PH.ZZ,Färdighetsträning i att hantera sitt beteende,,SDK,,
SDK.PU.ZZ,Stödjande samtal om att hantera sitt beteende,,SDK,,
SDK.PV.ZZ,Behandlande samtal om att hantera sitt beteende,,SDK,,
SDK.RB.ZZ,Praktiskt stöd i att hantera sitt beteende,,SDK,,
SDK.RC.ZZ,Emotionellt stöd i att hantera sitt beteende,,SDK,,
SDK.SZ.ZZ,Stöd i att hantera sitt beteende,,SDK,,
SE-SG,Aktiviteter gällande kommunikation,,,,
SE1,Kommunikation,,SE-SG,,
SE1.AA.ZZ,Bedömning av kommunikation,,SE1,,
SE1.AC.ZZ,Manualbaserat test eller samtal om kommunikation,,SE1,,
SE1.AM.ZZ,Observation av kommunikation,,SE1,,
SE1.AS.ZZ,Utredande samtal om kommunikation,,SE1,,
SE1.AT.ZZ,"Inhämtning av uppgifter, från professionell, om kommunikation",,SE1,,
SE1.AU.ZZ,"Inhämtning av uppgifter, från annan, om kommunikation",,SE1,,
SE1.AV.ZZ,Uppföljande samtal om kommunikation,,SE1,,
SE1.AX.ZZ,Annan specificerad utredande eller uppföljande aktivitet om kommunikation,,SE1,,
SE1.AZ.ZZ,"Utredande eller uppföljande aktivitet om kommunikation, ospecificerad",,SE1,,
SE1.PH.ZZ,Färdighetsträning i kommunikation,,SE1,,
SE1.PN.ZZ,Råd eller information om kommunikation,,SE1,,
SE1.PU.ZZ,Stödjande samtal om kommunikation,,SE1,,
SE1.PV.ZZ,Behandlande samtal om kommunikation,,SE1,,
SE1.RA.ZZ,Kompensatoriskt stöd för kommunikation,,SE1,,
SE1.RB.ZZ,Praktiskt stöd i kommunikation,,SE1,,
SE1.RC.ZZ,Emotionellt stöd i kommunikation,,SE1,,
SE1.SZ.ZZ,Stöd inom kommunikation,,SE1,,
SE2,Att kommunicera – att vara mottagare,,SE-SG,,
SE2.AA.ZZ,Bedömning av att kommunicera – att vara mottagare,,SE2,,
SE2.AM.ZZ,Observation av att kommunicera – att vara mottagare,,SE2,,
SE2.AS.ZZ,Utredande samtal om att kommunicera – att vara mottagare,,SE2,,
SE2.AT.ZZ,"Inhämtning av uppgifter, från professionell, om att kommunicera - att vara mottagare",,SE2,,
SE2.AU.ZZ,"Inhämtning av uppgifter, från annan, om att kommunicera - att vara mottagare",,SE2,,
SE2.AV.ZZ,Uppföljande samtal om att kommunicera – att vara mottagare,,SE2,,
SE2.PH.ZZ,Färdighetsträning i att vara mottagare av kommunikation,,SE2,,
SE2.PU.ZZ,Stödjande samtal om att vara mottagare av kommunikation,,SE2,,
SE2.RB.ZZ,Praktiskt stöd i att vara mottagare av kommunikation,,SE2,,
SE2.RC.ZZ,Emotionellt stöd i att vara mottagare av kommunikation,,SE2,,
SE2.SZ.ZZ,Stöd i att vara mottagare av kommunikation,,SE2,,
SEA,Att kommunicera genom att ta emot talade meddelanden,,SE-SG,,
SEA.AA.ZZ,Bedömning av att kommunicera genom att ta emot talade meddelanden,,SEA,,
SEA.AM.ZZ,Observation av att kommunicera genom att ta emot talade meddelanden,,SEA,,
SEA.AS.ZZ,Utredande samtal om att kommunicera genom att ta emot talade meddelanden,,SEA,,
SEA.AT.ZZ,"Inhämtning av uppgifter, från professionell, om att kommunicera genom att ta emot talade meddelanden",,SEA,,
SEA.AU.ZZ,"Inhämtning av uppgifter, från annan, om att kommunicera genom att ta emot talade meddelanden",,SEA,,
SEA.AV.ZZ,Uppföljande samtal om att kommunicera genom att ta emot talade meddelanden,,SEA,,
SEA.PH.ZZ,Färdighetsträning i att kommunicera genom att ta emot talade meddelanden,,SEA,,
SEA.RB.ZZ,Praktiskt stöd i att kommunicera genom att ta emot talade meddelanden,,SEA,,
SEA.RC.ZZ,Emotionellt stöd i att kommunicera genom att ta emot talade meddelanden,,SEA,,
SEA.SZ.ZZ,Stöd i att kommunicera genom att ta emot talade meddelanden,,SEA,,
SED,Att kommunicera genom att ta emot icke-verbala meddelanden,,SE-SG,,
SED.AA.ZZ,Bedömning av att kommunicera genom att ta emot icke-verbala meddelanden,,SED,,
SED.AM.ZZ,Observation av att kommunicera genom att ta emot icke-verbala meddelanden,,SED,,
SED.AS.ZZ,Utredande samtal om att kommunicera genom att ta emot icke-verbala meddelanden,,SED,,
SED.AT.ZZ,"Inhämtning av uppgifter, från professionell, om att kommunicera genom att ta emot icke-verbala meddelanden",,SED,,
SED.AU.ZZ,"Inhämtning av uppgifter, från annan, om att kommunicera genom att ta emot icke-verbala meddelanden",,SED,,
SED.AV.ZZ,Uppföljande samtal om att kommunicera genom att ta emot icke-verbala meddelanden,,SED,,
SED.PH.ZZ,Färdighetsträning i att kommunicera genom att ta emot icke-verbala meddelanden,,SED,,
SED.RB.ZZ,Praktiskt stöd i att kommunicera genom att ta emot icke-verbala meddelanden,,SED,,
SED.RC.ZZ,Emotionellt stöd i att kommunicera genom att ta emot icke-verbala meddelanden,,SED,,
SED.SZ.ZZ,Stöd i att kommunicera genom att ta emot icke-verbala meddelanden,,SED,,
SEG,Att kommunicera genom att ta emot meddelanden på teckenspråk,,SE-SG,,
SEG.AA.ZZ,Bedömning av att kommunicera genom att ta emot meddelanden på teckenspråk,,SEG,,
SEG.AM.ZZ,Observation av att kommunicera genom att ta emot meddelanden på teckenspråk,,SEG,,
SEG.AS.ZZ,Utredande samtal om att kommunicera genom att ta emot meddelanden på teckenspråk,,SEG,,
SEG.AT.ZZ,"Inhämtning av uppgifter, från professionell, om att kommunicera genom att ta emot meddelanden på teckenspråk",,SEG,,
SEG.AU.ZZ,"Inhämtning av uppgifter, från annan, om att kommunicera genom att ta emot meddelanden på teckenspråk",,SEG,,
SEG.AV.ZZ,Uppföljande samtal om att kommunicera genom att ta emot meddelanden på teckenspråk,,SEG,,
SEG.RB.ZZ,Praktiskt stöd i att kommunicera genom att ta emot meddelanden på teckenspråk,,SEG,,
SEG.RC.ZZ,Emotionellt stöd i att kommunicera genom att ta emot meddelanden på teckenspråk,,SEG,,
SEG.SZ.ZZ,Stöd i att kommunicera genom att ta emot meddelanden på teckenspråk,,SEG,,
SEJ,Att kommunicera genom att ta emot skrivna meddelanden,,SE-SG,,
SEJ.AA.ZZ,Bedömning av att kommunicera genom att ta emot skrivna meddelanden,,SEJ,,
SEJ.AM.ZZ,Observation av att kommunicera genom att ta emot skrivna meddelanden,,SEJ,,
SEJ.AS.ZZ,Utredande samtal om att kommunicera genom att ta emot skrivna meddelanden,,SEJ,,
SEJ.AT.ZZ,"Inhämtning av uppgifter, från professionell, om att kommunicera genom att ta emot skrivna meddelanden",,SEJ,,
SEJ.AU.ZZ,"Inhämtning av uppgifter, från annan, om att kommunicera genom att ta emot skrivna meddelanden",,SEJ,,
SEJ.AV.ZZ,Uppföljande samtal om att kommunicera genom att ta emot skrivna meddelanden,,SEJ,,
SEJ.PH.ZZ,Färdighetsträning i att kommunicera genom att ta emot skrivna meddelanden,,SEJ,,
SEJ.RB.ZZ,Praktiskt stöd i att kommunicera genom att ta emot skrivna meddelanden,,SEJ,,
SEJ.RC.ZZ,Emotionellt stöd i att kommunicera genom att ta emot skrivna meddelanden,,SEJ,,
SEJ.SZ.ZZ,Stöd i att kommunicera genom att ta emot skrivna meddelanden,,SEJ,,
SF2,Att kommunicera - att vara sändare,,SE-SG,,
SF2.AA.ZZ,Bedömning av att kommunicera – att vara sändare,,SF2,,
SF2.AM.ZZ,Observation av att kommunicera – att vara sändare,,SF2,,
SF2.AS.ZZ,Utredande samtal om att kommunicera – att vara sändare,,SF2,,
SF2.AT.ZZ,"Inhämtning av uppgifter, från professionell, om att kommunicera – att vara sändare",,SF2,,
SF2.AU.ZZ,"Inhämtning av uppgifter, från annan, om att kommunicera – att vara sändare",,SF2,,
SF2.AV.ZZ,Uppföljande samtal om att kommunicera – att vara sändare,,SF2,,
SF2.PH.ZZ,Färdighetsträning i att vara sändare av kommunikation,,SF2,,
SF2.PU.ZZ,Stödjande samtal om att vara sändare av kommunikation,,SF2,,
SF2.RA.ZZ,Kompensatoriskt stöd för att vara sändare av kommunikation,,SF2,,
SF2.RB.ZZ,Praktiskt stöd i att vara sändare av kommunikation,,SF2,,
SF2.RC.ZZ,Emotionellt stöd i att vara sändare av kommunikation,,SF2,,
SF2.SZ.ZZ,Stöd i att vara sändare av kommunikation,,SF2,,
SFA,Att tala,,SE-SG,,
SFA.AA.ZZ,Bedömning av att kommunicera genom att tala,,SFA,,
SFA.AM.ZZ,Observation av att kommunicera genom att tala,,SFA,,
SFA.AS.ZZ,Utredande samtal om att kommunicera genom att tala,,SFA,,
SFA.AT.ZZ,"Inhämtning av uppgifter, från professionell, om att kommunicera genom att tala",,SFA,,
SFA.AU.ZZ,"Inhämtning av uppgifter, från annan, om att kommunicera genom att tala",,SFA,,
SFA.AV.ZZ,Uppföljande samtal om att kommunicera genom att tala,,SFA,,
SFA.PH.ZZ,Färdighetsträning i att kommunicera genom att tala,,SFA,,
SFA.RB.ZZ,Praktiskt stöd i att kommunicera genom att tala,,SFA,,
SFA.RC.ZZ,Emotionellt stöd i att kommunicera genom att tala,,SFA,,
SFA.SZ.ZZ,Stöd i att kommunicera genom att tala,,SFA,,
SFB,Preverbal vokalisation,,SE-SG,,
SFB.AA.ZZ,Bedömning av att kommunicera genom preverbal vokalisation,,SFB,,
SFB.AM.ZZ,Observation av att kommunicera genom preverbal vokalisation,,SFB,,
SFB.AS.ZZ,Utredande samtal om att kommunicera genom preverbal vokalisation,,SFB,,
SFB.AT.ZZ,"Inhämtning av uppgifter, från professionell, om att kommunicera genom preverbal vokalisation",,SFB,,
SFB.AU.ZZ,"Inhämtning av uppgifter, från annan, om att kommunicera genom preverbal vokalisation",,SFB,,
SFB.AV.ZZ,Uppföljande samtal om att kommunicera genom preverbal vokalisation,,SFB,,
SFB.PH.ZZ,Färdighetsträning i att kommunicera genom preverbal vokalisation,,SFB,,
SFB.RB.ZZ,Praktiskt stöd i att kommunicera genom preverbal vokalisation,,SFB,,
SFB.RC.ZZ,Emotionellt stöd i att kommunicera genom preverbal vokalisation,,SFB,,
SFB.SZ.ZZ,Stöd i att kommunicera genom preverbal vokalisation,,SFB,,
SFD,Att uttrycka sig genom icke-verbala meddelanden,,SE-SG,,
SFD.AA.ZZ,Bedömning av att kommunicera genom att uttrycka sig genom icke-verbala meddelanden,,SFD,,
SFD.AM.ZZ,Observation av att kommunicera genom att uttrycka sig genom icke-verbala meddelanden,,SFD,,
SFD.AS.ZZ,Utredande samtal om att kommunicera genom att uttrycka sig genom icke-verbala meddelanden,,SFD,,
SFD.AT.ZZ,"Inhämtning av uppgifter, från professionell, om att kommunicera genom att uttrycka sig genom icke-verbala meddelanden",,SFD,,
SFD.AU.ZZ,"Inhämtning av uppgifter, från annan, om att kommunicera genom att uttrycka sig genom icke-verbala meddelanden",,SFD,,
SFD.AV.ZZ,Uppföljande samtal om att kommunicera genom att uttrycka sig genom icke-verbala meddelanden,,SFD,,
SFD.PH.ZZ,Färdighetsträning i att kommunicera genom att uttrycka sig genom icke-verbala meddelanden,,SFD,,
SFD.RB.ZZ,Praktiskt stöd i att kommunicera genom att uttrycka sig genom icke-verbala meddelanden,,SFD,,
SFD.RC.ZZ,Emotionellt stöd i att kommunicera genom att uttrycka sig genom icke-verbala meddelanden,,SFD,,
SFD.SZ.ZZ,Stöd i att kommunicera genom att uttrycka sig genom icke-verbala meddelanden,,SFD,,
SFJ,Att uttrycka sig genom meddelanden på teckenspråk,,SE-SG,,
SFJ.AA.ZZ,Bedömning av att kommunicera genom att uttrycka sig genom meddelanden på teckenspråk,,SFJ,,
SFJ.AM.ZZ,Observation av att kommunicera genom att uttrycka sig genom meddelanden på teckenspråk,,SFJ,,
SFJ.AS.ZZ,Utredande samtal om att kommunicera genom att uttrycka sig genom meddelanden på teckenspråk,,SFJ,,
SFJ.AT.ZZ,"Inhämtning av uppgifter, från professionell, om att kommunicera genom att uttrycka sig genom meddelanden på teckenspråk",,SFJ,,
SFJ.AU.ZZ,"Inhämtning av uppgifter, från annan, om att kommunicera genom att uttrycka sig genom meddelanden på teckenspråk",,SFJ,,
SFJ.AV.ZZ,Uppföljande samtal om att kommunicera genom att uttrycka sig genom meddelanden på teckenspråk,,SFJ,,
SFJ.PH.ZZ,Färdighetsträning i att kommunicera genom att uttrycka sig genom meddelanden på teckenspråk,,SFJ,,
SFJ.RB.ZZ,Praktiskt stöd i att kommunicera genom att uttrycka sig genom meddelanden på teckenspråk,,SFJ,,
SFJ.RC.ZZ,Emotionellt stöd i att kommunicera genom att uttrycka sig genom meddelanden på teckenspråk,,SFJ,,
SFJ.SZ.ZZ,Stöd i att kommunicera genom att uttrycka sig genom meddelanden på teckenspråk,,SFJ,,
SFK,Att skriva meddelanden,,SE-SG,,
SFK.AA.ZZ,Bedömning av att kommunicera genom att skriva meddelanden,,SFK,,
SFK.AM.ZZ,Observation av att kommunicera genom att skriva meddelanden,,SFK,,
SFK.AS.ZZ,Utredande samtal om att kommunicera genom att skriva meddelanden,,SFK,,
SFK.AT.ZZ,"Inhämtning av uppgifter, från professionell, om att kommunicera genom att skriva meddelanden",,SFK,,
SFK.AU.ZZ,"Inhämtning av uppgifter, från annan, om att kommunicera genom att skriva meddelanden",,SFK,,
SFK.AV.ZZ,Uppföljande samtal om att kommunicera genom att skriva meddelanden,,SFK,,
SFK.PH.ZZ,Färdighetsträning i att kommunicera genom att skriva meddelanden,,SFK,,
SFK.RB.ZZ,Praktiskt stöd i att kommunicera genom att skriva meddelanden,,SFK,,
SFK.RC.ZZ,Emotionellt stöd i att kommunicera genom att skriva meddelanden,,SFK,,
SFK.SZ.ZZ,Stöd i att kommunicera genom att skriva meddelanden,,SFK,,
SG2,Konversation och användning av kommunikationsutrustningar och kommunikationstekniker,,SE-SG,,
SG2.AA.ZZ,Bedömning av konversation och användning av kommunikationsutrustningar och kommunikationstekniker,,SG2,,
SG2.AM.ZZ,Observation av konversation och användning av kommunikationsutrustningar och kommunikationstekniker,,SG2,,
SG2.AS.ZZ,Utredande samtal om konversation och användning av kommunikationsutrustningar och kommunikationstekniker,,SG2,,
SG2.AT.ZZ,"Inhämtning av uppgifter, från professionell, om konversation och användning av kommunikationsutrustningar och kommunikationstekniker",,SG2,,
SG2.AU.ZZ,"Inhämtning av uppgifter, från annan, om konversation och användning av kommunikationsutrustningar och kommunikationstekniker",,SG2,,
SG2.AV.ZZ,Uppföljande samtal om konversation och användning av kommunikationsutrustningar och kommunikationstekniker,,SG2,,
SG2.PH.ZZ,Färdighetsträning i konversation och användning av kommunikationsutrustningar och kommunikationstekniker,,SG2,,
SG2.PN.ZZ,Råd eller information om konversation och användning av kommunikationsutrustningar och kommunikationstekniker,,SG2,,
SG2.PU.ZZ,Stödjande samtal om konversation och användning av kommunikationsutrustningar och kommunikationstekniker,,SG2,,
SG2.RB.ZZ,Praktiskt stöd i konversation och användning av kommunikationsutrustningar och kommunikationstekniker,,SG2,,
SG2.RC.ZZ,Emotionellt stöd i konversation och användning av kommunikationsutrustningar och kommunikationstekniker,,SG2,,
SG2.SZ.ZZ,Stöd i konversation och användning av kommunikationsutrustningar och kommunikationstekniker,,SG2,,
SGA,Konversation,,SE-SG,,
SGA.AA.ZZ,Bedömning av konversation,,SGA,,
SGA.AM.ZZ,Observation av konversation,,SGA,,
SGA.AS.ZZ,Utredande samtal om konversation,,SGA,,
SGA.AT.ZZ,"Inhämtning av uppgifter, från professionell, om konversation",,SGA,,
SGA.AU.ZZ,"Inhämtning av uppgifter, från annan, om konversation",,SGA,,
SGA.AV.ZZ,Uppföljande samtal om konversation,,SGA,,
SGA.PH.ZZ,Färdighetsträning i konversation,,SGA,,
SGA.PN.ZZ,Råd eller information om konversation,,SGA,,
SGA.PU.ZZ,Stödjande samtal om konversation,,SGA,,
SGA.RB.ZZ,Praktiskt stöd i konversation,,SGA,,
SGA.RC.ZZ,Emotionellt stöd i konversation,,SGA,,
SGA.SZ.ZZ,Stöd i konversation,,SGA,,
SGG,Att använda kommunikationsutrustningar och kommunikationstekniker,,SE-SG,,
SGG.AA.ZZ,Bedömning av att använda utrustning och tekniker inom kommunikation,,SGG,,
SGG.AM.ZZ,Observation av att använda utrustning och tekniker inom kommunikation,,SGG,,
SGG.AS.ZZ,Utredande samtal om att använda utrustning och tekniker inom kommunikation,,SGG,,
SGG.AT.ZZ,"Inhämtning av uppgifter, från professionell, om att använda utrustning och tekniker inom kommunikation",,SGG,,
SGG.AU.ZZ,"Inhämtning av uppgifter, från annan, om att använda utrustning och tekniker inom kommunikation",,SGG,,
SGG.AV.ZZ,Uppföljande samtal om att använda utrustning och tekniker inom kommunikation,,SGG,,
SGG.PH.ZZ,Färdighetsträning i att använda utrustning och tekniker inom kommunikation,,SGG,,
SGG.PN.ZZ,Råd eller information om att använda utrustning och tekniker inom kommunikation,,SGG,,
SGG.PU.ZZ,Stödjande samtal om att använda utrustning och tekniker inom kommunikation,,SGG,,
SGG.RA.ZZ,Kompensatoriskt stöd för att använda utrustning och tekniker inom kommunikation,,SGG,,
SGG.RB.ZZ,Praktiskt stöd i att använda utrustning och tekniker inom kommunikation,,SGG,,
SGG.RC.ZZ,Emotionellt stöd i att använda utrustning och tekniker inom kommunikation,,SGG,,
SGG.SZ.ZZ,Stöd i att använda utrustning och tekniker inom kommunikation,,SGG,,
SH-SK,Aktiviteter gällande förflyttning,,,,
SH1,Förflyttning,,SH-SK,,
SH1.AA.ZZ,Bedömning av förflyttning,,SH1,,
SH1.AC.ZZ,Manualbaserat test eller samtal om förflyttning,,SH1,,
SH1.AM.ZZ,Observation av förflyttning,,SH1,,
SH1.AS.ZZ,Utredande samtal om förflyttning,,SH1,,
SH1.AT.ZZ,"Inhämtning av uppgifter, från professionell, om förflyttning",,SH1,,
SH1.AU.ZZ,"Inhämtning av uppgifter, från annan, om förflyttning",,SH1,,
SH1.AV.ZZ,Uppföljande samtal om förflyttning,,SH1,,
SH1.AX.ZZ,Annan specificerad utredande eller uppföljande aktivitet om förflyttning,,SH1,,
SH1.AZ.ZZ,"Utredande eller uppföljande aktivitet om förflyttning, ospecificerad",,SH1,,
SH1.PH.ZZ,Färdighetsträning i förflyttning,,SH1,,
SH1.PN.ZZ,Råd eller information om förflyttning,,SH1,,
SH1.PU.ZZ,Stödjande samtal om förflyttning,,SH1,,
SH1.RA.ZZ,Kompensatoriskt stöd för förflyttning,,SH1,,
SH1.RB.ZZ,Praktiskt stöd i förflyttning,,SH1,,
SH1.RC.ZZ,Emotionellt stöd i förflyttning,,SH1,,
SH1.SX.ZZ,Annan specificerad individstödjande aktivitet om förflyttning,,SH1,,
SH1.SZ.ZZ,Stöd inom förflyttning,,SH1,,
SH2,Att ändra och bibehålla kroppsställning,,SH-SK,,
SH2.AA.ZZ,Bedömning av att ändra och bibehålla kroppsställning,,SH2,,
SH2.AM.ZZ,Observation av att ändra och bibehålla kroppsställning,,SH2,,
SH2.AS.ZZ,Utredande samtal om att ändra och bibehålla kroppsställning,,SH2,,
SH2.AT.ZZ,"Inhämtning av uppgifter, från professionell, om att ändra och bibehålla kroppsställning",,SH2,,
SH2.AU.ZZ,"Inhämtning av uppgifter, från annan, om att ändra och bibehålla kroppsställning",,SH2,,
SH2.AV.ZZ,Uppföljande samtal om att ändra och bibehålla kroppsställning,,SH2,,
SH2.PH.ZZ,Färdighetsträning i att ändra och bibehålla kroppsställning,,SH2,,
SH2.PN.ZZ,Råd eller information om att ändra och bibehålla kroppsställning,,SH2,,
SH2.PU.ZZ,Stödjande samtal om att ändra och bibehålla kroppsställning,,SH2,,
SH2.RA.ZZ,Kompensatoriskt stöd för att ändra och bibehålla kroppsställning,,SH2,,
SH2.RB.ZZ,Praktiskt stöd i att ändra och bibehålla kroppsställning,,SH2,,
SH2.RC.ZZ,Emotionellt stöd i att ändra och bibehålla kroppsställning,,SH2,,
SH2.SZ.ZZ,Stöd i att ändra och bibehålla kroppsställning,,SH2,,
SHA,Att ändra grundläggande kroppsställning,,SH-SK,,
SHA.AA.ZZ,Bedömning av att ändra grundläggande kroppsställning,,SHA,,
SHA.AM.ZZ,Observation av att ändra grundläggande kroppsställning,,SHA,,
SHA.AS.ZZ,Utredande samtal om att ändra grundläggande kroppsställning,,SHA,,
SHA.AT.ZZ,"Inhämtning av uppgifter, från professionell, om att ändra grundläggande kroppsställning",,SHA,,
SHA.AU.ZZ,"Inhämtning av uppgifter, från annan, om att ändra grundläggande kroppsställning",,SHA,,
SHA.AV.ZZ,Uppföljande samtal om att ändra grundläggande kroppsställning,,SHA,,
SHA.PH.ZZ,Färdighetsträning i att ändra grundläggande kroppsställning,,SHA,,
SHA.PN.ZZ,Råd eller information om att ändra grundläggande kroppsställning,,SHA,,
SHA.PU.ZZ,Stödjande samtal om att ändra grundläggande kroppsställning,,SHA,,
SHA.RA.ZZ,Kompensatoriskt stöd för att ändra grundläggande kroppsställning,,SHA,,
SHA.RB.ZZ,Praktiskt stöd i att ändra grundläggande kroppsställning,,SHA,,
SHA.RC.ZZ,Emotionellt stöd i att ändra grundläggande kroppsställning,,SHA,,
SHA.SZ.ZZ,Stöd i att ändra grundläggande kroppsställning,,SHA,,
SHD,Att bibehålla en kroppsställning,,SH-SK,,
SHD.AA.ZZ,Bedömning av att bibehålla en kroppsställning,,SHD,,
SHD.AM.ZZ,Observation av att bibehålla en kroppsställning,,SHD,,
SHD.AS.ZZ,Utredande samtal om att bibehålla en kroppsställning,,SHD,,
SHD.AT.ZZ,"Inhämtning av uppgifter, från professionell, om att bibehålla en kroppsställning",,SHD,,
SHD.AU.ZZ,"Inhämtning av uppgifter, från annan, om att bibehålla en kroppsställning",,SHD,,
SHD.AV.ZZ,Uppföljande samtal om att bibehålla en kroppsställning,,SHD,,
SHD.PH.ZZ,Färdighetsträning i att bibehålla en kroppsställning,,SHD,,
SHD.PN.ZZ,Råd eller information om att bibehålla en kroppsställning,,SHD,,
SHD.PU.ZZ,Stödjande samtal om att bibehålla en kroppsställning,,SHD,,
SHD.RB.ZZ,Praktiskt stöd i att bibehålla en kroppsställning,,SHD,,
SHD.RC.ZZ,Emotionellt stöd i att bibehålla en kroppsställning,,SHD,,
SHD.SZ.ZZ,Stöd i att bibehålla en kroppsställning,,SHD,,
SHG,Att förflytta sig själv,,SH-SK,,
SHG.AA.ZZ,Bedömning av att förflytta sig själv,,SHG,,
SHG.AM.ZZ,Observation av att förflytta sig själv,,SHG,,
SHG.AS.ZZ,Utredande samtal om att förflytta sig själv,,SHG,,
SHG.AT.ZZ,"Inhämtning av uppgifter, från professionell, om att förflytta sig själv",,SHG,,
SHG.AU.ZZ,"Inhämtning av uppgifter, från annan, om att förflytta sig själv",,SHG,,
SHG.AV.ZZ,Uppföljande samtal om att förflytta sig själv,,SHG,,
SHG.PH.ZZ,Färdighetsträning i att förflytta sig själv,,SHG,,
SHG.PN.ZZ,Råd eller information om att förflytta sig själv,,SHG,,
SHG.PU.ZZ,Stödjande samtal om att förflytta sig själv,,SHG,,
SHG.RA.ZZ,Kompensatoriskt stöd för att förflytta sig själv,,SHG,,
SHG.RB.ZZ,Praktiskt stöd i att förflytta sig själv,,SHG,,
SHG.RC.ZZ,Emotionellt stöd i att förflytta sig själv,,SHG,,
SHG.SZ.ZZ,Stöd i att förflytta sig själv,,SHG,,
SI2,"Att bära, flytta och hantera föremål",,SH-SK,,
SI2.AA.ZZ,"Bedömning av att bära, flytta och hantera föremål",,SI2,,
SI2.AM.ZZ,"Observation av att bära, flytta och hantera föremål",,SI2,,
SI2.AS.ZZ,"Utredande samtal om att bära, flytta och hantera föremål",,SI2,,
SI2.AT.ZZ,"Inhämtning av uppgifter, från professionell, om att bära, flytta och hantera föremål",,SI2,,
SI2.AU.ZZ,"Inhämtning av uppgifter, från annan, om att bära, flytta och hantera föremål",,SI2,,
SI2.AV.ZZ,"Uppföljande samtal om att bära, flytta och hantera föremål",,SI2,,
SI2.PH.ZZ,"Färdighetsträning i att bära, flytta och hantera föremål",,SI2,,
SI2.PN.ZZ,"Råd eller information om att bära, flytta och hantera föremål",,SI2,,
SI2.PU.ZZ,"Stödjande samtal om att bära, flytta och hantera föremål",,SI2,,
SI2.RA.ZZ,"Kompensatoriskt stöd för att bära, flytta och hantera föremål",,SI2,,
SI2.RB.ZZ,"Praktiskt stöd i att bära, flytta och hantera föremål",,SI2,,
SI2.RC.ZZ,"Emotionellt stöd i att bära, flytta och hantera föremål",,SI2,,
SI2.SZ.ZZ,"Stöd i att bära, flytta och hantera föremål",,SI2,,
SIA,Att lyfta och bära föremål,,SH-SK,,
SIA.AA.ZZ,Bedömning av att lyfta och bära föremål,,SIA,,
SIA.AM.ZZ,Observation av att lyfta och bära föremål,,SIA,,
SIA.AS.ZZ,Utredande samtal om att lyfta och bära föremål,,SIA,,
SIA.AT.ZZ,"Inhämtning av uppgifter, från professionell, om att lyfta och bära föremål",,SIA,,
SIA.AU.ZZ,"Inhämtning av uppgifter, från annan, om att lyfta och bära föremål",,SIA,,
SIA.AV.ZZ,Uppföljande samtal om att lyfta och bära föremål,,SIA,,
SIA.PH.ZZ,Färdighetsträning i att lyfta och bära föremål,,SIA,,
SIA.PN.ZZ,Råd eller information om att lyfta och bära föremål,,SIA,,
SIA.PU.ZZ,Stödjande samtal om att lyfta och bära föremål,,SIA,,
SIA.RA.ZZ,Kompensatoriskt stöd för att lyfta och bära föremål,,SIA,,
SIA.RB.ZZ,Praktiskt stöd i att lyfta och bära föremål,,SIA,,
SIA.RC.ZZ,Emotionellt stöd i att lyfta och bära föremål,,SIA,,
SIA.SZ.ZZ,Stöd i att lyfta och bära föremål,,SIA,,
SIG,Handens finmotoriska användning,,SH-SK,,
SIG.AA.ZZ,Bedömning av handens finmotoriska användning,,SIG,,
SIG.AM.ZZ,Observation av handens finmotoriska användning,,SIG,,
SIG.AS.ZZ,Utredande samtal om handens finmotoriska användning,,SIG,,
SIG.AT.ZZ,"Inhämtning av uppgifter, från professionell, om handens finmotoriska användning",,SIG,,
SIG.AU.ZZ,"Inhämtning av uppgifter, från annan, om handens finmotoriska användning",,SIG,,
SIG.AV.ZZ,Uppföljande samtal om handens finmotoriska användning,,SIG,,
SIG.PH.ZZ,Färdighetsträning i handens finmotoriska användning,,SIG,,
SIG.PN.ZZ,Råd eller information om handens finmotoriska användning,,SIG,,
SIG.PU.ZZ,Stödjande samtal om handens finmotoriska användning,,SIG,,
SIG.RA.ZZ,Kompensatoriskt stöd för handens finmotoriska användning,,SIG,,
SIG.RB.ZZ,Praktiskt stöd i handens finmotoriska användning,,SIG,,
SIG.RC.ZZ,Emotionellt stöd i handens finmotoriska användning,,SIG,,
SIG.SZ.ZZ,Stöd i handens finmotoriska användning,,SIG,,
SJ2,Att gå och röra sig omkring,,SH-SK,,
SJ2.AA.ZZ,Bedömning av att gå och röra sig omkring,,SJ2,,
SJ2.AM.ZZ,Observation av att gå och röra sig omkring,,SJ2,,
SJ2.AS.ZZ,Utredande samtal om att gå och röra sig omkring,,SJ2,,
SJ2.AT.ZZ,"Inhämtning av uppgifter, från professionell, om att gå och röra sig omkring",,SJ2,,
SJ2.AU.ZZ,"Inhämtning av uppgifter, från annan, om att gå och röra sig omkring",,SJ2,,
SJ2.AV.ZZ,Uppföljande samtal om att gå och röra sig omkring,,SJ2,,
SJ2.PH.ZZ,Färdighetsträning i att gå och röra sig omkring,,SJ2,,
SJ2.PN.ZZ,Råd eller information för att gå och röra sig omkring,,SJ2,,
SJ2.PU.ZZ,Stödjande samtal om att gå och röra sig omkring,,SJ2,,
SJ2.RB.ZZ,Praktiskt stöd i att gå och röra sig omkring,,SJ2,,
SJ2.RC.ZZ,Emotionellt stöd i att gå och röra sig omkring,,SJ2,,
SJ2.SZ.ZZ,Stöd i att gå och röra sig omkring,,SJ2,,
SJA,Att gå,,SH-SK,,
SJA.AA.ZZ,Bedömning av att gå,,SJA,,
SJA.AM.ZZ,Observation av att gå,,SJA,,
SJA.AS.ZZ,Utredande samtal om att gå,,SJA,,
SJA.AT.ZZ,"Inhämtning av uppgifter, från professionell, om att gå",,SJA,,
SJA.AU.ZZ,"Inhämtning av uppgifter, från annan, om att gå",,SJA,,
SJA.AV.ZZ,Uppföljande samtal om att gå,,SJA,,
SJA.PH.ZZ,Färdighetsträning i att gå,,SJA,,
SJA.PN.ZZ,Råd eller information för att gå,,SJA,,
SJA.PU.ZZ,Stödjande samtal om att gå,,SJA,,
SJA.RB.ZZ,Praktiskt stöd i att gå,,SJA,,
SJA.RC.ZZ,Emotionellt stöd i att gå,,SJA,,
SJA.SZ.ZZ,Stöd i att gå,,SJA,,
SJB,Att gå uppför och nedför i trappor,,SH-SK,,
SJB.AA.ZZ,Bedömning av att gå uppför och nedför i trappor,,SJB,,
SJB.AM.ZZ,Observation av att gå uppför och nedför i trappor,,SJB,,
SJB.AS.ZZ,Utredande samtal om att gå uppför och nedför i trappor,,SJB,,
SJB.AT.ZZ,"Inhämtning av uppgifter, från professionell, om att gå uppför och nedför i trappor",,SJB,,
SJB.AU.ZZ,"Inhämtning av uppgifter, från annan, om att gå uppför och nedför i trappor",,SJB,,
SJB.AV.ZZ,Uppföljande samtal om att gå uppför och nedför i trappor,,SJB,,
SJB.PH.ZZ,Färdighetsträning i att gå uppför och nedför i trappor,,SJB,,
SJB.PN.ZZ,Råd eller information för att gå uppför och nedför i trappor,,SJB,,
SJB.PU.ZZ,Stödjande samtal om att gå uppför och nedför i trappor,,SJB,,
SJB.RB.ZZ,Praktiskt stöd i att gå uppför och nedför i trappor,,SJB,,
SJB.RC.ZZ,Emotionellt stöd i att gå uppför och nedför i trappor,,SJB,,
SJB.SZ.ZZ,Stöd i att gå uppför och nedför i trappor,,SJB,,
SJD,Att röra sig omkring på olika sätt,,SH-SK,,
SJD.AA.ZZ,Bedömning av att röra sig omkring på olika sätt,,SJD,,
SJD.AM.ZZ,Observation av att röra sig omkring på olika sätt,,SJD,,
SJD.AS.ZZ,Utredande samtal om att röra sig omkring på olika sätt,,SJD,,
SJD.AT.ZZ,"Inhämtning av uppgifter, från professionell, om att röra sig omkring på olika sätt",,SJD,,
SJD.AU.ZZ,"Inhämtning av uppgifter, från annan, om att röra sig omkring på olika sätt",,SJD,,
SJD.AV.ZZ,Uppföljande samtal om att röra sig omkring på olika sätt,,SJD,,
SJD.PH.ZZ,Färdighetsträning i att röra sig omkring på olika sätt,,SJD,,
SJD.PN.ZZ,Råd eller information för att röra sig omkring på olika sätt,,SJD,,
SJD.PU.ZZ,Stödjande samtal om att röra sig omkring på olika sätt,,SJD,,
SJD.RB.ZZ,Praktiskt stöd i att röra sig omkring på olika sätt,,SJD,,
SJD.RC.ZZ,Emotionellt stöd i att röra sig omkring på olika sätt,,SJD,,
SJD.SZ.ZZ,Stöd i att röra sig omkring på olika sätt,,SJD,,
SJG,Att röra sig omkring på olika platser,,SH-SK,,
SJG.AA.ZZ,Bedömning av att röra sig omkring på olika platser,,SJG,,
SJG.AM.ZZ,Observation av att röra sig omkring på olika platser,,SJG,,
SJG.AS.ZZ,Utredande samtal om att röra sig omkring på olika platser,,SJG,,
SJG.AT.ZZ,"Inhämtning av uppgifter, från professionell, om att röra sig omkring på olika platser",,SJG,,
SJG.AU.ZZ,"Inhämtning av uppgifter, från annan, om att röra sig omkring på olika platser",,SJG,,
SJG.AV.ZZ,Uppföljande samtal om att röra sig omkring på olika platser,,SJG,,
SJG.PH.ZZ,Färdighetsträning i att röra sig omkring på olika platser,,SJG,,
SJG.PN.ZZ,Råd eller information för att röra sig omkring på olika platser,,SJG,,
SJG.PU.ZZ,Stödjande samtal om att röra sig omkring på olika platser,,SJG,,
SJG.RB.ZZ,Praktiskt stöd i att röra sig omkring på olika platser,,SJG,,
SJG.RC.ZZ,Emotionellt stöd i att röra sig omkring på olika platser,,SJG,,
SJG.SZ.ZZ,Stöd i att röra sig omkring på olika platser,,SJG,,
SK2,Att förflytta sig med hjälp av transportmedel,,SH-SK,,
SK2.AA.ZZ,Bedömning av att förflytta sig med hjälp av transportmedel,,SK2,,
SK2.AS.ZZ,Utredande samtal om att förflytta sig med hjälp av transportmedel,,SK2,,
SK2.AT.ZZ,"Inhämtning av uppgifter, från professionell, om att förflytta sig med hjälp av transportmedel",,SK2,,
SK2.AU.ZZ,"Inhämtning av uppgifter, från annan, om att förflytta sig med hjälp av transportmedel",,SK2,,
SK2.AV.ZZ,Uppföljande samtal om att förflytta sig med hjälp av transportmedel,,SK2,,
SK2.PH.ZZ,Färdighetsträning i att förflytta sig med hjälp av transportmedel,,SK2,,
SK2.PN.ZZ,Råd eller information om att förflytta sig med hjälp av transportmedel,,SK2,,
SK2.PU.ZZ,Stödjande samtal om att förflytta sig med hjälp av transportmedel,,SK2,,
SK2.RB.ZZ,Praktiskt stöd i att förflytta sig med hjälp av transportmedel,,SK2,,
SK2.RC.ZZ,Emotionellt stöd i att förflytta sig med hjälp av transportmedel,,SK2,,
SK2.SZ.ZZ,Stöd i att förflytta sig med hjälp av transportmedel,,SK2,,
SKA,Att använda transportmedel,,SH-SK,,
SKA.AA.ZZ,Bedömning av att använda transportmedel,,SKA,,
SKA.AS.ZZ,Utredande samtal om att använda transportmedel,,SKA,,
SKA.AT.ZZ,"Inhämtning av uppgifter, från professionell, om att använda transportmedel",,SKA,,
SKA.AU.ZZ,"Inhämtning av uppgifter, från annan, om att använda transportmedel",,SKA,,
SKA.AV.ZZ,Uppföljande samtal om att använda transportmedel,,SKA,,
SKA.PH.ZZ,Färdighetsträning i att använda transportmedel,,SKA,,
SKA.PN.ZZ,Råd eller information om att använda transportmedel,,SKA,,
SKA.PU.ZZ,Stödjande samtal om att använda transportmedel,,SKA,,
SKA.RB.ZZ,Praktiskt stöd i att använda transportmedel,,SKA,,
SKA.RC.ZZ,Emotionellt stöd i att använda transportmedel,,SKA,,
SKA.SZ.ZZ,Stöd i att använda transportmedel,,SKA,,
SM,Aktiviteter gällande personlig vård,,,,
SM1,Personlig vård,,SM,,
SM1.AA.ZZ,Bedömning av personlig vård,,SM1,,
SM1.AC.ZZ,Manualbaserat test eller samtal om personlig vård,,SM1,,
SM1.AM.ZZ,Observation av personlig vård,,SM1,,
SM1.AS.ZZ,Utredande samtal om personlig vård,,SM1,,
SM1.AT.ZZ,"Inhämtning av uppgifter, från professionell, om personlig vård",,SM1,,
SM1.AU.ZZ,"Inhämtning av uppgifter, från annan, om personlig vård",,SM1,,
SM1.AV.ZZ,Uppföljande samtal om personlig vård,,SM1,,
SM1.AX.ZZ,Annan specificerad utredande eller uppföljande aktivitet om personlig vård,,SM1,,
SM1.AZ.ZZ,"Utredande eller uppföljande aktivitet om personlig vård, ospecificerad",,SM1,,
SM1.PH.ZZ,Färdighetsträning i personlig vård,,SM1,,
SM1.PN.ZZ,Råd eller information om personlig vård,,SM1,,
SM1.PU.ZZ,Stödjande samtal om personlig vård,,SM1,,
SM1.PV.ZZ,Behandlande samtal om personlig vård,,SM1,,
SM1.RA.ZZ,Kompensatoriskt stöd för personlig vård,,SM1,,
SM1.RB.ZZ,Praktiskt stöd i personlig vård,,SM1,,
SM1.RC.ZZ,Emotionellt stöd i personlig vård,,SM1,,
SM1.SX.ZZ,Annan specificerad individstödjande aktivitet inom personlig vård,,SM1,,
SM1.SZ.ZZ,Stöd inom personlig vård,,SM1,,
SMB,Att tvätta sig,,SM,,
SMB.AA.ZZ,Bedömning av att tvätta sig,,SMB,,
SMB.AM.ZZ,Observation av att tvätta sig,,SMB,,
SMB.AS.ZZ,Utredande samtal om att tvätta sig,,SMB,,
SMB.AT.ZZ,"Inhämtning av uppgifter, från professionell, om att tvätta sig",,SMB,,
SMB.AU.ZZ,"Inhämtning av uppgifter, från annan, om att tvätta sig",,SMB,,
SMB.AV.ZZ,Uppföljande samtal om att tvätta sig,,SMB,,
SMB.PH.ZZ,Färdighetsträning i att tvätta sig,,SMB,,
SMB.PN.ZZ,Råd eller information om att tvätta sig,,SMB,,
SMB.PU.ZZ,Stödjande samtal om att tvätta sig,,SMB,,
SMB.RA.ZZ,Kompensatoriskt stöd för att tvätta sig,,SMB,,
SMB.RB.ZZ,Praktiskt stöd i att tvätta sig,,SMB,,
SMB.RC.ZZ,Emotionellt stöd i att tvätta sig,,SMB,,
SMB.SZ.ZZ,Stöd i att tvätta sig,,SMB,,
SMC,Att sköta kroppen (kroppsvård),,SM,,
SMC.AA.ZZ,Bedömning av att sköta kroppen,,SMC,,
SMC.AM.ZZ,Observation av att sköta kroppen,,SMC,,
SMC.AS.ZZ,Utredande samtal om att sköta kroppen,,SMC,,
SMC.AT.ZZ,"Inhämtning av uppgifter, från professionell, om att sköta kroppen",,SMC,,
SMC.AU.ZZ,"Inhämtning av uppgifter, från annan, om att sköta kroppen",,SMC,,
SMC.AV.ZZ,Uppföljande samtal om att sköta kroppen,,SMC,,
SMC.PH.ZZ,Färdighetsträning i att sköta kroppen,,SMC,,
SMC.PN.ZZ,Råd eller information om att sköta kroppen,,SMC,,
SMC.PU.ZZ,Stödjande samtal om att sköta kroppen,,SMC,,
SMC.RA.ZZ,Kompensatoriskt stöd för att sköta kroppen,,SMC,,
SMC.RB.ZZ,Praktiskt stöd i att sköta kroppen,,SMC,,
SMC.RC.ZZ,Emotionellt stöd i att sköta kroppen,,SMC,,
SMC.SZ.ZZ,Stöd i att sköta kroppen,,SMC,,
SMD,Att sköta toalettbehov,,SM,,
SMD.AA.ZZ,Bedömning av att sköta toalettbehov,,SMD,,
SMD.AS.ZZ,Utredande samtal om att sköta toalettbehov,,SMD,,
SMD.AT.ZZ,"Inhämtning av uppgifter, från professionell, om att sköta toalettbehov",,SMD,,
SMD.AU.ZZ,"Inhämtning av uppgifter, från annan, om att sköta toalettbehov",,SMD,,
SMD.AV.ZZ,Uppföljande samtal om att sköta toalettbehov,,SMD,,
SMD.PH.ZZ,Färdighetsträning i att sköta toalettbehov,,SMD,,
SMD.RB.ZZ,Praktiskt stöd i att sköta toalettbehov,,SMD,,
SMD.RC.ZZ,Emotionellt stöd i att sköta toalettbehov,,SMD,,
SMD.SZ.ZZ,Stöd i att sköta toalettbehov,,SMD,,
SME,Att klä sig,,SM,,
SME.AA.ZZ,Bedömning av att klä sig,,SME,,
SME.AM.ZZ,Observation av att klä sig,,SME,,
SME.AS.ZZ,Utredande samtal om att klä sig,,SME,,
SME.AT.ZZ,"Inhämtning av uppgifter, från professionell, om att klä sig",,SME,,
SME.AU.ZZ,"Inhämtning av uppgifter, från annan, om att klä sig",,SME,,
SME.AV.ZZ,Uppföljande samtal om att klä sig,,SME,,
SME.PH.ZZ,Färdighetsträning i att klä sig,,SME,,
SME.PN.ZZ,Råd eller information för att klä sig,,SME,,
SME.PU.ZZ,Stödjande samtal om att klä sig,,SME,,
SME.RA.ZZ,Kompensatoriskt stöd för att klä sig,,SME,,
SME.RB.ZZ,Praktiskt stöd i att klä sig,,SME,,
SME.RC.ZZ,Emotionellt stöd i att klä sig,,SME,,
SME.SZ.ZZ,Stöd i att klä sig,,SME,,
SMF,Att äta,,SM,,
SMF.AA.ZZ,Bedömning av att äta,,SMF,,
SMF.AM.ZZ,Observation av att äta,,SMF,,
SMF.AS.ZZ,Utredande samtal om att äta,,SMF,,
SMF.AT.ZZ,"Inhämtning av uppgifter, från professionell, om att äta",,SMF,,
SMF.AU.ZZ,"Inhämtning av uppgifter, från annan, om att äta",,SMF,,
SMF.AV.ZZ,Uppföljande samtal om att äta,,SMF,,
SMF.PH.ZZ,Färdighetsträning i att äta,,SMF,,
SMF.PN.ZZ,Råd eller information om att äta,,SMF,,
SMF.PU.ZZ,Stödjande samtal om att äta,,SMF,,
SMF.RB.ZZ,Praktiskt stöd i att äta,,SMF,,
SMF.RC.ZZ,Emotionellt stöd i att äta,,SMF,,
SMF.SZ.ZZ,Stöd i att äta,,SMF,,
SMG,Att dricka,,SM,,
SMG.AA.ZZ,Bedömning av att dricka,,SMG,,
SMG.AM.ZZ,Observation av att dricka,,SMG,,
SMG.AS.ZZ,Utredande samtal om att dricka,,SMG,,
SMG.AT.ZZ,"Inhämtning av uppgifter, från professionell, om att dricka",,SMG,,
SMG.AU.ZZ,"Inhämtning av uppgifter, från annan, om att dricka",,SMG,,
SMG.AV.ZZ,Uppföljande samtal om att dricka,,SMG,,
SMG.PH.ZZ,Färdighetsträning i att dricka,,SMG,,
SMG.RB.ZZ,Praktiskt stöd i att dricka,,SMG,,
SMG.RC.ZZ,Emotionellt stöd i att dricka,,SMG,,
SMG.SZ.ZZ,Stöd i att dricka,,SMG,,
SMH,Att sköta sin egen hälsa,,SM,,
SMH.AA.ZZ,Bedömning av att sköta sin egen hälsa,,SMH,,
SMH.AC.ZZ,Manualbaserat test eller samtal om att sköta sin egen hälsa,,SMH,,
SMH.AM.ZZ,Observation av att sköta sin egen hälsa,,SMH,,
SMH.AS.ZZ,Utredande samtal om att sköta sin egen hälsa,,SMH,,
SMH.AT.ZZ,"Inhämtning av uppgifter, från professionell, om att sköta sin egen hälsa",,SMH,,
SMH.AU.ZZ,"Inhämtning av uppgifter, från annan, om att sköta sin egen hälsa",,SMH,,
SMH.AV.ZZ,Uppföljande samtal om att sköta sin egen hälsa,,SMH,,
SMH.PH.ZZ,Färdighetsträning i att sköta sin egen hälsa,,SMH,,
SMH.PN.ZZ,Råd eller information för att sköta sin egen hälsa,,SMH,,
SMH.PU.ZZ,Stödjande samtal om att sköta sin egen hälsa,,SMH,,
SMH.PV.ZZ,Behandlande samtal om att sköta sin egen hälsa,,SMH,,
SMH.RA.ZZ,Kompensatoriskt stöd för att sköta sin egen hälsa,,SMH,,
SMH.RB.ZZ,Praktiskt stöd i av att sköta sin egen hälsa,,SMH,,
SMH.RC.ZZ,Emotionellt stöd i att sköta sin egen hälsa,,SMH,,
SMH.SZ.ZZ,Stöd i att sköta sin egen hälsa,,SMH,,
SMI,Att se till sin egen säkerhet,,SM,,
SMI.AA.ZZ,Bedömning av att se till sin egen säkerhet,,SMI,,
SMI.AM.ZZ,Observation av att se till sin egen säkerhet,,SMI,,
SMI.AS.ZZ,Utredande samtal om att se till sin egen säkerhet,,SMI,,
SMI.AT.ZZ,"Inhämtning av uppgifter, från professionell, om att se till sin egen säkerhet",,SMI,,
SMI.AU.ZZ,"Inhämtning av uppgifter, från annan, om att se till sin egen säkerhet",,SMI,,
SMI.AV.ZZ,Uppföljande samtal om att se till sin egen säkerhet,,SMI,,
SMI.PH.ZZ,Färdighetsträning i att se till sin egen säkerhet,,SMI,,
SMI.PN.ZZ,Råd eller information om att se till sin egen säkerhet,,SMI,,
SMI.PU.ZZ,Stödjande samtal om att se till sin egen säkerhet,,SMI,,
SMI.RB.ZZ,Praktiskt stöd i att se till sin egen säkerhet,,SMI,,
SMI.RC.ZZ,Emotionellt stöd i att se till sin egen säkerhet,,SMI,,
SMI.SZ.ZZ,Stöd i att se till sin egen säkerhet,,SMI,,
SN-SP,Aktiviteter gällande hemliv,,,,
SN1,Hemliv,,SN-SP,,
SN1.AA.ZZ,Bedömning av hemliv,,SN1,,
SN1.AC.ZZ,Manualbaserat test eller samtal om hemliv,,SN1,,
SN1.AM.ZZ,Observation av hemliv,,SN1,,
SN1.AS.ZZ,Utredande samtal om hemliv,,SN1,,
SN1.AT.ZZ,"Inhämtning av uppgifter, från professionell, om hemliv",,SN1,,
SN1.AU.ZZ,"Inhämtning av uppgifter, från annan, om hemliv",,SN1,,
SN1.AV.ZZ,Uppföljande samtal om hemliv,,SN1,,
SN1.AX.ZZ,Annan specificerad utredande eller uppföljande aktivitet om hemliv,,SN1,,
SN1.AZ.ZZ,"Utredande eller uppföljande aktivitet om hemliv, ospecificerad",,SN1,,
SN1.PH.ZZ,Färdighetsträning inom hemliv,,SN1,,
SN1.PN.ZZ,Råd eller information om hemliv,,SN1,,
SN1.PU.ZZ,Stödjande samtal om hemliv,,SN1,,
SN1.RA.ZZ,Kompensatoriskt stöd inom hemliv,,SN1,,
SN1.RB.ZZ,Praktiskt stöd inom hemliv,,SN1,,
SN1.RC.ZZ,Emotionellt stöd inom hemliv,,SN1,,
SN1.SX.ZZ,Annan specificerad individstödjande aktivitet inom hemliv,,SN1,,
SN1.SZ.ZZ,Stöd inom hemliv,,SN1,,
SN2,Att skaffa förnödenheter,,SN-SP,,
SN2.AA.ZZ,Bedömning av att skaffa förnödenheter,,SN2,,
SN2.AM.ZZ,Observation av att skaffa förnödenheter,,SN2,,
SN2.AS.ZZ,Utredande samtal om att skaffa förnödenheter,,SN2,,
SN2.AT.ZZ,"Inhämtning av uppgifter, från professionell, om att skaffa förnödenheter",,SN2,,
SN2.AU.ZZ,"Inhämtning av uppgifter, från annan, om att skaffa förnödenheter",,SN2,,
SN2.AV.ZZ,Uppföljande samtal om att skaffa förnödenheter,,SN2,,
SN2.PH.ZZ,Färdighetsträning i att skaffa förnödenheter,,SN2,,
SN2.PN.ZZ,Råd eller information om att skaffa förnödenheter,,SN2,,
SN2.PU.ZZ,Stödjande samtal om att skaffa förnödenheter,,SN2,,
SN2.RA.ZZ,Kompensatoriskt stöd för att skaffa förnödenheter,,SN2,,
SN2.RB.ZZ,Praktiskt stöd i att skaffa förnödenheter,,SN2,,
SN2.RC.ZZ,Emotionellt stöd i att skaffa förnödenheter,,SN2,,
SN2.SZ.ZZ,Stöd i att skaffa förnödenheter,,SN2,,
SNC,Att skaffa (och behålla) bostad,,SN-SP,,
SNC.AA.ZZ,Bedömning av att skaffa och behålla bostad,,SNC,,
SNC.AS.ZZ,Utredande samtal om att skaffa och behålla bostad,,SNC,,
SNC.AT.ZZ,"Inhämtning av uppgifter, från professionell, om att skaffa och behålla bostad",,SNC,,
SNC.AU.ZZ,"Inhämtning av uppgifter, från annan, om att skaffa och behålla bostad",,SNC,,
SNC.AV.ZZ,Uppföljande samtal om att skaffa och behålla bostad,,SNC,,
SNC.PH.ZZ,Färdighetsträning i att skaffa och behålla bostad,,SNC,,
SNC.PN.ZZ,Råd eller information om att skaffa och behålla bostad,,SNC,,
SNC.PU.ZZ,Stödjande samtal om att skaffa och behålla bostad,,SNC,,
SNC.RB.ZZ,Praktiskt stöd i att skaffa och behålla bostad,,SNC,,
SNC.RC.ZZ,Emotionellt stöd i att skaffa och behålla bostad,,SNC,,
SNC.SZ.ZZ,Stöd i att skaffa och behålla bostad,,SNC,,
SND,Att skaffa varor och tjänster,,SN-SP,,
SND.AA.ZZ,Bedömning av att skaffa varor och tjänster,,SND,,
SND.AM.ZZ,Observation av att skaffa varor och tjänster,,SND,,
SND.AS.ZZ,Utredande samtal om att skaffa varor och tjänster,,SND,,
SND.AT.ZZ,"Inhämtning av uppgifter, från professionell, om att skaffa varor och tjänster",,SND,,
SND.AU.ZZ,"Inhämtning av uppgifter, från annan, om att skaffa varor och tjänster",,SND,,
SND.AV.ZZ,Uppföljande samtal om att skaffa varor och tjänster,,SND,,
SND.PH.ZZ,Färdighetsträning i att skaffa varor och tjänster,,SND,,
SND.PN.ZZ,Råd eller information om att skaffa varor och tjänster,,SND,,
SND.PU.ZZ,Stödjande samtal om att skaffa varor och tjänster,,SND,,
SND.RA.ZZ,Kompensatoriskt stöd för att skaffa varor och tjänster,,SND,,
SND.RB.ZZ,Praktiskt stöd i att skaffa varor och tjänster,,SND,,
SND.RC.ZZ,Emotionellt stöd i att skaffa varor och tjänster,,SND,,
SND.SZ.ZZ,Stöd i att skaffa varor och tjänster,,SND,,
SNE,Att handla,,SN-SP,,
SNE.AA.ZZ,Bedömning av att handla,,SNE,,
SNE.AM.ZZ,Observation av att handla,,SNE,,
SNE.AS.ZZ,Utredande samtal om att handla,,SNE,,
SNE.AT.ZZ,"Inhämtning av uppgifter, från professionell, om att handla",,SNE,,
SNE.AU.ZZ,"Inhämtning av uppgifter, från annan, om att handla",,SNE,,
SNE.AV.ZZ,Uppföljande samtal om att handla,,SNE,,
SNE.PH.ZZ,Färdighetsträning i att handla,,SNE,,
SNE.PN.ZZ,Råd eller information om att handla,,SNE,,
SNE.PU.ZZ,Stödjande samtal om att handla,,SNE,,
SNE.RA.ZZ,Kompensatoriskt stöd för att handla,,SNE,,
SNE.RB.ZZ,Praktiskt stöd i att handla,,SNE,,
SNE.RC.ZZ,Emotionellt stöd i att handla,,SNE,,
SNE.SZ.ZZ,Stöd i att handla,,SNE,,
SO2,Hushållsgöromål,,SN-SP,,
SO2.AA.ZZ,Bedömning av hushållsgöromål,,SO2,,
SO2.AM.ZZ,Observation av hushållsgöromål,,SO2,,
SO2.AS.ZZ,Utredande samtal om hushållsgöromål,,SO2,,
SO2.AT.ZZ,"Inhämtning av uppgifter, från professionell, om hushållsgöromål",,SO2,,
SO2.AU.ZZ,"Inhämtning av uppgifter, från annan, om hushållsgöromål",,SO2,,
SO2.AV.ZZ,Uppföljande samtal om hushållsgöromål,,SO2,,
SO2.PH.ZZ,Färdighetsträning inom hushållsgöromål,,SO2,,
SO2.PN.ZZ,Råd eller information om hushållsgöromål,,SO2,,
SO2.PU.ZZ,Stödjande samtal om hushållsgöromål,,SO2,,
SO2.RA.ZZ,Kompensatoriskt stöd inom hushållsgöromål,,SO2,,
SO2.RB.ZZ,Praktiskt stöd i hushållsgöromål,,SO2,,
SO2.RC.ZZ,Emotionellt stöd i hushållsgöromål,,SO2,,
SO2.SZ.ZZ,Stöd i hushållsgöromål,,SO2,,
SOA,Att bereda måltider,,SN-SP,,
SOA.AA.ZZ,Bedömning av att bereda måltider,,SOA,,
SOA.AM.ZZ,Observation av att bereda måltider,,SOA,,
SOA.AS.ZZ,Utredande samtal om att bereda måltider,,SOA,,
SOA.AT.ZZ,"Inhämtning av uppgifter, från professionell, om att bereda måltider",,SOA,,
SOA.AU.ZZ,"Inhämtning av uppgifter, från annan, om att bereda måltider",,SOA,,
SOA.AV.ZZ,Uppföljande samtal om att bereda måltider,,SOA,,
SOA.PH.ZZ,Färdighetsträning i att bereda måltider,,SOA,,
SOA.PN.ZZ,Råd eller information om att bereda måltider,,SOA,,
SOA.PU.ZZ,Stödjande samtal om att bereda måltider,,SOA,,
SOA.RA.ZZ,Kompensatoriskt stöd för att bereda måltider,,SOA,,
SOA.RB.ZZ,Praktiskt stöd i att bereda måltider,,SOA,,
SOA.RC.ZZ,Emotionellt stöd i att bereda måltider,,SOA,,
SOA.SZ.ZZ,Stöd i att bereda måltider,,SOA,,
SOD,Hushållsarbete,,SN-SP,,
SOD.AA.ZZ,Bedömning av hushållsarbete,,SOD,,
SOD.AM.ZZ,Observation av hushållsarbete,,SOD,,
SOD.AS.ZZ,Utredande samtal om hushållsarbete,,SOD,,
SOD.AT.ZZ,"Inhämtning av uppgifter, från professionell, om hushållsarbete",,SOD,,
SOD.AU.ZZ,"Inhämtning av uppgifter, från annan, om hushållsarbete",,SOD,,
SOD.AV.ZZ,Uppföljande samtal om hushållsarbete,,SOD,,
SOD.PH.ZZ,Färdighetsträning i hushållsarbete,,SOD,,
SOD.PN.ZZ,Råd eller information om hushållsarbete,,SOD,,
SOD.PU.ZZ,Stödjande samtal avseende hushållsarbete,,SOD,,
SOD.RA.ZZ,Kompensatoriskt stöd i hushållsarbete,,SOD,,
SOD.RB.ZZ,Praktiskt stöd i hushållsarbete,,SOD,,
SOD.RC.ZZ,Emotionellt stöd i hushållsarbete,,SOD,,
SOD.SZ.ZZ,Stöd i hushållsarbete,,SOD,,
SOE,Att tvätta och torka kläder,,SN-SP,,
SOE.AA.ZZ,Bedömning av att tvätta och torka kläder,,SOE,,
SOE.AM.ZZ,Observation av att tvätta och torka kläder,,SOE,,
SOE.AS.ZZ,Utredande samtal om att tvätta och torka kläder,,SOE,,
SOE.AT.ZZ,"Inhämtning av uppgifter, från professionell, om att tvätta och torka kläder",,SOE,,
SOE.AU.ZZ,"Inhämtning av uppgifter, från annan, om att tvätta och torka kläder",,SOE,,
SOE.AV.ZZ,Uppföljande samtal om att tvätta och torka kläder,,SOE,,
SOE.PH.ZZ,Färdighetsträning i att tvätta och torka kläder,,SOE,,
SOE.PN.ZZ,Råd eller information om att tvätta och torka kläder,,SOE,,
SOE.RA.ZZ,Kompensatoriskt stöd för att tvätta och torka kläder,,SOE,,
SOE.RB.ZZ,Praktiskt stöd i att tvätta och torka kläder,,SOE,,
SOE.RC.ZZ,Emotionellt stöd i att tvätta och torka kläder,,SOE,,
SOE.SZ.ZZ,Stöd i att tvätta och torka kläder,,SOE,,
SOF,Att städa köksutrymme och köksredskap,,SN-SP,,
SOF.AA.ZZ,Bedömning av att städa köksutrymme och köksredskap,,SOF,,
SOF.AM.ZZ,Observation av att städa köksutrymme och köksredskap,,SOF,,
SOF.AS.ZZ,Utredande samtal om att städa köksutrymme och köksredskap,,SOF,,
SOF.AT.ZZ,"Inhämtning av uppgifter, från professionell, om att städa köksutrymme och köksredskap",,SOF,,
SOF.AU.ZZ,"Inhämtning av uppgifter, från annan, om att städa köksutrymme och köksredskap",,SOF,,
SOF.AV.ZZ,Uppföljande samtal om att städa köksutrymme och köksredskap,,SOF,,
SOF.PH.ZZ,Färdighetsträning i att städa köksutrymme och köksredskap,,SOF,,
SOF.PN.ZZ,Råd eller information för att städa köksutrymme och köksredskap,,SOF,,
SOF.RA.ZZ,Kompensatoriskt stöd för att städa köksutrymme och köksredskap,,SOF,,
SOF.RB.ZZ,Praktiskt stöd i att städa köksutrymme och köksredskap,,SOF,,
SOF.RC.ZZ,Emotionellt stöd i att städa köksutrymme och köksredskap,,SOF,,
SOF.SZ.ZZ,Stöd i att städa köksutrymme och köksredskap,,SOF,,
SOG,Att städa bostaden,,SN-SP,,
SOG.AA.ZZ,Bedömning av att städa bostaden,,SOG,,
SOG.AM.ZZ,Observation av att städa bostaden,,SOG,,
SOG.AS.ZZ,Utredande samtal om att städa bostaden,,SOG,,
SOG.AT.ZZ,"Inhämtning av uppgifter, från professionell, om att städa bostaden",,SOG,,
SOG.AU.ZZ,"Inhämtning av uppgifter, från annan, om att städa bostaden",,SOG,,
SOG.AV.ZZ,Uppföljande samtal om att städa bostaden,,SOG,,
SOG.PH.ZZ,Färdighetsträning i att städa bostaden,,SOG,,
SOG.PN.ZZ,Råd eller information om att städa bostaden,,SOG,,
SOG.RA.ZZ,Kompensatoriskt stöd för att städa bostaden,,SOG,,
SOG.RB.ZZ,Praktiskt stöd i att städa bostaden,,SOG,,
SOG.RC.ZZ,Emotionellt stöd i att städa bostaden,,SOG,,
SOG.SZ.ZZ,Stöd i att städa bostaden,,SOG,,
SOH,Att använda hushållsapparater,,SN-SP,,
SOH.AA.ZZ,Bedömning av att använda hushållsapparater,,SOH,,
SOH.AM.ZZ,Observation av att använda hushållsapparater,,SOH,,
SOH.AS.ZZ,Utredande samtal om att använda hushållsapparater,,SOH,,
SOH.AT.ZZ,"Inhämtning av uppgifter, från professionell, om att använda hushållsapparater",,SOH,,
SOH.AU.ZZ,"Inhämtning av uppgifter, från annan, om att använda hushållsapparater",,SOH,,
SOH.AV.ZZ,Uppföljande samtal om att använda hushållsapparater,,SOH,,
SOH.PH.ZZ,Färdighetsträning i att använda hushållsapparater,,SOH,,
SOH.PN.ZZ,Råd eller information om att använda hushållsapparater,,SOH,,
SOH.RA.ZZ,Kompensatoriskt stöd för att använda hushållsapparater,,SOH,,
SOH.RB.ZZ,Praktiskt stöd i att använda hushållsapparater,,SOH,,
SOH.RC.ZZ,Emotionellt stöd i att använda hushållsapparater,,SOH,,
SOH.SZ.ZZ,Stöd i att använda hushållsapparater,,SOH,,
SOJ,Att förvara förnödenheter för det dagliga livet,,SN-SP,,
SOJ.AA.ZZ,Bedömning av att förvara förnödenheter för det dagliga livet,,SOJ,,
SOJ.AM.ZZ,Observation av att förvara förnödenheter för det dagliga livet,,SOJ,,
SOJ.AS.ZZ,Utredande samtal om att förvara förnödenheter för det dagliga livet,,SOJ,,
SOJ.AT.ZZ,"Inhämtning av uppgifter, från professionell, om att förvara förnödenheter för det dagliga livet",,SOJ,,
SOJ.AU.ZZ,"Inhämtning av uppgifter, från annan, om att förvara förnödenheter för det dagliga livet",,SOJ,,
SOJ.AV.ZZ,Uppföljande samtal om att förvara förnödenheter för det dagliga livet,,SOJ,,
SOJ.PH.ZZ,Färdighetsträning i att förvara förnödenheter för det dagliga livet,,SOJ,,
SOJ.PN.ZZ,Råd eller information om att förvara förnödenheter för det dagliga livet,,SOJ,,
SOJ.RA.ZZ,Kompensatoriskt stöd för att förvara förnödenheter för det dagliga livet,,SOJ,,
SOJ.RB.ZZ,Praktiskt stöd i att förvara förnödenheter för det dagliga livet,,SOJ,,
SOJ.RC.ZZ,Emotionellt stöd i att förvara förnödenheter för det dagliga livet,,SOJ,,
SOJ.SZ.ZZ,Stöd i att förvara förnödenheter för det dagliga livet,,SOJ,,
SOK,Att avlägsna avfall,,SN-SP,,
SOK.AA.ZZ,Bedömning av att avlägsna avfall,,SOK,,
SOK.AM.ZZ,Observation av att avlägsna avfall,,SOK,,
SOK.AS.ZZ,Utredande samtal om att avlägsna avfall,,SOK,,
SOK.AT.ZZ,"Inhämtning av uppgifter, från professionell, om att avlägsna avfall",,SOK,,
SOK.AU.ZZ,"Inhämtning av uppgifter, från annan, om att avlägsna avfall",,SOK,,
SOK.AV.ZZ,Uppföljande samtal om att avlägsna avfall,,SOK,,
SOK.PH.ZZ,Färdighetsträning i att avlägsna avfall,,SOK,,
SOK.PN.ZZ,Råd eller information om att avlägsna avfall,,SOK,,
SOK.RA.ZZ,Kompensatoriskt stöd för att avlägsna avfall,,SOK,,
SOK.RB.ZZ,Praktiskt stöd i att avlägsna avfall,,SOK,,
SOK.RC.ZZ,Emotionellt stöd i att avlägsna avfall,,SOK,,
SOK.SZ.ZZ,Stöd i att avlägsna avfall,,SOK,,
SOL,Att tvätta och torka kläder och textilier med hushållsapparater,,SN-SP,,
SOL.AA.ZZ,Bedömning av att tvätta och torka kläder och textilier med hushållsapparater,,SOL,,
SOL.AM.ZZ,Observation av att tvätta och torka kläder och textilier med hushållsapparater,,SOL,,
SOL.AS.ZZ,Utredande samtal om att tvätta och torka kläder och textilier med hushållsapparater,,SOL,,
SOL.AT.ZZ,"Inhämtning av uppgifter, från professionell, om att tvätta och torka kläder och textilier med hushållsapparater",,SOL,,
SOL.AU.ZZ,"Inhämtning av uppgifter, från annan, om att tvätta och torka kläder och textilier med hushållsapparater",,SOL,,
SOL.AV.ZZ,Uppföljande samtal om att tvätta och torka kläder och textilier med hushållsapparater,,SOL,,
SOL.PH.ZZ,Färdighetsträning i att tvätta och torka kläder och textilier med hushållsapparater,,SOL,,
SOL.PN.ZZ,Råd eller information om att tvätta och torka kläder och textilier med hushållsapparater,,SOL,,
SOL.RA.ZZ,Kompensatoriskt stöd för att tvätta och torka kläder och textilier med hushållsapparater,,SOL,,
SOL.RB.ZZ,Praktiskt stöd i att tvätta och torka kläder och textilier med hushållsapparater,,SOL,,
SOL.RC.ZZ,Emotionellt stöd i att tvätta och torka kläder och textilier med hushållsapparater,,SOL,,
SOL.SZ.ZZ,Stöd i att tvätta och torka kläder och textilier med hushållsapparater,,SOL,,
SOM,Att göra i ordning sovplatser,,SN-SP,,
SOM.AA.ZZ,Bedömning av att göra i ordning sovplatser,,SOM,,
SOM.AM.ZZ,Observation av att göra i ordning sovplatser,,SOM,,
SOM.AS.ZZ,Utredande samtal om att göra i ordning sovplatser,,SOM,,
SOM.AT.ZZ,"Inhämtning av uppgifter, från professionell, om att göra i ordning sovplatser",,SOM,,
SOM.AU.ZZ,"Inhämtning av uppgifter, från annan, om att göra i ordning sovplatser",,SOM,,
SOM.AV.ZZ,Uppföljande samtal om att göra i ordning sovplatser,,SOM,,
SOM.PH.ZZ,Färdighetsträning i att göra i ordning sovplatser,,SOM,,
SOM.PN.ZZ,Råd eller information om att göra i ordning sovplatser,,SOM,,
SOM.RA.ZZ,Kompensatoriskt stöd för att göra i ordning sovplatser,,SOM,,
SOM.RB.ZZ,Praktiskt stöd i att göra i ordning sovplatser,,SOM,,
SOM.RC.ZZ,Emotionellt stöd i att göra i ordning sovplatser,,SOM,,
SOM.SZ.ZZ,Stöd i att göra i ordning sovplatser,,SOM,,
SP2,Att ta hand om hushållsföremål och att bistå andra,,SN-SP,,
SP2.AA.ZZ,Bedömning av att ta hand om hushållsföremål och att bistå andra,,SP2,,
SP2.AM.ZZ,Observation av att ta hand om hushållsföremål och att bistå andra,,SP2,,
SP2.AS.ZZ,Utredande samtal om att ta hand om hushållsföremål och att bistå andra,,SP2,,
SP2.AT.ZZ,"Inhämtning av uppgifter, från professionell, om att ta hand om hushållsföremål och att bistå andra",,SP2,,
SP2.AU.ZZ,"Inhämtning av uppgifter, från annan, om att ta hand om hushållsföremål och att bistå andra",,SP2,,
SP2.AV.ZZ,Uppföljande samtal om att ta hand om hushållsföremål och att bistå andra,,SP2,,
SP2.PH.ZZ,Färdighetsträning i att ta hand om hushållsföremål och att bistå andra,,SP2,,
SP2.PN.ZZ,Råd eller information om att ta hand om hushållsföremål och att bistå andra,,SP2,,
SP2.PU.ZZ,Stödjande samtal om att ta hand om hushållsföremål och att bistå andra,,SP2,,
SP2.RA.ZZ,Kompensatoriskt stöd för att ta hand om hushållsföremål och att bistå andra,,SP2,,
SP2.RB.ZZ,Praktiskt stöd i att ta hand om hushållsföremål och att bistå andra,,SP2,,
SP2.RC.ZZ,Emotionellt stöd i att ta hand om hushållsföremål och att bistå andra,,SP2,,
SP2.SZ.ZZ,Stöd i att ta hand om hushållsföremål och att bistå andra,,SP2,,
SPA,Att ta hand om hemmets föremål,,SN-SP,,
SPA.AA.ZZ,Bedömning av att ta hand om hemmets föremål,,SPA,,
SPA.AM.ZZ,Observation av att ta hand om hemmets föremål,,SPA,,
SPA.AS.ZZ,Utredande samtal om att ta hand om hemmets föremål,,SPA,,
SPA.AT.ZZ,"Inhämtning av uppgifter, från professionell, om att ta hand om hemmets föremål",,SPA,,
SPA.AU.ZZ,"Inhämtning av uppgifter, från annan, om att ta hand om hemmets föremål",,SPA,,
SPA.AV.ZZ,Uppföljande samtal om att ta hand om hemmets föremål,,SPA,,
SPA.PH.ZZ,Färdighetsträning i att ta hand om hemmets föremål,,SPA,,
SPA.PN.ZZ,Råd eller information om att ta hand om hemmets föremål,,SPA,,
SPA.PU.ZZ,Stödjande samtal om att ta hand om hemmets föremål,,SPA,,
SPA.RA.ZZ,Kompensatoriskt stöd för att ta hand om hemmets föremål,,SPA,,
SPA.RB.ZZ,Praktiskt stöd i att ta hand om hemmets föremål,,SPA,,
SPA.RC.ZZ,Emotionellt stöd i att ta hand om hemmets föremål,,SPA,,
SPA.SZ.ZZ,Stöd i att ta hand om hemmets föremål,,SPA,,
SPD,Att bistå andra,,SN-SP,,
SPD.AA.ZZ,Bedömning av att bistå andra,,SPD,,
SPD.AM.ZZ,Observation av att bistå andra,,SPD,,
SPD.AS.ZZ,Utredande samtal om att bistå andra,,SPD,,
SPD.AT.ZZ,"Inhämtning av uppgifter, från professionell, om att bistå andra",,SPD,,
SPD.AU.ZZ,"Inhämtning av uppgifter, från annan, om att bistå andra",,SPD,,
SPD.AV.ZZ,Uppföljande samtal om att bistå andra,,SPD,,
SPD.PH.ZZ,Färdighetsträning i att bistå andra,,SPD,,
SPD.PN.ZZ,Råd eller information om att bistå andra,,SPD,,
SPD.PU.ZZ,Stödjande samtal om att bistå andra,,SPD,,
SPD.RB.ZZ,Praktiskt stöd i att bistå andra,,SPD,,
SPD.RC.ZZ,Emotionellt stöd i att bistå andra,,SPD,,
SPD.SZ.ZZ,Stöd i att bistå andra,,SPD,,
SPE,Att som vårdnadshavare bistå barnet,,SN-SP,,
SPE.AA.ZZ,Bedömning av att som vårdnadshavare bistå barnet,,SPE,,
SPE.AM.ZZ,Observation av att som vårdnadshavare bistå barnet,,SPE,,
SPE.AS.ZZ,Utredande samtal om att som vårdnadshavare bistå barnet,,SPE,,
SPE.AT.ZZ,"Inhämtning av uppgifter, från professionell, om att som vårdnadshavare bistå barnet",,SPE,,
SPE.AU.ZZ,"Inhämtning av uppgifter, från annan, om att som vårdnadshavare bistå barnet",,SPE,,
SPE.AV.ZZ,Uppföljande samtal om att som vårdnadshavare bistå barnet,,SPE,,
SPE.PH.ZZ,Färdighetsträning i att som vårdnadshavare bistå barnet,,SPE,,
SPE.PN.ZZ,Råd eller information om att som vårdnadshavare bistå barnet,,SPE,,
SPE.PU.ZZ,Stödjande samtal om att som vårdnadshavare bistå barnet,,SPE,,
SPE.RB.ZZ,Praktiskt stöd i att som vårdnadshavare bistå barnet,,SPE,,
SPE.RC.ZZ,Emotionellt stöd i att som vårdnadshavare bistå barnet,,SPE,,
SPE.SZ.ZZ,Stöd till vårdnadshavare att bistå barnet,,SPE,,
SPG,Att som anhörig bistå närstående,,SN-SP,,
SPG.AA.ZZ,Bedömning av att som anhörig bistå närstående,,SPG,,
SPG.AS.ZZ,Utredande samtal om att som anhörig bistå närstående,,SPG,,
SPG.AT.ZZ,"Inhämtning av uppgifter, från professionell, om att som anhörig bistå närstående",,SPG,,
SPG.AU.ZZ,"Inhämtning av uppgifter, från annan, om att som anhörig bistå närstående",,SPG,,
SPG.AV.ZZ,Uppföljande samtal om att som anhörig bistå närstående,,SPG,,
SPG.PN.ZZ,Råd eller information om att som anhörig bistå närstående,,SPG,,
SPG.PU.ZZ,Stödjande samtal om att som anhörig bistå närstående,,SPG,,
SPG.RB.ZZ,Praktiskt stöd i att som anhörig bistå närstående,,SPG,,
SPG.RC.ZZ,Emotionellt stöd i att som anhörig bistå närstående,,SPG,,
SPG.SZ.ZZ,Stöd till anhörig att bistå närstående,,SPG,,
SR-SS,Aktiviteter gällande mellanmänskliga interaktioner och relationer,,,,
SR1,Mellanmänskliga interaktioner och relationer,,SR-SS,,
SR1.AA.ZZ,Bedömning av mellanmänskliga interaktioner och relationer,,SR1,,
SR1.AC.ZZ,Manualbaserat test eller samtal om mellanmänskliga interaktioner och relationer,,SR1,,
SR1.AM.ZZ,Observation av mellanmänskliga interaktioner och relationer,,SR1,,
SR1.AS.ZZ,Utredande samtal om mellanmänskliga interaktioner och relationer,,SR1,,
SR1.AT.ZZ,"Inhämtning av uppgifter, från professionell, om mellanmänskliga interaktioner och relationer",,SR1,,
SR1.AU.ZZ,"Inhämtning av uppgifter, från annan, om mellanmänskliga interaktioner och relationer",,SR1,,
SR1.AV.ZZ,Uppföljande samtal om mellanmänskliga interaktioner och relationer,,SR1,,
SR1.AX.ZZ,Annan specificerad utredande eller uppföljande aktivitet om mellanmänskliga interaktioner och relationer,,SR1,,
SR1.AZ.ZZ,"Utredande eller uppföljande aktivitet om mellanmänskliga interaktioner och relationer, ospecificerad",,SR1,,
SR1.PH.ZZ,Färdighetsträning i mellanmänskliga interaktioner och relationer,,SR1,,
SR1.PN.ZZ,Råd eller information om mellanmänskliga interaktioner och relationer,,SR1,,
SR1.PU.ZZ,Stödjande samtal om mellanmänskliga interaktioner och relationer,,SR1,,
SR1.PV.ZZ,Behandlande samtal om mellanmänskliga interaktioner och relationer,,SR1,,
SR1.RB.ZZ,Praktiskt stöd i mellanmänskliga interaktioner och relationer,,SR1,,
SR1.RC.ZZ,Emotionellt stöd i mellanmänskliga interaktioner och relationer,,SR1,,
SR1.SX.ZZ,Annan specificerad individstödjande aktivitet inom mellanmänskliga interaktioner och relationer,,SR1,,
SR1.SZ.ZZ,Stöd inom mellanmänskliga interaktioner och relationer,,SR1,,
SR2,Allmänna mellanmänskliga interaktioner,,SR-SS,,
SR2.AA.ZZ,Bedömning av allmänna mellanmänskliga interaktioner,,SR2,,
SR2.AM.ZZ,Observation av allmänna mellanmänskliga interaktioner,,SR2,,
SR2.AS.ZZ,Utredande samtal om allmänna mellanmänskliga interaktioner,,SR2,,
SR2.AT.ZZ,"Inhämtning av uppgifter, från professionell, om allmänna mellanmänskliga interaktioner",,SR2,,
SR2.AU.ZZ,"Inhämtning av uppgifter, från annan, om allmänna mellanmänskliga interaktioner",,SR2,,
SR2.AV.ZZ,Uppföljande samtal om allmänna mellanmänskliga interaktioner,,SR2,,
SR2.PH.ZZ,Färdighetsträning i allmänna mellanmänskliga interaktioner,,SR2,,
SR2.PN.ZZ,Råd eller information om allmänna mellanmänskliga interaktioner,,SR2,,
SR2.PU.ZZ,Stödjande samtal om allmänna mellanmänskliga interaktioner,,SR2,,
SR2.PV.ZZ,Behandlande samtal om allmänna mellanmänskliga interaktioner,,SR2,,
SR2.RB.ZZ,Praktiskt stöd i allmänna mellanmänskliga interaktioner,,SR2,,
SR2.RC.ZZ,Emotionellt stöd i allmänna mellanmänskliga interaktioner,,SR2,,
SR2.SZ.ZZ,Stöd i allmänna mellanmänskliga interaktioner,,SR2,,
SRC,Grundläggande mellanmänskliga interaktioner,,SR-SS,,
SRC.AA.ZZ,Bedömning av grundläggande mellanmänskliga interaktioner,,SRC,,
SRC.AM.ZZ,Observation av grundläggande mellanmänskliga interaktioner,,SRC,,
SRC.AS.ZZ,Utredande samtal om grundläggande mellanmänskliga interaktioner,,SRC,,
SRC.AT.ZZ,"Inhämtning av uppgifter, från professionell, om grundläggande mellanmänskliga interaktioner",,SRC,,
SRC.AU.ZZ,"Inhämtning av uppgifter, från annan, om grundläggande mellanmänskliga interaktioner",,SRC,,
SRC.AV.ZZ,Uppföljande samtal om grundläggande mellanmänskliga interaktioner,,SRC,,
SRC.PH.ZZ,Färdighetsträning i grundläggande mellanmänskliga interaktioner,,SRC,,
SRC.PN.ZZ,Råd eller information om grundläggande mellanmänskliga interaktioner,,SRC,,
SRC.PU.ZZ,Stödjande samtal om grundläggande mellanmänskliga interaktioner,,SRC,,
SRC.PV.ZZ,Behandlande samtal om grundläggande mellanmänskliga interaktioner,,SRC,,
SRC.RB.ZZ,Praktiskt stöd i grundläggande mellanmänskliga interaktioner,,SRC,,
SRC.RC.ZZ,Emotionellt stöd i grundläggande mellanmänskliga interaktioner,,SRC,,
SRC.SZ.ZZ,Stöd i grundläggande mellanmänskliga interaktioner,,SRC,,
SRD,Sammansatta mellanmänskliga interaktioner,,SR-SS,,
SRD.AA.ZZ,Bedömning av sammansatta mellanmänskliga interaktioner,,SRD,,
SRD.AM.ZZ,Observation av sammansatta mellanmänskliga interaktioner,,SRD,,
SRD.AS.ZZ,Utredande samtal om sammansatta mellanmänskliga interaktioner,,SRD,,
SRD.AT.ZZ,"Inhämtning av uppgifter, från professionell, om sammansatta mellanmänskliga interaktioner",,SRD,,
SRD.AU.ZZ,"Inhämtning av uppgifter, från annan, om sammansatta mellanmänskliga interaktioner",,SRD,,
SRD.AV.ZZ,Uppföljande samtal om sammansatta mellanmänskliga interaktioner,,SRD,,
SRD.PH.ZZ,Färdighetsträning i sammansatta mellanmänskliga interaktioner,,SRD,,
SRD.PN.ZZ,Råd eller information om sammansatta mellanmänskliga interaktioner,,SRD,,
SRD.PU.ZZ,Stödjande samtal om sammansatta mellanmänskliga interaktioner,,SRD,,
SRD.PV.ZZ,Behandlande samtal om sammansatta mellanmänskliga interaktioner,,SRD,,
SRD.RB.ZZ,Praktiskt stöd i sammansatta mellanmänskliga interaktioner,,SRD,,
SRD.RC.ZZ,Emotionellt stöd i sammansatta mellanmänskliga interaktioner,,SRD,,
SRD.SZ.ZZ,Stöd i sammansatta mellanmänskliga interaktioner,,SRD,,
SS2,Särskilda mellanmänskliga relationer,,SR-SS,,
SS2.AA.ZZ,Bedömning av särskilda mellanmänskliga relationer,,SS2,,
SS2.AM.ZZ,Observation av särskilda mellanmänskliga relationer,,SS2,,
SS2.AS.ZZ,Utredande samtal om särskilda mellanmänskliga relationer,,SS2,,
SS2.AT.ZZ,"Inhämtning av uppgifter, från professionell, om särskilda mellanmänskliga relationer",,SS2,,
SS2.AU.ZZ,"Inhämtning av uppgifter, från annan, om särskilda mellanmänskliga relationer",,SS2,,
SS2.AV.ZZ,Uppföljande samtal om särskilda mellanmänskliga relationer,,SS2,,
SS2.PH.ZZ,Färdighetsträning i särskilda mellanmänskliga relationer,,SS2,,
SS2.PN.ZZ,Råd eller information om särskilda mellanmänskliga relationer,,SS2,,
SS2.PU.ZZ,Stödjande samtal om särskilda mellanmänskliga relationer,,SS2,,
SS2.PV.ZZ,Behandlande samtal om särskilda mellanmänskliga relationer,,SS2,,
SS2.RB.ZZ,Praktiskt stöd i särskilda mellanmänskliga relationer,,SS2,,
SS2.RC.ZZ,Emotionellt stöd i särskilda mellanmänskliga relationer,,SS2,,
SS2.SZ.ZZ,Stöd i särskilda mellanmänskliga relationer,,SS2,,
SSA,Att ha kontakt med okända personer,,SR-SS,,
SSA.AA.ZZ,Bedömning av att ha kontakt med okända personer,,SSA,,
SSA.AM.ZZ,Observation av att ha kontakt med okända personer,,SSA,,
SSA.AS.ZZ,Utredande samtal om att ha kontakt med okända personer,,SSA,,
SSA.AT.ZZ,"Inhämtning av uppgifter, från professionell, om att ha kontakt med okända personer",,SSA,,
SSA.AU.ZZ,"Inhämtning av uppgifter, från annan, om att ha kontakt med okända personer",,SSA,,
SSA.AV.ZZ,Uppföljande samtal om att ha kontakt med okända personer,,SSA,,
SSA.PH.ZZ,Färdighetsträning i att ha kontakt med okända personer,,SSA,,
SSA.PN.ZZ,Råd eller information om att ha kontakt med okända personer,,SSA,,
SSA.PU.ZZ,Stödjande samtal om att ha kontakt med okända personer,,SSA,,
SSA.PV.ZZ,Behandlande samtal om att ha kontakt med okända personer,,SSA,,
SSA.RB.ZZ,Praktiskt stöd i att ha kontakt med okända personer,,SSA,,
SSA.RC.ZZ,Emotionellt stöd i att ha kontakt med okända personer,,SSA,,
SSA.SZ.ZZ,Stöd i att ha kontakt med okända personer,,SSA,,
SSD,Formella relationer,,SR-SS,,
SSD.AA.ZZ,Bedömning av formella relationer,,SSD,,
SSD.AM.ZZ,Observation av formella relationer,,SSD,,
SSD.AS.ZZ,Utredande samtal om formella relationer,,SSD,,
SSD.AT.ZZ,"Inhämtning av uppgifter, från professionell, om formella relationer",,SSD,,
SSD.AU.ZZ,"Inhämtning av uppgifter, från annan, om formella relationer",,SSD,,
SSD.AV.ZZ,Uppföljande samtal om formella relationer,,SSD,,
SSD.PH.ZZ,Färdighetsträning i formella relationer,,SSD,,
SSD.PN.ZZ,Råd eller information om formella relationer,,SSD,,
SSD.PU.ZZ,Stödjande samtal om formella relationer,,SSD,,
SSD.PV.ZZ,Behandlande samtal om formella relationer,,SSD,,
SSD.RB.ZZ,Praktiskt stöd i formella relationer,,SSD,,
SSD.RC.ZZ,Emotionellt stöd i formella relationer,,SSD,,
SSD.SZ.ZZ,Stöd i formella relationer,,SSD,,
SSG,Informella sociala relationer,,SR-SS,,
SSG.AA.ZZ,Bedömning av informella sociala relationer,,SSG,,
SSG.AM.ZZ,Observation av informella sociala relationer,,SSG,,
SSG.AS.ZZ,Utredande samtal om informella sociala relationer,,SSG,,
SSG.AT.ZZ,"Inhämtning av uppgifter, från professionell, om informella sociala relationer",,SSG,,
SSG.AU.ZZ,"Inhämtning av uppgifter, från annan, om informella sociala relationer",,SSG,,
SSG.AV.ZZ,Uppföljande samtal om informella sociala relationer,,SSG,,
SSG.PH.ZZ,Färdighetsträning i informella sociala relationer,,SSG,,
SSG.PN.ZZ,Råd eller information om informella sociala relationer,,SSG,,
SSG.PU.ZZ,Stödjande samtal om informella sociala relationer,,SSG,,
SSG.PV.ZZ,Behandlande samtal om informella sociala relationer,,SSG,,
SSG.RB.ZZ,Praktiskt stöd i informella sociala relationer,,SSG,,
SSG.RC.ZZ,Emotionellt stöd i informella sociala relationer,,SSG,,
SSG.SZ.ZZ,Stöd i informella sociala relationer,,SSG,,
SSJ,Familjerelationer,,SR-SS,,
SSJ.AA.ZZ,Bedömning av familjerelationer,,SSJ,,
SSJ.AM.ZZ,Observation av familjerelationer,,SSJ,,
SSJ.AS.ZZ,Utredande samtal om familjerelationer,,SSJ,,
SSJ.AT.ZZ,"Inhämtning av uppgifter, från professionell, om familjerelationer",,SSJ,,
SSJ.AU.ZZ,"Inhämtning av uppgifter, från annan, om familjerelationer",,SSJ,,
SSJ.AV.ZZ,Uppföljande samtal om familjerelationer,,SSJ,,
SSJ.PH.ZZ,Färdighetsträning i familjerelationer,,SSJ,,
SSJ.PN.ZZ,Råd eller information om familjerelationer,,SSJ,,
SSJ.PU.ZZ,Stödjande samtal om familjerelationer,,SSJ,,
SSJ.PV.ZZ,Behandlande samtal om familjerelationer,,SSJ,,
SSJ.RB.ZZ,Praktiskt stöd i familjerelationer,,SSJ,,
SSJ.RC.ZZ,Emotionellt stöd i familjerelationer,,SSJ,,
SSJ.SZ.ZZ,Stöd i familjerelationer,,SSJ,,
SSK,Förälder-barn relation,,SR-SS,,
SSK.AA.ZZ,Bedömning av förälder-barnrelation,,SSK,,
SSK.AM.ZZ,Observation av förälder-barnrelation,,SSK,,
SSK.AS.ZZ,Utredande samtal om förälder-barnrelation,,SSK,,
SSK.AT.ZZ,"Inhämtning av uppgifter, från professionell, om förälder-barnrelation",,SSK,,
SSK.AU.ZZ,"Inhämtning av uppgifter, från annan, om förälder-barnrelation",,SSK,,
SSK.AV.ZZ,Uppföljande samtal om förälder-barnrelation,,SSK,,
SSK.PH.ZZ,Färdighetsträning i förälder-barnrelation,,SSK,,
SSK.PN.ZZ,Råd eller information om förälder-barnrelation,,SSK,,
SSK.PU.ZZ,Stödjande samtal om förälder-barnrelation,,SSK,,
SSK.PV.ZZ,Behandlande samtal om förälder-barnrelation,,SSK,,
SSK.RB.ZZ,Praktiskt stöd i förälder-barnrelation,,SSK,,
SSK.RC.ZZ,Emotionellt stöd i förälder-barnrelation,,SSK,,
SSK.SZ.ZZ,Stöd i förälder-barnrelation,,SSK,,
SSM,Parrelationer,,SR-SS,,
SSM.AA.ZZ,Bedömning av parrelationer,,SSM,,
SSM.AS.ZZ,Utredande samtal om parrelationer,,SSM,,
SSM.AV.ZZ,Uppföljande samtal om parrelationer,,SSM,,
SSM.PH.ZZ,Färdighetsträning i parrelationer,,SSM,,
SSM.PN.ZZ,Råd eller information om parrelationer,,SSM,,
SSM.PU.ZZ,Stödjande samtal om parrelationer,,SSM,,
SSM.PV.ZZ,Behandlande samtal om parrelationer,,SSM,,
SSM.RB.ZZ,Praktiskt stöd i parrelationer,,SSM,,
SSM.RC.ZZ,Emotionellt stöd i parrelationer,,SSM,,
SSM.SZ.ZZ,Stöd i parrelationer,,SSM,,
ST-SV,"Aktiviteter gällande utbildning, arbete och sysselsättning samt ekonomiskt liv",,,,
ST1,"Utbildning, arbete och sysselsättning, ekonomiskt liv (k)",,ST-SV,,
ST1.AA.ZZ,"Bedömning av utbildning, arbete och sysselsättning, ekonomiskt liv",,ST1,,
ST1.AC.ZZ,"Manualbaserat test eller samtal om utbildning, arbete och sysselsättning, ekonomiskt liv",,ST1,,
ST1.AM.ZZ,"Observation av utbildning, arbete och sysselsättning, ekonomiskt liv",,ST1,,
ST1.AS.ZZ,"Utredande samtal om utbildning, arbete och sysselsättning, ekonomiskt liv",,ST1,,
ST1.AT.ZZ,"Inhämtning av uppgifter, från professionell, om utbildning, arbete och sysselsättning, ekonomiskt liv",,ST1,,
ST1.AU.ZZ,"Inhämtning av uppgifter, från annan, om utbildning, arbete och sysselsättning, ekonomiskt liv",,ST1,,
ST1.AV.ZZ,"Uppföljande samtal om utbildning, arbete och sysselsättning, ekonomiskt liv",,ST1,,
ST1.AX.ZZ,"Annan specificerad utredande eller uppföljande aktivitet om utbildning, arbete och sysselsättning, ekonomiskt liv",,ST1,,
ST1.AZ.ZZ,"Utredande eller uppföljande aktivitet om utbildning, arbete och sysselsättning, ekonomiskt liv, ospecificerad",,ST1,,
ST1.PH.ZZ,"Färdighetsträning inom utbildning, arbete och sysselsättning, ekonomiskt liv",,ST1,,
ST1.PN.ZZ,"Råd eller information om utbildning, arbete och sysselsättning, ekonomiskt liv",,ST1,,
ST1.PU.ZZ,"Stödjande samtal om utbildning, arbete och sysselsättning, ekonomiskt liv",,ST1,,
ST1.RB.ZZ,"Praktiskt stöd i utbildning, arbete och sysselsättning, ekonomiskt liv",,ST1,,
ST1.RC.ZZ,"Emotionellt stöd i utbildning, arbete och sysselsättning, ekonomiskt liv",,ST1,,
ST1.SZ.ZZ,"Stöd i utbildning, arbete och sysselsättning, ekonomiskt liv",,ST1,,
ST2,Utbildning,,ST-SV,,
ST2.AA.ZZ,Bedömning av utbildning,,ST2,,
ST2.AC.ZZ,Manualbaserat test eller samtal om utbildning,,ST2,,
ST2.AM.ZZ,Observation av utbildning,,ST2,,
ST2.AS.ZZ,Utredande samtal om utbildning,,ST2,,
ST2.AT.ZZ,"Inhämtning av uppgifter, från professionell, om utbildning",,ST2,,
ST2.AU.ZZ,"Inhämtning av uppgifter, från annan, om utbildning",,ST2,,
ST2.AV.ZZ,Uppföljande samtal om utbildning,,ST2,,
ST2.PH.ZZ,Färdighetsträning i utbildning,,ST2,,
ST2.PN.ZZ,Råd eller information om utbildning,,ST2,,
ST2.PU.ZZ,Stödjande samtal om utbildning,,ST2,,
ST2.RB.ZZ,Praktiskt stöd i utbildning,,ST2,,
ST2.RC.ZZ,Emotionellt stöd i utbildning,,ST2,,
ST2.SZ.ZZ,Stöd i utbildning,,ST2,,
SU2,Arbete och sysselsättning,,ST-SV,,
SU2.AA.ZZ,Bedömning av arbete och sysselsättning,,SU2,,
SU2.AC.ZZ,Manualbaserat test eller samtal om arbete och sysselsättning,,SU2,,
SU2.AM.ZZ,Observation av arbete och sysselsättning,,SU2,,
SU2.AS.ZZ,Utredande samtal om arbete och sysselsättning,,SU2,,
SU2.AT.ZZ,"Inhämtning av uppgifter, från professionell, om arbete och sysselsättning",,SU2,,
SU2.AU.ZZ,"Inhämtning av uppgifter, från annan, om arbete och sysselsättning",,SU2,,
SU2.AV.ZZ,Uppföljande samtal om arbete och sysselsättning,,SU2,,
SU2.PH.ZZ,Färdighetsträning i arbete och sysselsättning,,SU2,,
SU2.PN.ZZ,Råd eller information om arbete och sysselsättning,,SU2,,
SU2.PU.ZZ,Stödjande samtal om arbete och sysselsättning,,SU2,,
SU2.RB.ZZ,Praktiskt stöd i arbete och sysselsättning,,SU2,,
SU2.RC.ZZ,Emotionellt stöd i arbete och sysselsättning,,SU2,,
SU2.SZ.ZZ,Stöd i arbete och sysselsättning,,SU2,,
SUD,"Att skaffa, behålla och sluta ett arbete",,ST-SV,,
SUD.AA.ZZ,"Bedömning av att skaffa, behålla och sluta ett arbete",,SUD,,
SUD.AC.ZZ,"Manualbaserat test eller samtal om att skaffa, behålla och sluta ett arbete",,SUD,,
SUD.AM.ZZ,"Observation av att skaffa, behålla och sluta ett arbete",,SUD,,
SUD.AS.ZZ,"Utredande samtal om att skaffa, behålla och sluta ett arbete",,SUD,,
SUD.AT.ZZ,"Inhämtning av uppgifter, från professionell, om att skaffa, behålla och sluta ett arbete",,SUD,,
SUD.AU.ZZ,"Inhämtning av uppgifter, från annan, om att skaffa, behålla och sluta ett arbete",,SUD,,
SUD.AV.ZZ,"Uppföljande samtal om att skaffa, behålla och sluta ett arbete",,SUD,,
SUD.PH.ZZ,"Färdighetsträning i att skaffa, behålla och sluta ett arbete",,SUD,,
SUD.PN.ZZ,"Råd eller information om att skaffa, behålla och sluta ett arbete",,SUD,,
SUD.PU.ZZ,"Stödjande samtal om att skaffa, behålla och sluta ett arbete",,SUD,,
SUD.RB.ZZ,"Praktiskt stöd i att skaffa, behålla och sluta ett arbete",,SUD,,
SUD.RC.ZZ,"Emotionellt stöd i att skaffa, behålla och sluta ett arbete",,SUD,,
SUD.SZ.ZZ,"Stöd i att skaffa, behålla och sluta ett arbete",,SUD,,
SV2,Ekonomiskt liv,,ST-SV,,
SV2.AA.ZZ,Bedömning av ekonomiskt liv,,SV2,,
SV2.AC.ZZ,Manualbaserat test eller samtal om ekonomiskt liv,,SV2,,
SV2.AM.ZZ,Observation av ekonomiskt liv,,SV2,,
SV2.AS.ZZ,Utredande samtal om ekonomiskt liv,,SV2,,
SV2.AT.ZZ,"Inhämtning av uppgifter, från professionell, om ekonomiskt liv",,SV2,,
SV2.AU.ZZ,"Inhämtning av uppgifter, från annan, om ekonomiskt liv",,SV2,,
SV2.AV.ZZ,Uppföljande samtal om ekonomiskt liv,,SV2,,
SV2.PH.ZZ,Färdighetsträning inom ekonomiskt liv,,SV2,,
SV2.PN.ZZ,Råd eller information om ekonomiskt liv,,SV2,,
SV2.PU.ZZ,Stödjande samtal om ekonomiskt liv,,SV2,,
SV2.RA.ZZ,Kompensatoriskt stöd inom ekonomiskt liv,,SV2,,
SV2.RB.ZZ,Praktiskt stöd i ekonomiskt liv,,SV2,,
SV2.RC.ZZ,Emotionellt stöd i ekonomiskt liv,,SV2,,
SV2.SZ.ZZ,Stöd i ekonomiskt liv,,SV2,,
SVA,Grundläggande ekonomiska transaktioner,,ST-SV,,
SVA.AA.ZZ,Bedömning av grundläggande ekonomiska transaktioner,,SVA,,
SVA.AC.ZZ,Manualbaserat test eller samtal om grundläggande ekonomiska transaktioner,,SVA,,
SVA.AM.ZZ,Observation av grundläggande ekonomiska transaktioner,,SVA,,
SVA.AS.ZZ,Utredande samtal om grundläggande ekonomiska transaktioner,,SVA,,
SVA.AT.ZZ,"Inhämtning av uppgifter, från professionell, om grundläggande ekonomiska transaktioner",,SVA,,
SVA.AU.ZZ,"Inhämtning av uppgifter, från annan, om grundläggande ekonomiska transaktioner",,SVA,,
SVA.AV.ZZ,Uppföljande samtal om grundläggande ekonomiska transaktioner,,SVA,,
SVA.PH.ZZ,Färdighetsträning inom grundläggande ekonomiska transaktioner,,SVA,,
SVA.PN.ZZ,Råd eller information om grundläggande ekonomiska transaktioner,,SVA,,
SVA.PU.ZZ,Stödjande samtal om grundläggande ekonomiska transaktioner,,SVA,,
SVA.RA.ZZ,Kompensatoriskt stöd inom grundläggande ekonomiska transaktioner,,SVA,,
SVA.RB.ZZ,Praktiskt stöd i grundläggande ekonomiska transaktioner,,SVA,,
SVA.RC.ZZ,Emotionellt stöd i grundläggande ekonomiska transaktioner,,SVA,,
SVA.SZ.ZZ,Stöd i grundläggande ekonomiska transaktioner,,SVA,,
SVD,Komplexa ekonomiska transaktioner,,ST-SV,,
SVD.AA.ZZ,Bedömning av komplexa ekonomiska transaktioner,,SVD,,
SVD.AC.ZZ,Manualbaserat test eller samtal om komplexa ekonomiska transaktioner,,SVD,,
SVD.AM.ZZ,Observation av komplexa ekonomiska transaktioner,,SVD,,
SVD.AS.ZZ,Utredande samtal om komplexa ekonomiska transaktioner,,SVD,,
SVD.AT.ZZ,"Inhämtning av uppgifter, från professionell, om komplexa ekonomiska transaktioner",,SVD,,
SVD.AU.ZZ,"Inhämtning av uppgifter, från annan, om komplexa ekonomiska transaktioner",,SVD,,
SVD.AV.ZZ,Uppföljande samtal om komplexa ekonomiska transaktioner,,SVD,,
SVD.PH.ZZ,Färdighetsträning inom komplexa ekonomiska transaktioner,,SVD,,
SVD.PN.ZZ,Råd eller information om komplexa ekonomiska transaktioner,,SVD,,
SVD.PU.ZZ,Stödjande samtal om komplexa ekonomiska transaktioner,,SVD,,
SVD.RA.ZZ,Kompensatoriskt stöd inom komplexa ekonomiska transaktioner,,SVD,,
SVD.RB.ZZ,Praktiskt stöd i komplexa ekonomiska transaktioner,,SVD,,
SVD.RC.ZZ,Emotionellt stöd i komplexa ekonomiska transaktioner,,SVD,,
SVD.SZ.ZZ,Stöd i komplexa ekonomiska transaktioner,,SVD,,
SVG,Ekonomisk självförsörjning,,ST-SV,,
SVG.AA.ZZ,Bedömning av ekonomisk självförsörjning,,SVG,,
SVG.AC.ZZ,Manualbaserat test eller samtal om ekonomisk självförsörjning,,SVG,,
SVG.AM.ZZ,Observation av ekonomisk självförsörjning,,SVG,,
SVG.AS.ZZ,Utredande samtal om ekonomisk självförsörjning,,SVG,,
SVG.AT.ZZ,"Inhämtning av uppgifter, från professionell, om ekonomisk självförsörjning",,SVG,,
SVG.AU.ZZ,"Inhämtning av uppgifter, från annan, om ekonomisk självförsörjning",,SVG,,
SVG.AV.ZZ,Uppföljande samtal om ekonomisk självförsörjning,,SVG,,
SVG.PH.ZZ,Färdighetsträning i ekonomisk självförsörjning,,SVG,,
SVG.PN.ZZ,Råd eller information om ekonomisk självförsörjning,,SVG,,
SVG.PU.ZZ,Stödjande samtal om ekonomisk självförsörjning,,SVG,,
SVG.RB.ZZ,Praktiskt stöd i ekonomisk självförsörjning,,SVG,,
SVG.RC.ZZ,Emotionellt stöd i ekonomisk självförsörjning,,SVG,,
SVG.SZ.ZZ,Stöd i ekonomisk självförsörjning,,SVG,,
SVJ,Engagemang i lek,,ST-SV,,
SVJ.AA.ZZ,Bedömning av engagemang i lek,,SVJ,,
SVJ.AM.ZZ,Observation av engagemang i lek,,SVJ,,
SVJ.AS.ZZ,Utredande samtal om engagemang i lek,,SVJ,,
SVJ.AT.ZZ,"Inhämtning av uppgifter, från professionell, om engagemang i lek",,SVJ,,
SVJ.AU.ZZ,"Inhämtning av uppgifter från annan, om engagemang i lek",,SVJ,,
SVJ.AV.ZZ,Uppföljande samtal om engagemang i lek,,SVJ,,
SVJ.PH.ZZ,Färdighetsträning i engagemang i lek,,SVJ,,
SVJ.RB.ZZ,Praktiskt stöd i engagemang i lek,,SVJ,,
SVJ.RC.ZZ,Emotionellt stöd i engagemang i lek,,SVJ,,
SVJ.SZ.ZZ,Stöd i engagemang i lek,,SVJ,,
SX,"Aktiviteter gällande samhällsgemenskap, socialt och medborgerligt liv",,,,
SX1,"Samhällsgemenskap, socialt och medborgerligt liv",,SX,,
SX1.AA.ZZ,"Bedömning av samhällsgemenskap, socialt och medborgerligt liv",,SX1,,
SX1.AC.ZZ,"Manualbaserat test eller samtal om samhällsgemenskap, socialt och medborgerligt liv",,SX1,,
SX1.AM.ZZ,"Observation av samhällsgemenskap, socialt och medborgerligt liv",,SX1,,
SX1.AS.ZZ,"Utredande samtal om samhällsgemenskap, socialt och medborgerligt liv",,SX1,,
SX1.AT.ZZ,"Inhämtning av uppgifter, från professionell, om samhällsgemenskap, socialt och medborgerligt liv",,SX1,,
SX1.AU.ZZ,"Inhämtning av uppgifter, från annan, om samhällsgemenskap, socialt och medborgerligt liv",,SX1,,
SX1.AV.ZZ,"Uppföljande samtal om samhällsgemenskap, socialt och medborgerligt liv",,SX1,,
SX1.AX.ZZ,"Annan specificerad utredande eller uppföljande aktivitet om samhällsgemenskap, socialt och medborgerligt liv",,SX1,,
SX1.AZ.ZZ,"Utredande eller uppföljande aktivitet om samhällsgemenskap, socialt och medborgerligt liv, ospecificerad",,SX1,,
SX1.PH.ZZ,"Färdighetsträning i samhällsgemenskap, socialt och medborgerligt liv",,SX1,,
SX1.PN.ZZ,"Råd eller information om samhällsgemenskap, socialt och medborgerligt liv",,SX1,,
SX1.PU.ZZ,"Stödjande samtal om samhällsgemenskap, socialt och medborgerligt liv",,SX1,,
SX1.RB.ZZ,"Praktiskt stöd i samhällsgemenskap, socialt och medborgerligt liv",,SX1,,
SX1.RC.ZZ,"Emotionellt stöd i samhällsgemenskap, socialt och medborgerligt liv",,SX1,,
SX1.SX.ZZ,"Annan specificerad individstödjande aktivitet inom samhällsgemenskap, socialt och medborgerligt liv",,SX1,,
SX1.SZ.ZZ,"Stöd inom samhällsgemenskap, socialt och medborgerligt liv",,SX1,,
SXB,Samhällsgemenskap,,SX,,
SXB.AA.ZZ,Bedömning av samhällsgemenskap,,SXB,,
SXB.AS.ZZ,Utredande samtal om samhällsgemenskap,,SXB,,
SXB.AT.ZZ,"Inhämtning av uppgifter, från professionell, om samhällsgemenskap",,SXB,,
SXB.AU.ZZ,"Inhämtning av uppgifter, från annan, om samhällsgemenskap",,SXB,,
SXB.AV.ZZ,Uppföljande samtal om samhällsgemenskap,,SXB,,
SXB.PH.ZZ,Färdighetsträning i samhällsgemenskap,,SXB,,
SXB.PN.ZZ,Råd eller information om samhällsgemenskap,,SXB,,
SXB.PU.ZZ,Stödjande samtal om samhällsgemenskap,,SXB,,
SXB.RB.ZZ,Praktiskt stöd i samhällsgemenskap,,SXB,,
SXB.RC.ZZ,Emotionellt stöd i samhällsgemenskap,,SXB,,
SXB.SZ.ZZ,Stöd i samhällsgemenskap,,SXB,,
SXC,Rekreation och fritid,,SX,,
SXC.AA.ZZ,Bedömning av rekreation och fritid,,SXC,,
SXC.AM.ZZ,Observation av rekreation och fritid,,SXC,,
SXC.AS.ZZ,Utredande samtal om rekreation och fritid,,SXC,,
SXC.AT.ZZ,"Inhämtning av uppgifter, från professionell, om rekreation och fritid",,SXC,,
SXC.AU.ZZ,"Inhämtning av uppgifter, från annan, om rekreation och fritid",,SXC,,
SXC.AV.ZZ,Uppföljande samtal om rekreation och fritid,,SXC,,
SXC.PH.ZZ,Färdighetsträning i rekreation och fritid,,SXC,,
SXC.PN.ZZ,Råd eller information om rekreation och fritid,,SXC,,
SXC.PU.ZZ,Stödjande samtal om rekreation och fritid,,SXC,,
SXC.RB.ZZ,Praktiskt stöd i rekreation och fritid,,SXC,,
SXC.RC.ZZ,Emotionellt stöd i rekreation och fritid,,SXC,,
SXC.SZ.ZZ,Stöd i rekreation och fritid,,SXC,,
SXD,Religiösa och andliga aktiviteter,,SX,,
SXD.AS.ZZ,Utredande samtal om religiösa och andliga aktiviteter,,SXD,,
SXD.AV.ZZ,Uppföljande samtal om religiösa och andliga aktiviteter,,SXD,,
SXD.RB.ZZ,Praktiskt stöd i religiösa och andliga aktiviteter,,SXD,,
SXD.RC.ZZ,Emotionellt stöd i religiösa och andliga aktiviteter,,SXD,,
SXD.SZ.ZZ,Stöd i religiösa och andliga aktiviteter,,SXD,,
SXF,Politiskt liv och medborgarskap,,SX,,
SXF.AS.ZZ,Utredande samtal om politiskt liv och medborgarskap,,SXF,,
SXF.AV.ZZ,Uppföljande samtal om politiskt liv och medborgarskap,,SXF,,
SXF.RB.ZZ,Praktiskt stöd i politiskt liv och medborgarskap,,SXF,,
SXF.RC.ZZ,Emotionellt stöd i politiskt liv och medborgarskap,,SXF,,
SXF.SZ.ZZ,Stöd i politiskt liv och medborgarskap,,SXF,,
TA,Aktiviteter gällande psykiska funktioner,,,,
TA1,Psykiska funktioner,,TA,,
TA1.AA.ZZ,Bedömning av psykiska funktioner,,TA1,,
TA1.AC.ZZ,Manualbaserat test eller samtal om psykiska funktioner,,TA1,,
TA1.AM.ZZ,Observation av psykiska funktioner,,TA1,,
TA1.AS.ZZ,Utredande samtal om psykiska funktioner,,TA1,,
TA1.AT.ZZ,"Inhämtning av uppgifter, från professionell, om psykiska funktioner",,TA1,,
TA1.AU.ZZ,"Inhämtning av uppgifter, från annan, om psykiska funktioner",,TA1,,
TA1.AV.ZZ,Uppföljande samtal om psykiska funktioner,,TA1,,
TA1.AX.ZZ,Annan specificerad utredande eller uppföljande aktivitet om psykiska funktioner,,TA1,,
TA1.AZ.ZZ,"Utredande eller uppföljande aktivitet om psykiska funktioner, ospecificerad",,TA1,,
TA1.PN.ZZ,Råd eller information om psykiska funktioner,,TA1,,
TA1.PU.ZZ,Stödjande samtal om psykiska funktioner,,TA1,,
TA1.PV.ZZ,Behandlande samtal om psykiska funktioner,,TA1,,
TA1.RC.ZZ,Emotionellt stöd för psykiska funktioner,,TA1,,
TA1.SX.ZZ,Annan specificerad individstödjande aktivitet för psykiska funktioner,,TA1,,
TA1.SZ.ZZ,Stöd inom psykiska funktioner,,TA1,,
TAG,Självförtroende,,TA,,
TAG.PU.ZZ,Stödjande samtal om självförtroende,,TAG,,
TAG.PV.ZZ,Behandlande samtal om självförtroende,,TAG,,
TAG.RC.ZZ,Emotionellt stöd för självförtroende,,TAG,,
TAG.SZ.ZZ,Stöd för självförtroende,,TAG,,
TAH,"Energinivå, motivation, aptit, begär och impulskontroll (Energi och driftfunktioner)",,TA,,
TAH.PN.ZZ,"Råd eller information om energinivå, motivation, aptit, begär och impulskontroll",,TAH,,
TAH.PU.ZZ,"Stödjande samtal om energinivå, motivation, aptit, begär och impulskontroll",,TAH,,
TAH.PV.ZZ,"Behandlande samtal om energinivå, motivation, aptit, begär och impulskontroll",,TAH,,
TAH.RC.ZZ,"Emotionellt stöd för energinivå, motivation, aptit, begär och impulskontroll",,TAH,,
TAH.SZ.ZZ,"Stöd för energinivå, motivation, aptit, begär och impulskontroll",,TAH,,
TAP,Emotionella funktioner,,TA,,
TAP.PN.ZZ,Råd eller information om emotionella funktioner,,TAP,,
TAP.PU.ZZ,Stödjande samtal om emotionella funktioner,,TAP,,
TAP.PV.ZZ,Behandlande samtal om emotionella funktioner,,TAP,,
TAP.RC.ZZ,Emotionellt stöd för emotionella funktioner,,TAP,,
TAP.SZ.ZZ,Stöd för emotionella funktioner,,TAP,,
TAQ,Känsla av otrygghet,,TA,,
TAQ.AA.ZZ,Bedömning av känsla av otrygghet,,TAQ,,
TAQ.AS.ZZ,Utredande samtal om känsla av otrygghet,,TAQ,,
TAQ.AT.ZZ,"Inhämtning av uppgifter, från professionell, om känsla av otrygghet",,TAQ,,
TAQ.AU.ZZ,"Inhämtning av uppgifter, från annan, om känsla av otrygghet",,TAQ,,
TAQ.AV.ZZ,Uppföljande samtal om känsla av otrygghet,,TAQ,,
TAQ.PN.ZZ,Råd eller information om känsla av otrygghet,,TAQ,,
TAQ.PU.ZZ,Stödjande samtal om känsla av otrygghet,,TAQ,,
TAQ.RC.ZZ,Emotionellt stöd för känsla av otrygghet,,TAQ,,
TAQ.SZ.ZZ,Stöd för känsla av otrygghet,,TAQ,,
TAY,Känsla av ofrivillig ensamhet,,TA,,
TAY.AA.ZZ,Bedömning av känsla av ofrivillig ensamhet,,TAY,,
TAY.AS.ZZ,Utredande samtal om känsla av ofrivillig ensamhet,,TAY,,
TAY.AT.ZZ,"Inhämtning av uppgifter, från professionell, om känsla av ofrivillig ensamhet",,TAY,,
TAY.AU.ZZ,"Inhämtning av uppgifter, från annan, om känsla av ofrivillig ensamhet",,TAY,,
TAY.AV.ZZ,Uppföljande samtal om känsla av ofrivillig ensamhet,,TAY,,
TAY.PN.ZZ,Råd eller information om känsla av ofrivillig ensamhet,,TAY,,
TAY.PU.ZZ,Stödjande samtal om känsla av ofrivillig ensamhet,,TAY,,
TAY.RC.ZZ,Emotionellt stöd för känsla av ofrivillig ensamhet,,TAY,,
TAY.SZ.ZZ,Stöd för känsla av ofrivillig ensamhet,,TAY,,
TAZ,Funktioner för erfarenhet av jaget och tid,,TA,,
TAZ.PU.ZZ,Stödjande samtal om erfarenhet av jaget och tid,,TAZ,,
TAZ.PV.ZZ,Behandlande samtal om erfarenhet av jaget och tid,,TAZ,,
TAZ.RC.ZZ,Emotionellt stöd för erfarenhet av jaget och tid,,TAZ,,
TAZ.SZ.ZZ,Stöd för erfarenhet av jaget och tid,,TAZ,,
UA-UE,Aktiviteter gällande omgivningsfaktorer,,,,
UA1,Produkter och teknologi,,UA-UE,,
UA1.AA.ZZ,Bedömning av produkter och teknik,,UA1,,
UA1.AM.ZZ,Observation av produkter och teknik,,UA1,,
UA1.AS.ZZ,Utredande samtal om produkter och teknik,,UA1,,
UA1.AT.ZZ,"Inhämtning av uppgifter, från professionell, om produkter och teknik",,UA1,,
UA1.AU.ZZ,"Inhämtning av uppgifter, från annan, om produkter och teknik",,UA1,,
UA1.AV.ZZ,Uppföljande samtal om produkter och teknik,,UA1,,
UA1.AX.ZZ,Annan specificerad utredande eller uppföljande aktivitet om produkter och teknik,,UA1,,
UA1.AZ.ZZ,"Utredande eller uppföljande aktivitet om produkter och teknik, ospecificerad",,UA1,,
UA1.PM.ZZ,Utbildning om produkter och teknik,,UA1,,
UA1.PN.ZZ,Råd eller information om produkter och teknik,,UA1,,
UA1.RD.ZZ,Tillhandahållande av produkter och teknik,,UA1,,
UA1.SM.ZZ,Hantering av produkter och teknik,,UA1,,
UA1.SX.ZZ,Annan specificerad individstödjande aktivitet gällande produkter och teknik,,UA1,,
UA1.SZ.ZZ,Stöd gällande produkter och teknik,,UA1,,
UAA,Produkter och substanser för egen konsumtion,,UA-UE,,
UAA.AA.ZZ,Bedömning av produkter och substanser för egen konsumtion,,UAA,,
UAA.AS.ZZ,Utredande samtal om produkter och substanser för egen konsumtion,,UAA,,
UAA.AT.ZZ,"Inhämtning av uppgifter, från professionell, om produkter och substanser för egen konsumtion",,UAA,,
UAA.AU.ZZ,"Inhämtning av uppgifter, från annan, om produkter och substanser för egen konsumtion",,UAA,,
UAA.AV.ZZ,Uppföljande samtal om produkter och substanser för egen konsumtion,,UAA,,
UAA.PM.ZZ,Utbildning om produkter för egen konsumtion,,UAA,,
UAA.PN.ZZ,Råd eller information om produkter för egen konsumtion,,UAA,,
UAA.RD.ZZ,Tillhandahållande av produkter för egen konsumtion,,UAA,,
UAA.SZ.ZZ,Stöd om gällande produkter för egen konsumtion,,UAA,,
UAD,"Utrustning, produkter och teknik för eget bruk",,UA-UE,,
UAD.AA.ZZ,"Bedömning av utrustning, produkter och teknik för eget bruk",,UAD,,
UAD.AS.ZZ,"Utredande samtal om utrustning, produkter och teknik för eget bruk",,UAD,,
UAD.AT.ZZ,"Inhämtning av uppgifter, från professionell, om utrustning, produkter och teknik för eget bruk",,UAD,,
UAD.AU.ZZ,"Inhämtning av uppgifter, från annan, om utrustning, produkter och teknik för eget bruk",,UAD,,
UAD.AV.ZZ,"Uppföljande samtal om utrustning, produkter och teknik för eget bruk",,UAD,,
UAD.PM.ZZ,"Utbildning om utrustning, produkter och teknik för eget bruk",,UAD,,
UAD.PN.ZZ,"Råd eller information om utrustning, produkter och teknik för eget bruk",,UAD,,
UAD.RD.ZZ,"Tillhandahållande av utrustning, produkter och teknik för eget bruk",,UAD,,
UAD.SM.ZZ,"Hantering av utrusning, produkter och teknik för eget bruk",,UAD,,
UAD.SZ.ZZ,"Stöd gällande utrustning, produkter och teknik för eget bruk",,UAD,,
UAK,"Allmän fysisk miljö – design och konstruktion (Design, konstruktion, byggnadsteknik och byggnadsprodukter för allmänt bruk)",,UA-UE,,
UAK.AA.ZZ,Bedömning av allmän fysisk miljö – design och konstruktion,,UAK,,
UAK.AS.ZZ,Utredande samtal om allmän fysisk miljö – design och konstruktion,,UAK,,
UAK.AT.ZZ,"Inhämtning av uppgifter, från professionell, om allmän fysisk miljö – design och konstruktion",,UAK,,
UAK.AU.ZZ,"Inhämtning av uppgifter, från annan, om allmän fysisk miljö – design och konstruktion",,UAK,,
UAK.AV.ZZ,Uppföljande samtal om allmän fysisk miljö – design och konstruktion,,UAK,,
UAK.PM.ZZ,Utbildning om allmän fysisk miljö – design och konstruktion,,UAK,,
UAK.PN.ZZ,Råd eller information om allmän fysisk miljö – design och konstruktion,,UAK,,
UAK.SZ.ZZ,Stöd gällande allmän fysisk miljö – design och konstruktion,,UAK,,
UAL,"Privat fysisk boendemiljö – design och konstruktion (Design, konstruktion, byggnadsteknik och byggnadsprodukter för privat bruk)",,UA-UE,,
UAL.AA.ZZ,Bedömning av privat fysisk boendemiljö – design och konstruktion,,UAL,,
UAL.AM.ZZ,Observation av privat fysisk boendemiljö – design och konstruktion,,UAL,,
UAL.AS.ZZ,Utredande samtal om privat fysisk boendemiljö – design och konstruktion,,UAL,,
UAL.AT.ZZ,"Inhämtning av uppgifter, från professionell, om privat fysisk boendemiljö – design och konstruktion",,UAL,,
UAL.AU.ZZ,"Inhämtning av uppgifter, från annan, om privat fysisk boendemiljö – design och konstruktion",,UAL,,
UAL.AV.ZZ,Uppföljande samtal om privat fysisk boendemiljö – design och konstruktion,,UAL,,
UAL.PM.ZZ,Utbildning om privat fysisk boendemiljö – design och konstruktion,,UAL,,
UAL.PN.ZZ,Råd eller information om privat fysisk boendemiljö – design och konstruktion,,UAL,,
UAL.SZ.ZZ,Stöd gällande privat fysisk boendemiljö – design och konstruktion,,UAL,,
UAN,Produkter och teknik för markutveckling,,UA-UE,,
UAN.AA.ZZ,Bedömning av produkter och teknik för markutveckling,,UAN,,
UAN.AS.ZZ,Utredande samtal om produkter och teknik för markutveckling,,UAN,,
UAN.AT.ZZ,"Inhämtning av uppgifter, från professionell, om produkter och teknik för markutveckling",,UAN,,
UAN.AU.ZZ,"Inhämtning av uppgifter, från annan, om produkter och teknik för markutveckling",,UAN,,
UAN.AV.ZZ,Uppföljande samtal om produkter och teknik för markutveckling,,UAN,,
UAO,Tillgångar,,UA-UE,,
UAO.AA.ZZ,Bedömning av tillgångar,,UAO,,
UAO.AS.ZZ,Utredande samtal om tillgångar,,UAO,,
UAO.AT.ZZ,"Inhämtning av uppgifter, från professionell, om tillgångar",,UAO,,
UAO.AU.ZZ,"Inhämtning av uppgifter, från annan, om tillgångar",,UAO,,
UAO.AV.ZZ,Uppföljande samtal om tillgångar,,UAO,,
UAO.PM.ZZ,Utbildning om tillgångar,,UAO,,
UAO.PN.ZZ,Råd eller information om tillgångar,,UAO,,
UAO.SZ.ZZ,Stöd gällande tillgångar,,UAO,,
UB1,Naturmiljö och mänskligt skapade miljöförändringar,,UA-UE,,
UB1.AA.ZZ,Bedömning av naturmiljö och mänskligt skapade miljöförändringar,,UB1,,
UB1.AM.ZZ,Observation av naturmiljö och mänskligt skapade miljöförändringar,,UB1,,
UB1.AS.ZZ,Utredande samtal om naturmiljö och mänskligt skapade miljöförändringar,,UB1,,
UB1.AT.ZZ,"Inhämtning av uppgifter, från professionell, om naturmiljö och mänskligt skapade miljöförändringar",,UB1,,
UB1.AU.ZZ,"Inhämtning av uppgifter, från annan, om naturmiljö och mänskligt skapade miljöförändringar",,UB1,,
UB1.AV.ZZ,Uppföljande samtal om naturmiljö och mänskligt skapade miljöförändringar,,UB1,,
UB1.AX.ZZ,Annan specificerad utredande eller uppföljande aktivitet gällande naturmiljö och mänskligt skapade miljöförändringar,,UB1,,
UB1.AZ.ZZ,"Utredande eller uppföljande aktivitet om naturmiljö och mänskligt skapade miljöförändringar, ospecificerad",,UB1,,
UC1,Personligt stöd och personliga relationer,,UA-UE,,
UC1.AA.ZZ,Bedömning av personligt stöd,,UC1,,
UC1.AC.ZZ,Manualbaserat test eller samtal om personligt stöd,,UC1,,
UC1.AM.ZZ,Observation av personligt stöd,,UC1,,
UC1.AS.ZZ,Utredande samtal om personligt stöd,,UC1,,
UC1.AT.ZZ,"Inhämtning av uppgifter, från professionell, om personligt stöd",,UC1,,
UC1.AU.ZZ,"Inhämtning av uppgifter, från annan, om personligt stöd",,UC1,,
UC1.AV.ZZ,Uppföljande samtal om personligt stöd,,UC1,,
UC1.AX.ZZ,Annan specificerad utredande eller uppföljande aktivitet om personligt stöd,,UC1,,
UC1.AZ.ZZ,"Utredande eller uppföljande aktivitet om personligt stöd, ospecificerad",,UC1,,
UC1.PM.ZZ,Utbildning gällande individens personliga stöd,,UC1,,
UC1.PN.ZZ,Råd eller information gällande individens personliga stöd,,UC1,,
UC1.PU.ZZ,Stödjande samtal gällande individens personliga stöd,,UC1,,
UC1.RC.ZZ,Emotionellt stöd gällande individens personliga stöd,,UC1,,
UC1.SX.ZZ,Annan specificerad individstödjande aktivitet gällande individens personliga stöd,,UC1,,
UC1.SZ.ZZ,Stöd gällande individens personliga stöd,,UC1,,
UCU,Våld i nära relationer,,UA-UE,,
UCU.AA.ZZ,Bedömning av våld i nära relationer,,UCU,,
UCU.AC.ZZ,Manualbaserat test eller samtal om våld i nära relationer,,UCU,,
UCU.AM.ZZ,Observation av våld i nära relationer,,UCU,,
UCU.AS.ZZ,Utredande samtal om våld i nära relationer,,UCU,,
UCU.AT.ZZ,"Inhämtning av uppgifter, från professionell, om våld i nära relationer",,UCU,,
UCU.AU.ZZ,"Inhämtning av uppgifter, från annan, om våld i nära relationer",,UCU,,
UCU.AV.ZZ,Uppföljande samtal om våld i nära relationer,,UCU,,
UCU.PM.ZZ,Utbildning om våld i nära relationer,,UCU,,
UCU.PN.ZZ,Råd eller information om våld i nära relationer,,UCU,,
UCU.PU.ZZ,Stödjande samtal om våld i nära relationer,,UCU,,
UCU.RC.ZZ,Emotionellt stöd inom våld i nära relationer,,UCU,,
UCU.SZ.ZZ,Stöd inom våld i nära relationer,,UCU,,
UD1,Attityder,,UA-UE,,
UD1.AA.ZZ,Bedömning av omgivningens attityder,,UD1,,
UD1.AM.ZZ,Observation av omgivningens attityder,,UD1,,
UD1.AS.ZZ,Utredande samtal om omgivningens attityder,,UD1,,
UD1.AT.ZZ,"Inhämtning av uppgifter, från professionell, om omgivningens attityder",,UD1,,
UD1.AU.ZZ,"Inhämtning av uppgifter, från annan, om omgivningens attityder",,UD1,,
UD1.AV.ZZ,Uppföljande samtal om omgivningens attityder,,UD1,,
UD1.AX.ZZ,Annan specificerad utredande eller uppföljande aktivitet om omgivningens attityder,,UD1,,
UD1.AZ.ZZ,"Utredande eller uppföljande aktivitet om omgivningens attityder, ospecificerad",,UD1,,
UD1.PN.ZZ,Råd eller information gällande omgivningens attityder,,UD1,,
UD1.PU.ZZ,Stödjande samtal gällande omgivningens attityder,,UD1,,
UD1.SX.ZZ,Annan specificerad individstödjande aktivitet gällande omgivningens attityder,,UD1,,
UD1.SZ.ZZ,Stöd gällande omgivningens attityder,,UD1,,
UE1,"Service, tjänster, system och policys",,UA-UE,,
UE1.AA.ZZ,"Bedömning av service, tjänster, system och policys",,UE1,,
UE1.AS.ZZ,"Utredande samtal om service, tjänster, system och policys",,UE1,,
UE1.AT.ZZ,"Inhämtning av uppgifter, från professionell, om service, tjänster, system och policys",,UE1,,
UE1.AU.ZZ,"Inhämtning av uppgifter, från annan, om service, tjänster, system och policys",,UE1,,
UE1.AV.ZZ,"Uppföljande samtal om service, tjänster, system och policys",,UE1,,
UE1.AX.ZZ,"Annan specificerad utredande eller uppföljande aktivitet om service, tjänster, system och policys",,UE1,,
UE1.AZ.ZZ,"Utredande eller uppföljande aktivitet om service, tjänster, system och policys, ospecificerad",,UE1,,
UEU,"Service, tjänster, system och policys – Upplevd kvalitet",,UA-UE,,
UEU.AC.ZZ,"Manualbaserat test eller samtal om service, tjänster, system och policys  – upplevd kvalitet",,UEU,,
UEU.AV.ZZ,"Uppföljande samtal om service, tjänster, system och policys – upplevd kvalitet",,UEU,,
UEV,"Service, tjänster, system och policys – Upplevd delaktighet",,UA-UE,,
UEV.AC.ZZ,"Manualbaserat test eller samtal om service, tjänster, system och policys – upplevd delaktighet i planering och genomförande",,UEV,,
UEV.AV.ZZ,"Uppföljande samtal om service, tjänster, system och policys – upplevd delaktighet i planering och genomförande",,UEV,,
VA-VE,Aktiviteter gällande beteenden och vanor,,,,
VA1,Beteenden och vanor,,VA-VE,,
VA1.AA.ZZ,Bedömning av beteenden och vanor,,VA1,,
VA1.AC.ZZ,"Utredande eller uppföljande aktivitet om beteenden och vanor, ospecificerad",,VA1,,
VA1.AM.ZZ,Observation av beteenden och vanor,,VA1,,
VA1.AS.ZZ,Utredande samtal om beteenden och vanor,,VA1,,
VA1.AT.ZZ,"Inhämtning av uppgifter, från professionell, om beteenden och vanor",,VA1,,
VA1.AU.ZZ,"Inhämtning av uppgifter, från annan, om beteenden och vanor",,VA1,,
VA1.AV.ZZ,Uppföljande samtal om beteenden och vanor,,VA1,,
VA1.AX.ZZ,Annan specificerad utredande eller uppföljande aktivitet om beteenden och vanor,,VA1,,
VA1.AZ.ZZ,"Utredande eller uppföljande aktivitet om beteenden och vanor, ospecificerad",,VA1,,
VA1.PH.ZZ,Färdighetsträning som rör beteenden och vanor,,VA1,,
VA1.PM.ZZ,Utbildning om beteenden och vanor,,VA1,,
VA1.PN.ZZ,Råd eller information om beteenden och vanor,,VA1,,
VA1.PU.ZZ,Stödjande samtal om beteenden och vanor,,VA1,,
VA1.PV.ZZ,Behandlande samtal om beteenden och vanor,,VA1,,
VA1.RB.ZZ,Praktiskt stöd som rör beteenden och vanor,,VA1,,
VA1.RC.ZZ,Emotionellt stöd som rör beteenden och vanor,,VA1,,
VA1.SX.ZZ,Annan specificerad individstödjande aktivitet som rör beteende och vanor,,VA1,,
VA1.SZ.ZZ,Stöd som rör beteenden och vanor,,VA1,,
VA2,"Beteenden och vanor avseende alkohol, narkotika, tobak, dopning och spel",,VA-VE,,
VA2.AA.ZZ,"Bedömning av beteenden och vanor avseende alkohol, narkotika, tobak, dopning och spel",,VA2,,
VA2.AC.ZZ,"Manualbaserat test eller samtal om beteenden och vanor avseende alkohol, narkotika, tobak, dopning och spel",,VA2,,
VA2.AM.ZZ,"Observation av beteenden och vanor avseende alkohol, narkotika, tobak, dopning och spel",,VA2,,
VA2.AS.ZZ,"Utredande samtal om beteenden och vanor avseende alkohol, narkotika, tobak, dopning och spel",,VA2,,
VA2.AT.ZZ,"Inhämtning av uppgifter, från professionell, om beteenden och vanor relaterade till alkohol, narkotika, tobak, dopning och spel",,VA2,,
VA2.AU.ZZ,"Inhämtning av uppgifter, från annan, om beteenden och vanor avseende alkohol, narkotika, tobak, dopning och spel",,VA2,,
VA2.AV.ZZ,"Uppföljande samtal om beteenden och vanor avseende alkohol, narkotika, tobak, dopning och spel",,VA2,,
VA2.PM.ZZ,"Utbildning om beteenden och vanor avseende alkohol, narkotika, tobak, dopning och spel",,VA2,,
VA2.PN.ZZ,"Råd eller information om beteenden och vanor avseende alkohol, narkotika, tobak, dopning och spel",,VA2,,
VA2.PU.ZZ,"Stödjande samtal om beteenden och vanor avseende alkohol, narkotika, tobak, dopning och spel",,VA2,,
VA2.PV.ZZ,"Behandlande samtal om beteenden och vanor avseende alkohol, narkotika, tobak, dopning och spel",,VA2,,
VA2.RC.ZZ,"Emotionellt stöd som rör beteenden och vanor avseende alkohol, narkotika, tobak, dopning och spel",,VA2,,
VA2.SZ.ZZ,"Stöd som rör beteenden och vanor avseende alkohol, narkotika, tobak, dopning och spel",,VA2,,
VAA,Beteenden och vanor avseende alkohol,,VA-VE,,
VAA.AA.ZZ,Bedömning av beteenden och vanor avseende alkohol,,VAA,,
VAA.AC.ZZ,Manualbaserat test eller samtal om beteenden och vanor avseende alkohol,,VAA,,
VAA.AS.ZZ,Utredande samtal om beteenden och vanor avseende alkohol,,VAA,,
VAA.AT.ZZ,"Inhämtning av uppgifter, från professionell, om beteenden och vanor avseende alkohol",,VAA,,
VAA.AU.ZZ,"Inhämtning av uppgifter, från annan, om beteenden och vanor avseende alkohol",,VAA,,
VAA.AV.ZZ,Uppföljande samtal om beteenden och vanor avseende alkohol,,VAA,,
VAA.PM.ZZ,Utbildning om beteenden och vanor avseende alkohol,,VAA,,
VAA.PN.ZZ,Råd eller information om beteenden och vanor avseende alkohol,,VAA,,
VAA.PU.ZZ,Stödjande samtal om beteenden och vanor avseende alkohol,,VAA,,
VAA.PV.ZZ,Behandlande samtal om beteenden och vanor avseende alkohol,,VAA,,
VAA.RC.ZZ,Emotionellt stöd som rör beteenden och vanor avseende alkohol,,VAA,,
VAA.SZ.ZZ,Stöd som rör beteenden och vanor avseende alkohol,,VAA,,
VAB,Beteenden och vanor avseende tobak,,VA-VE,,
VAB.AA.ZZ,Bedömning av beteenden och vanor avseende tobak,,VAB,,
VAB.AC.ZZ,Manualbaserat test eller samtal om beteenden och vanor avseende tobak,,VAB,,
VAB.AS.ZZ,Utredande samtal om beteenden och vanor avseende tobak,,VAB,,
VAB.AT.ZZ,"Inhämtning av uppgifter, från professionell, om beteenden och vanor avseende tobak",,VAB,,
VAB.AU.ZZ,"Inhämtning av uppgifter, från annan, om beteenden och vanor avseende tobak",,VAB,,
VAB.AV.ZZ,Uppföljande samtal om beteenden och vanor avseende tobak,,VAB,,
VAB.PM.ZZ,Utbildning om beteenden och vanor avseende tobak,,VAB,,
VAB.PN.ZZ,Råd eller information om beteenden och vanor avseende tobak,,VAB,,
VAB.PU.ZZ,Stödjande samtal om beteenden och vanor avseende tobak,,VAB,,
VAB.PV.ZZ,Behandlande samtal om beteenden och vanor avseende tobak,,VAB,,
VAB.RC.ZZ,Emotionellt stöd som rör beteenden och vanor avseende tobak,,VAB,,
VAB.SZ.ZZ,Stöd som rör beteenden och vanor avseende tobak,,VAB,,
VAC,Beteenden och vanor avseende narkotika,,VA-VE,,
VAC.AA.ZZ,Bedömning av beteenden och vanor avseende narkotika,,VAC,,
VAC.AC.ZZ,Manualbaserat test eller samtal om beteenden och vanor avseende narkotika,,VAC,,
VAC.AS.ZZ,Utredande samtal om beteenden och vanor avseende narkotika,,VAC,,
VAC.AT.ZZ,"Inhämtning av uppgifter, från professionell, om beteenden och vanor avseende narkotika",,VAC,,
VAC.AU.ZZ,"Inhämtning av uppgifter, från annan, om beteenden och vanor avseende narkotika",,VAC,,
VAC.AV.ZZ,Uppföljande samtal om beteenden och vanor avseende narkotika,,VAC,,
VAC.PM.ZZ,Utbildning om beteenden och vanor avseende narkotika,,VAC,,
VAC.PN.ZZ,Råd eller information om beteenden och vanor avseende narkotika,,VAC,,
VAC.PU.ZZ,Stödjande samtal om beteenden och vanor avseende narkotika,,VAC,,
VAC.PV.ZZ,Behandlande samtal om beteenden och vanor avseende narkotika,,VAC,,
VAC.RC.ZZ,Emotionellt stöd som rör beteenden och vanor avseende narkotika,,VAC,,
VAC.SZ.ZZ,Stöd som rör beteenden och vanor avseende narkotika,,VAC,,
VAE,Beteenden och vanor avseende spel,,VA-VE,,
VAE.AA.ZZ,Bedömning av beteenden och vanor avseende spel,,VAE,,
VAE.AS.ZZ,Utredande samtal om beteenden och vanor avseende spel,,VAE,,
VAE.AT.ZZ,"Inhämtning av uppgifter, från professionell, om beteenden och vanor avseende spel",,VAE,,
VAE.AU.ZZ,"Inhämtning av uppgifter, från annan, om beteenden och vanor avseende spel",,VAE,,
VAE.AV.ZZ,Uppföljande samtal om beteenden och vanor avseende spel,,VAE,,
VAE.PN.ZZ,Råd eller information om beteenden och vanor avseende spel,,VAE,,
VAE.PU.ZZ,Stödjande samtal om beteenden och vanor avseende spel,,VAE,,
VAE.PV.ZZ,Behandlande samtal om beteenden och vanor avseende spel,,VAE,,
VAE.RC.ZZ,Emotionellt stöd som rör beteenden och vanor avseende spel,,VAE,,
VAE.SZ.ZZ,Stöd som rör beteenden och vanor avseende spel,,VAE,,
VAG,Beteenden och vanor avseende dopning,,VA-VE,,
VAG.AA.ZZ,Bedömning av beteenden och vanor avseende dopning,,VAG,,
VAG.AC.ZZ,Manualbaserat test eller samtal om beteenden och vanor avseende dopning,,VAG,,
VAG.AS.ZZ,Utredande samtal om beteenden och vanor avseende dopning,,VAG,,
VAG.AT.ZZ,"Inhämtning av uppgifter, från professionell, om beteenden och vanor avseende dopning",,VAG,,
VAG.AU.ZZ,"Inhämtning av uppgifter, från annan, om beteenden och vanor avseende dopning",,VAG,,
VAG.AV.ZZ,Uppföljande samtal om beteenden och vanor avseende dopning,,VAG,,
VAG.PN.ZZ,Råd eller information om beteenden och vanor avseende dopning,,VAG,,
VAG.PU.ZZ,Stödjande samtal om beteenden och vanor avseende dopning,,VAG,,
VAG.PV.ZZ,Behandlande samtal om beteenden och vanor avseende dopning,,VAG,,
VAG.RC.ZZ,Emotionellt stöd som rör beteenden och vanor avseende dopning,,VAG,,
VAG.SZ.ZZ,Stöd som rör beteenden och vanor avseende dopning,,VAG,,
VE2,Övriga beteenden och vanor,,VA-VE,,
VE2.AA.ZZ,Bedömning av övriga beteenden och vanor,,VE2,,
VE2.AC.ZZ,Manualbaserat test eller samtal om övriga beteenden och vanor,,VE2,,
VE2.AM.ZZ,Observation av övriga beteenden och vanor,,VE2,,
VE2.AS.ZZ,Utredande samtal om övriga beteenden och vanor,,VE2,,
VE2.AT.ZZ,"Inhämtning av uppgifter, från professionell, om övriga beteenden och vanor",,VE2,,
VE2.AU.ZZ,"Inhämtning av uppgifter, från annan, om övriga beteenden och vanor",,VE2,,
VE2.AV.ZZ,Uppföljande samtal om övriga beteenden och vanor,,VE2,,
VE2.PH.ZZ,Färdighetsträning som rör övriga beteenden och vanor,,VE2,,
VE2.PM.ZZ,Utbildning om övriga beteenden och vanor,,VE2,,
VE2.PN.ZZ,Råd eller information om övriga beteenden och vanor,,VE2,,
VE2.PU.ZZ,Stödjande samtal om övriga beteenden och vanor,,VE2,,
VE2.PV.ZZ,Behandlande samtal om övriga beteenden och vanor,,VE2,,
VE2.RB.ZZ,Praktiskt stöd som rör övriga beteenden och vanor,,VE2,,
VE2.RC.ZZ,Emotionellt stöd som rör övriga beteenden och vanor,,VE2,,
VE2.SZ.ZZ,Stöd som rör övriga beteenden och vanor,,VE2,,
VEA,"Beteenden och vanor avseende mat, kost och diet",,VA-VE,,
VEA.AA.ZZ,"Bedömning av beteenden och vanor avseende mat, kost och diet",,VEA,,
VEA.AM.ZZ,"Observation av beteenden och vanor avseende mat, kost och diet",,VEA,,
VEA.AS.ZZ,"Utredande samtal om beteenden och vanor avseende mat, kost och diet",,VEA,,
VEA.AT.ZZ,"Inhämtning av uppgifter, från professionell, om beteenden och vanor avseende mat, kost och diet",,VEA,,
VEA.AU.ZZ,"Inhämtning av uppgifter, från annan, om beteenden och vanor avseende mat, kost och diet",,VEA,,
VEA.AV.ZZ,"Uppföljande samtal om beteenden och vanor avseende mat, kost och diet",,VEA,,
VEA.PN.ZZ,"Råd eller information om beteenden och vanor avseende mat, kost och diet",,VEA,,
VEA.PU.ZZ,"Stödjande samtal om beteenden och vanor avseende mat, kost och diet",,VEA,,
VEA.RC.ZZ,"Emotionellt stöd som rör beteenden och vanor avseende mat, kost och diet",,VEA,,
VEA.SZ.ZZ,"Stöd som rör beteenden och vanor avseende mat, kost och diet",,VEA,,
VEB,Beteenden och vanor avseende fysisk aktivitet,,VA-VE,,
VEB.AM.ZZ,Observation av beteenden och vanor avseende fysisk aktivitet,,VEB,,
VEB.AS.ZZ,Utredande samtal om beteenden och vanor avseende fysisk aktivitet,,VEB,,
VEB.AT.ZZ,"Inhämtning av uppgifter, från professionell, om beteenden och vanor avseende fysisk aktivitet",,VEB,,
VEB.AU.ZZ,"Inhämtning av uppgifter, från annan, om beteenden och vanor avseende fysisk aktivitet",,VEB,,
VEB.AV.ZZ,Uppföljande samtal om beteenden och vanor avseende fysisk aktivitet,,VEB,,
VEB.PH.ZZ,Färdighetsträning som rör beteenden och vanor avseende fysisk aktivitet,,VEB,,
VEB.PM.ZZ,Utbildning om beteenden och vanor avseende fysisk aktivitet,,VEB,,
VEB.PN.ZZ,Råd eller information om beteenden och vanor avseende fysisk aktivitet,,VEB,,
VEB.PU.ZZ,Stödjande samtal om beteenden och vanor avseende fysisk aktivitet,,VEB,,
VEB.RB.ZZ,Praktiskt stöd som rör beteenden och vanor avseende fysisk aktivitet,,VEB,,
VEB.RC.ZZ,Emotionellt stöd som rör beteenden och vanor avseende fysisk aktivitet,,VEB,,
VEB.SZ.ZZ,Stöd som rör beteenden och vanor avseende fysisk aktivitet,,VEB,,
VEC,Beteenden och vanor avseende sömn,,VA-VE,,
VEC.AA.ZZ,Bedömning av beteenden och vanor avseende sömn,,VEC,,
VEC.AM.ZZ,Observation av beteenden och vanor avseende sömn,,VEC,,
VEC.AS.ZZ,Utredande samtal om beteenden och vanor avseende sömn,,VEC,,
VEC.AT.ZZ,"Inhämtning av uppgifter, från professionell, om beteenden och vanor avseende sömn",,VEC,,
VEC.AU.ZZ,"Inhämtning av uppgifter, från annan, om beteenden och vanor avseende sömn",,VEC,,
VEC.AV.ZZ,Uppföljande samtal om beteenden och vanor avseende sömn,,VEC,,
VED,Beteenden och vanor avseende hygien,,VA-VE,,
VED.AA.ZZ,Bedömning av beteenden och vanor avseende hygien,,VED,,
VED.AM.ZZ,Observation av beteenden och vanor avseende hygien,,VED,,
VED.AS.ZZ,Utredande samtal om beteenden och vanor avseende hygien,,VED,,
VED.AT.ZZ,"Inhämtning av uppgifter, från professionell, om beteenden och vanor avseende hygien",,VED,,
VED.AU.ZZ,"Inhämtning av uppgifter, från annan, om beteenden och vanor avseende hygien",,VED,,
VED.AV.ZZ,Uppföljande samtal om beteenden och vanor avseende hygien,,VED,,
VED.PN.ZZ,Råd eller information om beteenden och vanor avseende hygien,,VED,,
VED.PU.ZZ,Stödjande samtal om beteenden och vanor avseende hygien,,VED,,
VED.RC.ZZ,Emotionellt stöd som rör beteenden och vanor avseende hygien,,VED,,
VED.SZ.ZZ,Stöd som rör beteenden och vanor avseende hygien,,VED,,
VEE,Beteenden och vanor avseende munhälsa,,VA-VE,,
VEE.AM.ZZ,Observation av beteenden och vanor avseende munhälsa,,VEE,,
VEE.AS.ZZ,Utredande samtal om beteenden och vanor avseende munhälsa,,VEE,,
VEE.AT.ZZ,"Inhämtning av uppgifter, från professionell, om beteenden och vanor avseende munhälsa",,VEE,,
VEE.AU.ZZ,"Inhämtning av uppgifter, från annan, om beteenden och vanor avseende munhälsa",,VEE,,
VEE.AV.ZZ,Uppföljande samtal om beteenden och vanor avseende munhälsa,,VEE,,
VEI,Beteenden och vanor avseende läkemedelsanvändning,,VA-VE,,
VEI.AC.ZZ,Manualbaserat test eller samtal om beteenden och vanor avseende läkemedelsanvändning,,VEI,,
VEI.AM.ZZ,Observation av beteenden och vanor avseende läkemedelsanvändning,,VEI,,
VEI.AS.ZZ,Utredande samtal om beteenden och vanor avseende läkemedelsanvändning,,VEI,,
VEI.AT.ZZ,"Inhämtning av uppgifter, från professionell, om beteenden och vanor avseende läkemedelsanvändning",,VEI,,
VEI.AU.ZZ,"Inhämtning av uppgifter, från annan, om beteenden och vanor avseende läkemedelsanvändning",,VEI,,
VEN,Normbrytande beteenden,,VA-VE,,
VEN.AA.ZZ,Bedömning av normbrytande beteenden,,VEN,,
VEN.AC.ZZ,Manualbaserat test eller samtal om normbrytande beteenden,,VEN,,
VEN.AM.ZZ,Observation av normbrytande beteenden,,VEN,,
VEN.AS.ZZ,Utredande samtal om normbrytande beteenden,,VEN,,
VEN.AT.ZZ,"Inhämtning av uppgifter, från professionell, om normbrytande beteenden",,VEN,,
VEN.AU.ZZ,"Inhämtning av uppgifter, från annan, om normbrytande beteenden",,VEN,,
VEN.AV.ZZ,Uppföljande samtal om normbrytande beteenden,,VEN,,
VEN.PN.ZZ,Råd eller information om normbrytande beteenden,,VEN,,
VEN.PU.ZZ,Stödjande samtal om normbrytande beteenden,,VEN,,
VEN.PV.ZZ,Behandlande samtal om normbrytande beteenden,,VEN,,
VEN.RC.ZZ,Emotionellt stöd som rör normbrytande beteenden,,VEN,,
VEN.SZ.ZZ,Stöd som rör normbrytande beteenden,,VEN,,
VEO,Risktagande beteenden,,VA-VE,,
VEO.AA.ZZ,Bedömning av risktagande beteenden,,VEO,,
VEO.AM.ZZ,Observation av risktagande beteenden,,VEO,,
VEO.AS.ZZ,Utredande samtal om risktagande beteenden,,VEO,,
VEO.AT.ZZ,"Inhämtning av uppgifter, från professionell, om risktagande beteenden",,VEO,,
VEO.AU.ZZ,"Inhämtning av uppgifter, från annan, om risktagande beteenden",,VEO,,
VEO.AV.ZZ,Uppföljande samtal om risktagande beteenden,,VEO,,
VEO.PN.ZZ,Råd eller information om risktagande beteenden,,VEO,,
VEO.PU.ZZ,Stödjande samtal om risktagande beteenden,,VEO,,
VEO.PV.ZZ,Behandlande samtal om risktagande beteenden,,VEO,,
VEO.RC.ZZ,Emotionellt stöd som rör risktagande beteenden,,VEO,,
VEO.SZ.ZZ,Stöd som rör risktagande beteenden,,VEO,,
VEP,Beteenden och vanor avseende skolfrånvaro,,VA-VE,,
VEP.AA.ZZ,Bedömning av beteenden och vanor avseende skolfrånvaro,,VEP,,
VEP.AM.ZZ,Observation av beteenden och vanor avseende skolfrånvaro,,VEP,,
VEP.AS.ZZ,Utredande samtal om beteenden och vanor avseende skolfrånvaro,,VEP,,
VEP.AT.ZZ,"Inhämtning av uppgifter, från professionell, om beteenden och vanor avseende skolfrånvaro",,VEP,,
VEP.AU.ZZ,"Inhämtning av uppgifter, från annan, om beteenden och vanor avseende skolfrånvaro",,VEP,,
VEP.AV.ZZ,Uppföljande samtal om beteenden och vanor avseende skolfrånvaro,,VEP,,
VEP.PN.ZZ,Råd eller information om beteenden och vanor avseende skolfrånvaro,,VEP,,
VEP.PU.ZZ,Stödjande samtal om beteenden och vanor avseende skolfrånvaro,,VEP,,
VEP.PV.ZZ,Behandlande samtal om beteenden och vanor avseende skolfrånvaro,,VEP,,
VEP.RC.ZZ,Emotionellt stöd som rör beteende och vanor avseende skolfrånvaro,,VEP,,
VEP.SZ.ZZ,Stöd som rör beteende och vanor avseende skolfrånvaro,,VEP,,
WA-WZ,Aktiviteter gällande övrigt,,,,
WXA,Psykisk hälsa,,WA-WZ,,
WXA.AM.ZZ,Observation av psykisk hälsa,,WXA,,
WXA.AS.ZZ,Utredande samtal om psykisk hälsa,,WXA,,
WXA.AT.ZZ,"Inhämtning av uppgifter, från professionell, om psykisk hälsa",,WXA,,
WXA.AU.ZZ,"Inhämtning av uppgifter, från annan, om psykisk hälsa",,WXA,,
WXB,Fysisk hälsa,,WA-WZ,,
WXB.AM.ZZ,Observation av fysisk hälsa,,WXB,,
WXB.AS.ZZ,Utredande samtal om fysisk hälsa,,WXB,,
WXB.AT.ZZ,"Inhämtning av uppgifter, från professionell, om fysisk hälsa",,WXB,,
WXB.AU.ZZ,"Inhämtning av uppgifter, från annan, om fysisk hälsa",,WXB,,
WZZ,Ospecificerad inriktning,,WA-WZ,,
WZZ.AA.ZZ,"Bedömning, ospecificerad inriktning",,WZZ,,
WZZ.AC.ZZ,"Manualbaserat test eller samtal, ospecificerad inriktning",,WZZ,,
WZZ.AM.ZZ,"Observation, ospecificerad inriktning",,WZZ,,
WZZ.AS.ZZ,"Utredande samtal, ospecificerad inriktning",,WZZ,,
WZZ.AT.ZZ,"Inhämta uppgifter från professionell aktör, ospecificerad inriktning",,WZZ,,
WZZ.AU.ZZ,"Inhämta uppgifter från annan, ospecificerad inriktning",,WZZ,,
WZZ.AV.ZZ,"Uppföljande samtal, ospecificerad inriktning",,WZZ,,
WZZ.AZ.ZZ,"Utredande aktivitet, annan specificerad och ospecificerad, ospecificerad inriktning",,WZZ,,
WZZ.PH.ZZ,"Färdighetsträning, ospecificerad inriktning",,WZZ,,
WZZ.PM.ZZ,"Utbildning, ospecificerad inriktning",,WZZ,,
WZZ.PN.ZZ,"Råd eller information, ospecificerad inriktning",,WZZ,,
WZZ.PU.ZZ,"Stödjande samtal, ospecificerad inriktning",,WZZ,,
WZZ.PV.ZZ,"Behandlande samtal, ospecificerad inriktning",,WZZ,,
WZZ.RA.ZZ,"Kompensatoriskt stöd, ospecificerad inriktning",,WZZ,,
WZZ.RB.ZZ,"Praktiskt stöd, ospecificerad inriktning",,WZZ,,
WZZ.RC.ZZ,"Emotionellt stöd, ospecificerad inriktning",,WZZ,,
WZZ.RD.ZZ,"Tillhandahållande, ospecificerad inriktning",,WZZ,,
WZZ.SM.ZZ,"Hantering av utrustning eller omgivande miljö, ospecificerad inriktning",,WZZ,,
XA,Juridiskt administrativa aktiviteter,,,,
XAA,Aktualisera och förhandsbedöma,,XA,,
XAA.04.00,Aktualisera genom ansökan,,XAA,,
XAA.04.05,Aktualisera genom ansökan om insats enligt SoL,,XAA,,
XAA.04.15,Aktualisera genom ansökan om  insats enligt LSS,,XAA,,
XAA.15.ZZ,Aktualisera genom begäran från annan myndighet,,XAA,,
XAA.20.ZZ,Aktualisera genom en anmälan,,XAA,,
XAA.25.ZZ,Aktualisera genom information på annat sätt,,XAA,,
XAA.30.ZZ,Ta emot återförvisat ärende,,XAA,,
XAA.35.ZZ,Göra en förhandsbedömning,,XAA,,
XAA.40.ZZ,Ställningstagande att inleda en utredning,,XAA,,
XAA.45.ZZ,Ställningstagande att inte inleda en utredning,,XAA,,
XAA.46.ZZ,Besluta om att inleda utredning gällande barn eller unga,,XAA,,
XAA.47.ZZ,Besluta om att inte inleda utredning gällande barn eller unga,,XAA,,
XAA.50.ZZ,Göra omedelbar skyddsbedömning,,XAA,,
XAA.55.ZZ,Informera anmälaren att anmälan rörande barn eller unga tagits emot,,XAA,,
XAA.60.ZZ,Kontrollera att en muntlig anmälan uppfattats korrekt,,XAA,,
XAA.65.ZZ,Erbjuda anmälningsmöte,,XAA,,
XAA.70.ZZ,Delta i anmälningsmöte,,XAA,,
XAA.75.ZZ,Informera anmälaren om möjlighet till återkoppling,,XAA,,
XAA.80.00,Återkoppla till anmälare,,XAA,,
XAA.80.05,Återkoppla till anmälare om att anmälan har lett till utredning,,XAA,,
XAA.80.15,Återkoppla till anmälare om att anmälan inte har lett till utredning,,XAA,,
XAA.80.25,Återkoppla till anmälare om att utredning pågår,,XAA,,
XAA.85.ZZ,Tillföra information i anmälan till en pågående utredning,,XAA,,
XAA.99.ZZ,"Utföra administrativ aktivitet som avser aktualisering och förhandsbedömning, annan specificerad och ospecificerad",,XAA,,
XAB,Utreda och bedöma,,XA,,
XAB.01.00,Inleda utredning,,XAB,,
XAB.01.05,Inleda utredning med den enskildes samtycke,,XAB,,
XAB.01.15,Inleda utredning som får ske utan den enskildes samtycke,,XAB,,
XAB.05.ZZ,Underrätta den enskilde att utredning inletts,,XAB,,
XAB.06.ZZ,Underrätta företrädare att utredning inletts (barn och unga),,XAB,,
XAB.10.ZZ,Efterfråga om samtycke till behövlig vård för den unge,,XAB,,
XAB.15.ZZ,Förlänga utredningstid,,XAB,,
XAB.20.ZZ,"Bistå annan kommun med utredning, enligt SoL",,XAB,,
XAB.22.ZZ,"Bistå annan kommun med utredning, enligt LSS",,XAB,,
XAB.25.ZZ,Kommunicera information enligt 25 § förvaltningslagen,,XAB,,
XAB.35.ZZ,Ställa krav på den enskilde att delta i viss verksamhet,,XAB,,
XAB.45.ZZ,Underrätta den enskilde om rätten att muntligt lämna uppgifter inför nämnden,,XAB,,
XAB.50.ZZ,Upprätta vårdplan inför beslut om vård utanför det egna hemmet,,XAB,,
XAB.55.ZZ,Fastställa plan för vård utanför LVM-hemmet,,XAB,,
XAB.58.ZZ,Ta del av polisens bedömning av risken för fortsatt våld,,XAB,,
XAB.60.ZZ,Bedöma risken för att ett barn kommer att bevittna ytterligare våld,,XAB,,
XAB.63.ZZ,Bedöma risken för att en enskild kommer att utsättas för ytterligare våld,,XAB,,
XAB.64.ZZ,Överväga om anhörigplacering av ett barn,,XAB,,
XAB.65.ZZ,Delge polisen bedömningen av risken för fortsatt våld,,XAB,,
XAB.70.ZZ,Besluta om läkarundersökning av den unge enligt LVU,,XAB,,
XAB.75.ZZ,Besluta om läkarundersökning av den enskilde enligt LVM,,XAB,,
XAB.80.ZZ,Fatta beslut om muntlig handläggning,,XAB,,
XAB.90.ZZ,Sammanställa beslutsunderlag,,XAB,,
XAB.95.00,Avsluta utredning,,XAB,,
XAB.95.05,Avsluta LVM-utredning,,XAB,,
XAB.98.ZZ,Anmäla behov av offentligt biträde,,XAB,,
XAB.99.ZZ,"Utföra administrativ aktivitet som avser utredning och bedömning, annan specificerad och ospecificerad",,XAB,,
XAC,Besluta,,XA,,
XAC.01.ZZ,Fatta beslut i sakfrågan,,XAC,,
XAC.02.ZZ,Avge yttrande om enskilds situation till annan myndighet,,XAC,,
XAC.03.00,Fatta andra beslut (ej i sakfrågan),,XAC,,
XAC.03.05,Besluta om avvisning av ärende,,XAC,,
XAC.03.15,Besluta om avskrivning av ärende,,XAC,,
XAC.05.ZZ,Besluta om omedelbart omhändertagande enligt LVM,,XAC,,
XAC.06.ZZ,"Besluta om omedelbart omhändertagande enligt LVU, miljö",,XAC,,
XAC.07.ZZ,"Besluta om omedelbart omhändertagande enligt LVU, beteende",,XAC,,
XAC.08.ZZ,Underställa beslut om omedelbart omhändertagande enligt LVM,,XAC,,
XAC.09.ZZ,Underställa beslut om omedelbart omhändertagande enligt LVU,,XAC,,
XAC.15.ZZ,"Ansöka om vård med stöd av 2 § LVU, miljö",,XAC,,
XAC.16.ZZ,"Ansöka om vård med stöd av 3 § LVU, beteende",,XAC,,
XAC.17.ZZ,Ansöka om vård med stöd av LVM,,XAC,,
XAC.18.ZZ,Överväga om vård enligt LVU fortfarande behövs,,XAC,,
XAC.20.ZZ,Ompröva om vårdbeslut enligt LVU ska upphöra,,XAC,,
XAC.22.ZZ,Överväga enligt LVU om det finns skäl att ansöka om vårdnadsöverflyttning,,XAC,,
XAC.24.ZZ,Fatta beslut om insats (11 kap. 1 § SoL eller 12 kap. 1 § SoL),,XAC,,
XAC.25.ZZ,Fatta beslut om insats (11 kap. 4 § SoL eller 12 kap. 2 § SoL),,XAC,,
XAC.26.ZZ,Fatta beslut om insats (LSS),,XAC,,
XAC.28.ZZ,Besluta utan vårdnadshavarens samtycke om öppna insatser för barn som fyllt 15 år,,XAC,,
XAC.29.ZZ,Besluta utan vårdnadshavarens samtycke om öppna insatser för barn som fyllt 12 men inte 15 år,,XAC,,
XAC.30.ZZ,Besluta att medge att den unge får vistas i sitt eget hem,,XAC,,
XAC.32.ZZ,Besluta om inskränkning i umgänge,,XAC,,
XAC.34.ZZ,Överväga behovet av fortsatt inskränkning i umgänge,,XAC,,
XAC.36.ZZ,Besluta om hemlighållande av vistelseort,,XAC,,
XAC.38.ZZ,Överväga behovet av fortsatt hemlighållande av vistelseort,,XAC,,
XAC.40.ZZ,Ansöka om flyttningsförbud,,XAC,,
XAC.42.ZZ,Ansöka om vårdnadsöverflyttning,,XAC,,
XAC.44.ZZ,Besluta var den unge ska vistas under vårdtiden,,XAC,,
XAC.45.ZZ,Anmäla till överförmyndare,,XAC,,
XAC.46.ZZ,"Besluta om tillfälligt flyttningsförbud, enligt LVU",,XAC,,
XAC.48.ZZ,Underställa beslut om tillfälligt flyttningsförbud enligt LVU,,XAC,,
XAC.50.ZZ,Besluta om inskränkning av umgänge under tid då flyttningsförbud finns enligt LVU,,XAC,,
XAC.54.ZZ,Besluta om behandling i öppna former enligt LVU,,XAC,,
XAC.56.ZZ,"Besluta om särskilt kvalificerad kontaktperson, enligt LVU",,XAC,,
XAC.58.ZZ,Besluta om att upphöra med ett omedelbart omhändertagande enligt LVU,,XAC,,
XAC.60.ZZ,Besluta att vård enligt LVU ska upphöra,,XAC,,
XAC.62.ZZ,"Besluta om att behandling i öppna former ska upphöra, enligt LVU",,XAC,,
XAC.64.ZZ,"Besluta om att kontakten med särskilt kvalificerad kontaktperson ska upphöra, enligt LVU",,XAC,,
XAC.66.ZZ,"Överväga beslutet om särskilt kvalificerad kontaktperson, enligt LVU",,XAC,,
XAC.68.ZZ,Besluta om att upphöra med ett omedelbart omhändertagande enligt LVM,,XAC,,
XAC.70.ZZ,Underrätta den som är part om nämndens beslut,,XAC,,
XAC.72.ZZ,Underrätta företrädare om nämndens beslut (barn och unga),,XAC,,
XAC.74.ZZ,Underrätta den som är part om hur ett beslut kan överklagas,,XAC,,
XAC.76.ZZ,Underrätta företrädare om hur ett beslut kan överklagas (barn och unga),,XAC,,
XAC.78.ZZ,Begära inhibition av verkställigheten av en dom,,XAC,,
XAC.80.ZZ,Begära överflyttning enligt SoL av ärende till annan kommun,,XAC,,
XAC.82.ZZ,Meddela förhandsbesked enligt LSS,,XAC,,
XAC.84.ZZ,Ta emot överklagande av nämndens beslut,,XAC,,
XAC.86.ZZ,Göra rättidsprövning,,XAC,,
XAC.89.00,Ändra beslut,,XAC,,
XAC.89.05,Ändra beslut utifrån skyldighet,,XAC,,
XAC.89.15,Ändra beslut utifrån möjlighet,,XAC,,
XAC.89.25,Ändra överklagat beslut,,XAC,,
XAC.90.ZZ,Överlämna överklagande från enskild till domstol,,XAC,,
XAC.92.ZZ,Överklaga beslut från en domstol,,XAC,,
XAC.94.ZZ,Avge yttrande med anledning av överklagande,,XAC,,
XAC.99.ZZ,"Utföra administrativ aktivitet som avser beslut, annan specificerad och ospecificerad",,XAC,,
XAD,Utforma uppdrag,,XA,,
XAD.01.ZZ,Utforma uppdrag för utförare,,XAD,,
XAD.02.ZZ,Lämna uppdrag till utförare,,XAD,,
XAD.05.ZZ,Anmäla behov av plats för vård på LVM-hem,,XAD,,
XAD.06.ZZ,Efterfråga anvisning av plats på särskilt ungdomshem,,XAD,,
XAD.10.ZZ,"Verkställa bosättningskommuns beslut, enligt SoL",,XAD,,
XAD.15.ZZ,"Verkställa bosättningskommuns beslut, enligt LSS",,XAD,,
XAD.99.ZZ,"Utföra administrativ aktivitet som avser utformning av uppdrag, annan specificerad och ospecificerad",,XAD,,
XAE,Genomföra uppdrag,,XA,,
XAE.02.ZZ,Underrätta socialnämnden om beslut att en ung person ska tillfälligt vistas på annat särskilt ungdomshem,,XAE,,
XAE.04.ZZ,Besluta om intagning på ett LVM-hem,,XAE,,
XAE.06.ZZ,Besluta om utskrivning från ett LVM-hem,,XAE,,
XAE.08.ZZ,Besluta om flytt till annat LVM-hem,,XAE,,
XAE.10.ZZ,Samråda med socialnämnden före överflyttning eller utskrivning enligt LVM,,XAE,,
XAE.12.ZZ,Besluta om vård utanför LVM-hemmet,,XAE,,
XAE.14.ZZ,Besluta om tillbakahämtning till LVM-hemmet,,XAE,,
XAE.16.ZZ,Besluta om omhändertagande av egendom enligt LVM,,XAE,,
XAE.20.ZZ,Genomföra kroppsvisitation eller ytlig kroppsbesiktning enligt LVM,,XAE,,
XAE.22.ZZ,Uppmana den enskilde att lämna prov enligt LVM,,XAE,,
XAE.24.ZZ,Besluta om att förvägra den enskilde rätten till telefonsamtal och besök enligt LVM,,XAE,,
XAE.26.ZZ,Besluta om begränsning av rörelsefriheten för den enskilde enligt LVM,,XAE,,
XAE.28.ZZ,Besluta om vård vid låsbar enhet eller motsvarande enligt LVM,,XAE,,
XAE.30.ZZ,Besluta om vård i enskildhet enligt LVM,,XAE,,
XAE.32.ZZ,Ompröva beslutet om vård i enskildhet enligt LVM,,XAE,,
XAE.34.ZZ,Besluta om vård i avskildhet enligt LVM,,XAE,,
XAE.36.ZZ,Kontrollera försändelser till den enskilde enligt LVM,,XAE,,
XAE.38.ZZ,Besluta var den unge tillfälligt ska vistas enligt LVU,,XAE,,
XAE.40.ZZ,Besluta om begränsning av rörelsefriheten för den unge,,XAE,,
XAE.42.ZZ,Besluta om att förvägra den unge rätten till telefonsamtal och besök enligt LVU,,XAE,,
XAE.44.ZZ,Besluta om rätt till vistelse utanför det särskilda ungdomshemmet,,XAE,,
XAE.46.ZZ,Samråda med socialnämnden om rätt till vistelse utanför det särskilda ungdomshemmet,,XAE,,
XAE.48.ZZ,Besluta om vård vid låsbar enhet eller motsvarande enligt LVU,,XAE,,
XAE.50.ZZ,Besluta om vård i enskildhet enligt LVU,,XAE,,
XAE.52.ZZ,Ompröva beslutet om vård i enskildhet enligt LVU,,XAE,,
XAE.54.ZZ,Besluta om vård i avskildhet enligt LVU,,XAE,,
XAE.56.ZZ,Begära yttrande från läkare om vård i avskildhet enligt LVU,,XAE,,
XAE.58.ZZ,Ta emot begäran från läkare om att avbryta vård i avskildhet enligt LVU,,XAE,,
XAE.60.ZZ,Besluta om omhändertagande av egendom enligt LVU,,XAE,,
XAE.62.ZZ,"Genomföra kroppsvisitation eller ytlig kroppsbesiktning, enligt LVU",,XAE,,
XAE.64.ZZ,Uppmana den unge att lämna prov enligt LVU,,XAE,,
XAE.66.ZZ,"Kontrollera försändelser till och från den unge, enligt LVU",,XAE,,
XAE.99.ZZ,"Utföra administrativ aktivitet som avser genomförande av uppdrag, annan specificerad och ospecificerad",,XAE,,
XAF,Följa upp,,XA,,
XAF.01.ZZ,Besluta om att följa upp barns situation (enligt 23 kap 1 § SoL),,XAF,,
XAF.02.ZZ,Besluta om att följa upp barns situation (enligt 23 kap 2 § SoL),,XAF,,
XAF.04.ZZ,Följa vården av barn och unga som vårdas enligt SoL utanför det egna hemmet,,XAF,,
XAF.05.ZZ,Överväga behov av fortsatt vård utanför det egna hemmet enligt SoL för barn,,XAF,,
XAF.10.ZZ,Överväga om behov av flyttningsförbud kvarstår,,XAF,,
XAF.65.ZZ,Kontrollera att ett beslut om insatser har verkställts,,XAF,,
XAF.70.ZZ,Ta emot underrättelse om beslut från SiS om tillfällig vistelse på annat särskilt ungdomshem,,XAF,,
XAF.99.ZZ,"Utföra administrativ aktivitet som avser uppföljning, annan specificerad och ospecificerad",,XAF,,
XAG,Avsluta insats,,XA,,
XAG.99.ZZ,"Utföra administrativ aktivitet som avser avslutning av insats, annan specificerad och ospecificerad",,XAG,,
XAH,"Administrativa aktiviteter, förekommande i flera processteg",,XA,,
XAH.01.ZZ,Rätta beslut,,XAH,,
XAH.02.ZZ,Ta emot handling,,XAH,,
XAH.04.ZZ,Expediera handling,,XAH,,
XAH.05.ZZ,Säkerställa aktuella grundläggande uppgifter i personakt,,XAH,,
XAH.06.ZZ,Kommunicera övrig information,,XAH,,
XAH.08.ZZ,Kalla till möte,,XAH,,
XAH.09.ZZ,Ta emot kallelse till möte,,XAH,,
XAH.10.ZZ,Göra en bedömning av behov av insatser från både socialtjänsten och hälso- och sjukvården,,XAH,,
XAH.12.ZZ,Fråga om samtycke till att kontakt får tas för att inhämta uppgifter,,XAH,,
XAH.14.ZZ,Fråga om samtycke till att uppgifter får lämnas,,XAH,,
XAH.16.ZZ,Fråga om samtycke till att upprätta samordnad individuell plan (SoL),,XAH,,
XAH.18.ZZ,Erbjuda den enskilde en individuell plan (LSS),,XAH,,
XAH.20.00,Fastställa plan,,XAH,,
XAH.20.05,Fastställa utredningsplan,,XAH,,
XAH.20.15,Fastställa individuell plan enligt LSS,,XAH,,
XAH.20.25,Fastställa vårdplan vid placering i ett HVB eller ett familjehem,,XAH,,
XAH.20.35,Fastställa genomförandeplan (AR i 6 kap SOSFS 2014:5),,XAH,,
XAH.20.45,Fastställa genomförandeplan (AR i 5 kap SOSFS 2014:5),,XAH,,
XAH.20.55,Fastställa genomförandeplan (enligt 9 kap. 12 § SoL),,XAH,,
XAH.20.65,Upprätta samordnad individuell plan (SIP) vid utskrivning från sluten hälso- och sjukvård,,XAH,,
XAH.20.75,Upprätta samordnad individuell plan (SIP),,XAH,,
XAH.20.85,Fastställa behandlingsplan för vård enligt LVU,,XAH,,
XAH.22.ZZ,Fråga om samtycke till upprättad vårdplan (gäller vård utanför egna hemmet),,XAH,,
XAH.24.ZZ,Delta i samrådsmöte,,XAH,,
XAH.26.ZZ,Ta emot beslut från domstol,,XAH,,
XAH.28.ZZ,Begära polishandräckning enligt LVM,,XAH,,
XAH.30.ZZ,Begära polishandräckning enligt LVU,,XAH,,
XAH.34.ZZ,Använda kommunikationsstöd i utredning och uppföljning,,XAH,,
XAH.36.ZZ,Underrätta om nämndens beslut genom delgivning,,XAH,,
XAH.38.ZZ,Bekräfta mottagandet av underrättelse om avhysning,,XAH,,
XAH.40.ZZ,Skicka kopia på bekräftelse av mottagandet av underrättelse om avhysning,,XAH,,
XAH.42.ZZ,Anmäla om möjlig rätt till assistansersättning,,XAH,,
XAH.44.ZZ,Underrätta om insatser som kan påverka behovet av personlig assistans,,XAH,,
XAH.46.ZZ,Besluta om inskrivning,,XAH,,
XAH.48.ZZ,Anvisa plats i ett särskilt ungdomshem,,XAH,,
XAH.50.ZZ,Begära utskrivning från HVB,,XAH,,
XAH.52.ZZ,Besluta om utskrivning från HVB,,XAH,,
XAH.54.ZZ,Efterfråga medgivande till utskrivning från HVB,,XAH,,
XAH.56.ZZ,Ge medgivande till utskrivning från HVB,,XAH,,
XAH.58.ZZ,Ta emot underrättelse om anledning till utskrivning,,XAH,,
XAH.60.ZZ,Underrätta om anledning till utskrivning,,XAH,,
XAH.62.ZZ,Avvisa ombud,,XAH,,
XAH.66.ZZ,Ge part rätt att ta del av ett ärende,,XAH,,
XAH.70.ZZ,Ge barnet eller den unge kontaktuppgifter till aktuell socialsekreterare,,XAH,,
XAH.72.ZZ,Ge barnet eller den unge kontaktuppgifter till tillsynsmyndigheten,,XAH,,
XAH.74.ZZ,Ge barnet eller den unge information om grunden för placeringen,,XAH,,
XAH.76.ZZ,Ge barnet eller den unge information om sina rättigheter,,XAH,,
XAH.82.ZZ,Göra polisanmälan vid misstanke om brott mot barn,,XAH,,
XAH.84.ZZ,Anmäla behov av god man eller förvaltare (enligt SoF),,XAH,,
XAH.85.ZZ,Anmäla att behov av förvaltare inte finns (enligt SoF),,XAH,,
XAH.87.ZZ,Anmäla behov av stöd för att förvalta barns egendom,,XAH,,
XAH.88.ZZ,"Anmäla behov av förmyndare, förvaltare eller god man (enligt LSS)",,XAH,,
XAH.90.ZZ,"Anmäla att behov av förmyndare, förvaltare eller god man inte längre finns (enligt LSS)",,XAH,,
XAH.92.ZZ,Ta emot återtagande av ansökan eller begäran,,XAH,,
XAH.95.ZZ,Låta den enskilde få del av handlingarna i ärendet enligt LVM,,XAH,,
XAH.96.ZZ,Informera den enskilde om rättigheter i domstolsprocessen enligt LVM,,XAH,,
XAH.99.ZZ,"Utföra administrativ aktivitet inom flera processteg, annan specificerad och ospecificerad",,XAH,,
YA,Insatser i officiell statistik,,,,
YAA,Insatser till äldre personer och personer med funktionsnedsättning enligt SoL,,YA,,
YAA.05.00,Hemtjänst,,YAA,,
YAA.05.15,Hemtjänst - Personlig omvårdnad,,YAA,,
YAA.05.25,Hemtjänst - Service,,YAA,,
YAA.20.ZZ,Avlösning av anhörig i hemmet,,YAA,,
YAA.25.ZZ,Ledsagning,,YAA,,
YAA.30.ZZ,Matdistribution,,YAA,,
YAA.35.ZZ,Trygghetslarm,,YAA,,
YAA.40.ZZ,Dagverksamhet,,YAA,,
YAA.45.ZZ,Boendestöd,,YAA,,
YAA.50.ZZ,Kontaktperson (SoL),,YAA,,
YAA.55.ZZ,Kontaktfamilj (SoL),,YAA,,
YAA.65.ZZ,Korttidsplats,,YAA,,
YAA.75.ZZ,Särskilt boende,,YAA,,
YAA.76.ZZ,Behovsprövat trygghetsboende (Insats),,YAA,,
YAA.95.ZZ,Annan insats,,YAA,,
YAB,Insatser enligt lagen om stöd och service till vissa funktionshindrade (LSS),,YA,,
YAB.05.ZZ,Råd och stöd (LSS),,YAB,,
YAB.10.ZZ,Personlig assistans (LSS),,YAB,,
YAB.15.ZZ,Ledsagarservice (LSS),,YAB,,
YAB.20.ZZ,Kontaktperson (LSS),,YAB,,
YAB.25.ZZ,Avlösarservice (LSS),,YAB,,
YAB.30.ZZ,Korttidsvistelse (LSS),,YAB,,
YAB.35.ZZ,Korttidstillsyn (LSS),,YAB,,
YAB.40.00,"Boende, barn och ungdomar (LSS)",,YAB,,
YAB.40.15,Familjehem för barn och ungdomar (LSS),,YAB,,
YAB.40.25,Bostad med särskild service för barn och ungdomar (LSS),,YAB,,
YAB.45.00,"Boende, vuxna (LSS)",,YAB,,
YAB.45.15,Bostad med särskild service för vuxna (LSS),,YAB,,
YAB.45.25,Annan särskilt anpassad bostad för vuxna (LSS),,YAB,,
YAB.50.ZZ,Daglig verksamhet (LSS),,YAB,,
YAC,Insatser för barn och unga enligt SoL och LVU,,YA,,
YAC.05.ZZ,SoL-vård (frivillig vård) (person yngre än 21 år),,YAC,,
YAC.10.00,Omedelbart omhändertagande enligt 6 § LVU,,YAC,,
YAC.10.15,"Omedelbart omhändertagande enligt 6 § LVU, miljö",,YAC,,
YAC.10.25,"Omedelbart omhändertagande enligt 6 § LVU, beteende",,YAC,,
YAC.15.00,LVU-vård enligt 2 och 3 §§ LVU,,YAC,,
YAC.15.15,"LVU-vård enligt 2 § LVU, miljö",,YAC,,
YAC.15.25,"LVU-vård enligt 3 § LVU, beteende",,YAC,,
YAC.25.ZZ,Familjehem,,YAC,,
YAC.30.ZZ,Jourhem,,YAC,,
YAC.35.ZZ,Nätverkshem,,YAC,,
YAC.40.ZZ,Stödboende,,YAC,,
YAC.45.ZZ,Hem för vård eller boende (HVB) med offentlig huvudman,,YAC,,
YAC.50.ZZ,Hem för vård eller boende (HVB) med enskild huvudman,,YAC,,
YAC.55.ZZ,Särskilt ungdomshem enligt 12 § LVU,,YAC,,
YAC.60.ZZ,Eget hem,,YAC,,
YAC.65.ZZ,Annat,,YAC,,
YAC.70.ZZ,Strukturerat öppenvårdsprogram för vård/behandling eller sysselsättning/social träning,,YAC,,
YAC.75.ZZ,Personligt stöd,,YAC,,
YAC.80.ZZ,Kontaktperson (barn och unga),,YAC,,
YAC.85.ZZ,Särskild kvalificerad kontaktperson,,YAC,,
YAC.90.ZZ,Kontaktfamilj (barn och unga),,YAC,,
YAC.95.ZZ,Särskild kvalificerad kontaktperson eller behandling – s.k. mellantvång,,YAC,,
YAD,Insatser till vuxna med missbruk och beroende enligt SoL och LVM och till övriga vuxna enligt SoL,,YA,,
YAD.05.ZZ,Beslut om omedelbart omhändertagande,,YAD,,
YAD.10.ZZ,Beslut om beredande av vård enligt LVM,,YAD,,
YAD.15.ZZ,Individuellt behovsprövade öppna insatser,,YAD,,
YAD.20.00,Insats som avser boende,,YAD,,
YAD.20.15,"Insats som avser boende, akut/tillfälligt boende",,YAD,,
YAD.20.25,"Insats som avser boende, övergångsboende i väntan mer permanent lösning",,YAD,,
YAD.20.35,"Insats som avser boende, långsiktigt boende",,YAD,,
YAD.30.00,Familjehemsvård,,YAD,,
YAD.30.15,Frivillig familjehemsvård (SoL),,YAD,,
YAD.30.25,Familjehemsvård enligt 27 § LVM,,YAD,,
YAD.40.00,Institutionsvård,,YAD,,
YAD.40.10,Frivillig institutionsvård,,YAD,,
YAD.40.11,Frivillig institutionsvård (offentlig vårdgivare),,YAD,,
YAD.40.12,Frivillig institutionsvård (privat/enskild vårdgivare),,YAD,,
YAD.40.13,Frivillig institutionsvård (privat/enskild delad med offentlig vårdgivare),,YAD,,
YAD.40.25,Vård enligt LVM,,YAD,,
YAE,Insatser inom ekonomiskt bistånd enligt SoL,,YA,,
YAE.05.ZZ,Ekonomiskt bistånd (12 kap. 1 § SoL). Belopp på hushållsnivå,,YAE,,
YAE.10.00,Försörjningsstöd (12 kap. 7 § SoL). Belopp på hushållsnivå,,YAE,,
YAE.10.15,"Därav försörjningsstöd för tillfälligt boende, belopp på hushållsnivå",,YAE,,
YAE.15.00,Ekonomiskt bistånd för levnadskostnader i övrigt. Belopp på hushållsnivå,,YAE,,
YAE.15.15,"Ekonomiskt bistånd för levnadskostnader i övrigt – Hälso- och sjukvård, belopp på hushållsnivå",,YAE,,
YAE.15.25,"Ekonomiskt bistånd för levnadskostnader i övrigt – Tandvård, belopp på hushållsnivå",,YAE,,
YAE.15.35,"Ekonomiskt bistånd för levnadskostnader i övrigt – Elskulder, belopp på hushållsnivå",,YAE,,
YAE.15.45,"Ekonomiskt bistånd för levnadskostnader i övrigt – Hyresskulder, belopp på hushållsnivå",,YAE,,
YAE.15.55,"Ekonomiskt bistånd för levnadskostnader i övrigt – Övriga skulder, belopp på hushållsnivå",,YAE,,
YAE.15.65,"Ekonomiskt bistånd för levnadskostnader i övrigt – Annat, belopp på hushållsnivå",,YAE,,
YAE.20.00,Kommunala arbetsmarknadsinsatser,,YAE,,
YAE.20.15,Arbetsförberedande insatser (kartläggning och träning),,YAE,,
YAE.20.25,Arbetspraktik,,YAE,,
YAE.20.35,Jobbsökaraktivitet,,YAE,,
YAE.20.45,Kurs,,YAE,,
YAE.20.55,Studie- och yrkesvägledning,,YAE,,
YAE.20.65,Övriga kommunala arbetsmarknadsinsatser,,YAE,,
YAE.20.95,Ej aktuellt,,YAE,,
