code,label,label_en,parent_code,valid_from,valid_to
A,"Utredning, anatomiskt perspektiv",,,,
AA,"Nervsystemet, kraniet och intrakraniella strukturer",,A,,
AA001,Adenosintest,,AA,,
AA002,Algometri,,AA,,
AA003,"Amplitudintegrerat EEG, långtidsövervakning",,AA,,
AA004,Angiografi av a. vertebralis,,AA,,
AA005,Angiografi av a. carotis interna,,AA,,
AA006,"Angiografi av skalle, kombination av två eller flera angiografier",,AA,,
AA007,"Angiografi, spinal, 1-3 kärl",,AA,,
AA008,"Angiografi, spinal, 10 eller flera kärl",,AA,,
AA009,"Angiografi, spinal, 4-9 kärl",,AA,,
AA010,Angiografisk undersökning med frågeställning upphävd intracerebral cirkulation,,AA,,
AA011,"Datortomografi, hjärna",,AA,,
AA012,"Datortomografi, hjärna, med intravenös kontrast",,AA,,
AA013,"Datortomografi, hjärna, med kontrast i cisterner",,AA,,
AA014,"Datortomografi, hjärna, utan intravenös kontrast",,AA,,
AA015,"Datortomografi, sella turcica",,AA,,
AA016,"Datortomografi, skallbas",,AA,,
AA017,"Datortomografi, skalle, sinus, ansiktsskelett",,AA,,
AA018,Dopplerundersökning av hjärnans kärl,,AA,,
AA019,Dynamisk likvortryckundersökning,,AA,,
AA020,Ekoencefalografi (A-mode),,AA,,
AA021,Elektroencefalografi (EEG) med reaktionstidsmätning eller annat uppmärksamhetstest,,AA,,
AA022,"Elektroencefalografi (EEG), sfenoidal",,AA,,
AA023,"Elektroencefalografi (EEG), sovande",,AA,,
AA024,"Elektroencefalografi (EEG), vaken",,AA,,
AA025,Elektromyografi (EMG) UNS,,AA,,
AA026,Elektromyografi (EMG) vid botulinumtoxinbehandling,,AA,,
AA027,"Elektromyografi (EMG), nål",,AA,,
AA028,"Elektromyografi (EMG), Single Fibre",,AA,,
AA029,Elektromyografi inklusive mätning av nervledningshastighet (CV-EMG),,AA,,
AA030,Elektromyografi med ytelektroder (Yt-EMG),,AA,,
AA031,Elektronystagmografi och videonystagmografi,,AA,,
AA032,"Encefalografi, cisternografi",,AA,,
AA033,"Enfotonstomografi (SPECT), hjärna",,AA,,
AA034,Epidurografi,,AA,,
AA035,Flebografi av annan ven inom nervsystemet (utan egen kod),,AA,,
AA036,Flebografi av vena jugularis,,AA,,
AA037,"Flebografi, spinal",,AA,,
AA038,Hjärnstamsaudiometri,,AA,,
AA039,Klinisk undersökning av nervsystemet,,AA,,
AA041,Klinisk undersökning för att diagnostisera upphävd hjärnfunktion,,AA,,
AA042,Kortikografi,,AA,,
AA043,L-Dopa-test,,AA,,
AA045,"Magnetresonanstomografi, hjärna",,AA,,
AA046,"Magnetresonanstomografi, hjärna, diffusion",,AA,,
AA047,"Magnetresonanstomografi, hjärna, perfusion",,AA,,
AA048,"Magnetresonanstomografi, hjärna, spektroskopi",,AA,,
AA049,"Magnetresonanstomografi, sella turcica",,AA,,
AA050,"Magnetresonanstomografi, skallbas",,AA,,
AA051,"Magnetresonanstomografi, skalle, sinus och ansiktsskelett",,AA,,
AA052,Screeningtest av kognitiva funktioner,,AA,,
AA053,"Myelografi, cervikal",,AA,,
AA054,"Myelografi, lumbal",,AA,,
AA055,"Myelografi, lumbotorakal",,AA,,
AA056,"Myelografi, torakal",,AA,,
AA057,"Myelografi, total",,AA,,
AA058,"Neurografi, motorisk och sensorisk",,AA,,
AA059,Neuronavigation,,AA,,
AA060,Neuropsykologisk utredning,,AA,,
AA062,"Pneumografi, subdural",,AA,,
AA063,"Positronemissionstomografi (PET), hjärna",,AA,,
AA064,Punktion av ventrikel i hjärnan,,AA,,
AA066,"Röntgenundersökning, ansiktsskelett eller del därav (överkäke, näsben, orbita)",,AA,,
AA067,"Röntgenundersökning, porus acusticus",,AA,,
AA068,"Röntgenundersökning, sella turcica",,AA,,
AA069,"Röntgenundersökning, skalle, neurokranium",,AA,,
AA070,"Skintigrafi, abscess- och infektionslokalisation i nervsystem",,AA,,
AA071,"Skintigrafi, cerebralt blodflöde",,AA,,
AA072,"Skintigrafi, hjärna",,AA,,
AA073,"Skintigrafi, likvor- och shuntfunktion",,AA,,
AA074,"Skintigrafi, likvorcirkulation",,AA,,
AA075,"Skintigrafi, likvorläckage",,AA,,
AA076,"Skintigrafi, tumörlokalisation i nervsystem",,AA,,
AA077,"Skintigrafi, undersökning av nervsystem utan egen kod",,AA,,
AA078,Smärttest UNS,,AA,,
AA079,Termotest,,AA,,
AA080,Transtympanal hjärnstamsaudiometri preoperativt,,AA,,
AA081,"Tryckmätning, intracerebralt",,AA,,
AA082,"Tryckmätning, intraspinalt",,AA,,
AA083,"Ultraljudsundersökning, hjärna",,AA,,
AA084,"Ultraljudsundersökning, hjärnans ventrikelsystem",,AA,,
AA085,Undersökning med psykologiska och psykometriska instrument,,AA,,
AA086,Ventrikulografi,,AA,,
AA087,Vibrametri,,AA,,
AA089,Video-intensiv EEG-övervakning med enbart extrakraniella elektroder,,AA,,
AA090,Video-intensiv EEG-övervakning med intrakraniella elektroder,,AA,,
AA091,Videofrenzelundersökning,,AA,,
AA092,Visual evoked potential (VEP),,AA,,
AA093,Multipel sömnlatenstest (MSLT),,AA,,
AA094,Polysomnografi,,AA,,
AA095,Funktionell stimulering vid video-EEG-monitorering med intrakraniella elektroder,,AA,,
AA096,Kateterisering av sinus petrosus med selektiv blodprovstagning,,AA,,
AA097,Transkraniell dopplerundersökning,,AA,,
AA098,Receptorscintigrafi (DaTscan),,AA,,
AA100,"Farmakologiskt smärttest, lokalt",,AA,,
AA101,"Farmakologiskt smärttest, intravenöst",,AA,,
AA102,"Farmakologiskt smärttest, epiduralt",,AA,,
AA103,"Farmakologiskt smärttest, intratekalt",,AA,,
AA104,Objektiv auditiv mätning (ASSR),,AA,,
AA110,Gammakameraundersökning med frågeställning upphävd intracerebral cirkulation,,AA,,
AA200,"Algologisk känselundersökning, kvalitativ",,AA,,
AA210,"Algologisk känselundersökning, kvantitativ (QST)",,AA,,
AA220,"Algologisk smärtbedömning, enkel",,AA,,
AA221,"Algologisk smärtbedömning, komplicerad",,AA,,
AA230,Strukturerad smärtanamnes,,AA,,
AB,Endokrina organ,,A,,
AB001,"Datortomografi, tyreoidea och paratyreoidea",,AB,,
AB003,"Endokrint test, ACTH-analog, kort",,AB,,
AB004,"Endokrint test, ACTH-analog, lång",,AB,,
AB005,"Endokrint test, ACTH-analog, medellång",,AB,,
AB006,"Endokrint test, ammoniumklorid",,AB,,
AB007,"Endokrint test, arginin",,AB,,
AB008,Kortikosteroidtest vid hyperkalcemi,,AB,,
AB009,"Endokrint test, CRH",,AB,,
AB010,"Endokrint test, dexametason",,AB,,
AB011,"Endokrint test, fasteprov",,AB,,
AB012,"Endokrint test, GHRH",,AB,,
AB013,"Endokrint test, glukagon",,AB,,
AB014,"Endokrint test, glukos, (akromegali)",,AB,,
AB015,"Endokrint test, glukos, (postprandiell hypoglykemi)",,AB,,
AB016,"Endokrint test, GnRH (LHRH)",,AB,,
AB017,"Endokrint test, insulin",,AB,,
AB018,"Endokrint test, klonidin",,AB,,
AB019,"Endokrint test, L-dopa",,AB,,
AB020,"Endokrint test, magnesium",,AB,,
AB021,"Endokrint test, multipel endokrin neoplasi I (MEN I), frukost",,AB,,
AB022,"Endokrint test, metyrapon (metopiron)",,AB,,
AB023,"Endokrint test, natriumklorid",,AB,,
AB024,"Endokrint test, pentagastrin, (medullär tyreoideacancer)",,AB,,
AB025,"Endokrint test, pentagastrin, (carcinoid)",,AB,,
AB026,"Endokrint test, PRA eller aldosteron",,AB,,
AB027,"Endokrint test, sekretin",,AB,,
AB028,"Endokrint test, TRH, kort",,AB,,
AB029,"Endokrint test, TRH, lång",,AB,,
AB030,"Endokrint test, törstprov",,AB,,
AB031,"Glukosbelastning, intravenös",,AB,,
AB032,"Glukosbelastning, peroral",,AB,,
AB033,"Glukostoleranstest, intravenös",,AB,,
AB034,"Hormonprofil, GH-profil",,AB,,
AB035,"Hormonprofil, GH-dygnsprofil med pump",,AB,,
AB036,"Hormonprofil, GH-dygnsprofil utan pump",,AB,,
AB037,"Hormonprofil, kortisol eller ACTH",,AB,,
AB038,"Hormonprofil, TSH",,AB,,
AB039,Klinisk undersökning av endokrina organ,,AB,,
AB040,Sensorbaserad kontinuerlig glukosmätning,,AB,,
AB041,"Magnetresonanstomografi, binjurar",,AB,,
AB042,"Magnetresonanstomografi, tyreoidea och paratyreoidea",,AB,,
AB043,"Skintigrafi, binjurebark",,AB,,
AB044,"Skintigrafi, binjuremärg",,AB,,
AB045,"Skintigrafi, paratyreoidea",,AB,,
AB046,"Skintigrafi, somatostatinreceptor",,AB,,
AB047,"Skintigrafi, tyreoidea",,AB,,
AB048,"Skintigrafi, tyreoidea, upptagsmätning",,AB,,
AB049,"Ultraljudsundersökning, binjurar",,AB,,
AB050,"Ultraljudsundersökning, paratyreoidea",,AB,,
AB051,"Ultraljudsundersökning, tyreoidea",,AB,,
AB052,Övriga specificerade endokrina tester,,AB,,
AB053,Övriga specificerade hormonprofiler,,AB,,
AB054,"Datortomografi, binjurar",,AB,,
AB055,Radiojodupptagningsmätning,,AB,,
AC,Ögonregionen,,A,,
AC001,"Allergenprovokation, konjunktival",,AC,,
AC002,Axellängdsmätning ögonglob,,AC,,
AC003,Dakryocystografi,,AC,,
AC004,"Datortomografi, orbita",,AC,,
AC005,Elektroretinografi (ERG),,AC,,
AC006,Flebografi av orbita,,AC,,
AC007,Fotografering av ögat,,AC,,
AC008,Färgsinnestest,,AC,,
AC009,Gonioskopi,,AC,,
AC010,Hertelmätning,,AC,,
AC011,Keratometri,,AC,,
AC012,Klinisk undersökning av ögon,,AC,,
AC013,Kontrastseendeundersökning,,AC,,
AC014,Laserbiomikroskopi av ögon,,AC,,
AC015,Lees skärm,,AC,,
AC016,"Magnetresonanstomografi, orbita",,AC,,
AC017,Mätning av hornhinnetjocklek,,AC,,
AC018,Neurooftalmologisk undersökning,,AC,,
AC019,"Oftalmoskopi, binokulär",,AC,,
AC020,"Oftalmoskopi, direkt",,AC,,
AC021,"Oftalmoskopi, indirekt",,AC,,
AC022,Mätning av näthinnetjocklek,,AC,,
AC023,Omfattande bländningsundersökning,,AC,,
AC024,Omfattande kontrastseendeundersökning,,AC,,
AC025,Prismautjämning,,AC,,
AC026,Pupilldilatation,,AC,,
AC027,Refraktionering,,AC,,
AC028,Skelningsstatus,,AC,,
AC029,"Skintigrafi, melanomlokalisation i öga (preoperativt)",,AC,,
AC030,"Skintigrafi, tårkörtel",,AC,,
AC031,"Synfältsundersökning, manuell",,AC,,
AC032,Synskärpeundersökning,,AC,,
AC033,"Tryckkurva, ögon",,AC,,
AC034,"Tryckmätning, ögon",,AC,,
AC035,Ultraljudsundersökning av bulben,,AC,,
AC036,Ultraljudsundersökning av orbita,,AC,,
AC037,Undersökning avseende prematuritetsretinopati (ROP),,AC,,
AC038,Undersökningar vid misstänkt keratokonjunctivitis sicca,,AC,,
AC039,Utvidgat färgsinnestest med anomaloskop,,AC,,
AC040,"Ögonbiomikroskopi, med kontaktglas",,AC,,
AC041,"Ögonbiomikroskopi, utan kontaktglas",,AC,,
AC042,Elektrookulografi,,AC,,
AC043,Glaucoma Diagnostic (GCx),,AC,,
AC044,Ultraljudsbiomikroskopi (UBM),,AC,,
AC045,Scheimpflug-fotografering,,AC,,
AC046,"Korneal topografi, undersökning av",,AC,,
AC047,Skiaskopi,,AC,,
AC048,Autorefraktometri,,AC,,
AC049,"Binokulärt blickfält, undersökning av",,AC,,
AC050,"Stereoseende, undersökning av",,AC,,
AC051,ICG-angiografi av ögonbotten,,AC,,
AC052,Fluorescein-angiografi av ögonbotten,,AC,,
AC060,Diplopitest,,AC,,
AC065,Synbedömning utan medverkan,,AC,,
AD,"Öron, näsa, hals och struphuvud",,A,,
AD001,"Allergenprovokation, nasal",,AD,,
AD002,Angiografi av halsorgan,,AD,,
AD003,Audiogram med såväl luft- som benledningsmätning,,AD,,
AD004,Barnaudiologiska test,,AD,,
AD005,"Datortomografi, hals och larynx",,AD,,
AD006,"Datortomografi, spottkörtlar",,AD,,
AD007,"Datortomografi, temporalben (öra)",,AD,,
AD008,"Epifaryngoskopi, endoskopisk",,AD,,
AD009,Fiberskopisk undersökning av orofaryngeal sväljning (FUS),,AD,,
AD010,Fiberskopisk undersökning av velofarynxfunktion under tal,,AD,,
AD011,Höghastighetsfilmning av stämbanden,,AD,,
AD012,Impedansmätning inom audiologin,,AD,,
AD013,"Klinisk undersökning av öron, näsa och hals",,AD,,
AD014,Laryngografi,,AD,,
AD015,Laryngoskopi med stel optik,,AD,,
AD016,Ljudobehagsmätningar,,AD,,
AD017,Lukt- och smakutredning,,AD,,
AD018,"Magnetresonanstomografi, hals och larynx",,AD,,
AD019,"Magnetresonanstomografi, spottkörtlar",,AD,,
AD020,"Magnetresonanstomografi, temporalben (öra)",,AD,,
AD021,Nasalt borstprov,,AD,,
AD022,Nasometri,,AD,,
AD023,Registrering av otoakustiska emissioner,,AD,,
AD024,Preoperativ kokleaimplantatutredning,,AD,,
AD025,Rinometri,,AD,,
AD026,Rinomanometri,,AD,,
AD027,"Röntgenundersökning, epifarynx och nasofarynx",,AD,,
AD028,"Röntgenundersökning, halsens mjukdelar (inklusive trakea)",,AD,,
AD029,"Röntgenundersökning, hypofarynx",,AD,,
AD030,"Röntgenundersökning, hypofarynx och esofagus",,AD,,
AD031,"Röntgenundersökning, larynx (utan kontrast)",,AD,,
AD032,"Röntgenundersökning, näsans bihålor",,AD,,
AD033,"Röntgenundersökning, spottkörtlar (översikt)",,AD,,
AD034,"Röntgenundersökning, temporalben (öra), fullständig undersökning",,AD,,
AD035,Sialografi,,AD,,
AD036,Stroboskopisk undersökning av stämbanden,,AD,,
AD037,Talaudiometriska test,,AD,,
AD038,Tinnitusanalys,,AD,,
AD039,Tinnitusutredning,,AD,,
AD041,Tympanometri,,AD,,
AD042,Ultraljud sinus,,AD,,
AD043,"Ultraljudsundersökning, halsens mjukdelar",,AD,,
AD044,"Ultraljudsundersökning, spottkörtlar",,AD,,
AD045,Undersökning av röst,,AD,,
AD046,Videofluoroskopi av velofarynxfunktion under tal,,AD,,
AD047,"Tonaudiogram, endast luftledning",,AD,,
AD048,"Epifaryngoskopi, endoskopisk med biopsi",,AD,,
AD050,"Hörselutredning, omfattande",,AD,,
AD051,Hörselgångsmätning (IF-mätning),,AD,,
AD052,Foniatrisk diagnostik av röst- och talstörningar,,AD,,
AD053,Ljudfältsmätning,,AD,,
AD054,Avtryckstagning från hörselgång och ytteröra,,AD,,
AD055,Video Head Impulse Test (vHIT),,AD,,
AE,"Läppar, tänder, käkar, mun och svalg",,A,,
AE001,"Datortomografi, inför implantat av tänder",,AE,,
AE002,"Datortomografi, käkleder",,AE,,
AE003,"Datortomografi, munbotten",,AE,,
AE004,Klinisk undersökning av munhåla och tänder,,AE,,
AE005,"Magnetresonanstomografi, käkleder",,AE,,
AE006,"Magnetresonanstomografi, munbotten",,AE,,
AE007,"Röntgenundersökning, enskild tand",,AE,,
AE008,"Röntgenundersökning, käkleder",,AE,,
AE009,"Röntgenundersökning, munbotten",,AE,,
AE010,"Röntgenundersökning, munhåla",,AE,,
AE011,"Röntgenundersökning, stereoundersökning av käkbensförankrat implantat",,AE,,
AE012,"Röntgenundersökning, tänder (utan närmare specificering)",,AE,,
AE013,"Röntgenundersökning, tänder, delstatus",,AE,,
AE014,"Röntgenundersökning, tänder, helstatus",,AE,,
AE015,"Röntgenundersökning, tänder, panoramaundersökning",,AE,,
AE016,"Röntgenundersökning, underkäke",,AE,,
AE017,Salivvolymsmätning,,AE,,
AE018,"Skintigrafi, spottkörtlar",,AE,,
AE019,"Skintigrafi, tårkanal",,AE,,
AE020,Undersökning av oralmotorik,,AE,,
AE021,Videofluoroskopi av orofaryngeal sväljning,,AE,,
AF,Hjärtat och de stora intratorakala kärlen,,A,,
AF001,Angiografi av höger förmak,,AF,,
AF002,Angiografi av höger kammare,,AF,,
AF003,Angiografi av vänster förmak,,AF,,
AF004,Angiografi av vänster kammare,,AF,,
AF005,"Angiografi, aortocervikal",,AF,,
AF006,Selektiv angiografi av coronary bypass inklusive a. mammaria interna,,AF,,
AF008,Annan specificerad elektrokardiografi,,AF,,
AF009,Annan specificerad mätning i hjärta och de stora intratorakala kärlen,,AF,,
AF010,"Aortografi, lumbal",,AF,,
AF011,"Aortografi, torakal (supravalvulär)",,AF,,
AF012,"Arbets-EKG, standard",,AF,,
AF013,Arteriografi av två eller flera bukartärer,,AF,,
AF015,Blodtrycksmätning standard,,AF,,
AF016,"Blodtrycksmätning under lång tid, non-invasiv",,AF,,
AF017,"Datortomografi, bukaorta och vena cava",,AF,,
AF018,"Datortomografi, hjärta",,AF,,
AF019,Doppler ekokardiografi med stress,,AF,,
AF020,"Doppler ekokardiografi, transtorakal, enkel",,AF,,
AF021,"Doppler ekokardiografi, transtorakal, omfattande",,AF,,
AF022,"Elektrokardiografi (EKG), 12 avledningar, standard",,AF,,
AF023,"Elektrokardiografi (EKG), 12 avledningar, standard, tagning",,AF,,
AF024,"Elektrokardiografi (EKG), 12 avledningar, standard, tolkning",,AF,,
AF025,Esofagus-elektrokardiografi (EKG),,AF,,
AF026,Filmning eller genomlysning av hjärtklaff (ej vid angiografi),,AF,,
AF027,Foster-elektrokardiografi (EKG),,AF,,
AF028,Fosterekokardiografi,,AF,,
AF029,Hjärtfrekvensvariabilitetsanalys,,AF,,
AF032,Intrakoronart ultraljud och doppler,,AF,,
AF033,Invasiv elektrofysiologisk hjärtundersökning,,AF,,
AF034,Kardiotokografi (CTG),,AF,,
AF035,"Kavografi, torakal",,AF,,
AF036,Klinisk undersökning av hjärta och kärl,,AF,,
AF037,Koronarangiografi,,AF,,
AF038,"Late Potential-elektrografi (EG, sena potentialer)",,AF,,
AF039,Långtids-EKG-registrering (eventrecording),,AF,,
AF040,"Långtids-EKG-registrering, arytmianalys, (Holter)",,AF,,
AF041,"Långtids-EKG-registrering, bedömning",,AF,,
AF042,"Långtids-EKG-registrering, ST-analys, (Holter)",,AF,,
AF043,"Långtids-EKG-registrering, uppkoppling",,AF,,
AF044,"Magnetresonanstomografi, bukaorta och vena cava",,AF,,
AF045,"Magnetresonanstomografi, hjärta",,AF,,
AF046,"Skintigrafi, myokardperfusion i vila",,AF,,
AF047,"Mätning av Critical Opening Pressure, COP (köldprovokation)",,AF,,
AF048,"Mätning av intrakardiellt tryck, högerhjärta",,AF,,
AF049,"Mätning av intrakardiellt tryck, vänsterhjärta",,AF,,
AF050,Mätning av intrarteriellt blodtryck,,AF,,
AF051,Non-invasiv elektrofysiologisk undersökning av hjärtat,,AF,,
AF052,Pulmonalisangiografi,,AF,,
AF053,"Röntgenundersökning, hjärta och lungor (med eller utan hjärtvolymsbedömning)",,AF,,
AF054,Skintigrafi med farmakologisk stress,,AF,,
AF055,"Skintigrafi, hjärtkammarfunktion i arbete (jämviktsundersökning)",,AF,,
AF056,"Skintigrafi, hjärtkammarfunktion i vila (jämviktsundersökning)",,AF,,
AF057,"Skintigrafi, hjärtkammarfunktion, första passage",,AF,,
AF058,"Skintigrafi, hjärtminutvolym",,AF,,
AF059,"Skintigrafi, hjärtshuntdiagnostik",,AF,,
AF060,"Skintigrafi, myokardinfarkt",,AF,,
AF061,"Skintigrafi, myokardperfusion i arbete",,AF,,
AF062,"Skintigrafi, myokardperfusion vid farmakologisk stress",,AF,,
AF063,Telemetriövervakning av hjärtat,,AF,,
AF064,Transesofageal ekokardiografi,,AF,,
AF065,"Ultraljudsundersökning, bukaorta",,AF,,
AF066,"Ultraljudsundersökning, hjärtklaffar",,AF,,
AF067,"Ultraljudsundersökning, perikardiet",,AF,,
AF068,"Ultraljudsundersökning, torakala kärl",,AF,,
AF069,"Ultraljudsundersökning, vena cava",,AF,,
AF070,Vektor-elektrokardiografi (EKG),,AF,,
AF071,Vänster- och högersidig kammarangiografi,,AF,,
AF073,"Blodtrycksmätning under lång tid, non-invasiv, uppkoppling",,AF,,
AF074,Ortostatiskt prov,,AF,,
AF075,Tilttest,,AF,,
AG,"Bröstvägg, pleura, mediastinum, diafragma, trakea, bronker och lungor",,A,,
AG001,"Allergenprovokation, bronkial",,AG,,
AG002,"Angiografi, selektiv, av andra kärl inom hals-bröstregion",,AG,,
AG003,Annat specificerat andningsprov,,AG,,
AG004,Ansträngningsprovokation,,AG,,
AG005,Apnémonitorering,,AG,,
AG006,Bronkreaktivitetstest,,AG,,
AG007,"Datortomografi, lungor",,AG,,
AG008,"Datortomografi, mediastinum inklusive de stora kärlen",,AG,,
AG009,"Datortomografi, torax",,AG,,
AG010,Flebografi av mediastinum (selektiv),,AG,,
AG011,"Flebografi, selektiv, av andra vener i hals-bröst-regionen",,AG,,
AG012,Flexibel bronkoskopi med borstprov,,AG,,
AG013,Flexibel bronkoskopi med bronkoalveolärt lavage (BAL),,AG,,
AG014,Inducerat sputumprov,,AG,,
AG015,Klinisk undersökning av andningsvägar och lungor,,AG,,
AG016,Mätning av kolmonoxid (CO)-diffusion,,AG,,
AG017,Kväve-test (N2-test),,AG,,
AG018,Mätning av kvävemonoxid (NO) i utandningsluft,,AG,,
AG019,Mätning av lungelasticitet,,AG,,
AG020,Lungvolymsbestämning med kroppspletysmograf,,AG,,
AG021,Lungvolymsbestämning med spädningsteknik,,AG,,
AG022,Magnetisk frenikusstimulering,,AG,,
AG023,"Magnetresonanstomografi, lungor",,AG,,
AG024,"Magnetresonanstomografi, mediastinum inklusive de stora kärlen",,AG,,
AG025,"Magnetresonanstomografi, torax",,AG,,
AG026,"Mätning av maximala respiratoriska tryck, och snifftest",,AG,,
AG027,Mätning av lungmekanik med superpositionsmetod,,AG,,
AG028,"Oximetri, långtidsregistrering",,AG,,
AG029,Peak expiratory flow (PEF),,AG,,
AG030,"Peak expiratory flow (PEF), dygnskurvor",,AG,,
AG031,Perkutan oximetri,,AG,,
AG032,Perkutan oximetri med endtidal CO2-mätning,,AG,,
AG034,Radiospirometri,,AG,,
AG035,Mätning av resistens i luftvägarna,,AG,,
AG036,"Röntgenundersökning, bronkografi eller trakeografi",,AG,,
AG037,"Röntgenundersökning, hals-bröstorgan utan egen kod",,AG,,
AG038,"Röntgenundersökning, lungor, hälsokontroll",,AG,,
AG039,"Röntgenundersökning, lungor, kontroll av central venkateter (med kontrastinjektion)",,AG,,
AG040,"Röntgenundersökning, lungor, liggande patient",,AG,,
AG041,"Röntgenundersökning, lungor, skärmbild",,AG,,
AG042,"Röntgenundersökning, revben",,AG,,
AG043,"Röntgenundersökning, sternum",,AG,,
AG044,"Skintigrafi, abscess- och infektionslokalisation i hals- och bröstorgan",,AG,,
AG045,"Skintigrafi, aspiration",,AG,,
AG046,"Skintigrafi, lungdiffusion",,AG,,
AG047,"Skintigrafi, lungperfusion",,AG,,
AG048,"Skintigrafi, lungventilation",,AG,,
AG049,"Skintigrafi, tumörlokalisation i hals- och bröstorgan",,AG,,
AG050,"Skintigrafi, undersökning av hals- och bröstorgan utan egen kod",,AG,,
AG051,"Spirometri, före och efter bronkdilatation",,AG,,
AG052,Spirometri inklusive forcerad inspiration,,AG,,
AG053,"Spirometri, dynamisk",,AG,,
AG054,Mätning av transdiafragmala tryck,,AG,,
AG055,Transillumination,,AG,,
AG056,Transkutan mätning av syrgas och/eller koldioxid,,AG,,
AG057,"Ultraljudsundersökning, bröstkorgsvägg",,AG,,
AG058,"Ultraljudsundersökning, lungor",,AG,,
AG059,"Ultraljudsundersökning, mediastinum",,AG,,
AG060,"Ultraljudsundersökning, pleura",,AG,,
AG061,Utredning inför planerad behandling med luftvägsmottryck CPAP eller BilevelPAP,,AG,,
AG062,Utredning inför planerad kronisk behandling med syrgas,,AG,,
AG063,Utredning inför planerad kronisk respiratorbehandling,,AG,,
AH,Bröstkörtlar,,A,,
AH001,"Datortomografi, bröstkörtlar",,AH,,
AH002,Galaktografi,,AH,,
AH003,"Indikering av brösttumör, röntgen",,AH,,
AH004,"Magnetresonanstomografi, bröstkörtlar",,AH,,
AH005,"Mammografi, fullständig undersökning",,AH,,
AH006,"Mammografi, screening, enbildsundersökning",,AH,,
AH007,"Mammografi, screening, tvåbildsundersökning",,AH,,
AH008,Mammografisk preparatundersökning,,AH,,
AH009,"Ultraljudsundersökning, bröstkörtlar",,AH,,
AJ,Gastrointestinalkanalen och därtill hörande organ (inkl. mjälte),,A,,
AJ001,Anal fistulografi,,AJ,,
AJ002,Annan specificerad tryckmätning i gastrointestinalkanalen,,AJ,,
AJ003,Anografi (på barn),,AJ,,
AJ004,"Datortomografi, buk (ospecificerat)",,AJ,,
AJ005,"Datortomografi, gallblåsa",,AJ,,
AJ006,"Datortomografi, gallvägar",,AJ,,
AJ007,"Datortomografi, lever",,AJ,,
AJ008,"Datortomografi, mjälte",,AJ,,
AJ009,"Datortomografi, nedre delen av buken inklusive lilla bäckenet",,AJ,,
AJ010,"Datortomografi, pankreas",,AJ,,
AJ011,"Datortomografi, retroperitoneala rummet",,AJ,,
AJ012,"Datortomografi, sigmoideum-rektum",,AJ,,
AJ013,"Datortomografi, övre delen av buken",,AJ,,
AJ014,Defekografi,,AJ,,
AJ015,"Duodenografi, hypoton",,AJ,,
AJ016,Esofagusmanometri med provokationstest,,AJ,,
AJ017,Herniografi,,AJ,,
AJ019,Klinisk undersökning av buk,,AJ,,
AJ020,Klinisk undersökning av ändtarm,,AJ,,
AJ021,"Kolangiografi, postoperativ",,AJ,,
AJ022,"Kolangiografi, transhepatisk perkutan (PTC), med externt dränage",,AJ,,
AJ023,"Kolangiografi, transhepatisk perkutan (PTC), med dilatation av gallgångsstriktur eller extraktion av gallkonkrement",,AJ,,
AJ024,"Kolangiografi, transhepatisk perkutan (PTC), med direktpunktion",,AJ,,
AJ025,"Kolangiografi, transhepatisk perkutan (PTC), med endoprotes eller internt dränage",,AJ,,
AJ026,Kolecystografi,,AJ,,
AJ027,"Kolegrafi, intravenös",,AJ,,
AJ028,"Magnetresonanstomografi, buk (ospecificerat)",,AJ,,
AJ029,"Magnetresonanstomografi, gallblåsa",,AJ,,
AJ030,"Magnetresonanstomografi, gallvägar",,AJ,,
AJ031,"Magnetresonanstomografi, lever",,AJ,,
AJ032,"Magnetresonanstomografi, mjälte",,AJ,,
AJ033,"Magnetresonanstomografi, nedre delen av buken inklusive lilla bäckenet",,AJ,,
AJ034,"Magnetresonanstomografi, pankreas",,AJ,,
AJ035,"Magnetresonanstomografi, övre delen av buken",,AJ,,
AJ036,Perkutan kolangiografi,,AJ,,
AJ037,Rektalbiopsi via kapsel,,AJ,,
AJ038,"Röntgenundersökning, bukorgan, utan egen kod",,AJ,,
AJ039,"Röntgenundersökning, buköversikt, (akut buk)",,AJ,,
AJ040,"Röntgenundersökning, ej akut buköversikt (lever,mjälte,pankreas, etc.)",,AJ,,
AJ041,"Röntgenundersökning, esofagus",,AJ,,
AJ042,"Röntgenundersökning, kolon",,AJ,,
AJ043,"Röntgenundersökning, kolon, med dubbelkontrast",,AJ,,
AJ044,"Röntgenundersökning, tarmreservoar",,AJ,,
AJ045,"Röntgenundersökning, tunntarm",,AJ,,
AJ046,"Röntgenundersökning, tunntarm, med dubbelkontrast med sond",,AJ,,
AJ047,"Röntgenundersökning, tunntarm, med dubbelkontrast utan sond",,AJ,,
AJ048,"Röntgenundersökning, ventrikel, med dubbelkontrast med sond",,AJ,,
AJ049,"Röntgenundersökning, ventrikel, med dubbelkontrast utan sond",,AJ,,
AJ050,"Röntgenundersökning, ventrikel och duodenum",,AJ,,
AJ051,Samling av duodenalsaft,,AJ,,
AJ052,"Skintigrafi, abscess- och infektionslokalisation i magtarmkanal och bukorgan",,AJ,,
AJ053,"Skintigrafi, blödning",,AJ,,
AJ054,"Skintigrafi, bukhåla",,AJ,,
AJ055,"Skintigrafi, duodeno-gastrisk reflux, gallreflux",,AJ,,
AJ056,"Skintigrafi, ektopisk ventrikelslemhinna (esofagus)",,AJ,,
AJ057,"Skintigrafi, ektopisk ventrikelslemhinna i tunntarm (Meckel)",,AJ,,
AJ058,"Skintigrafi, esofagus (motorik)",,AJ,,
AJ059,"Skintigrafi, gallsaltsresorption",,AJ,,
AJ060,"Skintigrafi, gallvägar",,AJ,,
AJ061,"Skintigrafi, gastro-esofageal reflux",,AJ,,
AJ062,"Skintigrafi, lever och mjälte",,AJ,,
AJ063,"Skintigrafi, lever, kontroll av kateterläge",,AJ,,
AJ064,"Skintigrafi, mjälte (ej lever)",,AJ,,
AJ065,"Skintigrafi, pankreas",,AJ,,
AJ066,"Skintigrafi, Schillingtest",,AJ,,
AJ067,"Skintigrafi, tumörlokalisation i mag-tarmkanal och bukorgan",,AJ,,
AJ068,"Skintigrafi, tunntarm-kolonmotorik",,AJ,,
AJ069,"Skintigrafi, undersökning av mag-tarmkanal och bukorgan utan egen kod",,AJ,,
AJ070,"Skintigrafi, ventrikeltömning",,AJ,,
AJ071,"Stomikontroll, radiologisk",,AJ,,
AJ072,Transitmätning,,AJ,,
AJ073,Transkutan bilirubinmätning,,AJ,,
AJ074,Tryckmätning i esofagus under tal,,AJ,,
AJ075,Tunntarmsmanometri (lågupplöst),,AJ,,
AJ076,Ultraljudsundersökning vid nedre gastrointestinal endoskopi,,AJ,,
AJ077,"Ultraljudsundersökning, bukvägg",,AJ,,
AJ078,"Ultraljudsundersökning, gallblåsa",,AJ,,
AJ079,"Ultraljudsundersökning, gallvägar",,AJ,,
AJ080,"Ultraljudsundersökning, lever",,AJ,,
AJ081,"Ultraljudsundersökning, mag-tarmkanal",,AJ,,
AJ082,"Ultraljudsundersökning, mjälte",,AJ,,
AJ083,"Ultraljudsundersökning, pankreas",,AJ,,
AJ084,"Ultraljudsundersökning, översikt av buken",,AJ,,
AJ085,Urea-utandningstest,,AJ,,
AJ086,Vätgasanalys av utandningsluft,,AJ,,
AJ087,Laktosbelastning,,AJ,,
AJ088,Näringsupptagsmätning,,AJ,,
AJ089,Peroral fettbelastning,,AJ,,
AJ090,Angiografi av pankreastransplantat,,AJ,,
AJ091,Angiografi av transplanterad lever,,AJ,,
AJ092,Ultraljud av pankreastransplantat,,AJ,,
AJ093,Ultraljud av transplanterad lever,,AJ,,
AJ094,Intraabdominell tryckmätning,,AJ,,
AJ095,Impedansmätning i esofagus,,AJ,,
AJ096,Registrering av inflammatoriska parametrar och symtom,,AJ,,
AJ097,Tunntarmsmanometri (högupplöst),,AJ,,
AJ100,Triglycerid utandningstest,,AJ,,
AJ105,Transvaginalt ultraljud tarm,,AJ,,
AJ106,Transanalt ultraljud tarm,,AJ,,
AK,"Njurar, urinvägar, manliga könsorgan och retroperitoneal vävnad",,A,,
AK001,Cystografi med dubbelkontrast,,AK,,
AK002,"Datortomografi, njurar",,AK,,
AK003,"Datortomografi, prostata och vesiklar",,AK,,
AK004,"Datortomografi, urinblåsa",,AK,,
AK005,Dopplerundersökning av njurparenkymets artärer,,AK,,
AK006,Klinisk undersökning av manliga genitalia,,AK,,
AK007,Kolpo-uretrocystografi,,AK,,
AK008,Kontinenstest,,AK,,
AK009,"Magnetresonanstomografi, njurar",,AK,,
AK010,"Magnetresonanstomografi, prostata och vesiklar",,AK,,
AK011,"Magnetresonanstomografi, retroperitoneala rummet",,AK,,
AK012,"Magnetresonanstomografi, urinblåsa",,AK,,
AK013,Miktions-uretrocystografi,,AK,,
AK014,"Plasmaclearance, 24-timmarsclearance",,AK,,
AK015,"Plasmaclearance, ett provtagningstillfälle",,AK,,
AK016,"Plasmaclearance, flera provtagningstillfällen under en dag",,AK,,
AK017,"Pyelografi, antegrad, i befintlig kateter",,AK,,
AK018,"Pyelografi, antegrad, med punktion",,AK,,
AK019,"Pyelografi, retrograd",,AK,,
AK020,"Röntgenundersökning av Brickerdeviation (\Bricker-blåsa\"")""",,AK,,
AK021,"Röntgenundersökning, blåsöversikt",,AK,,
AK022,"Röntgenundersökning, uretra, urinblåsa (retrograd kontrastinjektion)",,AK,,
AK023,"Röntgenundersökning, urinvägsöversikt",,AK,,
AK025,"Röntgenundersökning, urogenitalorgan, utan egen kod",,AK,,
AK026,"Skintigrafi, renografi med farmakologisk provokation",,AK,,
AK027,"Skintigrafi, abscess- och infektionslokalisation i urogenitalorgan",,AK,,
AK028,"Skintigrafi, clearance-bestämning",,AK,,
AK030,"Skintigrafi, njure, forcerad diures",,AK,,
AK031,"Skintigrafi, njure, funktion",,AK,,
AK032,"Skintigrafi, njure, morfologi",,AK,,
AK033,"Skintigrafi, njure, sidofunktion",,AK,,
AK034,"Skintigrafi, penisblodflöde",,AK,,
AK035,"Skintigrafi, renografi",,AK,,
AK036,"Skintigrafi, residualurinbestämning",,AK,,
AK037,"Skintigrafi, testis",,AK,,
AK038,"Skintigrafi, tumörlokalisation i urogenitalorgan",,AK,,
AK039,"Skintigrafi, undersökning av urogenitalorgan, utan egen kod",,AK,,
AK040,"Skintigrafi, uretär",,AK,,
AK041,"Skintigrafi, vesiko-ureteral reflux, efter njurskintigrafi",,AK,,
AK042,"Skintigrafi, vesiko-ureteral reflux, efter urinblåsekateterisering",,AK,,
AK043,Ultraljudsundersökning av urinblåsan,,AK,,
AK044,"Ultraljudsundersökning, njurar",,AK,,
AK045,"Ultraljudsundersökning, penis",,AK,,
AK046,"Ultraljudsundersökning, prostata och vesiklar, suprapubiskt",,AK,,
AK047,"Ultraljudsundersökning, residualurinbestämning",,AK,,
AK048,"Ultraljudsundersökning, retroperitoneum, exklusive njurar",,AK,,
AK049,"Ultraljudsundersökning, skrotum",,AK,,
AK050,"Ultraljudsundersökning, transplanterad njure",,AK,,
AK053,"Urinkoncentrationsbestämning, desmopressintest",,AK,,
AK054,Urografi med kompression,,AK,,
AK055,Urografi med peristaltikstudier eller njurbäckentryckmätning,,AK,,
AK056,Urografi utan kompression,,AK,,
AK057,Vesikulografi,,AK,,
AK058,Pneumocystografi,,AK,,
AK059,Kavernosografi,,AK,,
AK060,Punktionsbiopsi av njurbäcken,,AK,,
AK061,Punktionsbiopsi av njurbäcken i transplanterad njure,,AK,,
AK062,Punktionsbiopsi av njure,,AK,,
AK063,Punktionsbiopsi av transplanterad njure,,AK,,
AK064,Blåsfyllnadstest och läckageprovokation,,AK,,
AK100,Undersökning av fullständig spermaanalys,,AK,,
AK101,Undersökning av fullständig spermaanalys samt preparation av spermier inför behandling,,AK,,
AK102,Kontraktsskrivning och frysförvaring av spermier,,AK,,
AK103,Frysförvaring av spermier,,AK,,
AK104,Undersökning av Y-kromosomen med frågeställningen deletion,,AK,,
AK105,Genetisk undersökning av spermier,,AK,,
AK106,Ultrastrukturell undersökning av spermier,,AK,,
AK107,Preparation och undersökning av testikelbiopsi,,AK,,
AK108,Kvalitativ utvärdering av nattliga erektioner,,AK,,
AK110,Transvaginalt ultraljud urinblåsa,,AK,,
AK111,Transanalt ultraljud urinblåsa,,AK,,
AK112,Transvaginalt ultraljud uretär,,AK,,
AK113,Transanalt ultraljud uretär,,AK,,
AK114,Transvaginalt ultraljud peritoneum,,AK,,
AK115,Transanalt ultraljud peritoneum,,AK,,
AK116,Transperinealt ultraljud bäckenbotten,,AK,,
AK117,Transrektal ultraljudsundersökning av prostata och vesiklar,,AK,,
AK118,Transperineal ultraljudsundersökning av prostata och vesiklar,,AK,,
AK130,"Datortomografi, urografi",,AK,,
AK140,Isvattentest,,AK,,
AL,Kvinnliga könsorgan,,A,,
AL001,"Cytologprov, bakre fornix, portio och cervix uteri",,AL,,
AL002,"Datortomografi, uterus och ovarier",,AL,,
AL003,"Vaginal ultraljudsundersökning av uterus, adnexa och lilla bäckenet",,AL,,
AL004,"Abdominell ultraljudsundersökning av uterus, adnexa och lilla bäckenet",,AL,,
AL005,"Vaginal ultraljudsundersökning, hysterosonografi",,AL,,
AL006,Hysterosalpingografi,,AL,,
AL007,Intrauterin tryckmätning,,AL,,
AL008,Klinisk undersökning av kvinnliga genitalia,,AL,,
AL009,"Magnetresonanstomografi, uterus och ovarier",,AL,,
AL011,"Skintigrafi, tubarpassage",,AL,,
AL012,Ultraljud av endometrium,,AL,,
AL013,Ultraljud av folliklar,,AL,,
AL014,"Ultraljudsundersökning, lilla bäckenet",,AL,,
AL015,Patientbedömning inför ovulationsstimulering och assisterad befruktning,,AL,,
AL016,Preimplantatorisk genetisk diagnostik,,AL,,
AL017,Vaginal ultraljudsundersökning vid fertilitetsbehandling,,AL,,
AL018,"Abdominell gynekologisk ultraljudsundersökning, annan specificerad",,AL,,
AL019,Vaginal gynekologisk ultraljudsundersökning med dopplerundersökning av blodkärl,,AL,,
AL020,Transvaginalt ultraljud med intravaginal gelinstillation,,AL,,
AM,Graviditet och förlossning,,A,,
AM001,"Bäckenmätning, radiologisk",,AM,,
AM003,"Obstetriskt ultraljud, missbildningsdiagnostik",,AM,,
AM004,"Obstetriskt ultraljud, riktad organscreening",,AM,,
AM005,Obstetriskt rutinultraljud i andra trimestern,,AM,,
AM006,"Obstetriskt ultraljud, viktskattning",,AM,,
AM007,"Röntgenundersökning, foster (ålder, antal, läge)",,AM,,
AM009,"Normal graviditet, kontroll",,AM,,
AM010,"Komplicerad graviditet, kontroll",,AM,,
AM011,"Obstetriskt ultraljud, annat specificerat",,AM,,
AM012,"Obstetriskt ultraljud, NUPP-KUB",,AM,,
AM013,Yttre press under förlossning,,AM,,
AM014,Obstetriskt ultraljud för bedömning av fosterläge,,AM,,
AM015,Obstetriskt ultraljud med dopplerundersökning av a. umbilicalis,,AM,,
AM016,Obstetriskt ultraljud med dopplerundersökning av andra fetala kärl,,AM,,
AM017,Obstetriskt ultraljud med dopplerundersökning av a. uterina,,AM,,
AM018,Sonografi av placenta,,AM,,
AM020,"Obstetriskt ultraljud, vaginalt",,AM,,
AM021,Obstetriskt ultraljud för bedömning av fostervattenmängd,,AM,,
AM030,Obstetrisk ultraljudsundersökning för bedömning av moderns njurbäcken,,AM,,
AM035,Ultraljudsundersökning av lakterande kvinnas bröst,,AM,,
AM040,"Undersökning p.g.a. misstänkt vattenavgång, ej verifierad",,AM,,
AM041,Undersökning p.g.a. minskade fosterrörelser,,AM,,
AM042,Maternellt blodprov för fetal diagnostik,,AM,,
AN,Rörelseapparaten,,A,,
AN001,Bentermografi,,AN,,
AN002,"Bentäthetsmätning, annan kroppsdel",,AN,,
AN003,"Bentäthetsmätning, arm",,AN,,
AN004,"Bentäthetsmätning, helkropp",,AN,,
AN005,"Bentäthetsmätning, häl",,AN,,
AN006,"Bentäthetsmätning, höfter och rygg",,AN,,
AN007,"Bestämning av skelettålder, radiologisk",,AN,,
AN008,Bursografi,,AN,,
AN009,"Datortomografi, armbåge",,AN,,
AN010,"Datortomografi, axelled",,AN,,
AN011,"Datortomografi, bröstryggrad",,AN,,
AN012,"Datortomografi, bröstryggrad, med intratekal kontrast",,AN,,
AN013,"Datortomografi, bäcken och höftled",,AN,,
AN014,"Datortomografi, fot",,AN,,
AN015,"Datortomografi, fotled",,AN,,
AN016,"Datortomografi, halsryggrad",,AN,,
AN017,"Datortomografi, halsryggrad, med intratekal kontrast",,AN,,
AN018,"Datortomografi, hand",,AN,,
AN019,"Datortomografi, handled",,AN,,
AN020,"Datortomografi, knäled",,AN,,
AN021,"Datortomografi, lårben",,AN,,
AN022,"Datortomografi, ländryggrad",,AN,,
AN023,"Datortomografi, ländryggrad, med intratekal kontrast",,AN,,
AN024,"Datortomografi, sakroiliakaleder",,AN,,
AN025,"Datortomografi, sakrum",,AN,,
AN026,"Datortomografi, sakrum, med intratekal kontrast",,AN,,
AN027,"Datortomografi, underarm",,AN,,
AN028,"Datortomografi, underben",,AN,,
AN029,"Datortomografi, överarm",,AN,,
AN030,Elektrogoniometri,,AN,,
AN031,Klinisk undersökning av rygg,,AN,,
AN032,Klinisk undersökning av rörelseapparaten,,AN,,
AN033,"Magnetresonanstomografi, armbåge",,AN,,
AN034,"Magnetresonanstomografi, axelled",,AN,,
AN035,"Magnetresonanstomografi, bröstryggrad",,AN,,
AN036,"Magnetresonanstomografi, bäcken och höftled(er)",,AN,,
AN037,"Magnetresonanstomografi, fot",,AN,,
AN038,"Magnetresonanstomografi, fotled",,AN,,
AN039,"Magnetresonanstomografi, halsryggrad",,AN,,
AN040,"Magnetresonanstomografi, hand",,AN,,
AN041,"Magnetresonanstomografi, handled",,AN,,
AN042,"Magnetresonanstomografi, knäled",,AN,,
AN043,"Magnetresonanstomografi, lårben",,AN,,
AN044,"Magnetresonanstomografi, ländryggrad",,AN,,
AN045,"Magnetresonanstomografi, sakrum och sakroiliakaleder",,AN,,
AN046,"Magnetresonanstomografi, underarm",,AN,,
AN047,"Magnetresonanstomografi, underben",,AN,,
AN048,"Magnetresonanstomografi, överarm",,AN,,
AN049,Perkutan eller sluten biopsi av ledhinna,,AN,,
AN050,"Quadricepsstyrka, mätning av",,AN,,
AN051,"Röntgenundersökning, armbågsled",,AN,,
AN052,"Röntgenundersökning, axel, akromioklavikularled",,AN,,
AN053,"Röntgenundersökning, bröstryggrad",,AN,,
AN054,"Röntgenundersökning, bäcken",,AN,,
AN055,"Röntgenundersökning, fotled",,AN,,
AN056,"Röntgenundersökning, halsryggrad",,AN,,
AN057,"Röntgenundersökning, hand eller del därav (mellanhand, fingrar)",,AN,,
AN058,"Röntgenundersökning, handled",,AN,,
AN059,"Röntgenundersökning, hel extremitet, för längd- och vinkelmätning",,AN,,
AN060,"Röntgenundersökning, hälben, mellanfot, tår",,AN,,
AN061,"Röntgenundersökning, höftled hos nyfödd (misstänkt luxation)",,AN,,
AN062,"Röntgenundersökning, höftled med halvaxial sidobild",,AN,,
AN063,"Röntgenundersökning, knäled",,AN,,
AN064,"Röntgenundersökning, lårben",,AN,,
AN065,"Röntgenundersökning, ländryggrad och sakroiliakaleder",,AN,,
AN066,"Röntgenundersökning, nyckelben",,AN,,
AN067,"Röntgenundersökning, sakroiliakaleder, (vid separat undersökning)",,AN,,
AN068,"Röntgenundersökning, sakrum och koccyx, (vid separat undersökning)",,AN,,
AN069,"Röntgenundersökning, helkroppsskelett",,AN,,
AN070,"Röntgenundersökning, skulderblad",,AN,,
AN071,"Röntgenundersökning, sternoklavikularleder",,AN,,
AN072,"Röntgenundersökning, underarm",,AN,,
AN073,"Röntgenundersökning, underben",,AN,,
AN074,"Röntgenundersökning, överarm",,AN,,
AN075,"Röntgenundersökning, översikt av bäckenet vid höftledsplastik (protesbäcken)",,AN,,
AN076,"Skintigrafi, bentäthetsmätning",,AN,,
AN077,"Skintigrafi, leder, intraartikulär injektion",,AN,,
AN078,"Skintigrafi, leder, utan injektion",,AN,,
AN079,"Skintigrafi, muskelgenomblödning",,AN,,
AN080,"Skintigrafi, skelett, bäcken med höftleder",,AN,,
AN081,"Skintigrafi, skelett, fötter",,AN,,
AN082,"Skintigrafi, skelett, hals- och bröstrygg eller torax",,AN,,
AN083,"Skintigrafi, skelett, helkropp",,AN,,
AN084,"Skintigrafi, skelett, händer eller handleder",,AN,,
AN085,"Skintigrafi, skelett, höfter (ev med bäcken eller lårben)",,AN,,
AN086,"Skintigrafi, skelett, knäled med angränsande lårben och underben",,AN,,
AN087,"Skintigrafi, skelett, ländrygg och bäcken (ev. med bröstrygg och höfter)",,AN,,
AN088,"Skintigrafi, skelett, skalle eller ansiktsskelett",,AN,,
AN089,"Skintigrafi, skelett, övre extremiteter utom händer och handleder",,AN,,
AN090,"Skoliosundersökning, röntgen, (kontroll med vinkelmätning)",,AN,,
AN091,Tryckmätning i muskel,,AN,,
AN092,"Ultraljudsundersökning, höft",,AN,,
AN093,"Ultraljudsundersökning, arm",,AN,,
AN094,"Ultraljudsundersökning, axelled",,AN,,
AN095,"Ultraljudsundersökning, ben (nedre extremitet)",,AN,,
AN096,"Ultraljudsundersökning, ben, leder och diskar",,AN,,
AN097,"Ultraljudsundersökning, knäled",,AN,,
AN100,Långtidsregistrering av aktivitet/rörelse,,AN,,
AN104,Bentäthetsmätning UNS,,AN,,
AN105,Frakturriskbedömning baserad på kliniska faktorer med eller utan FRAX,,AN,,
AP,Perifera kärl och lymfsystemet,,A,,
AP001,Angiografi av annan extremitetsartär,,AP,,
AP002,Angiografi av arm,,AP,,
AP003,Angiografi av a. subclavia,,AP,,
AP004,"Angiografi av artär inom urogenitalorgan, utan egen kod",,AP,,
AP005,Angiografi av binjure (selektiv),,AP,,
AP006,"Angiografi av bäckenorgan, ej selektiv",,AP,,
AP007,"Angiografi av bäckenorgan, kombinerad selektiv och ej selektiv",,AP,,
AP008,"Angiografi av bäckenorgan, selektiv",,AP,,
AP009,Angiografi av a. carotis communis,,AP,,
AP010,Angiografi av a. carotis externa,,AP,,
AP011,Angiografi av dialysfistel,,AP,,
AP012,Angiografi av kolon och rektum,,AP,,
AP013,Angiografi av levern,,AP,,
AP014,"Angiografi av lumbalaorta, bäcken- och femoralisartärer",,AP,,
AP015,Angiografi av mjälten,,AP,,
AP016,Angiografi av ovarium,,AP,,
AP017,Angiografi av pankreas,,AP,,
AP018,Angiografi av testikel,,AP,,
AP019,Angiografi av transplanterad njure,,AP,,
AP020,Angiografi av tunntarmen,,AP,,
AP021,Angiografi av ventrikel och duodenum,,AP,,
AP022,"Angiografi, renal, ej selektiv",,AP,,
AP023,"Angiografi, renal, kombinerad selektiv och ej selektiv",,AP,,
AP024,"Angiografi, renal, selektiv",,AP,,
AP025,Annan specificerad mätning i perifera kärl och lymfsystem,,AP,,
AP026,"Arteriografi, bronkial",,AP,,
AP027,"Arteriografi av truncus coeliakus, a. mesenterica superior och inferior",,AP,,
AP029,Artärpunktion,,AP,,
AP032,Dopplerundersökning av enstaka perifera kärl,,AP,,
AP033,Femoralisangiografi,,AP,,
AP034,"Flebografi av 2 eller flera bukvener, med eller utan blodprov",,AP,,
AP035,Flebografi av arm,,AP,,
AP036,"Flebografi av ben, antegrad",,AP,,
AP037,"Flebografi av ben, retrograd",,AP,,
AP038,Flebografi av binjure,,AP,,
AP039,Flebografi av bukven utan egen kod,,AP,,
AP040,Flebografi av bäckenorgan,,AP,,
AP041,Flebografi av lever,,AP,,
AP042,Flebografi av vena mesenterica superior,,AP,,
AP043,Flebografi av mjälte,,AP,,
AP044,Flebografi av pankreas,,AP,,
AP045,Flebografi av vena portae,,AP,,
AP046,Flebografi av vena lumbalis ascendens,,AP,,
AP047,"Flebografi inom urogenitalorganen, utan egen kod",,AP,,
AP048,"Flebografi, renal, selektiv",,AP,,
AP049,"Flebografi, vena spermatica",,AP,,
AP050,Fotvolumetri,,AP,,
AP051,Inläggning av artärnål,,AP,,
AP052,Intravasalt ultraljud,,AP,,
AP054,"Kavografi, lumbal",,AP,,
AP055,Klinisk undersökning av ytliga lymfkörtlar,,AP,,
AP056,Lymfografi,,AP,,
AP057,Mätning av blodtryck i tå eller finger,,AP,,
AP058,Radionuklidangiografi i vila,,AP,,
AP059,Segmentell blodtrycksmätning på extremiteter,,AP,,
AP060,Skintigrafi hemangiom,,AP,,
AP061,"Skintigrafi, artärer",,AP,,
AP062,"Skintigrafi, lymfvägar, bäcken och buk",,AP,,
AP063,"Skintigrafi, lymfvägar, nedre extremiteter och bäcken",,AP,,
AP064,"Skintigrafi, lymfvägar, torax",,AP,,
AP065,"Skintigrafi, lymfvägar, övre extremiteter",,AP,,
AP066,"Skintigrafi, sentinel node",,AP,,
AP067,"Skintigrafi, ven",,AP,,
AP068,"Skintigrafi, ventrombosdiagnostik",,AP,,
AP069,Splenoportografi,,AP,,
AP070,"Ultraljudsundersökning av artärer, enkel (duplexteknik)",,AP,,
AP071,"Ultraljudsundersökning av artärer, omfattande (duplexteknik)",,AP,,
AP072,"Ultraljudsundersökning av vener, omfattande (duplexteknik)",,AP,,
AP073,"Ultraljudsundersökning, halskärl, (duplexteknik)",,AP,,
AP074,Ventömningsbestämning,,AP,,
AP075,Inläggande av perifer artärkateter,,AP,,
AQ,Hud och subkutana vävnader,,A,,
AQ000,"Dermatoskopi digital, dynamiska bilder",,AQ,,
AQ001,"Dermatoskopi, digital, standardiserad fotografering",,AQ,,
AQ002,"Dermatoskopi, manuell",,AQ,,
AQ003,"Epikutantest, eget material",,AQ,,
AQ004,"Epikutantest, standard",,AQ,,
AQ005,"Epikutantest, övriga specificerade",,AQ,,
AQ006,Fotodynamisk diagnostik på huden,,AQ,,
AQ007,Fotopatchtest på huden,,AQ,,
AQ008,Hudtemperaturmätning,,AQ,,
AQ009,Klinisk undersökning av huden,,AQ,,
AQ010,Ljustest på huden,,AQ,,
AQ011,"Pricktest, eget material",,AQ,,
AQ012,"Pricktest, standard",,AQ,,
AQ013,"Pricktest, övriga specificerade",,AQ,,
AQ014,Scratchtest på huden,,AQ,,
AQ015,Övriga specificerade ljustester på huden,,AQ,,
AQ016,Punktion av subkutan fettvävnad,,AQ,,
AR,"Blod, blodbildande organ (exkl. mjälte)",,A,,
AR001,Blodvolym beräknad från primär bestämning av plasmavolym,,AR,,
AR002,Blodvolym beräknad från primär bestämning av röd blodkroppsvolym,,AR,,
AR004,Blödningstid enligt Ivy,,AR,,
AR005,"Koagulationsundersökning, desmopressintest",,AR,,
AR006,Farmakokinetisk undersökning inför behandling med antihemofilifaktorer,,AR,,
AR007,HIT-assay aggregometri,,AR,,
AR008,Immunfenotypning av trombocyter,,AR,,
AR010,MAIPA,,AR,,
AR011,PFA-100 (platelet function analyzer),,AR,,
AR012,"Skintigrafi, benmärg, fot eller fotled (ev. med underben)",,AR,,
AR013,"Skintigrafi, benmärg, hals- och bröstrygg eller torax",,AR,,
AR014,"Skintigrafi, benmärg, helkropp",,AR,,
AR015,"Skintigrafi, benmärg, händer eller handleder",,AR,,
AR016,"Skintigrafi, benmärg, höfter (ev. med bäcken och lårben)",,AR,,
AR017,"Skintigrafi, benmärg, knä (ev. med lårben eller underben)",,AR,,
AR018,"Skintigrafi, benmärg, ländrygg och bäcken (ev. med bröstrygg och höfter)",,AR,,
AR019,"Skintigrafi, benmärg, skalle eller ansiktsskelett",,AR,,
AR020,"Skintigrafi, benmärg, övre extremiteter utom händer och handleder",,AR,,
AR021,"Skintigrafi, leukocyter",,AR,,
AR022,vWF-multimerer,,AR,,
AR023,"Benmärgspunktion, sternum",,AR,,
AR024,Trombocytaggregation,,AR,,
AR025,Skalpblodprov,,AR,,
AU,"Utredning av psykiskt tillstånd, psykologiska och psykosociala funktioner",,A,,
AU001,Exponeringsutredning vid psykisk belastning,,AU,,
AU002,Klinisk bedömning av psykologiska funktioner,,AU,,
AU003,Neuropsykologisk utredning inom yrkesmedicin,,AU,,
AU004,Psykosocial utredning enligt lag,,AU,,
AU005,"Retestning, psykologtest",,AU,,
AU006,Standardiserad intervju för psykiatrisk syndromdiagnostik,,AU,,
AU007,Personlighetsbedömning,,AU,,
AU008,Undersökning med personlighetsdiagnostiskt instrument,,AU,,
AU009,Klinisk undersökning av psykiskt tillstånd,,AU,,
AU010,Allmän skattning av behov eller funktionsförmåga,,AU,,
AU011,Skattning av psykiska symtom,,AU,,
AU115,Sprututbyte,,AU,,
AU116,Övervakning av läkemedelsintag,,AU,,
AU117,12-stegsbehandling,,AU,,
AU118,Strukturerad suicidriskbedömning,,AU,,
AU119,Strukturerad bedömning av alkohol- och drogvanor,,AU,,
AU122,Strukturerad farlighetsbedömning,,AU,,
AU123,Upprättande av krisplan,,AU,,
AU124,Upprättande av samordnad individuell plan (SIP),,AU,,
AU125,Upprättande av samordnad individuell plan (SIP) vid utskrivning,,AU,,
AV,Ej organrelaterad utredning,,A,,
AV001,Annan specificerad skintigrafi,,AV,,
AV002,Annan specificerad ultraljudsundersökning,,AV,,
AV003,Hälsoundersökning,,AV,,
AV004,Annan undersökning av röst och talfunktion,,AV,,
AV005,Bestämning av kroppssammansättning med datortomografi I,,AV,,
AV006,Bestämning av kroppssammansättning med datortomografi II,,AV,,
AV007,Bestämning av kroppssammansättning med impedansmätning,,AV,,
AV008,Bilddokumentation UNS,,AV,,
AV009,Biopsi UNS,,AV,,
AV011,Datorarbetsplatsutredning,,AV,,
AV012,"Datorarbetsplatsutredning, omfattande",,AV,,
AV013,Datortomografi UNS,,AV,,
AV014,Diagnostisk endoskopi UNS,,AV,,
AV015,Enfotonstomografi (SPECT),,AV,,
AV016,Ergonomisk utredning,,AV,,
AV017,Fördjupad yrkes- och miljömedicinsk sambandsutredning,,AV,,
AV018,Inhämtande av anamnes,,AV,,
AV019,Klinisk undersökning av allmäntillståndet,,AV,,
AV020,Klinisk undersökning UNS,,AV,,
AV021,Övervakat urinprov,,AV,,
AV022,"Läkemedelsprovokation, mer än 3 timmars övervakning",,AV,,
AV023,"Magnetresonanstomografi, UNS",,AV,,
AV024,Medikolegal undersökning UNS,,AV,,
AV025,Mer omfattande undersökning efter misshandel och våld,,AV,,
AV026,Miljömedicinsk utredning,,AV,,
AV027,Monitorering av pågående läkemedelsbehandling,,AV,,
AV028,Screening för antibiotikaresistenta bakterier,,AV,,
AV029,Mätning UNS,,AV,,
AV030,Observation i utredningssyfte,,AV,,
AV031,"Hälsoundersökning, författningsreglerad",,AV,,
AV032,"Positronemissionstomografi (PET), ospecificerad",,AV,,
AV033,Preoperativ bedömning,,AV,,
AV034,Provtagning UNS,,AV,,
AV035,Röntgengenomlysning,,AV,,
AV036,Röntgenundersökning UNS,,AV,,
AV037,"Skintigrafi, abscess- och infektionslokalisation, utan egen kod",,AV,,
AV038,"Skintigrafi, abscess- och infektionslokalisation inom skelett, rörelseorgan, mjukdelar och extremitetskärl",,AV,,
AV039,"Skintigrafi, skelett, rörelseorgan, mjukdelar och extremitetskärl, utan egen kod",,AV,,
AV040,"Skintigrafi, tumörlokalisation inom skelett, rörelseorgan, mjukdelar och extremitetskärl",,AV,,
AV041,"Skintigrafi, tumörlokalisation, utan egen kod",,AV,,
AV042,"Skintigrafi, undersökning utan egen kod",,AV,,
AV043,Övervakning av vitala funktioner på distans,,AV,,
AV044,Tryckmätning UNS,,AV,,
AV045,Undersökning av tal,,AV,,
AV046,Undersökning efter incest eller misstänkt incest,,AV,,
AV047,Undersökning efter våldtäkt eller uppgiven våldtäkt,,AV,,
AV048,Videodokumentation UNS,,AV,,
AV049,Yrkeshygienisk utredning,,AV,,
AV050,Yrkesmedicinsk arbetsplatsutredning,,AV,,
AV051,Yrkesmedicinsk utredning,,AV,,
AV052,Akustisk analys av röst och tal,,AV,,
AV053,"Allergenprovokation, peroral dubbelblind",,AV,,
AV054,"Allergenprovokation, peroral öppen",,AV,,
AV055,Andra omfattande balanstest,,AV,,
AV056,Andra specificerade mätningar,,AV,,
AV057,Annan specificerad diagnostisk endoskopi,,AV,,
AV058,Annan specificerad elektrisk mätmetod,,AV,,
AV059,Annan specificerad klinisk undersökning,,AV,,
AV060,Annan specificerad medikolegal klinisk undersökning,,AV,,
AV061,Annan specificerad provtagning,,AV,,
AV062,Annan specificerad tryckmätning,,AV,,
AV063,Arbets-EKG i kyla,,AV,,
AV064,Arbets-EKG med mätning av arteriella blodgaser,,AV,,
AV065,Arbets-EKG med mätning av maximalt syreupptag,,AV,,
AV066,Bestämning av dygnsenergiomsättning I,,AV,,
AV067,Bestämning av dygnsenergiomsättning II,,AV,,
AV068,Bestämning av kroppssammansättning med DEXA,,AV,,
AV069,"Biopsi, annan specificerad",,AV,,
AV070,Cancergenetisk utredning I,,AV,,
AV071,Cancergenetisk utredning II,,AV,,
AV072,Dygnsmätning av dryckes- och urinvolymer,,AV,,
AV073,Ergospirometri,,AV,,
AV074,"Födoämnesprovokation, mer än 3 timmars övervakning",,AV,,
AV075,"Födoämnesprovokation, upp till 3 timmars övervakning",,AV,,
AV076,Gångtest,,AV,,
AV077,Immunbristutredning,,AV,,
AV078,"Inspelning av röst, tal och språk",,AV,,
AV080,"Kostregistrering, vägd",,AV,,
AV081,Logopedisk undersökning inför kokleaimplantatoperation,,AV,,
AV082,"Läkemedelsprovokation, upp till 3 timmars övervakning",,AV,,
AV083,"Läkemedelsöverkänslighet, utredning",,AV,,
AV084,Längdmätning (kroppslängd),,AV,,
AV085,Miljömedicinsk mätning,,AV,,
AV087,Mätning av basal metabolism,,AV,,
AV088,Mätning av total energiomsättning (TEE),,AV,,
AV090,"Näringsvärdesberäkning, förenklad",,AV,,
AV091,"Näringsvärdesberäkning, komplett",,AV,,
AV092,"Kostregistrering, ej vägd",,AV,,
AV093,Perceptuell lyssnarbedömning av röst och tal,,AV,,
AV096,Pre- och postoperativ inspelning av röst och tal,,AV,,
AV097,Smittspårning,,AV,,
AV098,Svettest,,AV,,
AV099,Sömnapnéutredning I,,AV,,
AV100,Sömnapnéutredning II,,AV,,
AV101,Sömnapnéutredning III,,AV,,
AV103,Undersökning av allergenförekomst i patientens närmiljö,,AV,,
AV104,Undersökning av auditiv förmåga,,AV,,
AV105,Undersökning av kommunikation,,AV,,
AV106,"Undersökning av läs-, skriv- och räkneförmåga",,AV,,
AV107,Undersökning av röst vid videostroboskopi,,AV,,
AV108,Undersökning av språk,,AV,,
AV109,Undersökning av sväljning och tal vid fiberskopi,,AV,,
AV110,Undersökning av sväljning och tal vid videoradiografi,,AV,,
AV111,"Undersökning av sväljning, ät- och drickförmåga",,AV,,
AV112,Viktmätning,,AV,,
AV113,Yrkesmedicinsk arbetsplatsmätning,,AV,,
AV114,Yrselutredning,,AV,,
AV115,Bedömning av levnadsomständigheter genom fördjupad kartläggning och analys,,AV,,
AV117,Livskvalitetsskattning,,AV,,
AV119,Rutinmässig hälsoundersökning av barn,,AV,,
AV120,Vibrationsmätning,,AV,,
AV121,Hälsokontroll inom neonatologin,,AV,,
AV122,Punktion UNS,,AV,,
AV123,"Tuberkulinprövning, sensitinprövning",,AV,,
AV124,Undersökning av potentiell donator,,AV,,
AV127,Systematisk undersökning av läkemedelsbiverkan,,AV,,
AV130,Bedömning av kroppsfunktion,,AV,,
AV131,Bedömning av funktionsförmåga med standardiserade bedömningsinstrument/metoder,,AV,,
AV132,Bedömning av aktivitetsförmåga,,AV,,
AV133,Bedömning av aktivitetsförmåga med standardiserade bedömningsinstrument/metoder,,AV,,
AV134,Undersökning efter sexuellt övergrepp eller vid misstanke om sexuellt övergrepp,,AV,,
AV139,Kryobiopsi,,AV,,
AV140,Hälsoundersökning av barn och unga på begäran av socialnämnd,,AV,,
AV142,Användande av standardiserat skattningsinstrument för bedömning av risk vid somatisk sjukdom,,AV,,
AV143,Genetisk utredning,,AV,,
AV144,Strukturerad bedömning av sexuell riskutsatthet och våldserfarenhet,,AV,,
AV145,Symtomskattning vid palliativa vårdbehov med hjälp av skattningsinstrument,,AV,,
AW,Annan specificerad utredning,,A,,
AW001,Strukturerad uppföljning enligt nationella riktlinjer,,AW,,
AW005,Uppföljning av tidigare utfärdat recept på fysisk aktivitet (FaR),,AW,,
AW007,Upprättande av plan för läkemedelsassisterad behandling vid opioidberoende (LARO),,AW,,
AW010,Uppföljning av samordnad individuell plan (SIP),,AW,,
AW013,Upprättande av vårdplan,,AW,,
AW015,Uppföljning av vårdplan,,AW,,
AW016,Uppföljning och revidering av vårdplan,,AW,,
AW017,Avslutande av vårdplan,,AW,,
AW019,Bedömning av rehabiliteringsbehov,,AW,,
AW020,Upprättande av rehabiliteringsplan,,AW,,
AW021,Upprättande av habiliteringsplan,,AW,,
AW024,Uppföljning av rehabiliteringsplan,,AW,,
AW025,Uppföljning av habiliteringsplan,,AW,,
AW026,Uppföljning av sjukskrivnings- och rehabiliteringsplan för återgång i arbete eller annan sysselsättning,,AW,,
AW027,Uppföljning och revidering av rehabiliteringsplan,,AW,,
AW028,Uppföljning och revidering av habiliteringsplan,,AW,,
AW029,Uppföljning och revidering av sjukskrivnings- och rehabiliteringsplan för återgång i arbete eller annan sysselsättning,,AW,,
AW030,Genomfört åtgärdspaket enligt rehabiliteringsplan inom sluten vård,,AW,,
AW031,Genomförd rehabilitering enligt rehabiliteringsplan inom öppen vård,,AW,,
AW032,Genomfört åtgärdspaket enligt habiliteringsplan inom sluten vård,,AW,,
AW033,Genomförd habilitering enligt habiliteringsplan inom öppen vård,,AW,,
AW035,Avslutande av rehabiliteringsplan,,AW,,
AW036,Avslutande av habiliteringsplan,,AW,,
AW037,Avslutande av sjukskrivnings- och rehabiliteringsplan för återgång i arbete eller annan sysselsättning,,AW,,
AW040,Uppföljning av åtgärd vid ohälsosamma matvanor,,AW,,
AW041,Uppföljning av åtgärd vid riskbruk av alkohol,,AW,,
AW042,Uppföljning av åtgärd vid tobaks- och nikotinbruk,,AW,,
AW043,Uppföljning av åtgärd vid otillräcklig fysisk aktivitet,,AW,,
AW999,Annan specificerad utredning,,AW,,
AX,Ospecificerad utredning,,A,,
AX999,Ospecificerad utredning,,AX,,
D,"Behandling, anatomiskt perspektiv",,,,
DA,"Nervsystemet, kraniet och intrakraniella strukturer",,D,,
DA001,Akupunktur,,DA,,
DA002,Inläggning av epiduralkateter,,DA,,
DA003,Avlägsnande av spinal injektionsport,,DA,,
DA004,Byte av epiduralkateter,,DA,,
DA005,Byte av kateter i spinal injektionsutrustning,,DA,,
DA006,Elektrokonvulsiv terapi (ECT) UNS,,DA,,
DA007,"Embolisering, intrakraniell",,DA,,
DA008,"Embolisering, spinal",,DA,,
DA010,Inläggning av intratekalkateter (spinalkateter),,DA,,
DA012,Inläggning av intratekal cervikal eller intracisternal kateter,,DA,,
DA013,Inställning av elektrisk intracerebral stimulator,,DA,,
DA014,Inställning av elektrisk ryggmärgsstimulator,,DA,,
DA015,Inställning av elektrisk vagusstimulator,,DA,,
DA016,Inställning av hydrocefalusshunt,,DA,,
DA017,Inställning av spinalstimuleringsprogram,,DA,,
DA018,Intrakutan nervstimulering,,DA,,
DA019,Kontroll av patient med epiduralanestesi eller intratekal anestesi (spinalanestesi),,DA,,
DA020,Neurolys,,DA,,
DA021,Transkutan elektrisk nervstimulering (TENS),,DA,,
DA022,Vagusnervstimulering,,DA,,
DA023,Blockad i smärtbehandlande syfte,,DA,,
DA024,"Elektrokonvulsiv terapi (ECT), unilateral",,DA,,
DA025,"Elektrokonvulsiv terapi (ECT), bilateral",,DA,,
DA030,Nervblockad med ledning av nervstimulator eller ultraljud,,DA,,
DA031,Nervblockad med ledning av röntgenteknik,,DA,,
DA035,Behandling med tumörbehandlingsfält (TTF),,DA,,
DA040,"Utprovning, kontroll och tillsyn vid stimulering av n. tibialis posterior (TNS), perkutan stimulering med nålelektrod",,DA,,
DA041,"Utprovning, kontroll och tillsyn vid stimulering av n. tibialis posterior (TNS), transkutan stimulering med hudelektrod",,DA,,
DB,Endokrina organ,,D,,
DB002,Insulininsättning hos typ-2-diabetiker,,DB,,
DB004,Omhändertagande av nydebuterad diabetiker,,DB,,
DB006,Inläggning av implanterbar glukossensor,,DB,,
DB007,Byte av implanterad glukossensor,,DB,,
DB008,Avlägsnande av implanterad glukossensor,,DB,,
DB010,Byte av självhäftande glukossensor,,DB,,
DC,Ögonregionen,,D,,
DC001,Fotodynamisk behandling vid makuladegeneration,,DC,,
DC002,Ögontryckssänkande åtgärd,,DC,,
DC010,Amblyopibehandling,,DC,,
DC011,Ögonspolning,,DC,,
DD,"Öron, näsa, hals och struphuvud",,D,,
DD001,Artikulationsbehandling,,DD,,
DD002,Avlägsnande av vaxpropp (exkl. spolning),,DD,,
DD003,Byte av röstventil,,DD,,
DD005,Farmakologisk destruktion av labyrinten,,DD,,
DD006,Hörsel- och talträning vid kokleaimplantat,,DD,,
DD007,Hörselrehabilitering,,DD,,
DD008,Manipulationsbehandling vid yrsel,,DD,,
DD009,Undersökning och behandling i rotationsstol,,DD,,
DD010,Postoperativ elektrodkontroll efter kokleaimplantat,,DD,,
DD011,Rengöring av radikalopererat öra,,DD,,
DD012,Röstbehandling,,DD,,
DD013,Språkbehandling,,DD,,
DD014,Stödterapi vid tinnitus,,DD,,
DD015,Sväljningsterapi,,DD,,
DD016,"Tamponadinläggning, öra",,DD,,
DD017,Tinnitusrehabilitering,,DD,,
DD018,Uppföljning av kokleaimplantat,,DD,,
DD019,Öronspolning,,DD,,
DD021,Uppgradering av ljudprocessor för kokleaimplantat,,DD,,
DD022,Inkoppling av ljudprocessor till benförankrad hörapparat/transkutant hörselimplantat,,DD,,
DD023,Uppgradering av ljudprocessor för benförankrad hörapparat/transkutant hörselimplantat,,DD,,
DD026,Utprovning och uppgradering av benförankrad hörapparat,,DD,,
DE,"Läppar, tänder, käkar, mun och svalg",,D,,
DE001,Rensugning av övre luftvägar,,DE,,
DF,Hjärtat och de stora intratorakala kärlen,,D,,
DF001,Ablation av hjärtvävnad i höger förmak,,DF,,
DF002,Ablation av hjärtvävnad i höger kammare,,DF,,
DF003,"Ablation av hjärtvävnad i vänster förmak inklusive lungvener, transseptalpunktion",,DF,,
DF004,Ablation av hjärtvävnad i vänster kammare,,DF,,
DF005,Anläggande av aortaballongpump,,DF,,
DF007,Avlägsnande av central venkateter (CVK) UNS,,DF,,
DF008,Avlägsnande av perikarddränage,,DF,,
DF009,"Dynamisk angioplastik, borr PTDA",,DF,,
DF010,"Elkonvertering, defibrillering UNS",,DF,,
DF011,"Embolisering, lungartär",,DF,,
DF012,Toraxkompression,,DF,,
DF013,"Extern, transtorakal pacemakerbehandling",,DF,,
DF014,"ICD-kontroll, arytmiprovokation i narkos",,DF,,
DF016,Kontroll och omprogrammering av pacemaker eller defibrillator (AICD),,DF,,
DF017,Mekanisk toraxkompression (ej manuell),,DF,,
DF019,Perkutan aterektomi i kranskärl,,DF,,
DF020,Perkutan laserrekanalisering av kranskärl,,DF,,
DF021,Perkutan transluminal dilatation av vena cava superior med inläggning av stent,,DF,,
DF022,Transesofageal terapeutisk stimulering,,DF,,
DF024,Ballongseptotomi,,DF,,
DF025,"Elkonvertering, defibrillering av kammararytmi",,DF,,
DF026,"Elkonvertering, defibrillering av förmaksflimmer, planerat",,DF,,
DF027,"Elkonvertering, defibrillering av förmaksflimmer, akut",,DF,,
DF028,Hjärtlungräddning (HLR) med assisterad ventilation,,DF,,
DF030,EECP-behandling,,DF,,
DF031,Avläsning av EKG från loop-registrering,,DF,,
DF032,Avlägsnande av elektrokardiograf med loop recorder,,DF,,
DF033,Kontroll och justering av intrakorporeal eller parakorporeal VAD,,DF,,
DF035,Hjärtlungräddning (HLR) utan assisterad ventilation,,DF,,
DG,"Bröstvägg, pleura, mediastinum, diafragma, trakea, bronker och lungor",,D,,
DG001,Inledande av akutbehandling med luftvägsmottryck CPAP eller BilevelPAP,,DG,,
DG002,Inledande av behandling med respirator UNS,,DG,,
DG003,Avlägsnande av pleuradränage,,DG,,
DG004,Bronkialtoalett,,DG,,
DG005,Exsufflation av pneumotorax,,DG,,
DG006,Inställning av diafragmastimulator,,DG,,
DG007,Kontroll av patient som behandlas med luftvägsmottryck CPAP eller BilevelPAP,,DG,,
DG008,"Kronisk respiratorbehandling, kontroll",,DG,,
DG009,"Kronisk syrgasbehandling, kontroll",,DG,,
DG010,Manuell ventilation av luftvägar,,DG,,
DG011,Pleurolys,,DG,,
DG012,Rensugning av nedre luftvägar,,DG,,
DG013,"Rensugning, sensorisk stimulans (på nyfödda)",,DG,,
DG014,Spolning av pleuraempyem,,DG,,
DG015,Syrgasbehandling vid spontanandning och atmosfärtryck,,DG,,
DG016,Tillsyn av trakeostomi,,DG,,
DG017,Trakeal intubation,,DG,,
DG018,"Trakeal intubation, fiberendoskopisk",,DG,,
DG019,Avlägsnande av trakeostomitub,,DG,,
DG020,Perkutan trakeotomi,,DG,,
DG021,"Respiratorbehandling, konventionell",,DG,,
DG022,"Respiratorbehandling, HFO",,DG,,
DG023,"Respiratorbehandling, non-invasiv",,DG,,
DG024,Byte av trakeostomitub,,DG,,
DG025,Koniotomi,,DG,,
DG026,Respiratorbehandling mer än 96 timmar,,DG,,
DG027,Inledande av långtidsbehandling med luftvägsmottryck CPAP eller BilevelPAP,,DG,,
DG028,Syrgasbehandling med högflödesgrimma,,DG,,
DG030,Temperaturreglerat laminärt luftflöde (TLA),,DG,,
DH,Bröstkörtlar,,D,,
DJ,Gastrointestinalkanalen och därtill hörande organ (inkl. mjälte),,D,,
DJ003,Annan specificerad terapeutisk endoskopi,,DJ,,
DJ004,Byte av peritoneal dialyskateter,,DJ,,
DJ005,Homolog auxiliär levertransplantation,,DJ,,
DJ006,Homolog auxiliär levertransplantation med levande givare,,DJ,,
DJ007,Justering av magsäcksband,,DJ,,
DJ008,Laparoskopisk inläggning av peritoneal dialyskateter,,DJ,,
DJ009,Lavemang,,DJ,,
DJ010,"Nutritionsbehandling, enteral näringstillförsel via sond",,DJ,,
DJ011,Skötsel och kontroll av tarmstomi,,DJ,,
DJ012,Terapeutisk endoskopi UNS,,DJ,,
DJ013,Tunntarmstransplantation med multivisceral transplantation,,DJ,,
DJ016,Ventrikelsköljning,,DJ,,
DJ017,Faecestransplantation,,DJ,,
DJ020,Leverdialysbehandling,,DJ,,
DJ025,Perkutan inläggning av stent i gallväg,,DJ,,
DJ026,Selektiv tillförsel av radioaktiva 90Yttrium mikrosfärer,,DJ,,
DJ027,Avläsning av inflammatoriska parametrar och symtom,,DJ,,
DJ030,Inläggande av fekalkateter,,DJ,,
DJ031,Byte av fekalkateter,,DJ,,
DJ032,Avlägsnande av fekalkateter,,DJ,,
DK,"Njurar, urinvägar, manliga könsorgan och retroperitoneal vävnad",,D,,
DK002,Slutning av cystostomi eller cystoenterostomi,,DK,,
DK004,Byte av suprapubisk kateter/cystostomikateter,,DK,,
DK008,Inläggande av uretärkateter,,DK,,
DK010,Inläggande av suprapubisk kateter,,DK,,
DK011,Punktion av njurcysta,,DK,,
DK016,Spermienedfrysning,,DK,,
DK017,Spolning av urinblåsa,,DK,,
DK019,Urininkontinensutredning och behandling,,DK,,
DK020,Spolning av urinkateter,,DK,,
DK021,Avlägsnande av urinkateter inlagd genom urinröret,,DK,,
DK022,Inläggande av implantat för lägesbestämning av prostata,,DK,,
DK023,Avlägsnande av suprapubisk kateter/cystostomikateter,,DK,,
DK024,Spolning av njurbäcken,,DK,,
DK025,Spolning av pyelostomikateter,,DK,,
DK026,Spolning av uretärkateter,,DK,,
DK027,Kemolys av njurstenar via pyelostomi- eller uretärkateter,,DK,,
DK028,Skötsel av urinkateter,,DK,,
DK029,Avlägsnande av uretärstent eller uretärkateter som slutar utanför kroppen,,DK,,
DK030,"Omläggning, tillsyn och skötsel av nefropyelostomi och nefropyelostomikateter",,DK,,
DK032,Skötsel och kontroll av urostomi,,DK,,
DK033,Kateterisering av urostomi,,DK,,
DK034,Avlägsnande av kateter vid nefropyelostomi,,DK,,
DL,Kvinnliga könsorgan,,D,,
DL001,Embryotransfer med embryo som genomgått intracytoplasmatisk spermieinjektion (ICSI),,DL,,
DL002,Embryotransfer med frysta och tinade embryon,,DL,,
DL003,Embryotransfer standard-IVF,,DL,,
DL004,Frysning av embryo,,DL,,
DL005,Användande av progesteronhämmare vid abort eller missfall,,DL,,
DL006,Användande av prostaglandin eller prostaglandinanalog vid abort eller missfall,,DL,,
DL007,Intracytoplasmatisk spermieinjektion (ICSI),,DL,,
DL008,Intrauterin insemination,,DL,,
DL011,Vaginalt inlägg,,DL,,
DL012,Preventivmedelsutredning och -behandling,,DL,,
DL015,Ultraljudsledd punktion av ovarialcysta,,DL,,
DL020,Ultraljudsledd punktion av bukcysta,,DL,,
DM,Graviditet och förlossning,,D,,
DM001,Amningshjälp,,DM,,
DM002,Andra igångsättningsåtgärder för förlossning,,DM,,
DM003,Hysterocentes vid hydramnion,,DM,,
DM004,"Intubering, övertrycksandning (på nyfödda)",,DM,,
DM007,Vibration för igångsättning av förlossning,,DM,,
DM008,Vattenförlossning,,DM,,
DM010,Grupp B-streptokock-profylax (GBS) i samband med förlossning,,DM,,
DM011,Magnesiumsulfatinfusion som eklampsiprofylax,,DM,,
DM012,"Magnesiumsulfat, bolusdos, för fetal neuroprotektion vid förtidig förlossning",,DM,,
DM020,Punktion av lakterande bröst,,DM,,
DM021,Inläggning av dränage i lakterande bröst,,DM,,
DM025,"Pudendusblockad, yttre",,DM,,
DM026,"Pudendusblockad, inre",,DM,,
DM028,Abdominell aortakompression,,DM,,
DM030,Hinnsvepning,,DM,,
DM032,Planerad och genomförd hemförlossning utan sjukhusvård,,DM,,
DM033,"Planerad hemförlossning, överförd till sjukhus under förlossningen före barnets födelse",,DM,,
DM034,"Planerad hemförlossning, överförd till sjukhus efter barnets födelse",,DM,,
DN,Rörelseapparaten,,D,,
DN001,Avgipsning,,DN,,
DN002,Ledspolning,,DN,,
DN003,Ortosbehandling,,DN,,
DN004,Osmiumsynoviortes,,DN,,
DN005,Radiofrekvensablation av innervation till facettled,,DN,,
DN009,Muskeltöj,,DN,,
DN010,Sluten fasciotomi,,DN,,
DN015,Mobilisering inom sluten vård,,DN,,
DP,Perifera kärl och lymfsystemet,,D,,
DP001,"Embolisering, extrakraniell",,DP,,
DP002,Inläggande av dialyskateter i vena femoralis,,DP,,
DP005,Kompressionsbehandling,,DP,,
DP006,Manuellt lymfdränage,,DP,,
DP017,Umbilikal artärkateter (på nyfödda),,DP,,
DP018,Umbilikal venkateter (på nyfödda),,DP,,
DP019,Ödembehandling med kompressionspump,,DP,,
DP020,Perkutan transluminal embolisering av vengraft,,DP,,
DP028,Byte av perifer venkateter,,DP,,
DP029,Avlägsnande av perifer venkateter,,DP,,
DQ,Hud och subkutana vävnader,,D,,
DQ001,Annan specificerad laserbehandling av huden,,DQ,,
DQ003,"Debridering, biologisk",,DQ,,
DQ004,Fotodynamisk terapi (PDT),,DQ,,
DQ005,Hudincision UNS,,DQ,,
DQ006,Kosmetologisk behandling och rådgivning,,DQ,,
DQ007,"Laserbehandling av huden, färgämnen",,DQ,,
DQ008,"Laserbehandling av huden, koldioxid",,DQ,,
DQ009,"Ljusbehandling, Bucky",,DQ,,
DQ010,"Ljusbehandling, PUVA (Psoralen-ultraviolett-aktivitet), peroralt",,DQ,,
DQ011,"Ljusbehandling PUVA (Psoralen-ultraviolett-aktivitet), bad",,DQ,,
DQ012,"Ljusbehandling, UVA",,DQ,,
DQ013,"Ljusbehandling, UVA1",,DQ,,
DQ014,"Ljusbehandling, UVB",,DQ,,
DQ015,Ljusbehandling på nyfödda,,DQ,,
DQ016,"Ljusbehandling, UVB och UVA",,DQ,,
DQ017,Omläggning av sår UNS,,DQ,,
DQ019,"Punktion, incision eller destruktion vid hudförändring UNS",,DQ,,
DQ020,Smörjning,,DQ,,
DQ022,Sårslutning med vävnadslim,,DQ,,
DQ023,Vakuumbehandling av sår,,DQ,,
DQ024,Övrig specificerad ljusbehandling av huden,,DQ,,
DR,"Blod, blodbildande organ (exkl. mjälte)",,D,,
DR001,"Aferes med samtidig adsorption, t.ex. av LDL, granulocyter",,DR,,
DR002,"Aferes, annan specificerad",,DR,,
DR003,"Aferes, erytrocyter",,DR,,
DR004,"Aferes, leukocyter",,DR,,
DR005,"Aferes, leukocyter med extrakorporeal fotokemoterapi",,DR,,
DR006,"Aferes, plasma",,DR,,
DR007,"Aferes, trombocyter",,DR,,
DR008,Allogen benmärgstransplantation,,DR,,
DR009,Aspiration av donators benmärg inför transplantation av benmärg eller stamceller,,DR,,
DR010,Autolog benmärgstransplantation,,DR,,
DR012,CAPD - kontroll,,DR,,
DR013,CAPD - start,,DR,,
DR014,Hemodiafiltration (HDF),,DR,,
DR015,"Hemodialys, akut",,DR,,
DR016,"Hemodialys, kronisk",,DR,,
DR017,Hemofiltration,,DR,,
DR018,Hemoperfusion,,DR,,
DR019,Infusion av lymfocyter från donator,,DR,,
DR020,Kontinuerlig arteriovenös eller venovenös hemofiltration eller hemodiafiltration,,DR,,
DR021,Kontroll inför och efter allogen benmärgstransplantation eller perifer stamcellstransplantation,,DR,,
DR022,Kontroll inför och efter högdosbehandling med cytostatika inför autolog stamcellstransplantation,,DR,,
DR023,"Peritonealdialys, akut",,DR,,
DR024,"Peritonealdialys, kronisk",,DR,,
DR025,Preoperativ hemodilution,,DR,,
DR026,Profylax mot Rh-immunisering,,DR,,
DR027,Stamcellsinsamling,,DR,,
DR028,Stamcellsinsamling och infrysning,,DR,,
DR029,"Transfusion, erytrocyter, allogen",,DR,,
DR030,"Transfusion, erytrocyter, autolog",,DR,,
DR031,"Transfusion, erytrocyter, intrauterin och allogen",,DR,,
DR032,"Transfusion, granulocyter, allogen",,DR,,
DR033,"Transfusion, helblod, allogen",,DR,,
DR034,"Transfusion, helblod, autolog",,DR,,
DR035,"Transfusion, lymfocyter eller mononukleära leukocyter",,DR,,
DR036,"Transfusion, plasma, allogen",,DR,,
DR037,"Transfusion, plasma, autolog",,DR,,
DR038,"Transfusion, trombocyter, allogen",,DR,,
DR039,"Transfusion, trombocyter, autolog",,DR,,
DR040,"Transfusion, trombocyter, intrauterin och allogen",,DR,,
DR041,"Transplantation, stamceller från benmärg, allogen, besläktad givare",,DR,,
DR042,"Transplantation, stamceller från benmärg, allogen, obesläktad givare",,DR,,
DR043,"Transplantation, stamceller från benmärg, autolog",,DR,,
DR044,"Transplantation, stamceller från navelsträngsblod, besläktad givare",,DR,,
DR045,"Transplantation, stamceller från navelsträngsblod, obesläktad givare",,DR,,
DR046,"Transplantation, stamceller från perifert blod, allogen, besläktad givare",,DR,,
DR047,"Transplantation, stamceller från perifert blod, allogen, obesläktad givare",,DR,,
DR048,"Transplantation, stamceller från perifert blod, autolog",,DR,,
DR050,"Utbytestransfusion, erytrocyter och plasma, allogen",,DR,,
DR051,Immuntoleransinduktion,,DR,,
DR052,Blödningsriskkort,,DR,,
DR053,Perioperativ autolog blodåtervinning,,DR,,
DR054,Preoperativ blodtappning,,DR,,
DR055,Citratdialys,,DR,,
DR056,Heparinfri dialys,,DR,,
DR057,Hemoimmunbehandling inför transplantation på grund av preformerade antikroppar,,DR,,
DR060,Hemhemodialyskontroll,,DR,,
DR061,Hemhemodialysstart,,DR,,
DT,Farmakologisk behandling (läkemedel),,D,,
DT001,Hyposensibilisering,,DT,,
DT002,"Injektion av diagnostisk eller terapeutisk substans i entes, ligament, senskida, bindväv och dylikt, ospecificerad region",,DT,,
DT003,Inställning och utprovning av läkemedel,,DT,,
DT004,Jontofores,,DT,,
DT006,"Läkemedelstillförsel, konjunktival",,DT,,
DT007,Läkemedelstillförsel med annat specificerat administrationssätt,,DT,,
DT008,Läkemedelstillförsel UNS,,DT,,
DT009,"Läkemedelstillförsel, intraarteriell",,DT,,
DT010,"Läkemedelstillförsel, intrakutan",,DT,,
DT011,"Läkemedelstillförsel, intramuskulär",,DT,,
DT012,"Läkemedelstillförsel, intratekal",,DT,,
DT013,"Läkemedelstillförsel, intratrakeal",,DT,,
DT014,"Läkemedelstillförsel, intratympanal",,DT,,
DT015,"Läkemedelstillförsel, intraventrikulär (hjärna/hjärta)",,DT,,
DT016,"Läkemedelstillförsel, intravenös",,DT,,
DT017,"Läkemedelstillförsel, kutan",,DT,,
DT018,"Läkemedelstillförsel, nasal",,DT,,
DT019,"Läkemedelstillförsel, peroral",,DT,,
DT020,"Läkemedelstillförsel, rektal",,DT,,
DT021,"Läkemedelstillförsel, subkutan",,DT,,
DT022,"Läkemedelstillförsel, transkutan",,DT,,
DT023,"Läkemedelstillförsel, vaginal",,DT,,
DT024,"Läkemedelstillförsel, via inhalation",,DT,,
DT025,Ocklusionsbehandling av hud,,DT,,
DT026,Ordination av läkemedel,,DT,,
DT027,Förlossningsinduktion med prostaglandin och prostaglandinanalog,,DT,,
DT028,Påfyllning av implanterad läkemedelspump,,DT,,
DT029,Snabbhyposensibilisering,,DT,,
DT030,Vaccination,,DT,,
DT031,Övervakning efter läkemedelstillförsel (inklusive vaccin),,DT,,
DT032,"Läkemedelstillförsel, injektion till foster",,DT,,
DT033,"Läkemedelstillförsel, intraosseöst",,DT,,
DT034,Inläggande av intraosseös infusionsnål,,DT,,
DT035,"Läkemedelstillförsel, intraperitoneal",,DT,,
DT036,Oxytocintillförsel för igångsättning av förlossning,,DT,,
DT037,Oxytocintillförsel för stimulering av värkarbete,,DT,,
DT038,"Läkemedelstillförsel, intrakavernös",,DT,,
DT039,"Läkemedelstillförsel, uretral",,DT,,
DT040,"Läkemedelstillförsel, enteral",,DT,,
DT107,Cytostatikatillförsel med annat specificerat administrationssätt,,DT,,
DT108,Cytostatikatillförsel UNS,,DT,,
DT112,"Cytostatikatillförsel, intratekal",,DT,,
DT116,"Cytostatikatillförsel, intravenös",,DT,,
DT135,"Cytostatikatillförsel, intraperitoneal",,DT,,
DU,"Behandling av psykiskt tillstånd, psykologiska och psykosociala funktioner",,D,,
DU001,"Ljusbehandling, psykiatrisk",,DU,,
DU002,Neuropsykologisk behandling,,DU,,
DU003,Psykologisk behandling vid infertilitet,,DU,,
DU004,Psykologisk bearbetning efter abort,,DU,,
DU005,Psykologisk bearbetning efter missfall,,DU,,
DU006,Psykologisk förberedelse inför abort,,DU,,
DU008,Psykodynamisk psykoterapi (PDT),,DU,,
DU009,Annan specificerad psykologisk behandling,,DU,,
DU010,Kognitiv psykoterapi (KPT),,DU,,
DU011,Kognitiv beteendeterapi (KBT),,DU,,
DU012,Ätträning,,DU,,
DU013,Mentaliseringsbaserad terapi (MBT),,DU,,
DU014,Eye Movement Desensitization and Reprocessing (EMDR),,DU,,
DU015,Emotion Regulation Group Therapy (ERGT),,DU,,
DU016,Beteendeterapi,,DU,,
DU017,Acceptance and Commitment Therapy (ACT),,DU,,
DU021,Dialektisk beteendeterapi (DBT),,DU,,
DU022,Interpersonell psykoterapi (IPT),,DU,,
DU023,Psykopedagogisk behandling,,DU,,
DU024,Funktionell familjeterapi (FFT),,DU,,
DU025,Barnorienterad familjeterapi (BOF),,DU,,
DU026,Familjebehandling med miljöterapeutiska inslag,,DU,,
DU027,Samspelsbehandling förälder och barn,,DU,,
DU028,Föräldraträning utifrån manualiserad metod,,DU,,
DU030,Marte Meo,,DU,,
DU031,Bildterapi UNS,,DU,,
DU032,Mindfulness,,DU,,
DU033,Musikterapi,,DU,,
DU034,Jagstrukturerande psykoterapi,,DU,,
DU035,Kroppsinriktad psykoterapi,,DU,,
DU041,Psykoterapeutisk bildterapi,,DU,,
DU043,Annan specificerad psykodynamisk psykoterapi,,DU,,
DU045,Uppföljningssamtal efter tvångsåtgärd,,DU,,
DU050,Repetitiv transkraniell magnetstimulering (rTMS),,DU,,
DU055,Samtal med vuxen patient om minderårigs behov och möjlighet till stöd,,DU,,
DU056,Samtal med vuxen patient och berörd minderårig om barnets situation och behov,,DU,,
DU057,Samtal med minderårig vars förälder är patient om den minderårigas situation och behov,,DU,,
DU070,"Kort strategisk familjeterapi (Brief Strategic Familj Therapy, BSFT)",,DU,,
DU071,Lösningsfokuserad familjeterapi,,DU,,
DU072,"Multifamiljeterapi, (MFT)",,DU,,
DU073,Narrativ familjeterapi,,DU,,
DU074,Parterapi,,DU,,
DU075,Strukturell familjeterapi,,DU,,
DU076,Systemisk familjeterapi,,DU,,
DU077,Emotionellt fokuserad familjeterapi (EFFT),,DU,,
DU078,Emotionellt fokuserad terapi (EFT),,DU,,
DU079,Annan specificerad familjeterapi,,DU,,
DU085,Uppföljningssamtal med donator,,DU,,
DU100,Hypnos,,DU,,
DU110,Problemorienterad psykosocial behandling/Counselling,,DU,,
DU111,Nätverksintervention,,DU,,
DU112,Stödjande samtal,,DU,,
DU113,Systematiskt stödjande samtal,,DU,,
DU114,Psykosocial behandling vid kris och trauma,,DU,,
DU118,Motiverande samtal (MI),,DU,,
DU119,Återfallsprevention vid beroende (ÅFP),,DU,,
DU120,Motivationshöjande behandling (MET),,DU,,
DV,Ej organrelaterad behandling (exklusive läkemedel),,D,,
DV001,Allergisanering,,DV,,
DV002,Annan specificerad behandling,,DV,,
DV003,Annan specificerad tamponad,,DV,,
DV004,Avgiftning vid överkonsumtion av läkemedel,,DV,,
DV005,Avlägsnande av dränage,,DV,,
DV006,Avlägsnande av implanterad läkemedelspump,,DV,,
DV007,Avskärmning av strålbehandlingsfält med block,,DV,,
DV008,Insättande av behandling med antichockbyxa (MAST eller motsvarande),,DV,,
DV009,Behandling med radioaktiva isotoper,,DV,,
DV010,Bio-feedback,,DV,,
DV011,Avlägsnande av radioaktiv källa eller applikator efter brakyterapi,,DV,,
DV012,"Brakyterapi, interstitiell högdosrat",,DV,,
DV013,"Brakyterapi, interstitiell lågdosrat (permanent implantat)",,DV,,
DV014,"Brakyterapi, interstitiell lågdosrat (temporärt implantat)",,DV,,
DV015,"Brakyterapi, interstitiell pulsdosrat",,DV,,
DV016,"Brakyterapi, intrakavitär eller intraluminal eller mould (HDR)",,DV,,
DV017,"Brakyterapi, intrakavitär eller intraluminal eller mould (LDR)",,DV,,
DV018,"Brakyterapi, intrakavitär eller intraluminal eller mould (PDR)",,DV,,
DV019,"Brakyterapi, intravaskulär",,DV,,
DV020,Byte av implanterad läkemedelspump,,DV,,
DV021,Byte av kassetter och filter,,DV,,
DV022,Definition av targetområde inför strålbehandling,,DV,,
DV023,Behandling med extrakorporeal membranoxygenering (ECMO)/extrakorporealt livsuppehållande stöd (ECLS) utan samtidig kirurgisk åtgärd,,DV,,
DV024,Familjerådgivning,,DV,,
DV025,Förskrivning av livsmedel för speciella medicinska ändamål,,DV,,
DV026,Genetisk vägledning,,DV,,
DV027,Godkännande av dosplan eller dosberäkning inför strålbehandling,,DV,,
DV028,Hyperbar oxygenbehandling (HBO),,DV,,
DV030,Hälsosamtal,,DV,,
DV032,Aktiv temperaturreglering UNS,,DV,,
DV033,Immunterapi,,DV,,
DV034,Inducerad hypotermi,,DV,,
DV035,Inläggning av läkemedelspump,,DV,,
DV036,Intensivövervakning under transport,,DV,,
DV037,Intramuskulär stimulering (IMS),,DV,,
DV039,Koncentrerad glukoslösning peroral,,DV,,
DV040,Kontroll av strålfält,,DV,,
DV041,Koppling av subkutan eller intravenös pump,,DV,,
DV042,Kortvågsbehandling,,DV,,
DV044,Kuvösbehandling (av nyfödda),,DV,,
DV045,Lokal kylbehandling,,DV,,
DV046,Iordningställande och överlämnande av dosett eller enstaka läkemedelsdos,,DV,,
DV048,"Medicinsk badbehandling, hand-, fot-, sitt- och benbad",,DV,,
DV049,"Medicinsk badbehandling, helkroppsbad",,DV,,
DV050,"Moulage, gjutrum eller mouldrum",,DV,,
DV051,"Nutritionsbehandling, individuellt anpassad kost",,DV,,
DV052,"Nutritionsbehandling, konsistensanpassning",,DV,,
DV054,"Nutritionsbehandling, lågkaloridieter",,DV,,
DV055,"Nutritionsbehandling, parenteral näringstillförsel",,DV,,
DV057,Omhändertagande av patient både före och efter undersökning eller behandling som utförs på annan klinik eller inom annan specialitet,,DV,,
DV058,Omprogrammering och utprovning av läkemedelspump,,DV,,
DV060,Inläggning av kvarliggande subkutan infart,,DV,,
DV061,Resemedicinsk rådgivning,,DV,,
DV063,Rådgivande samtal,,DV,,
DV064,Simulering inför strålbehandling,,DV,,
DV065,Sondmatning,,DV,,
DV066,Sondmatning (på nyfödda),,DV,,
DV067,Spolning eller tömning av dränage,,DV,,
DV068,Spolning och rengöring av operationskavitet,,DV,,
DV069,"Strålbehandling, helkropp",,DV,,
DV070,"Strålbehandling, IMRT (intensitetsmodulerad radioterapi)",,DV,,
DV071,"Strålbehandling, konventionell extern",,DV,,
DV072,"Strålbehandling, närbestrålning",,DV,,
DV074,Tamponad UNS,,DV,,
DV075,Tamponadtagning i narkos,,DV,,
DV076,Teamrehabilitering,,DV,,
DV077,Upprättande av sjukskrivnings- och rehabiliteringsplan för återgång i arbete eller annan sysselsättning,,DV,,
DV079,Upprättande av dosplan eller dosberäkning inför strålbehandling,,DV,,
DV081,Värmebehandling,,DV,,
DV082,Övriga mer omfattande åtgärder av icke operativ art på nyfödda,,DV,,
DV083,Övriga särskilda åtgärder under nyföddhetsperioden,,DV,,
DV085,Boendeträning,,DV,,
DV086,Kroppskännedomsträning,,DV,,
DV088,Stöd i ekonomiskt liv,,DV,,
DV089,Logopedisk behandling,,DV,,
DV090,NO-behandling,,DV,,
DV091,Smittisolering,,DV,,
DV092,Skyddsisolering,,DV,,
DV095,Tillverkning och utprovning av individuellt anpassad trakealkanyl,,DV,,
DV096,Reparation och justering av individuellt anpassad trakealkanyl,,DV,,
DV097,Palliativ vård,,DV,,
DV099,Psykosocial färdighetsträning av sociala interaktioner,,DV,,
DV100,Behandling med extrakorporealt koldioxidborttagande (ECCO2R),,DV,,
DV101,Behandling med venovenös (VV) extrakorporeal membranoxygenering (ECMO),,DV,,
DV102,Behandling med venoarteriellt (VA) extrakorporealt livsuppehållande stöd (ECMO/ECLS),,DV,,
DV103,Behandling med venoarteriellt (VA) extrakorporealt livsuppehållande stöd vid hjärtstopp (ECPR),,DV,,
DV104,Behandling med venopulmonellt (VP) extrakorporealt livsuppehållande stöd (ECMO/ECLS),,DV,,
DV105,"Behandling med hybrid-mode (venovenös, venopulmonell eller venoarteriell kombination) extrakorporealt livsuppehållande stöd (ECMO/ECLS)",,DV,,
DV106,Användande av distal perfusionskanyl vid venoarteriell ECMO/ECLS,,DV,,
DV111,Enkla råd om tobaks- och nikotinbruk,,DV,,
DV112,Rådgivande samtal om tobaks- och nikotinbruk,,DV,,
DV113,Kvalificerat rådgivande samtal om tobaks- och nikotinbruk,,DV,,
DV121,Enkla råd om alkoholvanor,,DV,,
DV122,Rådgivande samtal om alkoholvanor,,DV,,
DV123,Kvalificerat rådgivande samtal om alkoholvanor,,DV,,
DV131,Enkla råd om fysisk aktivitet,,DV,,
DV132,Rådgivande samtal om fysisk aktivitet,,DV,,
DV133,Kvalificerat rådgivande samtal om fysisk aktivitet,,DV,,
DV134,CAR-T-cellbehandling,,DV,,
DV137,"Nutritionsbehandling, kosttillägg",,DV,,
DV138,"Nutritionsbehandling, berikad kost",,DV,,
DV139,"Nutritionsbehandling, specialkost",,DV,,
DV141,Enkla råd om matvanor,,DV,,
DV142,Rådgivande samtal om matvanor,,DV,,
DV143,Kvalificerat rådgivande samtal om matvanor,,DV,,
DV144,Strålbehandling med protoner,,DV,,
DV145,Inläggande av implantat för lägesbestämning,,DV,,
DV150,Skötsel av dränage,,DV,,
DV151,Byte av kvarliggande subkutan infart,,DV,,
DV152,Avlägsnande av kvarliggande subkutan infart,,DV,,
DV160,Iordningsställande av läkemedel i läkemedelsautomat,,DV,,
DV200,Utfärdande av recept på fysisk aktivitet (FaR),,DV,,
DV205,Stöd med ansökan om fondmedel,,DV,,
DV206,Stöd med ansökan om samhällets stödinsatser/ersättningar,,DV,,
DW,Annan specificerad behandling,,D,,
DX,Ospecificerad behandling,,D,,
G,"Kompensation, information/undervisning, samordning, administrativ handläggning",,,,
GA,Kompensation,,G,,
GA001,Analpluggsutprovning,,GA,,
GA002,Extra tillsyn,,GA,,
GA003,Inkoppling kokleaimplantat,,GA,,
GA004,Utlämnande av hörapparat,,GA,,
GA005,Utprovning och förskrivning av hörapparat,,GA,,
GA006,Utprovning av hörselhjälpmedel vid tinnitus,,GA,,
GA007,Utprovning och anpassning av annan specificerad protes,,GA,,
GA008,Utprovning och anpassning av bröstprotes,,GA,,
GA009,Utprovning och anpassning av extremitetsprotes,,GA,,
GA010,Utprovning och anpassning av protes UNS,,GA,,
GA011,Utprovning och underhåll av annan specificerad konstgjord öppning i mag-tarmkanalen,,GA,,
GA012,Utprovning och underhåll av cystostomi,,GA,,
GA013,Utprovning och underhåll av datorhjälpmedel för synskadade,,GA,,
GA014,Utprovning och underhåll av gastrostomi,,GA,,
GA015,Utprovning och underhåll av ileostomi,,GA,,
GA016,Utprovning och underhåll av kolostomi,,GA,,
GA017,Utprovning och underhåll av ortopedtekniska hjälpmedel,,GA,,
GA018,"Utprovning och underhåll av slutet, förstorande TV-system",,GA,,
GA019,Utprovning och underhåll av synkorrigerande hjälpmedel,,GA,,
GA020,Tillpassning och kontroll av kontaktlins,,GA,,
GA021,"Utprovning och underhåll av synkorrigerande hjälpmedel, (avser ej utprovning av standardglasögon)",,GA,,
GA022,"Utprovning, förskrivning och utlämnande av hörseltekniska hjälpmedel",,GA,,
GA023,Utprovning och förskrivning av rullstol,,GA,,
GA025,Utprovning och förskrivning av övriga hjälpmedel (exklusive rullstol),,GA,,
GA026,Utprovning och kontroll av ögonprotes,,GA,,
GA027,Utlämnande av bärbar defibrillator,,GA,,
GA028,Utlämnande av apparatur för självbehandling av fraktur med lågintensivt ultraljud,,GA,,
GA029,Utprovning och förskrivning av förbrukningsartiklar,,GA,,
GA030,Rengöring och skötsel av ögonprotes,,GA,,
GA031,Förskrivning av läkemedelsautomat till patient,,GA,,
GB,Information/undervisning,,G,,
GB001,Närståendesamtal i anslutning till tilltänkt transplantation,,GB,,
GB002,Information och undervisning UNS,,GB,,
GB003,"Läkemedelspumpbehandling, information och undervisning",,GB,,
GB004,Patientrelaterad extern information och utbildning,,GB,,
GB005,Självkateteriseringsträning,,GB,,
GB006,Stomiinformation,,GB,,
GB007,Teckenspråksundervisning,,GB,,
GB008,Diabetesläger,,GB,,
GB009,Information och undervisning riktad till patient,,GB,,
GB010,Information och undervisning riktad till närstående,,GB,,
GB015,Råd eller information om våld i nära relationer,,GB,,
GB019,Personcentrerad patient- och närståendeutbildning,,GB,,
GB020,Artrosskola,,GB,,
GB021,Utbildning av patient i intrakorporeal injektionsteknik,,GB,,
GB023,Information till patient enligt steriliseringslagen,,GB,,
GB024,Information enligt lag om omskärelse av pojkar och klarläggande av pojkens inställning till ingreppet,,GB,,
GB025,Information och vägledning om samhällsfunktioner,,GB,,
GC,Samordning,,G,,
GC001,Koordineringsinsatser för att främja återgång eller inträde i arbetslivet,,GC,,
GC002,Stöd från habiliteringen vid samordning och koordinering med andra samhällsaktörer,,GC,,
GD,Administrativ handläggning,,G,,
GD001,Anmälan enligt lag,,GD,,
GD002,"Intyg, enklare",,GD,,
GD003,"Intyg, omfattande",,GD,,
GD004,Övriga anmälningar,,GD,,
GD005,Vårdintyg enligt LPT eller LRV,,GD,,
GD006,Konstaterande av dödsfall,,GD,,
GD007,Anmälan för utredning enligt LVM,,GD,,
GD008,Anmälan enligt SoL angående barn med möjligt skyddsbehov,,GD,,
GD009,Registrering i kvalitetsregister,,GD,,
GD010,Utfärdande av rättsintyg,,GD,,
GD011,Beslut om vägran av sterilisering,,GD,,
GD015,Klinisk undersökning i samband med förväntat dödsfall,,GD,,
GD017,Anmälan enligt lex Maria,,GD,,
GD018,Information om inträffad vårdskada,,GD,,
GD020,Utfärdande av licensmotivering för icke godkänt läkemedel,,GD,,
P,ICF-associerade utredande åtgärder,,,,
PA,Utredning av psykiska funktioner,,P,,
PA000,Utredning av psykiska funktioner,,PA,,
PA001,Bedömning av medvetandefunktioner,,PA,,
PA002,Bedömning av orienteringsfunktioner,,PA,,
PA003,Bedömning av intellektuella funktioner,,PA,,
PA004,Bedömning av övergripande psykosociala funktioner,,PA,,
PA005,Bedömning av temperament och personlighetsfunktioner,,PA,,
PA006,Bedömning av energi och driftfunktioner,,PA,,
PA007,Bedömning av sömnfunktioner,,PA,,
PA008,Bedömning av uppmärksamhetsfunktioner,,PA,,
PA009,Bedömning av minnesfunktioner,,PA,,
PA010,Bedömning av psykomotoriska funktioner,,PA,,
PA011,Bedömning av emotionella funktioner,,PA,,
PA012,Bedömning av perceptuella funktioner,,PA,,
PA013,Bedömning av tankefunktioner,,PA,,
PA014,Bedömning av högre kognitiva funktioner,,PA,,
PA015,Bedömning av psykiska språkfunktioner,,PA,,
PA016,Bedömning av kalkyleringsfunktioner,,PA,,
PA017,Bedömning av psykisk funktion att ordna sammansatta rörelser i följd,,PA,,
PA018,Bedömning av medvetenhet om jaget och om tid,,PA,,
PB,Utredning av sinnesfunktioner och smärta,,P,,
PB000,Utredning av sinnesfunktioner och smärta,,PB,,
PB002,Hörselundersökning,,PB,,
PB003,Bedömning av balansfunktion,,PB,,
PB004,Bedömning av förnimmelser i samband med hörsel och vestibulär funktion,,PB,,
PB005,Bedömning av smakfunktion,,PB,,
PB006,Bedömning av luktfunktion,,PB,,
PB007,Bedömning av proprioceptiv funktion,,PB,,
PB008,Bedömning av beröringsfunktion och temperatur,,PB,,
PB009,Bedömning av smärta,,PB,,
PB010,Bedömning av förnimmelser förenade med ögat och angränsande strukturer samt funktioner hos strukturer intill ögat,,PB,,
PC,Utredning av röst- och talfunktioner,,P,,
PC001,Utredning av röst och talfunktioner,,PC,,
PD,"Utredning av hjärt-kärlfunktioner, blodbildnings-, immunsystemet och andningsfunktioner",,P,,
PD000,"Utredning av hjärt-kärlfunktioner, blodbildnings- och immunsystemsfunktioner och andningsfunktioner",,PD,,
PD001,Pulsmätning,,PD,,
PD003,Bedömning av blodkärlsfunktioner,,PD,,
PD005,Bedömning av ortostatism,,PD,,
PD006,Ödemmätning,,PD,,
PD007,Bedömning av andningsfunktioner,,PD,,
PD008,Bedömning av hostfunktion,,PD,,
PD009,Bedömning av tolerans för fysisk ansträngning och uthållighet,,PD,,
PD010,Bedömning av förnimmelser i samband med hjärt-kärlfunktioner och andningsfunktioner,,PD,,
PE,Utredning av matsmältnings- och ämnesomsättningsfunktioner och endokrina funktioner,,P,,
PE000,Utredning av matsmältnings- och ämnesomsättningsfunktioner och endokrina funktioner,,PE,,
PE001,Bedömning av sugfunktion,,PE,,
PE002,Bedömning av sväljfunktion,,PE,,
PE003,Bedömning av matsmältningsfunktioner,,PE,,
PE005,Bedömning av avföringsfunktioner,,PE,,
PE006,Bedömning av viktuppehållande funktioner,,PE,,
PE007,Bedömning av besvär relaterat till matsmältning,,PE,,
PE008,Bedömning av ämnesomsättningsfunktioner,,PE,,
PE009,Bedömning av vätskebalans,,PE,,
PE010,Bedömning av värmereglerande funktioner,,PE,,
PE012,Bedömning av endokrina funktioner,,PE,,
PE015,Bedömning av näringsintag,,PE,,
PE016,Bedömning av näringsbehov,,PE,,
PE017,Bedömning av risk för undernäring,,PE,,
PF,Utredning av funktioner i köns- och urinorganen samt reproduktiva funktioner,,P,,
PF000,Utredning av funktioner i köns- och urinorganen samt reproduktiva funktioner,,PF,,
PF001,Bedömning av urinutsöndringsfunktioner,,PF,,
PF002,Bedömning av urineringsfunktioner,,PF,,
PF003,Bedömning av sexuella funktioner,,PF,,
PF004,Bedömning av menstruationsfunktioner,,PF,,
PF005,Bedömning av fortplantningsfunktioner,,PF,,
PF006,Bedömning av förnimmelser förenade med urinfunktioner,,PF,,
PF007,Bedömning av förnimmelser i samband med genitala och reproduktiva funktioner,,PF,,
PF008,Bedömning av risk för blåsdysfunktion,,PF,,
PG,Utredning av neuromuskuloskeletala och rörelserelaterade funktioner,,P,,
PG000,Utredning av neuromuskuloskeletala och rörelserelaterade funktioner,,PG,,
PG001,Bedömning av ledrörlighet,,PG,,
PG002,Bedömning av ledstabilitet,,PG,,
PG003,Bedömning av muskelfunktion,,PG,,
PG004,Bedömning av reflexer,,PG,,
PG005,Bedömning av icke viljemässiga rörelsereaktioner,,PG,,
PG006,Bedömning av viljemässig rörelsekontroll,,PG,,
PG007,Bedömning av gångmönster,,PG,,
PG008,Bedömning av förnimmelser vad avser muskler och rörelsefunktioner,,PG,,
PH,Utredning av funktioner i huden och därmed relaterade strukturer,,P,,
PH000,Utredning av funktioner i huden och därmed relaterade strukturer,,PH,,
PH001,Bedömning av huden,,PH,,
PH002,Bedömning av risk för trycksår,,PH,,
PH003,Bedömning av hudens läkande funktion,,PH,,
PH004,Bedömning av förnimmelser som hänger samman med huden,,PH,,
PH005,Enkel fotundersökning,,PH,,
PJ,Utredning av lärande och tillämpning av kunskap,,P,,
PJ000,Utredning av lärande och tillämpning av kunskap,,PJ,,
PJ001,Bedömning av målinriktad användning av sinnesupplevelser,,PJ,,
PJ002,Bedömning av grundläggande lärande,,PJ,,
PJ003,Bedömning av att tillämpa kunskap,,PJ,,
PK,Utredning av allmänna uppgifter och krav,,P,,
PK000,Utredning av genomförande av allmänna uppgifter och krav,,PK,,
PK001,Bedömning av att företa en enstaka uppgift,,PK,,
PK002,Bedömning av att företa mångfaldiga uppgifter,,PK,,
PK003,Bedömning av att genomföra daglig rutin,,PK,,
PK004,Bedömning av att hantera stress och andra psykologiska krav,,PK,,
PL,Utredning av kommunikation,,P,,
PL000,Utredning av förmåga att kommunicera,,PL,,
PL001,Bedömning av att vara mottagare,,PL,,
PL002,Bedömning av att vara sändare,,PL,,
PL003,Bedömning av att kunna konversera och diskutera,,PL,,
PL004,Bedömning av att använda kommunikationsutrustningar och kommunikationstekniker,,PL,,
PM,Utredning av förflyttning,,P,,
PM000,Utredning av förmåga att förflytta sig,,PM,,
PM001,Bedömning av att ändra kroppsställning,,PM,,
PM002,Bedömning av att bibehålla en kroppsställning,,PM,,
PM003,Bedömning av att förflytta sig själv utan att ändra kroppsställning,,PM,,
PM004,"Bedömning av att lyfta, bära och förflytta föremål",,PM,,
PM005,Bedömning av finmotorik,,PM,,
PM006,Bedömning av att använda hand och arm,,PM,,
PM007,Bedömning av att gå,,PM,,
PM009,Bedömning av att förflytta sig med hjälpmedel,,PM,,
PM010,Bedömning av att använda transportmedel,,PM,,
PM011,Förarbedömning,,PM,,
PM012,Bedömning av fallrisk,,PM,,
PM017,Bedömning av att röra sig på olika sätt,,PM,,
PM018,Bedömning av att röra sig omkring på olika platser,,PM,,
PN,Utredning av personlig vård,,P,,
PN000,Utredning av personlig vård,,PN,,
PN001,Bedömning av att tvätta sig,,PN,,
PN002,Bedömning av att vårda sin kropp,,PN,,
PN003,Bedömning av att sköta sina toalettbehov,,PN,,
PN004,Bedömning av att klä på och av sig,,PN,,
PN005,Bedömning av att äta och dricka,,PN,,
PN008,Bedömning av att sköta sin egen hälsa,,PN,,
PN009,Bedömning av risk för ohälsa i munnen,,PN,,
PN010,Bedömning av att sköta sin fysiska aktivitet,,PN,,
PP,Utredning av hemliv,,P,,
PP000,Utredning av hemliv,,PP,,
PP001,Bedömning av att skaffa förnödenheter,,PP,,
PP002,Bedömning av att inköpa dagligvaror,,PP,,
PP003,Bedömning av att utföra hushållsgöromål,,PP,,
PP004,Bedömning av att laga mat,,PP,,
PP005,Bedömning av att tvätta,,PP,,
PP006,Bedömning av att städa bostaden,,PP,,
PP007,Bedömning av att ta hand om hemmets föremål,,PP,,
PP008,Bedömning av att bistå andra,,PP,,
PQ,Utredning av mellanmänskliga interaktioner och relationer,,P,,
PQ000,Utredning av mellanmänskliga interaktioner och relationer,,PQ,,
PQ001,Bedömning av mellanmänskliga interaktioner,,PQ,,
PQ002,Bedömning av kontakt med okända personer,,PQ,,
PQ003,Bedömning av formella relationer,,PQ,,
PQ004,Bedömning av informella sociala relationer,,PQ,,
PQ005,Bedömning av att ha familjerelationer,,PQ,,
PQ006,Bedömning av att ha parrelationer,,PQ,,
PR,"Utredning av arbets-, studie- och ekonomiskt liv",,P,,
PR000,"Utredning av arbets-, studie- och ekonomiskt liv",,PR,,
PR001,Bedömning av studieförmåga,,PR,,
PR002,Bedömning av arbetsförmåga och sysselsättning,,PR,,
PR003,Bedömning av ekonomiskt liv,,PR,,
PS,Utredning av socialt och medborgerligt liv,,P,,
PS000,Utredning av socialt och medborgerligt liv,,PS,,
PS001,Bedömning av engagemang i samhällsgemenskap,,PS,,
PS002,Bedömning av rekreation och fritid,,PS,,
PS003,Bedömning av engagemang i religiösa och andliga frågor,,PS,,
PT,Utredning av omgivningsfaktorer,,P,,
PT000,Utredning av omgivningsfaktorer,,PT,,
PT001,Bedömning av behov av omgivningsanpassning i det dagliga livet,,PT,,
PT002,Bedömning av hjälpmedelsbehov,,PT,,
PT008,Bedömning av allmän miljö,,PT,,
PT009,Bedömning av boendemiljö,,PT,,
PT010,Bedömning av fysisk miljö,,PT,,
PT011,Bedömning av personligt stöd från omgivningen,,PT,,
PT012,Bedömning av attityder i omgivningen,,PT,,
PT013,"Bedömning av service, tjänster, system och policies",,PT,,
PT017,Uppföljning av hjälpmedelsförskrivning,,PT,,
PT018,Uppföljning av läkemedelsautomat,,PT,,
PV,"Utredning av behov av informerande, rådgivande och undervisande åtgärder",,P,,
PV001,Uppföljning av träningsprogram,,PV,,
PV099,"Bedömning av behov av informerande, rådgivande och undervisande åtgärder UNS",,PV,,
Q,ICF-associerade behandlande åtgärder,,,,
QA,Behandling av psykiska funktioner,,Q,,
QA000,Behandling relaterad till psykiska funktioner,,QA,,
QA001,Övervakning av medvetande,,QA,,
QA002,Träning av orienteringsfunktioner,,QA,,
QA003,Träning av energi och driftfunktioner,,QA,,
QA004,Underlättande av sömn,,QA,,
QA005,Distraktion,,QA,,
QA006,Uppmärksamhetsträning,,QA,,
QA007,Minnesträning,,QA,,
QA008,Träning av psykomotoriska funktioner,,QA,,
QA009,Stöd vid oro,,QA,,
QA010,Perceptionsträning,,QA,,
QA011,Kognitiv funktionsträning,,QA,,
QA012,Afasiträning,,QA,,
QA013,Apraxiträning,,QA,,
QA014,Kroppsmedvetandeträning,,QA,,
QA015,Självbildsträning,,QA,,
QB,Behandling av sinnesfunktioner och smärta,,Q,,
QB000,Behandling relaterad till sinnesfunktioner och smärta,,QB,,
QB001,Balansträning,,QB,,
QB002,Yrselträning,,QB,,
QB003,Fallprevention,,QB,,
QB005,Känselträning,,QB,,
QB007,Massage,,QB,,
QB008,Smärtreducerande behandling,,QB,,
QB009,Träning av smakfunktion,,QB,,
QB010,Träning av luktfunktion,,QB,,
QB011,Fysikalisk behandling,,QB,,
QC,Behandling av röst- och talfunktioner,,Q,,
QC000,Behandling relaterad till röst- och talfunktioner,,QC,,
QD,"Behandling av hjärt-kärlfunktioner, blodbildnings-, immunsystemet och andningsfunktioner",,Q,,
QD000,"Behandling relaterad till funktioner i hjärt-, kärl-, blodbildnings-, andnings- och immunologiska system",,QD,,
QD001,Hjärtövervakning,,QD,,
QD002,Cirkulationsbefrämjande åtgärd,,QD,,
QD003,Fosterövervakning,,QD,,
QD004,Skötsel av central venkateter,,QD,,
QD005,Skötsel av perifer venkateter,,QD,,
QD006,Lymfödembehandling,,QD,,
QD007,Träning vid ortostatism,,QD,,
QD008,Övervakning av vitala tecken,,QD,,
QD009,Blodstillning,,QD,,
QD010,Övervakning av basal metabolism,,QD,,
QD011,Övervakning av överkänslighetsreaktion,,QD,,
QD012,Andningsträning,,QD,,
QD013,Skötsel av tub eller kanyl till trakea,,QD,,
QD014,Syrgasbehandling,,QD,,
QD015,Träning av hostfunktion,,QD,,
QD016,Träning av fysisk prestationsförmåga,,QD,,
QD017,Stöd vid användande av non-invasiv ventilator (NIV),,QD,,
QD018,Sekretmobilisering med hostmaskin,,QD,,
QE,Behandling av matsmältnings- och ämnesomsättningsfunktioner och endokrina funktioner,,Q,,
QE000,"Behandling relaterad till matsmältnings-, ämnesomsättnings- och endokrina funktioner",,QE,,
QE001,Träning av oral födobearbetning,,QE,,
QE005,Underlättande av sväljning,,QE,,
QE006,Stöd för regelbunden tarmtömning,,QE,,
QE007,Övervakning av avföringsmönster,,QE,,
QE009,Stöd för viktminskning,,QE,,
QE010,Stöd för viktökning,,QE,,
QE013,Stöd vid illamående/kräkning,,QE,,
QE014,Övervakning och korrigering av saltbalansen,,QE,,
QE015,Övervakning av blodsockernivå,,QE,,
QE016,Övervakning av kroppstemperatur,,QE,,
QE019,Central nerkylning,,QE,,
QE020,Perifer nerkylning,,QE,,
QE021,Stöd för bibehållande av vikt,,QE,,
QE025,Rådgivning och information om tarmdysfunktion,,QE,,
QF,Behandling av funktioner i köns- och urinorganen samt reproduktiva funktioner,,Q,,
QF000,Behandling relaterad till funktioner i köns- och urinorgan samt reproduktiva funktioner,,QF,,
QF001,Bäckenbottenträning,,QF,,
QF002,Kontinensträning,,QF,,
QF003,Inkontinensvård,,QF,,
QF006,Peritonealdialys,,QF,,
QF007,Övervakning vid graviditet,,QF,,
QF009,Övervakning vid förlossning,,QF,,
QF015,Rådgivning och information om blåsdysfunktion,,QF,,
QG,Behandling av neuromuskuloskeletala och rörelserelaterade funktioner,,Q,,
QG000,Behandling relaterad till rörelsefunktioner,,QG,,
QG003,Muskelfunktions- och styrketräning,,QG,,
QG004,Träning av posturala reaktioner,,QG,,
QG005,Koordinationsträning,,QG,,
QG007,Avspänningsträning,,QG,,
QG008,Aktiv eller passiv träning av muskel- och ledrörlighet,,QG,,
QG009,Manuell muskel- och ledbehandling,,QG,,
QH,Behandling av funktioner i huden och därmed relaterade strukturer,,Q,,
QH000,Behandling relaterad till funktioner i huden och därmed relaterade strukturer,,QH,,
QH001,Trycksårsprofylax,,QH,,
QH004,Terapeutiskt bad,,QH,,
QH005,Fotvård,,QH,,
QH006,Handvård,,QH,,
QH008,Sårvård,,QH,,
QH009,Ärrbehandling,,QH,,
QH010,Hudrengöring,,QH,,
QH011,Klådstillande behandling,,QH,,
QJ,Behandling av lärande och att tillämpa kunskap,,Q,,
QJ000,Stöd och träning i lärande och kunskapstillämpning,,QJ,,
QJ001,Träning av målinriktade sinnesupplevelser,,QJ,,
QJ002,Stöd och/eller träning av grundläggande lärande,,QJ,,
QJ003,Träning av att tillämpa kunskap,,QJ,,
QJ004,Stöd och/eller träning i problemlösning,,QJ,,
QK,Behandling av allmänna uppgifter och krav,,Q,,
QK000,Stöd och träning i kravhantering,,QK,,
QK001,Stöd och/eller träning i att företa enstaka uppgifter,,QK,,
QK002,Stöd och/eller träning i att företa mångfaldiga uppgifter,,QK,,
QK003,Stöd och/eller träning i att genomföra daglig rutin,,QK,,
QK005,Stresshantering,,QK,,
QK007,Krishantering,,QK,,
QK008,Stöd vid sorgearbete,,QK,,
QL,Behandling av kommunikation,,Q,,
QL000,Stöd och träning i att kommunicera,,QL,,
QM,Behandling av förflyttning,,Q,,
QM000,Behandling relaterad till förflyttning,,QM,,
QM004,Kroppsplacering,,QM,,
QM005,Träning i att ändra kroppsställning,,QM,,
QM006,Övervakning av kroppsställning,,QM,,
QM007,Träning i att bibehålla en kroppsställning och överflyttning,,QM,,
QM009,Assistans vid ändring och bibehållande av kroppsställning samt överflyttning,,QM,,
QM011,"Träning i att lyfta, bära och flytta föremål",,QM,,
QM013,Träning av finmotorik,,QM,,
QM014,Träning i att använda hand och arm,,QM,,
QM015,Gångträning,,QM,,
QM016,Trappträning,,QM,,
QM017,Träning i att röra sig på olika sätt,,QM,,
QM018,Träning i att röra sig omkring på olika platser,,QM,,
QM020,Träning i att använda transportmedel,,QM,,
QN,Behandling av personlig vård,,Q,,
QN000,Behandling relaterad till personlig vård,,QN,,
QN001,Stöd vid personlig vård,,QN,,
QN002,Assistans vid personlig vård,,QN,,
QN003,Fullständigt utförande av personlig vård,,QN,,
QN004,Träning i att tvätta sig,,QN,,
QN005,Assistans vid tvättning,,QN,,
QN006,Fullständigt utförande av tvättning,,QN,,
QN007,Träning i kroppsvård,,QN,,
QN008,Assistans vid kroppsvård,,QN,,
QN009,Fullständigt utförande av kroppsvård,,QN,,
QN010,Träning i munvård,,QN,,
QN011,Assistans vid munvård,,QN,,
QN012,Fullständigt utförande av munvård,,QN,,
QN013,Träning i att sköta sina toalettbehov,,QN,,
QN014,Tvättning och rengöring vid inkontinensvård,,QN,,
QN016,Träning av på- och avklädning,,QN,,
QN017,Assistans vid på- och avklädning,,QN,,
QN018,På- och avklädning av individ,,QN,,
QN019,Träning i att äta och dricka,,QN,,
QN020,Assistans vid födointag,,QN,,
QN021,Övervakning vid födointag,,QN,,
QN022,Matning,,QN,,
QN023,Matning med nappflaska,,QN,,
QN024,Övervakning av vätskeintag,,QN,,
QN025,Träning i att sköta sin egen hälsa,,QN,,
QN027,Assistans i att sköta sin egen hälsa,,QN,,
QN028,Assistans vid att sköta toalettbehov,,QN,,
QN030,Rådgivning och information om munhälsa,,QN,,
QP,Behandling av hemliv,,Q,,
QP000,Stöd och träning i hemliv,,QP,,
QP001,Stöd vid införskaffandet av egen bostad,,QP,,
QP002,Träning i att skaffa förnödenheter,,QP,,
QP003,Assistans med att skaffa förnödenheter,,QP,,
QP004,Träning i inköp av dagligvaror,,QP,,
QP005,Träning i hushållsgöromål,,QP,,
QP006,Assistans vid hushållsgöromål,,QP,,
QP007,Utföra hushållsgöromål,,QP,,
QP008,Matlagningsträning,,QP,,
QP009,Träning i att tvätta,,QP,,
QP010,Träning i att städa bostaden,,QP,,
QP011,Träning i att ta hand om hemmets föremål,,QP,,
QQ,Behandling av mellanmänskliga interaktioner och relationer,,Q,,
QQ000,Stöd och träning i att samspela med andra,,QQ,,
QQ001,Stöd av närståendes delaktighet i vården,,QQ,,
QQ002,Stöd och/eller träning i kontakt med okända personer,,QQ,,
QQ003,Stöd och/eller träning av formella relationer,,QQ,,
QQ004,Stöd och/eller träning av informella sociala relationer,,QQ,,
QQ005,Stöd och/eller träning av familjerelationer,,QQ,,
QQ006,Stöd för anknytning föräldrar-barn,,QQ,,
QQ007,Stöd för familjesammanhållning,,QQ,,
QR,"Behandling av arbets-, studie- och ekonomiskt liv",,Q,,
QR000,"Stöd och träning relaterat till utbildning, arbete, sysselsättning och ekonomiskt liv",,QR,,
QR001,Rådgivning vid studier och studieträning,,QR,,
QR002,Rådgivning vid arbete och sysselsättning,,QR,,
QR003,Träning av arbetsförmåga,,QR,,
QR004,Träning i att sköta sin ekonomi,,QR,,
QR005,Assistans vid hantering av ekonomiska resurser,,QR,,
QR010,Individanpassat systematiskt psykosocialt stöd till arbete och studier,,QR,,
QS,Behandling av socialt och medborgerligt liv,,Q,,
QS000,Stöd och träning i socialt och medborgerligt liv,,QS,,
QS001,Social träning i samhället,,QS,,
QS002,Stöd och/eller träning av fritidssysselsättning,,QS,,
QT,Behandling av omgivningsfaktorer,,Q,,
QT000,Anpassning och bearbetning av omgivningsfaktorer,,QT,,
QT001,Riskreducering för immunologisk reaktion,,QT,,
QT003,Anpassning av produkter och teknik i det dagliga livet,,QT,,
QT004,Utprovning och/eller tillverkning av ortos,,QT,,
QT006,Träning i att använda hjälpmedel,,QT,,
QT007,Hjälpmedelsrådgivning,,QT,,
QT008,Anpassning av allmänmiljö,,QT,,
QT009,Anpassning av boende/hemmiljö,,QT,,
QT010,Anpassning av den fysiska miljön,,QT,,
QT011,Stöd till anhörigvårdare,,QT,,
QT013,Påverkan av attityder i omgivningen,,QT,,
QT014,Bearbeta omgivningen i våldsförebyggande syfte,,QT,,
QT015,Anpassa omgivning för föräldrar och barn,,QT,,
QT016,Rådgivning till närstående,,QT,,
QT018,Träning i att använda produkter och teknik (exklusive förskrivet hjälpmedel),,QT,,
QT019,Anpassning av tidigare förskrivet hjälpmedel,,QT,,
QT020,Åtgärder riktade till personligt stöd i omgivningen,,QT,,
QV,Information/undervisning till patient/brukare,,Q,,
QV001,Information/undervisning om hälsa-ohälsa,,QV,,
QV002,Information/undervisning om hälsoproblem,,QV,,
QV003,Information/undervisning om egenvårdsprogram,,QV,,
QV004,Information/undervisning om undersökningar och behandlingar,,QV,,
QV005,Information/undervisning om kostfrågor,,QV,,
QV006,Information/undervisning om medicinering,,QV,,
QV007,Information/undervisning om smärta,,QV,,
QV008,Information/undervisning om sexualitet,,QV,,
QV009,Information/undervisning i samband med familjeplanering,,QV,,
QV010,Information/undervisning om ergonomi,,QV,,
QV012,Gruppträning,,QV,,
QV013,Föräldrautbildning,,QV,,
QV015,Utprovning av träningsprogram,,QV,,
QX,Åtgärder som ännu inte funnit sin plats i strukturen,,Q,,
QX001,Prevention av smittsamma sjukdomar,,QX,,
QX002,Minskning av risken för att en individ skadar sig själv,,QX,,
QX004,Preoperativ förberedelse,,QX,,
QX005,Postoperativ övervakning,,QX,,
QX006,Palliativ vård efter beslut om medicinsk brytpunkt,,QX,,
QX007,Omhändertagande av avliden,,QX,,
S,Anestesi,,,,
SA,"Generell anestesi, intravenös induktion utan relaxation",,S,,
SA000,Generell anestesi och sedering. Induktion: Intravenös utan relaxation. Luftvägskontroll med: Spontanandning utan tillskott av oxygen. Huvudsakligt underhåll av narkos/sedering: Ingen. Huvudsakligt underhåll av analgesi: Ingen,,SA,,
SA001,Generell anestesi och sedering. Induktion: Intravenös utan relaxation. Luftvägskontroll med: Spontanandning utan tillskott av oxygen. Huvudsakligt underhåll av narkos/sedering: Ingen. Huvudsakligt underhåll av analgesi: Intravenöst,,SA,,
SA004,Generell anestesi och sedering. Induktion: Intravenös utan relaxation. Luftvägskontroll med: Spontanandning utan tillskott av oxygen. Huvudsakligt underhåll av narkos/sedering: Ingen. Huvudsakligt underhåll av analgesi: Regional,,SA,,
SA010,Generell anestesi och sedering. Induktion: Intravenös utan relaxation. Luftvägskontroll med: Spontanandning utan tillskott av oxygen. Huvudsakligt underhåll av narkos/sedering: Intravenöst utan relaxation. Huvudsakligt underhåll av analgesi: Ingen,,SA,,
SA011,Generell anestesi och sedering. Induktion: Intravenös utan relaxation. Luftvägskontroll med: Spontanandning utan tillskott av oxygen. Huvudsakligt underhåll av narkos/sedering: Intravenöst utan relaxation. Huvudsakligt underhåll av analgesi: Intravenöst,,SA,,
SA014,Generell anestesi och sedering. Induktion: Intravenös utan relaxation. Luftvägskontroll med: Spontanandning utan tillskott av oxygen. Huvudsakligt underhåll av narkos/sedering: Intravenöst utan relaxation. Huvudsakligt underhåll av analgesi: Regional,,SA,,
SA100,Generell anestesi och sedering. Induktion: Intravenös utan relaxation. Luftvägskontroll med: Spontanandning med tillägg av oxygen. Huvudsakligt underhåll av narkos/sedering: Ingen. Huvudsakligt underhåll av analgesi: Ingen,,SA,,
SA101,Generell anestesi och sedering. Induktion: Intravenös utan relaxation. Luftvägskontroll med: Spontanandning med tillägg av oxygen. Huvudsakligt underhåll av narkos/sedering: Ingen. Huvudsakligt underhåll av analgesi: Intravenöst,,SA,,
SA102,Generell anestesi och sedering. Induktion: Intravenös utan relaxation. Luftvägskontroll med: Spontanandning med tillägg av oxygen. Huvudsakligt underhåll av narkos/sedering: Ingen. Huvudsakligt underhåll av analgesi: Inhalation,,SA,,
SA103,Generell anestesi och sedering. Induktion: Intravenös utan relaxation. Luftvägskontroll med: Spontanandning med tillägg av oxygen. Huvudsakligt underhåll av narkos/sedering: Ingen. Huvudsakligt underhåll av analgesi: Kombination av intravenöst och inhalation,,SA,,
SA104,Generell anestesi och sedering. Induktion: Intravenös utan relaxation. Luftvägskontroll med: Spontanandning med tillägg av oxygen. Huvudsakligt underhåll av narkos/sedering: Ingen. Huvudsakligt underhåll av analgesi: Regional,,SA,,
SA110,Generell anestesi och sedering. Induktion: Intravenös utan relaxation. Luftvägskontroll med: Spontanandning med tillägg av oxygen. Huvudsakligt underhåll av narkos/sedering: Intravenöst utan relaxation. Huvudsakligt underhåll av analgesi: Ingen,,SA,,
SA111,Generell anestesi och sedering. Induktion: Intravenös utan relaxation. Luftvägskontroll med: Spontanandning med tillägg av oxygen. Huvudsakligt underhåll av narkos/sedering: Intravenöst utan relaxation. Huvudsakligt underhåll av analgesi: Intravenöst,,SA,,
SA112,Generell anestesi och sedering. Induktion: Intravenös utan relaxation. Luftvägskontroll med: Spontanandning med tillägg av oxygen. Huvudsakligt underhåll av narkos/sedering: Intravenöst utan relaxation. Huvudsakligt underhåll av analgesi: Inhalation,,SA,,
SA113,Generell anestesi och sedering. Induktion: Intravenös utan relaxation. Luftvägskontroll med: Spontanandning med tillägg av oxygen. Huvudsakligt underhåll av narkos/sedering: Intravenöst utan relaxation. Huvudsakligt underhåll av analgesi: Kombination av intravenöst och inhalation,,SA,,
SA114,Generell anestesi och sedering. Induktion: Intravenös utan relaxation. Luftvägskontroll med: Spontanandning med tillägg av oxygen. Huvudsakligt underhåll av narkos/sedering: Intravenöst utan relaxation. Huvudsakligt underhåll av analgesi: Regional,,SA,,
SA130,Generell anestesi och sedering. Induktion: Intravenös utan relaxation. Luftvägskontroll med: Spontanandning med tillägg av oxygen. Huvudsakligt underhåll av narkos/sedering: Inhalation utan relaxation. Huvudsakligt underhåll av analgesi: Ingen,,SA,,
SA131,Generell anestesi och sedering. Induktion: Intravenös utan relaxation. Luftvägskontroll med: Spontanandning med tillägg av oxygen. Huvudsakligt underhåll av narkos/sedering: Inhalation utan relaxation. Huvudsakligt underhåll av analgesi: Intravenöst,,SA,,
SA132,Generell anestesi och sedering. Induktion: Intravenös utan relaxation. Luftvägskontroll med: Spontanandning med tillägg av oxygen. Huvudsakligt underhåll av narkos/sedering: Inhalation utan relaxation. Huvudsakligt underhåll av analgesi: Inhalation,,SA,,
SA133,Generell anestesi och sedering. Induktion: Intravenös utan relaxation. Luftvägskontroll med: Spontanandning med tillägg av oxygen. Huvudsakligt underhåll av narkos/sedering: Inhalation utan relaxation. Huvudsakligt underhåll av analgesi: Kombination av intravenöst och inhalation,,SA,,
SA134,Generell anestesi och sedering. Induktion: Intravenös utan relaxation. Luftvägskontroll med: Spontanandning med tillägg av oxygen. Huvudsakligt underhåll av narkos/sedering: Inhalation utan relaxation. Huvudsakligt underhåll av analgesi: Regional,,SA,,
SA200,Generell anestesi och sedering. Induktion: Intravenös utan relaxation. Luftvägskontroll med: Manuell luftvägskontroll med mask. Huvudsakligt underhåll av narkos/sedering: Ingen. Huvudsakligt underhåll av analgesi: Ingen,,SA,,
SA201,Generell anestesi och sedering. Induktion: Intravenös utan relaxation. Luftvägskontroll med: Manuell luftvägskontroll med mask. Huvudsakligt underhåll av narkos/sedering: Ingen. Huvudsakligt underhåll av analgesi: Intravenöst,,SA,,
SA202,Generell anestesi och sedering. Induktion: Intravenös utan relaxation. Luftvägskontroll med: Manuell luftvägskontroll med mask. Huvudsakligt underhåll av narkos/sedering: Ingen. Huvudsakligt underhåll av analgesi: Inhalation,,SA,,
SA203,Generell anestesi och sedering. Induktion: Intravenös utan relaxation. Luftvägskontroll med: Manuell luftvägskontroll med mask. Huvudsakligt underhåll av narkos/sedering: Ingen. Huvudsakligt underhåll av analgesi: Kombination av intravenöst och inhalation,,SA,,
SA204,Generell anestesi och sedering. Induktion: Intravenös utan relaxation. Luftvägskontroll med: Manuell luftvägskontroll med mask. Huvudsakligt underhåll av narkos/sedering: Ingen. Huvudsakligt underhåll av analgesi: Regional,,SA,,
SA210,Generell anestesi och sedering. Induktion: Intravenös utan relaxation. Luftvägskontroll med: Manuell luftvägskontroll med mask. Huvudsakligt underhåll av narkos/sedering: Intravenöst utan relaxation. Huvudsakligt underhåll av analgesi: Ingen,,SA,,
SA211,Generell anestesi och sedering. Induktion: Intravenös utan relaxation. Luftvägskontroll med: Manuell luftvägskontroll med mask. Huvudsakligt underhåll av narkos/sedering: Intravenöst utan relaxation. Huvudsakligt underhåll av analgesi: Intravenöst,,SA,,
SA212,Generell anestesi och sedering. Induktion: Intravenös utan relaxation. Luftvägskontroll med: Manuell luftvägskontroll med mask. Huvudsakligt underhåll av narkos/sedering: Intravenöst utan relaxation. Huvudsakligt underhåll av analgesi: Inhalation,,SA,,
SA213,Generell anestesi och sedering. Induktion: Intravenös utan relaxation. Luftvägskontroll med: Manuell luftvägskontroll med mask. Huvudsakligt underhåll av narkos/sedering: Intravenöst utan relaxation. Huvudsakligt underhåll av analgesi: Kombination av intravenöst och inhalation,,SA,,
SA214,Generell anestesi och sedering. Induktion: Intravenös utan relaxation. Luftvägskontroll med: Manuell luftvägskontroll med mask. Huvudsakligt underhåll av narkos/sedering: Intravenöst utan relaxation. Huvudsakligt underhåll av analgesi: Regional,,SA,,
SA220,Generell anestesi och sedering. Induktion: Intravenös utan relaxation. Luftvägskontroll med: Manuell luftvägskontroll med mask. Huvudsakligt underhåll av narkos/sedering: Intravenöst med relaxation. Huvudsakligt underhåll av analgesi: Ingen,,SA,,
SA221,Generell anestesi och sedering. Induktion: Intravenös utan relaxation. Luftvägskontroll med: Manuell luftvägskontroll med mask. Huvudsakligt underhåll av narkos/sedering: Intravenöst med relaxation. Huvudsakligt underhåll av analgesi: Intravenöst,,SA,,
SA222,Generell anestesi och sedering. Induktion: Intravenös utan relaxation. Luftvägskontroll med: Manuell luftvägskontroll med mask. Huvudsakligt underhåll av narkos/sedering: Intravenöst med relaxation. Huvudsakligt underhåll av analgesi: Inhalation,,SA,,
SA223,Generell anestesi och sedering. Induktion: Intravenös utan relaxation. Luftvägskontroll med: Manuell luftvägskontroll med mask. Huvudsakligt underhåll av narkos/sedering: Intravenöst med relaxation. Huvudsakligt underhåll av analgesi: Kombination av intravenöst och inhalation,,SA,,
SA224,Generell anestesi och sedering. Induktion: Intravenös utan relaxation. Luftvägskontroll med: Manuell luftvägskontroll med mask. Huvudsakligt underhåll av narkos/sedering: Intravenöst med relaxation. Huvudsakligt underhåll av analgesi: Regional,,SA,,
SA230,Generell anestesi och sedering. Induktion: Intravenös utan relaxation. Luftvägskontroll med: Manuell luftvägskontroll med mask. Huvudsakligt underhåll av narkos/sedering: Inhalation utan relaxation. Huvudsakligt underhåll av analgesi: Ingen,,SA,,
SA231,Generell anestesi och sedering. Induktion: Intravenös utan relaxation. Luftvägskontroll med: Manuell luftvägskontroll med mask. Huvudsakligt underhåll av narkos/sedering: Inhalation utan relaxation. Huvudsakligt underhåll av analgesi: Intravenöst,,SA,,
SA232,Generell anestesi och sedering. Induktion: Intravenös utan relaxation. Luftvägskontroll med: Manuell luftvägskontroll med mask. Huvudsakligt underhåll av narkos/sedering: Inhalation utan relaxation. Huvudsakligt underhåll av analgesi: Inhalation,,SA,,
SA233,Generell anestesi och sedering. Induktion: Intravenös utan relaxation. Luftvägskontroll med: Manuell luftvägskontroll med mask. Huvudsakligt underhåll av narkos/sedering: Inhalation utan relaxation. Huvudsakligt underhåll av analgesi: Kombination av intravenöst och inhalation,,SA,,
SA234,Generell anestesi och sedering. Induktion: Intravenös utan relaxation. Luftvägskontroll med: Manuell luftvägskontroll med mask. Huvudsakligt underhåll av narkos/sedering: Inhalation utan relaxation. Huvudsakligt underhåll av analgesi: Regional.,,SA,,
SA240,Generell anestesi och sedering. Induktion: Intravenös utan relaxation. Luftvägskontroll med: Manuell luftvägskontroll med mask. Huvudsakligt underhåll av narkos/sedering: Inhalation med relaxation. Huvudsakligt underhåll av analgesi: Ingen,,SA,,
SA241,Generell anestesi och sedering. Induktion: Intravenös utan relaxation. Luftvägskontroll med: Manuell luftvägskontroll med mask. Huvudsakligt underhåll av narkos/sedering: Inhalation med relaxation. Huvudsakligt underhåll av analgesi: Intravenöst,,SA,,
SA242,Generell anestesi och sedering. Induktion: Intravenös utan relaxation. Luftvägskontroll med: Manuell luftvägskontroll med mask. Huvudsakligt underhåll av narkos/sedering: Inhalation med relaxation. Huvudsakligt underhåll av analgesi: Inhalation,,SA,,
SA243,Generell anestesi och sedering. Induktion: Intravenös utan relaxation. Luftvägskontroll med: Manuell luftvägskontroll med mask. Huvudsakligt underhåll av narkos/sedering: Inhalation med relaxation. Huvudsakligt underhåll av analgesi: Kombination av intravenöst och inhalation,,SA,,
SA244,Generell anestesi och sedering. Induktion: Intravenös utan relaxation. Luftvägskontroll med: Manuell luftvägskontroll med mask. Huvudsakligt underhåll av narkos/sedering: Inhalation med relaxation. Huvudsakligt underhåll av analgesi: Regional,,SA,,
SA300,Generell anestesi och sedering. Induktion: Intravenös utan relaxation. Luftvägskontroll med: Supraglottisk luftväg. Huvudsakligt underhåll av narkos/sedering: Ingen. Huvudsakligt underhåll av analgesi: Ingen,,SA,,
SA301,Generell anestesi och sedering. Induktion: Intravenös utan relaxation. Luftvägskontroll med: Supraglottisk luftväg. Huvudsakligt underhåll av narkos/sedering: Ingen. Huvudsakligt underhåll av analgesi: Intravenöst,,SA,,
SA302,Generell anestesi och sedering. Induktion: Intravenös utan relaxation. Luftvägskontroll med: Supraglottisk luftväg. Huvudsakligt underhåll av narkos/sedering: Ingen. Huvudsakligt underhåll av analgesi: Inhalation,,SA,,
SA303,Generell anestesi och sedering. Induktion: Intravenös utan relaxation. Luftvägskontroll med: Supraglottisk luftväg. Huvudsakligt underhåll av narkos/sedering: Ingen. Huvudsakligt underhåll av analgesi: Kombination av intravenöst och inhalation,,SA,,
SA304,Generell anestesi och sedering. Induktion: Intravenös utan relaxation. Luftvägskontroll med: Supraglottisk luftväg. Huvudsakligt underhåll av narkos/sedering: Ingen. Huvudsakligt underhåll av analgesi: Regional,,SA,,
SA310,Generell anestesi och sedering. Induktion: Intravenös utan relaxation. Luftvägskontroll med: Supraglottisk luftväg. Huvudsakligt underhåll av narkos/sedering: Intravenöst utan relaxation. Huvudsakligt underhåll av analgesi: Ingen,,SA,,
SA311,Generell anestesi och sedering. Induktion: Intravenös utan relaxation. Luftvägskontroll med: Supraglottisk luftväg. Huvudsakligt underhåll av narkos/sedering: Intravenöst utan relaxation. Huvudsakligt underhåll av analgesi: Intravenöst,,SA,,
SA312,Generell anestesi och sedering. Induktion: Intravenös utan relaxation. Luftvägskontroll med: Supraglottisk luftväg. Huvudsakligt underhåll av narkos/sedering: Intravenöst utan relaxation. Huvudsakligt underhåll av analgesi: Inhalation,,SA,,
SA313,Generell anestesi och sedering. Induktion: Intravenös utan relaxation. Luftvägskontroll med: Supraglottisk luftväg. Huvudsakligt underhåll av narkos/sedering: Intravenöst utan relaxation. Huvudsakligt underhåll av analgesi: Kombination av intravenöst och inhalation,,SA,,
SA314,Generell anestesi och sedering. Induktion: Intravenös utan relaxation. Luftvägskontroll med: Supraglottisk luftväg. Huvudsakligt underhåll av narkos/sedering: Intravenöst utan relaxation. Huvudsakligt underhåll av analgesi: Regional,,SA,,
SA320,Generell anestesi och sedering. Induktion: Intravenös utan relaxation. Luftvägskontroll med: Supraglottisk luftväg. Huvudsakligt underhåll av narkos/sedering: Intravenöst med relaxation. Huvudsakligt underhåll av analgesi: Ingen,,SA,,
SA321,Generell anestesi och sedering. Induktion: Intravenös utan relaxation. Luftvägskontroll med: Supraglottisk luftväg. Huvudsakligt underhåll av narkos/sedering: Intravenöst med relaxation. Huvudsakligt underhåll av analgesi: Intravenöst,,SA,,
SA322,Generell anestesi och sedering. Induktion: Intravenös utan relaxation. Luftvägskontroll med: Supraglottisk luftväg. Huvudsakligt underhåll av narkos/sedering: Intravenöst med relaxation. Huvudsakligt underhåll av analgesi: Inhalation,,SA,,
SA323,Generell anestesi och sedering. Induktion: Intravenös utan relaxation. Luftvägskontroll med: Supraglottisk luftväg. Huvudsakligt underhåll av narkos/sedering: Intravenöst med relaxation. Huvudsakligt underhåll av analgesi: Kombination av intravenöst och inhalation,,SA,,
SA324,Generell anestesi och sedering. Induktion: Intravenös utan relaxation. Luftvägskontroll med: Supraglottisk luftväg. Huvudsakligt underhåll av narkos/sedering: Intravenöst med relaxation. Huvudsakligt underhåll av analgesi: Regional,,SA,,
SA330,Generell anestesi och sedering. Induktion: Intravenös utan relaxation. Luftvägskontroll med: Supraglottisk luftväg. Huvudsakligt underhåll av narkos/sedering: Inhalation utan relaxation. Huvudsakligt underhåll av analgesi: Ingen,,SA,,
SA331,Generell anestesi och sedering. Induktion: Intravenös utan relaxation. Luftvägskontroll med: Supraglottisk luftväg. Huvudsakligt underhåll av narkos/sedering: Inhalation utan relaxation. Huvudsakligt underhåll av analgesi: Intravenöst,,SA,,
SA332,Generell anestesi och sedering. Induktion: Intravenös utan relaxation. Luftvägskontroll med: Supraglottisk luftväg. Huvudsakligt underhåll av narkos/sedering: Inhalation utan relaxation. Huvudsakligt underhåll av analgesi: Inhalation,,SA,,
SA333,Generell anestesi och sedering. Induktion: Intravenös utan relaxation. Luftvägskontroll med: Supraglottisk luftväg. Huvudsakligt underhåll av narkos/sedering: Inhalation utan relaxation. Huvudsakligt underhåll av analgesi: Kombination av intravenöst och inhalation,,SA,,
SA334,Generell anestesi och sedering. Induktion: Intravenös utan relaxation. Luftvägskontroll med: Supraglottisk luftväg. Huvudsakligt underhåll av narkos/sedering: Inhalation utan relaxation. Huvudsakligt underhåll av analgesi: Regional,,SA,,
SA340,Generell anestesi och sedering. Induktion: Intravenös utan relaxation. Luftvägskontroll med: Supraglottisk luftväg. Huvudsakligt underhåll av narkos/sedering: Inhalation med relaxation. Huvudsakligt underhåll av analgesi: Ingen,,SA,,
SA341,Generell anestesi och sedering. Induktion: Intravenös utan relaxation. Luftvägskontroll med: Supraglottisk luftväg. Huvudsakligt underhåll av narkos/sedering: Inhalation med relaxation. Huvudsakligt underhåll av analgesi: Intravenöst,,SA,,
SA342,Generell anestesi och sedering. Induktion: Intravenös utan relaxation. Luftvägskontroll med: Supraglottisk luftväg. Huvudsakligt underhåll av narkos/sedering: Inhalation med relaxation. Huvudsakligt underhåll av analgesi: Inhalation,,SA,,
SA343,Generell anestesi och sedering. Induktion: Intravenös utan relaxation. Luftvägskontroll med: Supraglottisk luftväg. Huvudsakligt underhåll av narkos/sedering: Inhalation med relaxation. Huvudsakligt underhåll av analgesi: Kombination av intravenöst och inhalation,,SA,,
SA344,Generell anestesi och sedering. Induktion: Intravenös utan relaxation. Luftvägskontroll med: Supraglottisk luftväg. Huvudsakligt underhåll av narkos/sedering: Inhalation med relaxation. Huvudsakligt underhåll av analgesi: Regional,,SA,,
SA400,Generell anestesi och sedering. Induktion: Intravenös utan relaxation. Luftvägskontroll med: Oral intubation. Huvudsakligt underhåll av narkos/sedering: Ingen. Huvudsakligt underhåll av analgesi: Ingen,,SA,,
SA401,Generell anestesi och sedering. Induktion: Intravenös utan relaxation. Luftvägskontroll med: Oral intubation. Huvudsakligt underhåll av narkos/sedering: Ingen. Huvudsakligt underhåll av analgesi: Intravenöst,,SA,,
SA402,Generell anestesi och sedering. Induktion: Intravenös utan relaxation. Luftvägskontroll med: Oral intubation. Huvudsakligt underhåll av narkos/sedering: Ingen. Huvudsakligt underhåll av analgesi: Inhalation,,SA,,
SA403,Generell anestesi och sedering. Induktion: Intravenös utan relaxation. Luftvägskontroll med: Oral intubation. Huvudsakligt underhåll av narkos/sedering: Ingen. Huvudsakligt underhåll av analgesi: Kombination av intravenöst och inhalation,,SA,,
SA404,Generell anestesi och sedering. Induktion: Intravenös utan relaxation. Luftvägskontroll med: Oral intubation. Huvudsakligt underhåll av narkos/sedering: Ingen. Huvudsakligt underhåll av analgesi: Regional,,SA,,
SA410,Generell anestesi och sedering. Induktion: Intravenös utan relaxation. Luftvägskontroll med: Oral intubation. Huvudsakligt underhåll av narkos/sedering: Intravenöst utan relaxation. Huvudsakligt underhåll av analgesi: Ingen,,SA,,
SA411,Generell anestesi och sedering. Induktion: Intravenös utan relaxation. Luftvägskontroll med: Oral intubation. Huvudsakligt underhåll av narkos/sedering: Intravenöst utan relaxation. Huvudsakligt underhåll av analgesi: Intravenöst,,SA,,
SA412,Generell anestesi och sedering. Induktion: Intravenös utan relaxation. Luftvägskontroll med: Oral intubation. Huvudsakligt underhåll av narkos/sedering: Intravenöst utan relaxation. Huvudsakligt underhåll av analgesi: Inhalation,,SA,,
SA413,Generell anestesi och sedering. Induktion: Intravenös utan relaxation. Luftvägskontroll med: Oral intubation. Huvudsakligt underhåll av narkos/sedering: Intravenöst utan relaxation. Huvudsakligt underhåll av analgesi: Kombination av intravenöst och inhalation,,SA,,
SA414,Generell anestesi och sedering. Induktion: Intravenös utan relaxation. Luftvägskontroll med: Oral intubation. Huvudsakligt underhåll av narkos/sedering: Intravenöst utan relaxation. Huvudsakligt underhåll av analgesi: Regional,,SA,,
SA420,Generell anestesi och sedering. Induktion: Intravenös utan relaxation. Luftvägskontroll med: Oral intubation. Huvudsakligt underhåll av narkos/sedering: Intravenöst med relaxation. Huvudsakligt underhåll av analgesi: Ingen,,SA,,
SA421,Generell anestesi och sedering. Induktion: Intravenös utan relaxation. Luftvägskontroll med: Oral intubation. Huvudsakligt underhåll av narkos/sedering: Intravenöst med relaxation. Huvudsakligt underhåll av analgesi: Intravenöst,,SA,,
SA422,Generell anestesi och sedering. Induktion: Intravenös utan relaxation. Luftvägskontroll med: Oral intubation. Huvudsakligt underhåll av narkos/sedering: Intravenöst med relaxation. Huvudsakligt underhåll av analgesi: Inhalation,,SA,,
SA423,Generell anestesi och sedering. Induktion: Intravenös utan relaxation. Luftvägskontroll med: Oral intubation. Huvudsakligt underhåll av narkos/sedering: Intravenöst med relaxation. Huvudsakligt underhåll av analgesi: Kombination av intravenöst och inhalation,,SA,,
SA424,Generell anestesi och sedering. Induktion: Intravenös utan relaxation. Luftvägskontroll med: Oral intubation. Huvudsakligt underhåll av narkos/sedering: Intravenöst med relaxation. Huvudsakligt underhåll av analgesi: Regional,,SA,,
SA430,Generell anestesi och sedering. Induktion: Intravenös utan relaxation. Luftvägskontroll med: Oral intubation. Huvudsakligt underhåll av narkos/sedering: Inhalation utan relaxation. Huvudsakligt underhåll av analgesi: Ingen,,SA,,
SA431,Generell anestesi och sedering. Induktion: Intravenös utan relaxation. Luftvägskontroll med: Oral intubation. Huvudsakligt underhåll av narkos/sedering: Inhalation utan relaxation. Huvudsakligt underhåll av analgesi: Intravenöst,,SA,,
SA432,Generell anestesi och sedering. Induktion: Intravenös utan relaxation. Luftvägskontroll med: Oral intubation. Huvudsakligt underhåll av narkos/sedering: Inhalation utan relaxation. Huvudsakligt underhåll av analgesi: Inhalation,,SA,,
SA433,Generell anestesi och sedering. Induktion: Intravenös utan relaxation. Luftvägskontroll med: Oral intubation. Huvudsakligt underhåll av narkos/sedering: Inhalation utan relaxation. Huvudsakligt underhåll av analgesi: Kombination av intravenöst och inhalation,,SA,,
SA434,Generell anestesi och sedering. Induktion: Intravenös utan relaxation. Luftvägskontroll med: Oral intubation. Huvudsakligt underhåll av narkos/sedering: Inhalation utan relaxation. Huvudsakligt underhåll av analgesi: Regional,,SA,,
SA440,Generell anestesi och sedering. Induktion: Intravenös utan relaxation. Luftvägskontroll med: Oral intubation. Huvudsakligt underhåll av narkos/sedering: Inhalation med relaxation. Huvudsakligt underhåll av analgesi: Ingen,,SA,,
SA441,Generell anestesi och sedering. Induktion: Intravenös utan relaxation. Luftvägskontroll med: Oral intubation. Huvudsakligt underhåll av narkos/sedering: Inhalation med relaxation. Huvudsakligt underhåll av analgesi: Intravenöst,,SA,,
SA442,Generell anestesi och sedering. Induktion: Intravenös utan relaxation. Luftvägskontroll med: Oral intubation. Huvudsakligt underhåll av narkos/sedering: Inhalation med relaxation. Huvudsakligt underhåll av analgesi: Inhalation,,SA,,
SA443,Generell anestesi och sedering. Induktion: Intravenös utan relaxation. Luftvägskontroll med: Oral intubation. Huvudsakligt underhåll av narkos/sedering: Inhalation med relaxation. Huvudsakligt underhåll av analgesi: Kombination av intravenöst och inhalation,,SA,,
SA444,Generell anestesi och sedering. Induktion: Intravenös utan relaxation. Luftvägskontroll med: Oral intubation. Huvudsakligt underhåll av narkos/sedering: Inhalation med relaxation. Huvudsakligt underhåll av analgesi: Regional,,SA,,
SA500,Generell anestesi och sedering. Induktion: Intravenös utan relaxation. Luftvägskontroll med: Nasal intubation. Huvudsakligt underhåll av narkos/sedering: Ingen. Huvudsakligt underhåll av analgesi: Ingen,,SA,,
SA501,Generell anestesi och sedering. Induktion: Intravenös utan relaxation. Luftvägskontroll med: Nasal intubation. Huvudsakligt underhåll av narkos/sedering: Ingen. Huvudsakligt underhåll av analgesi: Intravenöst,,SA,,
SA502,Generell anestesi och sedering. Induktion: Intravenös utan relaxation. Luftvägskontroll med: Nasal intubation. Huvudsakligt underhåll av narkos/sedering: Ingen. Huvudsakligt underhåll av analgesi: Inhalation,,SA,,
SA503,Generell anestesi och sedering. Induktion: Intravenös utan relaxation. Luftvägskontroll med: Nasal intubation. Huvudsakligt underhåll av narkos/sedering: Ingen. Huvudsakligt underhåll av analgesi: Kombination av intravenöst och inhalation,,SA,,
SA504,Generell anestesi och sedering. Induktion: Intravenös utan relaxation. Luftvägskontroll med: Nasal intubation. Huvudsakligt underhåll av narkos/sedering: Ingen. Huvudsakligt underhåll av analgesi: Regional,,SA,,
SA510,Generell anestesi och sedering. Induktion: Intravenös utan relaxation. Luftvägskontroll med: Nasal intubation. Huvudsakligt underhåll av narkos/sedering: Intravenöst utan relaxation. Huvudsakligt underhåll av analgesi: Ingen,,SA,,
SA511,Generell anestesi och sedering. Induktion: Intravenös utan relaxation. Luftvägskontroll med: Nasal intubation. Huvudsakligt underhåll av narkos/sedering: Intravenöst utan relaxation. Huvudsakligt underhåll av analgesi: Intravenöst,,SA,,
SA512,Generell anestesi och sedering. Induktion: Intravenös utan relaxation. Luftvägskontroll med: Nasal intubation. Huvudsakligt underhåll av narkos/sedering: Intravenöst utan relaxation. Huvudsakligt underhåll av analgesi: Inhalation,,SA,,
SA513,Generell anestesi och sedering. Induktion: Intravenös utan relaxation. Luftvägskontroll med: Nasal intubation. Huvudsakligt underhåll av narkos/sedering: Intravenöst utan relaxation. Huvudsakligt underhåll av analgesi: Kombination av intravenöst och inhalation,,SA,,
SA514,Generell anestesi och sedering. Induktion: Intravenös utan relaxation. Luftvägskontroll med: Nasal intubation. Huvudsakligt underhåll av narkos/sedering: Intravenöst utan relaxation. Huvudsakligt underhåll av analgesi: Regional,,SA,,
SA520,Generell anestesi och sedering. Induktion: Intravenös utan relaxation. Luftvägskontroll med: Nasal intubation. Huvudsakligt underhåll av narkos/sedering: Intravenöst med relaxation. Huvudsakligt underhåll av analgesi: Ingen,,SA,,
SA521,Generell anestesi och sedering. Induktion: Intravenös utan relaxation. Luftvägskontroll med: Nasal intubation. Huvudsakligt underhåll av narkos/sedering: Intravenöst med relaxation. Huvudsakligt underhåll av analgesi: Intravenöst,,SA,,
SA522,Generell anestesi och sedering. Induktion: Intravenös utan relaxation. Luftvägskontroll med: Nasal intubation. Huvudsakligt underhåll av narkos/sedering: Intravenöst med relaxation. Huvudsakligt underhåll av analgesi: Inhalation,,SA,,
SA523,Generell anestesi och sedering. Induktion: Intravenös utan relaxation. Luftvägskontroll med: Nasal intubation. Huvudsakligt underhåll av narkos/sedering: Intravenöst med relaxation. Huvudsakligt underhåll av analgesi: Kombination av intravenöst och inhalation,,SA,,
SA524,Generell anestesi och sedering. Induktion: Intravenös utan relaxation. Luftvägskontroll med: Nasal intubation. Huvudsakligt underhåll av narkos/sedering: Intravenöst med relaxation. Huvudsakligt underhåll av analgesi: Regional,,SA,,
SA530,Generell anestesi och sedering. Induktion: Intravenös utan relaxation. Luftvägskontroll med: Nasal intubation. Huvudsakligt underhåll av narkos/sedering: Inhalation utan relaxation. Huvudsakligt underhåll av analgesi: Ingen,,SA,,
SA531,Generell anestesi och sedering. Induktion: Intravenös utan relaxation. Luftvägskontroll med: Nasal intubation. Huvudsakligt underhåll av narkos/sedering: Inhalation utan relaxation. Huvudsakligt underhåll av analgesi: Intravenöst,,SA,,
SA532,Generell anestesi och sedering. Induktion: Intravenös utan relaxation. Luftvägskontroll med: Nasal intubation. Huvudsakligt underhåll av narkos/sedering: Inhalation utan relaxation. Huvudsakligt underhåll av analgesi: Inhalation,,SA,,
SA533,Generell anestesi och sedering. Induktion: Intravenös utan relaxation. Luftvägskontroll med: Nasal intubation. Huvudsakligt underhåll av narkos/sedering: Inhalation utan relaxation. Huvudsakligt underhåll av analgesi: Kombination av intravenöst och inhalation,,SA,,
SA534,Generell anestesi och sedering. Induktion: Intravenös utan relaxation. Luftvägskontroll med: Nasal intubation. Huvudsakligt underhåll av narkos/sedering: Inhalation utan relaxation. Huvudsakligt underhåll av analgesi: Regional,,SA,,
SA540,Generell anestesi och sedering. Induktion: Intravenös utan relaxation. Luftvägskontroll med: Nasal intubation. Huvudsakligt underhåll av narkos/sedering: Inhalation med relaxation. Huvudsakligt underhåll av analgesi: Ingen,,SA,,
SA541,Generell anestesi och sedering. Induktion: Intravenös utan relaxation. Luftvägskontroll med: Nasal intubation. Huvudsakligt underhåll av narkos/sedering: Inhalation med relaxation. Huvudsakligt underhåll av analgesi: Intravenöst,,SA,,
SA542,Generell anestesi och sedering. Induktion: Intravenös utan relaxation. Luftvägskontroll med: Nasal intubation. Huvudsakligt underhåll av narkos/sedering: Inhalation med relaxation. Huvudsakligt underhåll av analgesi: Inhalation,,SA,,
SA543,Generell anestesi och sedering. Induktion: Intravenös utan relaxation. Luftvägskontroll med: Nasal intubation. Huvudsakligt underhåll av narkos/sedering: Inhalation med relaxation. Huvudsakligt underhåll av analgesi: Kombination av intravenöst och inhalation,,SA,,
SA544,Generell anestesi och sedering. Induktion: Intravenös utan relaxation. Luftvägskontroll med: Nasal intubation. Huvudsakligt underhåll av narkos/sedering: Inhalation med relaxation. Huvudsakligt underhåll av analgesi: Regional,,SA,,
SA600,Generell anestesi och sedering. Induktion: Intravenös utan relaxation. Luftvägskontroll med: Bronkiell dubbellumentub. Huvudsakligt underhåll av narkos/sedering: Ingen. Huvudsakligt underhåll av analgesi: Ingen,,SA,,
SA601,Generell anestesi och sedering. Induktion: Intravenös utan relaxation. Luftvägskontroll med: Bronkiell dubbellumentub. Huvudsakligt underhåll av narkos/sedering: Ingen. Huvudsakligt underhåll av analgesi: Intravenöst,,SA,,
SA602,Generell anestesi och sedering. Induktion: Intravenös utan relaxation. Luftvägskontroll med: Bronkiell dubbellumentub. Huvudsakligt underhåll av narkos/sedering: Ingen. Huvudsakligt underhåll av analgesi: Inhalation,,SA,,
SA603,Generell anestesi och sedering. Induktion: Intravenös utan relaxation. Luftvägskontroll med: Bronkiell dubbellumentub. Huvudsakligt underhåll av narkos/sedering: Ingen. Huvudsakligt underhåll av analgesi: Kombination av intravenöst och inhalation,,SA,,
SA604,Generell anestesi och sedering. Induktion: Intravenös utan relaxation. Luftvägskontroll med: Bronkiell dubbellumentub. Huvudsakligt underhåll av narkos/sedering: Ingen. Huvudsakligt underhåll av analgesi: Regional,,SA,,
SA610,Generell anestesi och sedering. Induktion: Intravenös utan relaxation. Luftvägskontroll med: Bronkiell dubbellumentub. Huvudsakligt underhåll av narkos/sedering: Intravenöst utan relaxation. Huvudsakligt underhåll av analgesi: Ingen,,SA,,
SA611,Generell anestesi och sedering. Induktion: Intravenös utan relaxation. Luftvägskontroll med: Bronkiell dubbellumentub. Huvudsakligt underhåll av narkos/sedering: Intravenöst utan relaxation. Huvudsakligt underhåll av analgesi: Intravenöst,,SA,,
SA612,Generell anestesi och sedering. Induktion: Intravenös utan relaxation. Luftvägskontroll med: Bronkiell dubbellumentub. Huvudsakligt underhåll av narkos/sedering: Intravenöst utan relaxation. Huvudsakligt underhåll av analgesi: Inhalation,,SA,,
SA613,Generell anestesi och sedering. Induktion: Intravenös utan relaxation. Luftvägskontroll med: Bronkiell dubbellumentub. Huvudsakligt underhåll av narkos/sedering: Intravenöst utan relaxation. Huvudsakligt underhåll av analgesi: Kombination av intravenöst och inhalation,,SA,,
SA614,Generell anestesi och sedering. Induktion: Intravenös utan relaxation. Luftvägskontroll med: Bronkiell dubbellumentub. Huvudsakligt underhåll av narkos/sedering: Intravenöst utan relaxation. Huvudsakligt underhåll av analgesi: Regional,,SA,,
SA620,Generell anestesi och sedering. Induktion: Intravenös utan relaxation. Luftvägskontroll med: Bronkiell dubbellumentub. Huvudsakligt underhåll av narkos/sedering: Intravenöst med relaxation. Huvudsakligt underhåll av analgesi: Ingen,,SA,,
SA621,Generell anestesi och sedering. Induktion: Intravenös utan relaxation. Luftvägskontroll med: Bronkiell dubbellumentub. Huvudsakligt underhåll av narkos/sedering: Intravenöst med relaxation. Huvudsakligt underhåll av analgesi: Intravenöst,,SA,,
SA622,Generell anestesi och sedering. Induktion: Intravenös utan relaxation. Luftvägskontroll med: Bronkiell dubbellumentub. Huvudsakligt underhåll av narkos/sedering: Intravenöst med relaxation. Huvudsakligt underhåll av analgesi: Inhalation,,SA,,
SA623,Generell anestesi och sedering. Induktion: Intravenös utan relaxation. Luftvägskontroll med: Bronkiell dubbellumentub. Huvudsakligt underhåll av narkos/sedering: Intravenöst med relaxation. Huvudsakligt underhåll av analgesi: Kombination av intravenöst och inhalation,,SA,,
SA624,Generell anestesi och sedering. Induktion: Intravenös utan relaxation. Luftvägskontroll med: Bronkiell dubbellumentub. Huvudsakligt underhåll av narkos/sedering: Intravenöst med relaxation. Huvudsakligt underhåll av analgesi: Regional,,SA,,
SA630,Generell anestesi och sedering. Induktion: Intravenös utan relaxation. Luftvägskontroll med: Bronkiell dubbellumentub. Huvudsakligt underhåll av narkos/sedering: Inhalation utan relaxation. Huvudsakligt underhåll av analgesi: Ingen,,SA,,
SA631,Generell anestesi och sedering. Induktion: Intravenös utan relaxation. Luftvägskontroll med: Bronkiell dubbellumentub. Huvudsakligt underhåll av narkos/sedering: Inhalation utan relaxation. Huvudsakligt underhåll av analgesi: Intravenöst,,SA,,
SA632,Generell anestesi och sedering. Induktion: Intravenös utan relaxation. Luftvägskontroll med: Bronkiell dubbellumentub. Huvudsakligt underhåll av narkos/sedering: Inhalation utan relaxation. Huvudsakligt underhåll av analgesi: Inhalation,,SA,,
SA633,Generell anestesi och sedering. Induktion: Intravenös utan relaxation. Luftvägskontroll med: Bronkiell dubbellumentub. Huvudsakligt underhåll av narkos/sedering: Inhalation utan relaxation. Huvudsakligt underhåll av analgesi: Kombination av intravenöst och inhalation,,SA,,
SA634,Generell anestesi och sedering. Induktion: Intravenös utan relaxation. Luftvägskontroll med: Bronkiell dubbellumentub. Huvudsakligt underhåll av narkos/sedering: Inhalation utan relaxation. Huvudsakligt underhåll av analgesi: Regional,,SA,,
SA640,Generell anestesi och sedering. Induktion: Intravenös utan relaxation. Luftvägskontroll med: Bronkiell dubbellumentub. Huvudsakligt underhåll av narkos/sedering: Inhalation med relaxation. Huvudsakligt underhåll av analgesi: Ingen,,SA,,
SA641,Generell anestesi och sedering. Induktion: Intravenös utan relaxation. Luftvägskontroll med: Bronkiell dubbellumentub. Huvudsakligt underhåll av narkos/sedering: Inhalation med relaxation. Huvudsakligt underhåll av analgesi: Intravenöst,,SA,,
SA642,Generell anestesi och sedering. Induktion: Intravenös utan relaxation. Luftvägskontroll med: Bronkiell dubbellumentub. Huvudsakligt underhåll av narkos/sedering: Inhalation med relaxation. Huvudsakligt underhåll av analgesi: Inhalation,,SA,,
SA643,Generell anestesi och sedering. Induktion: Intravenös utan relaxation. Luftvägskontroll med: Bronkiell dubbellumentub. Huvudsakligt underhåll av narkos/sedering: Inhalation med relaxation. Huvudsakligt underhåll av analgesi: Kombination av intravenöst och inhalation,,SA,,
SA644,Generell anestesi och sedering. Induktion: Intravenös utan relaxation. Luftvägskontroll med: Bronkiell dubbellumentub. Huvudsakligt underhåll av narkos/sedering: Inhalation med relaxation. Huvudsakligt underhåll av analgesi: Regional,,SA,,
SA700,Generell anestesi och sedering. Induktion: Intravenös utan relaxation. Luftvägskontroll med: Högfrekvensventilation. Huvudsakligt underhåll av narkos/sedering: Ingen. Huvudsakligt underhåll av analgesi: Ingen,,SA,,
SA701,Generell anestesi och sedering. Induktion: Intravenös utan relaxation. Luftvägskontroll med: Högfrekvensventilation. Huvudsakligt underhåll av narkos/sedering: Ingen. Huvudsakligt underhåll av analgesi: Intravenöst,,SA,,
SA702,Generell anestesi och sedering. Induktion: Intravenös utan relaxation. Luftvägskontroll med: Högfrekvensventilation. Huvudsakligt underhåll av narkos/sedering: Ingen. Huvudsakligt underhåll av analgesi: Inhalation,,SA,,
SA703,Generell anestesi och sedering. Induktion: Intravenös utan relaxation. Luftvägskontroll med: Högfrekvensventilation. Huvudsakligt underhåll av narkos/sedering: Ingen. Huvudsakligt underhåll av analgesi: Kombination av intravenöst och inhalation,,SA,,
SA704,Generell anestesi och sedering. Induktion: Intravenös utan relaxation. Luftvägskontroll med: Högfrekvensventilation. Huvudsakligt underhåll av narkos/sedering: Ingen. Huvudsakligt underhåll av analgesi: Regional,,SA,,
SA710,Generell anestesi och sedering. Induktion: Intravenös utan relaxation. Luftvägskontroll med: Högfrekvensventilation. Huvudsakligt underhåll av narkos/sedering: Intravenöst utan relaxation. Huvudsakligt underhåll av analgesi: Ingen,,SA,,
SA711,Generell anestesi och sedering. Induktion: Intravenös utan relaxation. Luftvägskontroll med: Högfrekvensventilation. Huvudsakligt underhåll av narkos/sedering: Intravenöst utan relaxation. Huvudsakligt underhåll av analgesi: Intravenöst,,SA,,
SA712,Generell anestesi och sedering. Induktion: Intravenös utan relaxation. Luftvägskontroll med: Högfrekvensventilation. Huvudsakligt underhåll av narkos/sedering: Intravenöst utan relaxation. Huvudsakligt underhåll av analgesi: Inhalation,,SA,,
SA713,Generell anestesi och sedering. Induktion: Intravenös utan relaxation. Luftvägskontroll med: Högfrekvensventilation. Huvudsakligt underhåll av narkos/sedering: Intravenöst utan relaxation. Huvudsakligt underhåll av analgesi: Kombination av intravenöst och inhalation,,SA,,
SA714,Generell anestesi och sedering. Induktion: Intravenös utan relaxation. Luftvägskontroll med: Högfrekvensventilation. Huvudsakligt underhåll av narkos/sedering: Intravenöst utan relaxation. Huvudsakligt underhåll av analgesi: Regional,,SA,,
SA720,Generell anestesi och sedering. Induktion: Intravenös utan relaxation. Luftvägskontroll med: Högfrekvensventilation. Huvudsakligt underhåll av narkos/sedering: Intravenöst med relaxation. Huvudsakligt underhåll av analgesi: Ingen,,SA,,
SA721,Generell anestesi och sedering. Induktion: Intravenös utan relaxation. Luftvägskontroll med: Högfrekvensventilation. Huvudsakligt underhåll av narkos/sedering: Intravenöst med relaxation. Huvudsakligt underhåll av analgesi: Intravenöst,,SA,,
SA722,Generell anestesi och sedering. Induktion: Intravenös utan relaxation. Luftvägskontroll med: Högfrekvensventilation. Huvudsakligt underhåll av narkos/sedering: Intravenöst med relaxation. Huvudsakligt underhåll av analgesi: Inhalation,,SA,,
SA723,Generell anestesi och sedering. Induktion: Intravenös utan relaxation. Luftvägskontroll med: Högfrekvensventilation. Huvudsakligt underhåll av narkos/sedering: Intravenöst med relaxation. Huvudsakligt underhåll av analgesi: Kombination av intravenöst och inhalation,,SA,,
SA724,Generell anestesi och sedering. Induktion: Intravenös utan relaxation. Luftvägskontroll med: Högfrekvensventilation. Huvudsakligt underhåll av narkos/sedering: Intravenöst med relaxation. Huvudsakligt underhåll av analgesi: Regional,,SA,,
SA730,Generell anestesi och sedering. Induktion: Intravenös utan relaxation. Luftvägskontroll med: Högfrekvensventilation. Huvudsakligt underhåll av narkos/sedering: Inhalation utan relaxation. Huvudsakligt underhåll av analgesi: Ingen,,SA,,
SA731,Generell anestesi och sedering. Induktion: Intravenös utan relaxation. Luftvägskontroll med: Högfrekvensventilation. Huvudsakligt underhåll av narkos/sedering: Inhalation utan relaxation. Huvudsakligt underhåll av analgesi: Intravenöst,,SA,,
SA732,Generell anestesi och sedering. Induktion: Intravenös utan relaxation. Luftvägskontroll med: Högfrekvensventilation. Huvudsakligt underhåll av narkos/sedering: Inhalation utan relaxation. Huvudsakligt underhåll av analgesi: Inhalation,,SA,,
SA733,Generell anestesi och sedering. Induktion: Intravenös utan relaxation. Luftvägskontroll med: Högfrekvensventilation. Huvudsakligt underhåll av narkos/sedering: Inhalation utan relaxation. Huvudsakligt underhåll av analgesi: Kombination av intravenöst och inhalation,,SA,,
SA734,Generell anestesi och sedering. Induktion: Intravenös utan relaxation. Luftvägskontroll med: Högfrekvensventilation. Huvudsakligt underhåll av narkos/sedering: Inhalation utan relaxation. Huvudsakligt underhåll av analgesi: Regional,,SA,,
SA740,Generell anestesi och sedering. Induktion: Intravenös utan relaxation. Luftvägskontroll med: Högfrekvensventilation. Huvudsakligt underhåll av narkos/sedering: Inhalation med relaxation. Huvudsakligt underhåll av analgesi: Ingen,,SA,,
SA741,Generell anestesi och sedering. Induktion: Intravenös utan relaxation. Luftvägskontroll med: Högfrekvensventilation. Huvudsakligt underhåll av narkos/sedering: Inhalation med relaxation. Huvudsakligt underhåll av analgesi: Intravenöst,,SA,,
SA742,Generell anestesi och sedering. Induktion: Intravenös utan relaxation. Luftvägskontroll med: Högfrekvensventilation. Huvudsakligt underhåll av narkos/sedering: Inhalation med relaxation. Huvudsakligt underhåll av analgesi: Inhalation,,SA,,
SA743,Generell anestesi och sedering. Induktion: Intravenös utan relaxation. Luftvägskontroll med: Högfrekvensventilation. Huvudsakligt underhåll av narkos/sedering: Inhalation med relaxation. Huvudsakligt underhåll av analgesi: Kombination av intravenöst och inhalation,,SA,,
SA744,Generell anestesi och sedering. Induktion: Intravenös utan relaxation. Luftvägskontroll med: Högfrekvensventilation. Huvudsakligt underhåll av narkos/sedering: Inhalation med relaxation. Huvudsakligt underhåll av analgesi: Regional,,SA,,
SA800,Generell anestesi och sedering. Induktion: Intravenös utan relaxation. Luftvägskontroll med: ”Rapid sequence induction” oavsett intubationsväg. Huvudsakligt underhåll av narkos/sedering: Ingen. Huvudsakligt underhåll av analgesi: Ingen,,SA,,
SA801,Generell anestesi och sedering. Induktion: Intravenös utan relaxation. Luftvägskontroll med: ”Rapid sequence induction” oavsett intubationsväg. Huvudsakligt underhåll av narkos/sedering: Ingen. Huvudsakligt underhåll av analgesi: Intravenöst,,SA,,
SA802,Generell anestesi och sedering. Induktion: Intravenös utan relaxation. Luftvägskontroll med: ”Rapid sequence induction” oavsett intubationsväg. Huvudsakligt underhåll av narkos/sedering: Ingen. Huvudsakligt underhåll av analgesi: Inhalation,,SA,,
SA803,Generell anestesi och sedering. Induktion: Intravenös utan relaxation. Luftvägskontroll med: ”Rapid sequence induction” oavsett intubationsväg. Huvudsakligt underhåll av narkos/sedering: Ingen. Huvudsakligt underhåll av analgesi: Kombination av intravenöst och inhalation,,SA,,
SA804,Generell anestesi och sedering. Induktion: Intravenös utan relaxation. Luftvägskontroll med: ”Rapid sequence induction” oavsett intubationsväg. Huvudsakligt underhåll av narkos/sedering: Ingen. Huvudsakligt underhåll av analgesi: Regional,,SA,,
SA810,Generell anestesi och sedering. Induktion: Intravenös utan relaxation. Luftvägskontroll med: ”Rapid sequence induction” oavsett intubationsväg. Huvudsakligt underhåll av narkos/sedering: Intravenöst utan relaxation. Huvudsakligt underhåll av analgesi: Ingen,,SA,,
SA811,Generell anestesi och sedering. Induktion: Intravenös utan relaxation. Luftvägskontroll med: ”Rapid sequence induction” oavsett intubationsväg. Huvudsakligt underhåll av narkos/sedering: Intravenöst utan relaxation. Huvudsakligt underhåll av analgesi: Intravenöst,,SA,,
SA812,Generell anestesi och sedering. Induktion: Intravenös utan relaxation. Luftvägskontroll med: ”Rapid sequence induction” oavsett intubationsväg. Huvudsakligt underhåll av narkos/sedering: Intravenöst utan relaxation. Huvudsakligt underhåll av analgesi: Inhalation,,SA,,
SA813,Generell anestesi och sedering. Induktion: Intravenös utan relaxation. Luftvägskontroll med: ”Rapid sequence induction” oavsett intubationsväg. Huvudsakligt underhåll av narkos/sedering: Intravenöst utan relaxation. Huvudsakligt underhåll av analgesi: Kombination av intravenöst och inhalation,,SA,,
SA814,Generell anestesi och sedering. Induktion: Intravenös utan relaxation. Luftvägskontroll med: ”Rapid sequence induction” oavsett intubationsväg. Huvudsakligt underhåll av narkos/sedering: Intravenöst utan relaxation. Huvudsakligt underhåll av analgesi: Regional,,SA,,
SA820,Generell anestesi och sedering. Induktion: Intravenös utan relaxation. Luftvägskontroll med: ”Rapid sequence induction” oavsett intubationsväg. Huvudsakligt underhåll av narkos/sedering: Intravenöst med relaxation. Huvudsakligt underhåll av analgesi: Ingen,,SA,,
SA821,Generell anestesi och sedering. Induktion: Intravenös utan relaxation. Luftvägskontroll med: ”Rapid sequence induction” oavsett intubationsväg. Huvudsakligt underhåll av narkos/sedering: Intravenöst med relaxation. Huvudsakligt underhåll av analgesi: Intravenöst,,SA,,
SA822,Generell anestesi och sedering. Induktion: Intravenös utan relaxation. Luftvägskontroll med: ”Rapid sequence induction” oavsett intubationsväg. Huvudsakligt underhåll av narkos/sedering: Intravenöst med relaxation. Huvudsakligt underhåll av analgesi: Inhalation,,SA,,
SA823,Generell anestesi och sedering. Induktion: Intravenös utan relaxation. Luftvägskontroll med: ”Rapid sequence induction” oavsett intubationsväg. Huvudsakligt underhåll av narkos/sedering: Intravenöst med relaxation. Huvudsakligt underhåll av analgesi: Kombination av intravenöst och inhalation,,SA,,
SA824,Generell anestesi och sedering. Induktion: Intravenös utan relaxation. Luftvägskontroll med: ”Rapid sequence induction” oavsett intubationsväg. Huvudsakligt underhåll av narkos/sedering: Intravenöst med relaxation. Huvudsakligt underhåll av analgesi: Regional,,SA,,
SA830,Generell anestesi och sedering. Induktion: Intravenös utan relaxation. Luftvägskontroll med: ”Rapid sequence induction” oavsett intubationsväg. Huvudsakligt underhåll av narkos/sedering: Inhalation utan relaxation. Huvudsakligt underhåll av analgesi: Ingen,,SA,,
SA831,Generell anestesi och sedering. Induktion: Intravenös utan relaxation. Luftvägskontroll med: ”Rapid sequence induction” oavsett intubationsväg. Huvudsakligt underhåll av narkos/sedering: Inhalation utan relaxation. Huvudsakligt underhåll av analgesi: Intravenöst,,SA,,
SA832,Generell anestesi och sedering. Induktion: Intravenös utan relaxation. Luftvägskontroll med: ”Rapid sequence induction” oavsett intubationsväg. Huvudsakligt underhåll av narkos/sedering: Inhalation utan relaxation. Huvudsakligt underhåll av analgesi: Inhalation,,SA,,
SA833,Generell anestesi och sedering. Induktion: Intravenös utan relaxation. Luftvägskontroll med: ”Rapid sequence induction” oavsett intubationsväg. Huvudsakligt underhåll av narkos/sedering: Inhalation utan relaxation. Huvudsakligt underhåll av analgesi: Kombination av intravenöst och inhalation,,SA,,
SA834,Generell anestesi och sedering. Induktion: Intravenös utan relaxation. Luftvägskontroll med: ”Rapid sequence induction” oavsett intubationsväg. Huvudsakligt underhåll av narkos/sedering: Inhalation utan relaxation. Huvudsakligt underhåll av analgesi: Regional,,SA,,
SA840,Generell anestesi och sedering. Induktion: Intravenös utan relaxation. Luftvägskontroll med: ”Rapid sequence induction” oavsett intubationsväg. Huvudsakligt underhåll av narkos/sedering: Inhalation med relaxation. Huvudsakligt underhåll av analgesi: Ingen,,SA,,
SA841,Generell anestesi och sedering. Induktion: Intravenös utan relaxation. Luftvägskontroll med: ”Rapid sequence induction” oavsett intubationsväg. Huvudsakligt underhåll av narkos/sedering: Inhalation med relaxation. Huvudsakligt underhåll av analgesi: Intravenöst,,SA,,
SA842,Generell anestesi och sedering. Induktion: Intravenös utan relaxation. Luftvägskontroll med: ”Rapid sequence induction” oavsett intubationsväg. Huvudsakligt underhåll av narkos/sedering: Inhalation med relaxation. Huvudsakligt underhåll av analgesi: Inhalation,,SA,,
SA843,Generell anestesi och sedering. Induktion: Intravenös utan relaxation. Luftvägskontroll med: ”Rapid sequence induction” oavsett intubationsväg. Huvudsakligt underhåll av narkos/sedering: Inhalation med relaxation. Huvudsakligt underhåll av analgesi: Kombination av intravenöst och inhalation,,SA,,
SA844,Generell anestesi och sedering. Induktion: Intravenös utan relaxation. Luftvägskontroll med: ”Rapid sequence induction” oavsett intubationsväg. Huvudsakligt underhåll av narkos/sedering: Inhalation med relaxation. Huvudsakligt underhåll av analgesi: Regional,,SA,,
SA900,"Generell anestesi och sedering. Induktion: Intravenös utan relaxation. Luftvägskontroll med: Övrigt, t.ex. trakeostoma. Huvudsakligt underhåll av narkos/sedering: Ingen. Huvudsakligt underhåll av analgesi: Ingen",,SA,,
SA901,"Generell anestesi och sedering. Induktion: Intravenös utan relaxation. Luftvägskontroll med: Övrigt, t.ex. trakeostoma. Huvudsakligt underhåll av narkos/sedering: Ingen. Huvudsakligt underhåll av analgesi: Intravenöst",,SA,,
SA902,"Generell anestesi och sedering. Induktion: Intravenös utan relaxation. Luftvägskontroll med: Övrigt, t.ex. trakeostoma. Huvudsakligt underhåll av narkos/sedering: Ingen. Huvudsakligt underhåll av analgesi: Inhalation",,SA,,
SA903,"Generell anestesi och sedering. Induktion: Intravenös utan relaxation. Luftvägskontroll med: Övrigt, t.ex. trakeostoma. Huvudsakligt underhåll av narkos/sedering: Ingen. Huvudsakligt underhåll av analgesi: Kombination av intravenöst och inhalation",,SA,,
SA904,"Generell anestesi och sedering. Induktion: Intravenös utan relaxation. Luftvägskontroll med: Övrigt, t.ex. trakeostoma. Huvudsakligt underhåll av narkos/sedering: Ingen. Huvudsakligt underhåll av analgesi: Regional",,SA,,
SA910,"Generell anestesi och sedering. Induktion: Intravenös utan relaxation. Luftvägskontroll med: Övrigt, t.ex. trakeostoma. Huvudsakligt underhåll av narkos/sedering: Intravenöst utan relaxation. Huvudsakligt underhåll av analgesi: Ingen",,SA,,
SA911,"Generell anestesi och sedering. Induktion: Intravenös utan relaxation. Luftvägskontroll med: Övrigt, t.ex. trakeostoma. Huvudsakligt underhåll av narkos/sedering: Intravenöst utan relaxation. Huvudsakligt underhåll av analgesi: Intravenöst",,SA,,
SA912,"Generell anestesi och sedering. Induktion: Intravenös utan relaxation. Luftvägskontroll med: Övrigt, t.ex. trakeostoma. Huvudsakligt underhåll av narkos/sedering: Intravenöst utan relaxation. Huvudsakligt underhåll av analgesi: Inhalation",,SA,,
SA913,"Generell anestesi och sedering. Induktion: Intravenös utan relaxation. Luftvägskontroll med: Övrigt, t.ex. trakeostoma. Huvudsakligt underhåll av narkos/sedering: Intravenöst utan relaxation. Huvudsakligt underhåll av analgesi: Kombination av intravenöst och inhalation",,SA,,
SA914,"Generell anestesi och sedering. Induktion: Intravenös utan relaxation. Luftvägskontroll med: Övrigt, t.ex. trakeostoma. Huvudsakligt underhåll av narkos/sedering: Intravenöst utan relaxation. Huvudsakligt underhåll av analgesi: Regional",,SA,,
SA920,"Generell anestesi och sedering. Induktion: Intravenös utan relaxation. Luftvägskontroll med: Övrigt, t.ex. trakeostoma. Huvudsakligt underhåll av narkos/sedering: Intravenöst med relaxation. Huvudsakligt underhåll av analgesi: Ingen",,SA,,
SA921,"Generell anestesi och sedering. Induktion: Intravenös utan relaxation. Luftvägskontroll med: Övrigt, t.ex. trakeostoma. Huvudsakligt underhåll av narkos/sedering: Intravenöst med relaxation. Huvudsakligt underhåll av analgesi: Intravenöst",,SA,,
SA922,"Generell anestesi och sedering. Induktion: Intravenös utan relaxation. Luftvägskontroll med: Övrigt, t.ex. trakeostoma. Huvudsakligt underhåll av narkos/sedering: Intravenöst med relaxation. Huvudsakligt underhåll av analgesi: Inhalation",,SA,,
SA923,"Generell anestesi och sedering. Induktion: Intravenös utan relaxation. Luftvägskontroll med: Övrigt, t.ex. trakeostoma. Huvudsakligt underhåll av narkos/sedering: Intravenöst med relaxation. Huvudsakligt underhåll av analgesi: Kombination av intravenöst och inhalation",,SA,,
SA924,"Generell anestesi och sedering. Induktion: Intravenös utan relaxation. Luftvägskontroll med: Övrigt, t.ex. trakeostoma. Huvudsakligt underhåll av narkos/sedering: Intravenöst med relaxation. Huvudsakligt underhåll av analgesi: Regional",,SA,,
SA930,"Generell anestesi och sedering. Induktion: Intravenös utan relaxation. Luftvägskontroll med: Övrigt, t.ex. trakeostoma. Huvudsakligt underhåll av narkos/sedering: Inhalation utan relaxation. Huvudsakligt underhåll av analgesi: Ingen",,SA,,
SA931,"Generell anestesi och sedering. Induktion: Intravenös utan relaxation. Luftvägskontroll med: Övrigt, t.ex. trakeostoma. Huvudsakligt underhåll av narkos/sedering: Inhalation utan relaxation. Huvudsakligt underhåll av analgesi: Intravenöst",,SA,,
SA932,"Generell anestesi och sedering. Induktion: Intravenös utan relaxation. Luftvägskontroll med: Övrigt, t.ex. trakeostoma. Huvudsakligt underhåll av narkos/sedering: Inhalation utan relaxation. Huvudsakligt underhåll av analgesi: Inhalation",,SA,,
SA933,"Generell anestesi och sedering. Induktion: Intravenös utan relaxation. Luftvägskontroll med: Övrigt, t.ex. trakeostoma. Huvudsakligt underhåll av narkos/sedering: Inhalation utan relaxation. Huvudsakligt underhåll av analgesi: Kombination av intravenöst och inhalation",,SA,,
SA934,"Generell anestesi och sedering. Induktion: Intravenös utan relaxation. Luftvägskontroll med: Övrigt, t.ex. trakeostoma. Huvudsakligt underhåll av narkos/sedering: Inhalation utan relaxation. Huvudsakligt underhåll av analgesi: Regional",,SA,,
SA940,"Generell anestesi och sedering. Induktion: Intravenös utan relaxation. Luftvägskontroll med: Övrigt, t.ex. trakeostoma. Huvudsakligt underhåll av narkos/sedering: Inhalation med relaxation. Huvudsakligt underhåll av analgesi: Ingen",,SA,,
SA941,"Generell anestesi och sedering. Induktion: Intravenös utan relaxation. Luftvägskontroll med: Övrigt, t.ex. trakeostoma. Huvudsakligt underhåll av narkos/sedering: Inhalation med relaxation. Huvudsakligt underhåll av analgesi: Intravenöst",,SA,,
SA942,"Generell anestesi och sedering. Induktion: Intravenös utan relaxation. Luftvägskontroll med: Övrigt, t.ex. trakeostoma. Huvudsakligt underhåll av narkos/sedering: Inhalation med relaxation. Huvudsakligt underhåll av analgesi: Inhalation",,SA,,
SA943,"Generell anestesi och sedering. Induktion: Intravenös utan relaxation. Luftvägskontroll med: Övrigt, t.ex. trakeostoma. Huvudsakligt underhåll av narkos/sedering: Inhalation med relaxation. Huvudsakligt underhåll av analgesi: Kombination av intravenöst och inhalation",,SA,,
SA944,"Generell anestesi och sedering. Induktion: Intravenös utan relaxation. Luftvägskontroll med: Övrigt, t.ex. trakeostoma. Huvudsakligt underhåll av narkos/sedering: Inhalation med relaxation. Huvudsakligt underhåll av analgesi: Regional",,SA,,
SB,"Generell anestesi, intravenös induktion med relaxation,",,S,,
SB200,Generell anestesi och sedering. Induktion: Intravenös med relaxation. Luftvägskontroll med: Manuell luftvägskontroll med mask. Huvudsakligt underhåll av narkos/sedering: Ingen. Huvudsakligt underhåll av analgesi: Ingen,,SB,,
SB201,Generell anestesi och sedering. Induktion: Intravenös med relaxation. Luftvägskontroll med: Manuell luftvägskontroll med mask. Huvudsakligt underhåll av narkos/sedering: Ingen. Huvudsakligt underhåll av analgesi: Intravenöst,,SB,,
SB202,Generell anestesi och sedering. Induktion: Intravenös med relaxation. Luftvägskontroll med: Manuell luftvägskontroll med mask. Huvudsakligt underhåll av narkos/sedering: Ingen. Huvudsakligt underhåll av analgesi: Inhalation,,SB,,
SB203,Generell anestesi och sedering. Induktion: Intravenös med relaxation. Luftvägskontroll med: Manuell luftvägskontroll med mask. Huvudsakligt underhåll av narkos/sedering: Ingen. Huvudsakligt underhåll av analgesi: Kombination av intravenöst och inhalation,,SB,,
SB204,Generell anestesi och sedering. Induktion: Intravenös med relaxation. Luftvägskontroll med: Manuell luftvägskontroll med mask. Huvudsakligt underhåll av narkos/sedering: Ingen. Huvudsakligt underhåll av analgesi: Regional,,SB,,
SB210,Generell anestesi och sedering. Induktion: Intravenös med relaxation. Luftvägskontroll med: Manuell luftvägskontroll med mask. Huvudsakligt underhåll av narkos/sedering: Intravenöst utan relaxation. Huvudsakligt underhåll av analgesi: Ingen,,SB,,
SB211,Generell anestesi och sedering. Induktion: Intravenös med relaxation. Luftvägskontroll med: Manuell luftvägskontroll med mask. Huvudsakligt underhåll av narkos/sedering: Intravenöst utan relaxation. Huvudsakligt underhåll av analgesi: Intravenöst,,SB,,
SB212,Generell anestesi och sedering. Induktion: Intravenös med relaxation. Luftvägskontroll med: Manuell luftvägskontroll med mask. Huvudsakligt underhåll av narkos/sedering: Intravenöst utan relaxation. Huvudsakligt underhåll av analgesi: Inhalation,,SB,,
SB213,Generell anestesi och sedering. Induktion: Intravenös med relaxation. Luftvägskontroll med: Manuell luftvägskontroll med mask. Huvudsakligt underhåll av narkos/sedering: Intravenöst utan relaxation. Huvudsakligt underhåll av analgesi: Kombination av intravenöst och inhalation,,SB,,
SB214,Generell anestesi och sedering. Induktion: Intravenös med relaxation. Luftvägskontroll med: Manuell luftvägskontroll med mask. Huvudsakligt underhåll av narkos/sedering: Intravenöst utan relaxation. Huvudsakligt underhåll av analgesi: Regional,,SB,,
SB220,Generell anestesi och sedering. Induktion: Intravenös med relaxation. Luftvägskontroll med: Manuell luftvägskontroll med mask. Huvudsakligt underhåll av narkos/sedering: Intravenöst med relaxation. Huvudsakligt underhåll av analgesi: Ingen,,SB,,
SB221,Generell anestesi och sedering. Induktion: Intravenös med relaxation. Luftvägskontroll med: Manuell luftvägskontroll med mask. Huvudsakligt underhåll av narkos/sedering: Intravenöst med relaxation. Huvudsakligt underhåll av analgesi: Intravenöst,,SB,,
SB222,Generell anestesi och sedering. Induktion: Intravenös med relaxation. Luftvägskontroll med: Manuell luftvägskontroll med mask. Huvudsakligt underhåll av narkos/sedering: Intravenöst med relaxation. Huvudsakligt underhåll av analgesi: Inhalation,,SB,,
SB223,Generell anestesi och sedering. Induktion: Intravenös med relaxation. Luftvägskontroll med: Manuell luftvägskontroll med mask. Huvudsakligt underhåll av narkos/sedering: Intravenöst med relaxation. Huvudsakligt underhåll av analgesi: Kombination av intravenöst och inhalation,,SB,,
SB224,Generell anestesi och sedering. Induktion: Intravenös med relaxation. Luftvägskontroll med: Manuell luftvägskontroll med mask. Huvudsakligt underhåll av narkos/sedering: Intravenöst med relaxation. Huvudsakligt underhåll av analgesi: Regional,,SB,,
SB230,Generell anestesi och sedering. Induktion: Intravenös med relaxation. Luftvägskontroll med: Manuell luftvägskontroll med mask. Huvudsakligt underhåll av narkos/sedering: Inhalation utan relaxation. Huvudsakligt underhåll av analgesi: Ingen,,SB,,
SB231,Generell anestesi och sedering. Induktion: Intravenös med relaxation. Luftvägskontroll med: Manuell luftvägskontroll med mask. Huvudsakligt underhåll av narkos/sedering: Inhalation utan relaxation. Huvudsakligt underhåll av analgesi: Intravenöst,,SB,,
SB232,Generell anestesi och sedering. Induktion: Intravenös med relaxation. Luftvägskontroll med: Manuell luftvägskontroll med mask. Huvudsakligt underhåll av narkos/sedering: Inhalation utan relaxation. Huvudsakligt underhåll av analgesi: Inhalation,,SB,,
SB233,Generell anestesi och sedering. Induktion: Intravenös med relaxation. Luftvägskontroll med: Manuell luftvägskontroll med mask. Huvudsakligt underhåll av narkos/sedering: Inhalation utan relaxation. Huvudsakligt underhåll av analgesi: Kombination av intravenöst och inhalation,,SB,,
SB234,Generell anestesi och sedering. Induktion: Intravenös med relaxation. Luftvägskontroll med: Manuell luftvägskontroll med mask. Huvudsakligt underhåll av narkos/sedering: Inhalation utan relaxation. Huvudsakligt underhåll av analgesi: Regional,,SB,,
SB240,Generell anestesi och sedering. Induktion: Intravenös med relaxation. Luftvägskontroll med: Manuell luftvägskontroll med mask. Huvudsakligt underhåll av narkos/sedering: Inhalation med relaxation. Huvudsakligt underhåll av analgesi: Ingen,,SB,,
SB241,Generell anestesi och sedering. Induktion: Intravenös med relaxation. Luftvägskontroll med: Manuell luftvägskontroll med mask. Huvudsakligt underhåll av narkos/sedering: Inhalation med relaxation. Huvudsakligt underhåll av analgesi: Intravenöst,,SB,,
SB242,Generell anestesi och sedering. Induktion: Intravenös med relaxation. Luftvägskontroll med: Manuell luftvägskontroll med mask. Huvudsakligt underhåll av narkos/sedering: Inhalation med relaxation. Huvudsakligt underhåll av analgesi: Inhalation,,SB,,
SB243,Generell anestesi och sedering. Induktion: Intravenös med relaxation. Luftvägskontroll med: Manuell luftvägskontroll med mask. Huvudsakligt underhåll av narkos/sedering: Inhalation med relaxation. Huvudsakligt underhåll av analgesi: Kombination av intravenöst och inhalation,,SB,,
SB244,Generell anestesi och sedering. Induktion: Intravenös med relaxation. Luftvägskontroll med: Manuell luftvägskontroll med mask. Huvudsakligt underhåll av narkos/sedering: Inhalation med relaxation. Huvudsakligt underhåll av analgesi: Regional,,SB,,
SB300,Generell anestesi och sedering. Induktion: Intravenös med relaxation. Luftvägskontroll med: Supraglottisk luftväg. Huvudsakligt underhåll av narkos/sedering: Ingen. Huvudsakligt underhåll av analgesi: Ingen,,SB,,
SB301,Generell anestesi och sedering. Induktion: Intravenös med relaxation. Luftvägskontroll med: Supraglottisk luftväg. Huvudsakligt underhåll av narkos/sedering: Ingen. Huvudsakligt underhåll av analgesi: Intravenöst,,SB,,
SB302,Generell anestesi och sedering. Induktion: Intravenös med relaxation. Luftvägskontroll med: Supraglottisk luftväg. Huvudsakligt underhåll av narkos/sedering: Ingen. Huvudsakligt underhåll av analgesi: Inhalation,,SB,,
SB303,Generell anestesi och sedering. Induktion: Intravenös med relaxation. Luftvägskontroll med: Supraglottisk luftväg. Huvudsakligt underhåll av narkos/sedering: Ingen. Huvudsakligt underhåll av analgesi: Kombination av intravenöst och inhalation,,SB,,
SB304,Generell anestesi och sedering. Induktion: Intravenös med relaxation. Luftvägskontroll med: Supraglottisk luftväg. Huvudsakligt underhåll av narkos/sedering: Ingen. Huvudsakligt underhåll av analgesi: Regional,,SB,,
SB310,Generell anestesi och sedering. Induktion: Intravenös med relaxation. Luftvägskontroll med: Supraglottisk luftväg. Huvudsakligt underhåll av narkos/sedering: Intravenöst utan relaxation. Huvudsakligt underhåll av analgesi: Ingen,,SB,,
SB311,Generell anestesi och sedering. Induktion: Intravenös med relaxation. Luftvägskontroll med: Supraglottisk luftväg. Huvudsakligt underhåll av narkos/sedering: Intravenöst utan relaxation. Huvudsakligt underhåll av analgesi: Intravenöst,,SB,,
SB312,Generell anestesi och sedering. Induktion: Intravenös med relaxation. Luftvägskontroll med: Supraglottisk luftväg. Huvudsakligt underhåll av narkos/sedering: Intravenöst utan relaxation. Huvudsakligt underhåll av analgesi: Inhalation,,SB,,
SB313,Generell anestesi och sedering. Induktion: Intravenös med relaxation. Luftvägskontroll med: Supraglottisk luftväg. Huvudsakligt underhåll av narkos/sedering: Intravenöst utan relaxation. Huvudsakligt underhåll av analgesi: Kombination av intravenöst och inhalation,,SB,,
SB314,Generell anestesi och sedering. Induktion: Intravenös med relaxation. Luftvägskontroll med: Supraglottisk luftväg. Huvudsakligt underhåll av narkos/sedering: Intravenöst utan relaxation. Huvudsakligt underhåll av analgesi: Regional,,SB,,
SB320,Generell anestesi och sedering. Induktion: Intravenös med relaxation. Luftvägskontroll med: Supraglottisk luftväg. Huvudsakligt underhåll av narkos/sedering: Intravenöst med relaxation. Huvudsakligt underhåll av analgesi: Ingen,,SB,,
SB321,Generell anestesi och sedering. Induktion: Intravenös med relaxation. Luftvägskontroll med: Supraglottisk luftväg. Huvudsakligt underhåll av narkos/sedering: Intravenöst med relaxation. Huvudsakligt underhåll av analgesi: Intravenöst,,SB,,
SB322,Generell anestesi och sedering. Induktion: Intravenös med relaxation. Luftvägskontroll med: Supraglottisk luftväg. Huvudsakligt underhåll av narkos/sedering: Intravenöst med relaxation. Huvudsakligt underhåll av analgesi: Inhalation,,SB,,
SB323,Generell anestesi och sedering. Induktion: Intravenös med relaxation. Luftvägskontroll med: Supraglottisk luftväg. Huvudsakligt underhåll av narkos/sedering: Intravenöst med relaxation. Huvudsakligt underhåll av analgesi: Kombination av intravenöst och inhalation,,SB,,
SB324,Generell anestesi och sedering. Induktion: Intravenös med relaxation. Luftvägskontroll med: Supraglottisk luftväg. Huvudsakligt underhåll av narkos/sedering: Intravenöst med relaxation. Huvudsakligt underhåll av analgesi: Regional,,SB,,
SB330,Generell anestesi och sedering. Induktion: Intravenös med relaxation. Luftvägskontroll med: Supraglottisk luftväg. Huvudsakligt underhåll av narkos/sedering: Inhalation utan relaxation. Huvudsakligt underhåll av analgesi: Ingen,,SB,,
SB331,Generell anestesi och sedering. Induktion: Intravenös med relaxation. Luftvägskontroll med: Supraglottisk luftväg. Huvudsakligt underhåll av narkos/sedering: Inhalation utan relaxation. Huvudsakligt underhåll av analgesi: Intravenöst,,SB,,
SB332,Generell anestesi och sedering. Induktion: Intravenös med relaxation. Luftvägskontroll med: Supraglottisk luftväg. Huvudsakligt underhåll av narkos/sedering: Inhalation utan relaxation. Huvudsakligt underhåll av analgesi: Inhalation,,SB,,
SB333,Generell anestesi och sedering. Induktion: Intravenös med relaxation. Luftvägskontroll med: Supraglottisk luftväg. Huvudsakligt underhåll av narkos/sedering: Inhalation utan relaxation. Huvudsakligt underhåll av analgesi: Kombination av intravenöst och inhalation,,SB,,
SB334,Generell anestesi och sedering. Induktion: Intravenös med relaxation. Luftvägskontroll med: Supraglottisk luftväg. Huvudsakligt underhåll av narkos/sedering: Inhalation utan relaxation. Huvudsakligt underhåll av analgesi: Regional,,SB,,
SB340,Generell anestesi och sedering. Induktion: Intravenös med relaxation. Luftvägskontroll med: Supraglottisk luftväg. Huvudsakligt underhåll av narkos/sedering: Inhalation med relaxation. Huvudsakligt underhåll av analgesi: Ingen,,SB,,
SB341,Generell anestesi och sedering. Induktion: Intravenös med relaxation. Luftvägskontroll med: Supraglottisk luftväg. Huvudsakligt underhåll av narkos/sedering: Inhalation med relaxation. Huvudsakligt underhåll av analgesi: Intravenöst,,SB,,
SB342,Generell anestesi och sedering. Induktion: Intravenös med relaxation. Luftvägskontroll med: Supraglottisk luftväg. Huvudsakligt underhåll av narkos/sedering: Inhalation med relaxation. Huvudsakligt underhåll av analgesi: Inhalation,,SB,,
SB343,Generell anestesi och sedering. Induktion: Intravenös med relaxation. Luftvägskontroll med: Supraglottisk luftväg. Huvudsakligt underhåll av narkos/sedering: Inhalation med relaxation. Huvudsakligt underhåll av analgesi: Kombination av intravenöst och inhalation,,SB,,
SB344,Generell anestesi och sedering. Induktion: Intravenös med relaxation. Luftvägskontroll med: Supraglottisk luftväg. Huvudsakligt underhåll av narkos/sedering: Inhalation med relaxation. Huvudsakligt underhåll av analgesi: Regional,,SB,,
SB400,Generell anestesi och sedering. Induktion: Intravenös med relaxation. Luftvägskontroll med: Oral intubation. Huvudsakligt underhåll av narkos/sedering: Ingen. Huvudsakligt underhåll av analgesi: Ingen,,SB,,
SB401,Generell anestesi och sedering. Induktion: Intravenös med relaxation. Luftvägskontroll med: Oral intubation. Huvudsakligt underhåll av narkos/sedering: Ingen. Huvudsakligt underhåll av analgesi: Intravenöst,,SB,,
SB402,Generell anestesi och sedering. Induktion: Intravenös med relaxation. Luftvägskontroll med: Oral intubation. Huvudsakligt underhåll av narkos/sedering: Ingen. Huvudsakligt underhåll av analgesi: Inhalation,,SB,,
SB403,Generell anestesi och sedering. Induktion: Intravenös med relaxation. Luftvägskontroll med: Oral intubation. Huvudsakligt underhåll av narkos/sedering: Ingen. Huvudsakligt underhåll av analgesi: Kombination av intravenöst och inhalation,,SB,,
SB404,Generell anestesi och sedering. Induktion: Intravenös med relaxation. Luftvägskontroll med: Oral intubation. Huvudsakligt underhåll av narkos/sedering: Ingen. Huvudsakligt underhåll av analgesi: Regional,,SB,,
SB410,Generell anestesi och sedering. Induktion: Intravenös med relaxation. Luftvägskontroll med: Oral intubation. Huvudsakligt underhåll av narkos/sedering: Intravenöst utan relaxation. Huvudsakligt underhåll av analgesi: Ingen,,SB,,
SB411,Generell anestesi och sedering. Induktion: Intravenös med relaxation. Luftvägskontroll med: Oral intubation. Huvudsakligt underhåll av narkos/sedering: Intravenöst utan relaxation. Huvudsakligt underhåll av analgesi: Intravenöst,,SB,,
SB412,Generell anestesi och sedering. Induktion: Intravenös med relaxation. Luftvägskontroll med: Oral intubation. Huvudsakligt underhåll av narkos/sedering: Intravenöst utan relaxation. Huvudsakligt underhåll av analgesi: Inhalation,,SB,,
SB413,Generell anestesi och sedering. Induktion: Intravenös med relaxation. Luftvägskontroll med: Oral intubation. Huvudsakligt underhåll av narkos/sedering: Intravenöst utan relaxation. Huvudsakligt underhåll av analgesi: Kombination av intravenöst och inhalation,,SB,,
SB414,Generell anestesi och sedering. Induktion: Intravenös med relaxation. Luftvägskontroll med: Oral intubation. Huvudsakligt underhåll av narkos/sedering: Intravenöst utan relaxation. Huvudsakligt underhåll av analgesi: Regional,,SB,,
SB420,Generell anestesi och sedering. Induktion: Intravenös med relaxation. Luftvägskontroll med: Oral intubation. Huvudsakligt underhåll av narkos/sedering: Intravenöst med relaxation. Huvudsakligt underhåll av analgesi: Ingen,,SB,,
SB421,Generell anestesi och sedering. Induktion: Intravenös med relaxation. Luftvägskontroll med: Oral intubation. Huvudsakligt underhåll av narkos/sedering: Intravenöst med relaxation. Huvudsakligt underhåll av analgesi: Intravenöst,,SB,,
SB422,Generell anestesi och sedering. Induktion: Intravenös med relaxation. Luftvägskontroll med: Oral intubation. Huvudsakligt underhåll av narkos/sedering: Intravenöst med relaxation. Huvudsakligt underhåll av analgesi: Inhalation,,SB,,
SB423,Generell anestesi och sedering. Induktion: Intravenös med relaxation. Luftvägskontroll med: Oral intubation. Huvudsakligt underhåll av narkos/sedering: Intravenöst med relaxation. Huvudsakligt underhåll av analgesi: Kombination av intravenöst och inhalation,,SB,,
SB424,Generell anestesi och sedering. Induktion: Intravenös med relaxation. Luftvägskontroll med: Oral intubation. Huvudsakligt underhåll av narkos/sedering: Intravenöst med relaxation. Huvudsakligt underhåll av analgesi: Regional,,SB,,
SB430,Generell anestesi och sedering. Induktion: Intravenös med relaxation. Luftvägskontroll med: Oral intubation. Huvudsakligt underhåll av narkos/sedering: Inhalation utan relaxation. Huvudsakligt underhåll av analgesi: Ingen,,SB,,
SB431,Generell anestesi och sedering. Induktion: Intravenös med relaxation. Luftvägskontroll med: Oral intubation. Huvudsakligt underhåll av narkos/sedering: Inhalation utan relaxation. Huvudsakligt underhåll av analgesi: Intravenöst,,SB,,
SB432,Generell anestesi och sedering. Induktion: Intravenös med relaxation. Luftvägskontroll med: Oral intubation. Huvudsakligt underhåll av narkos/sedering: Inhalation utan relaxation. Huvudsakligt underhåll av analgesi: Inhalation,,SB,,
SB433,Generell anestesi och sedering. Induktion: Intravenös med relaxation. Luftvägskontroll med: Oral intubation. Huvudsakligt underhåll av narkos/sedering: Inhalation utan relaxation. Huvudsakligt underhåll av analgesi: Kombination av intravenöst och inhalation,,SB,,
SB434,Generell anestesi och sedering. Induktion: Intravenös med relaxation. Luftvägskontroll med: Oral intubation. Huvudsakligt underhåll av narkos/sedering: Inhalation utan relaxation. Huvudsakligt underhåll av analgesi: Regional,,SB,,
SB440,Generell anestesi och sedering. Induktion: Intravenös med relaxation. Luftvägskontroll med: Oral intubation. Huvudsakligt underhåll av narkos/sedering: Inhalation med relaxation. Huvudsakligt underhåll av analgesi: Ingen,,SB,,
SB441,Generell anestesi och sedering. Induktion: Intravenös med relaxation. Luftvägskontroll med: Oral intubation. Huvudsakligt underhåll av narkos/sedering: Inhalation med relaxation. Huvudsakligt underhåll av analgesi: Intravenöst,,SB,,
SB442,Generell anestesi och sedering. Induktion: Intravenös med relaxation. Luftvägskontroll med: Oral intubation. Huvudsakligt underhåll av narkos/sedering: Inhalation med relaxation. Huvudsakligt underhåll av analgesi: Inhalation,,SB,,
SB443,Generell anestesi och sedering. Induktion: Intravenös med relaxation. Luftvägskontroll med: Oral intubation. Huvudsakligt underhåll av narkos/sedering: Inhalation med relaxation. Huvudsakligt underhåll av analgesi: Kombination av intravenöst och inhalation,,SB,,
SB444,Generell anestesi och sedering. Induktion: Intravenös med relaxation. Luftvägskontroll med: Oral intubation. Huvudsakligt underhåll av narkos/sedering: Inhalation med relaxation. Huvudsakligt underhåll av analgesi: Regional,,SB,,
SB500,Generell anestesi och sedering. Induktion: Intravenös med relaxation. Luftvägskontroll med: Nasal intubation. Huvudsakligt underhåll av narkos/sedering: Ingen. Huvudsakligt underhåll av analgesi: Ingen,,SB,,
SB501,Generell anestesi och sedering. Induktion: Intravenös med relaxation. Luftvägskontroll med: Nasal intubation. Huvudsakligt underhåll av narkos/sedering: Ingen. Huvudsakligt underhåll av analgesi: Intravenöst,,SB,,
SB502,Generell anestesi och sedering. Induktion: Intravenös med relaxation. Luftvägskontroll med: Nasal intubation. Huvudsakligt underhåll av narkos/sedering: Ingen. Huvudsakligt underhåll av analgesi: Inhalation,,SB,,
SB503,Generell anestesi och sedering. Induktion: Intravenös med relaxation. Luftvägskontroll med: Nasal intubation. Huvudsakligt underhåll av narkos/sedering: Ingen. Huvudsakligt underhåll av analgesi: Kombination av intravenöst och inhalation,,SB,,
SB504,Generell anestesi och sedering. Induktion: Intravenös med relaxation. Luftvägskontroll med: Nasal intubation. Huvudsakligt underhåll av narkos/sedering: Ingen. Huvudsakligt underhåll av analgesi: Regional,,SB,,
SB510,Generell anestesi och sedering. Induktion: Intravenös med relaxation. Luftvägskontroll med: Nasal intubation. Huvudsakligt underhåll av narkos/sedering: Intravenöst utan relaxation. Huvudsakligt underhåll av analgesi: Ingen,,SB,,
SB511,Generell anestesi och sedering. Induktion: Intravenös med relaxation. Luftvägskontroll med: Nasal intubation. Huvudsakligt underhåll av narkos/sedering: Intravenöst utan relaxation. Huvudsakligt underhåll av analgesi: Intravenöst,,SB,,
SB512,Generell anestesi och sedering. Induktion: Intravenös med relaxation. Luftvägskontroll med: Nasal intubation. Huvudsakligt underhåll av narkos/sedering: Intravenöst utan relaxation. Huvudsakligt underhåll av analgesi: Inhalation,,SB,,
SB513,Generell anestesi och sedering. Induktion: Intravenös med relaxation. Luftvägskontroll med: Nasal intubation. Huvudsakligt underhåll av narkos/sedering: Intravenöst utan relaxation. Huvudsakligt underhåll av analgesi: Kombination av intravenöst och inhalation,,SB,,
SB514,Generell anestesi och sedering. Induktion: Intravenös med relaxation. Luftvägskontroll med: Nasal intubation. Huvudsakligt underhåll av narkos/sedering: Intravenöst utan relaxation. Huvudsakligt underhåll av analgesi: Regional,,SB,,
SB520,Generell anestesi och sedering. Induktion: Intravenös med relaxation. Luftvägskontroll med: Nasal intubation. Huvudsakligt underhåll av narkos/sedering: Intravenöst med relaxation. Huvudsakligt underhåll av analgesi: Ingen,,SB,,
SB521,Generell anestesi och sedering. Induktion: Intravenös med relaxation. Luftvägskontroll med: Nasal intubation. Huvudsakligt underhåll av narkos/sedering: Intravenöst med relaxation. Huvudsakligt underhåll av analgesi: Intravenöst,,SB,,
SB522,Generell anestesi och sedering. Induktion: Intravenös med relaxation. Luftvägskontroll med: Nasal intubation. Huvudsakligt underhåll av narkos/sedering: Intravenöst med relaxation. Huvudsakligt underhåll av analgesi: Inhalation,,SB,,
SB523,Generell anestesi och sedering. Induktion: Intravenös med relaxation. Luftvägskontroll med: Nasal intubation. Huvudsakligt underhåll av narkos/sedering: Intravenöst med relaxation. Huvudsakligt underhåll av analgesi: Kombination av intravenöst och inhalation,,SB,,
SB524,Generell anestesi och sedering. Induktion: Intravenös med relaxation. Luftvägskontroll med: Nasal intubation. Huvudsakligt underhåll av narkos/sedering: Intravenöst med relaxation. Huvudsakligt underhåll av analgesi: Regional,,SB,,
SB530,Generell anestesi och sedering. Induktion: Intravenös med relaxation. Luftvägskontroll med: Nasal intubation. Huvudsakligt underhåll av narkos/sedering: Inhalation utan relaxation. Huvudsakligt underhåll av analgesi: Ingen,,SB,,
SB531,Generell anestesi och sedering. Induktion: Intravenös med relaxation. Luftvägskontroll med: Nasal intubation. Huvudsakligt underhåll av narkos/sedering: Inhalation utan relaxation. Huvudsakligt underhåll av analgesi: Intravenöst,,SB,,
SB532,Generell anestesi och sedering. Induktion: Intravenös med relaxation. Luftvägskontroll med: Nasal intubation. Huvudsakligt underhåll av narkos/sedering: Inhalation utan relaxation. Huvudsakligt underhåll av analgesi: Inhalation,,SB,,
SB533,Generell anestesi och sedering. Induktion: Intravenös med relaxation. Luftvägskontroll med: Nasal intubation. Huvudsakligt underhåll av narkos/sedering: Inhalation utan relaxation. Huvudsakligt underhåll av analgesi: Kombination av intravenöst och inhalation,,SB,,
SB534,Generell anestesi och sedering. Induktion: Intravenös med relaxation. Luftvägskontroll med: Nasal intubation. Huvudsakligt underhåll av narkos/sedering: Inhalation utan relaxation. Huvudsakligt underhåll av analgesi: Regional,,SB,,
SB540,Generell anestesi och sedering. Induktion: Intravenös med relaxation. Luftvägskontroll med: Nasal intubation. Huvudsakligt underhåll av narkos/sedering: Inhalation med relaxation. Huvudsakligt underhåll av analgesi: Ingen,,SB,,
SB541,Generell anestesi och sedering. Induktion: Intravenös med relaxation. Luftvägskontroll med: Nasal intubation. Huvudsakligt underhåll av narkos/sedering: Inhalation med relaxation. Huvudsakligt underhåll av analgesi: Intravenöst,,SB,,
SB542,Generell anestesi och sedering. Induktion: Intravenös med relaxation. Luftvägskontroll med: Nasal intubation. Huvudsakligt underhåll av narkos/sedering: Inhalation med relaxation. Huvudsakligt underhåll av analgesi: Inhalation,,SB,,
SB543,Generell anestesi och sedering. Induktion: Intravenös med relaxation. Luftvägskontroll med: Nasal intubation. Huvudsakligt underhåll av narkos/sedering: Inhalation med relaxation. Huvudsakligt underhåll av analgesi: Kombination av intravenöst och inhalation,,SB,,
SB544,Generell anestesi och sedering. Induktion: Intravenös med relaxation. Luftvägskontroll med: Nasal intubation. Huvudsakligt underhåll av narkos/sedering: Inhalation med relaxation. Huvudsakligt underhåll av analgesi: Regional,,SB,,
SB600,Generell anestesi och sedering. Induktion: Intravenös med relaxation. Luftvägskontroll med: Bronkiell dubbellumentub. Huvudsakligt underhåll av narkos/sedering: Ingen. Huvudsakligt underhåll av analgesi: Ingen,,SB,,
SB601,Generell anestesi och sedering. Induktion: Intravenös med relaxation. Luftvägskontroll med: Bronkiell dubbellumentub. Huvudsakligt underhåll av narkos/sedering: Ingen. Huvudsakligt underhåll av analgesi: Intravenöst,,SB,,
SB602,Generell anestesi och sedering. Induktion: Intravenös med relaxation. Luftvägskontroll med: Bronkiell dubbellumentub. Huvudsakligt underhåll av narkos/sedering: Ingen. Huvudsakligt underhåll av analgesi: Inhalation,,SB,,
SB603,Generell anestesi och sedering. Induktion: Intravenös med relaxation. Luftvägskontroll med: Bronkiell dubbellumentub. Huvudsakligt underhåll av narkos/sedering: Ingen. Huvudsakligt underhåll av analgesi: Kombination av intravenöst och inhalation,,SB,,
SB604,Generell anestesi och sedering. Induktion: Intravenös med relaxation. Luftvägskontroll med: Bronkiell dubbellumentub. Huvudsakligt underhåll av narkos/sedering: Ingen. Huvudsakligt underhåll av analgesi: Regional,,SB,,
SB610,Generell anestesi och sedering. Induktion: Intravenös med relaxation. Luftvägskontroll med: Bronkiell dubbellumentub. Huvudsakligt underhåll av narkos/sedering: Intravenöst utan relaxation. Huvudsakligt underhåll av analgesi: Ingen,,SB,,
SB611,Generell anestesi och sedering. Induktion: Intravenös med relaxation. Luftvägskontroll med: Bronkiell dubbellumentub. Huvudsakligt underhåll av narkos/sedering: Intravenöst utan relaxation. Huvudsakligt underhåll av analgesi: Intravenöst,,SB,,
SB612,Generell anestesi och sedering. Induktion: Intravenös med relaxation. Luftvägskontroll med: Bronkiell dubbellumentub. Huvudsakligt underhåll av narkos/sedering: Intravenöst utan relaxation. Huvudsakligt underhåll av analgesi: Inhalation,,SB,,
SB613,Generell anestesi och sedering. Induktion: Intravenös med relaxation. Luftvägskontroll med: Bronkiell dubbellumentub. Huvudsakligt underhåll av narkos/sedering: Intravenöst utan relaxation. Huvudsakligt underhåll av analgesi: Kombination av intravenöst och inhalation,,SB,,
SB614,Generell anestesi och sedering. Induktion: Intravenös med relaxation. Luftvägskontroll med: Bronkiell dubbellumentub. Huvudsakligt underhåll av narkos/sedering: Intravenöst utan relaxation. Huvudsakligt underhåll av analgesi: Regional,,SB,,
SB620,Generell anestesi och sedering. Induktion: Intravenös med relaxation. Luftvägskontroll med: Bronkiell dubbellumentub. Huvudsakligt underhåll av narkos/sedering: Intravenöst med relaxation. Huvudsakligt underhåll av analgesi: Ingen,,SB,,
SB621,Generell anestesi och sedering. Induktion: Intravenös med relaxation. Luftvägskontroll med: Bronkiell dubbellumentub. Huvudsakligt underhåll av narkos/sedering: Intravenöst med relaxation. Huvudsakligt underhåll av analgesi: Intravenöst,,SB,,
SB622,Generell anestesi och sedering. Induktion: Intravenös med relaxation. Luftvägskontroll med: Bronkiell dubbellumentub. Huvudsakligt underhåll av narkos/sedering: Intravenöst med relaxation. Huvudsakligt underhåll av analgesi: Inhalation,,SB,,
SB623,Generell anestesi och sedering. Induktion: Intravenös med relaxation. Luftvägskontroll med: Bronkiell dubbellumentub. Huvudsakligt underhåll av narkos/sedering: Intravenöst med relaxation. Huvudsakligt underhåll av analgesi: Kombination av intravenöst och inhalation,,SB,,
SB624,Generell anestesi och sedering. Induktion: Intravenös med relaxation. Luftvägskontroll med: Bronkiell dubbellumentub. Huvudsakligt underhåll av narkos/sedering: Intravenöst med relaxation. Huvudsakligt underhåll av analgesi: Regional,,SB,,
SB630,Generell anestesi och sedering. Induktion: Intravenös med relaxation. Luftvägskontroll med: Bronkiell dubbellumentub. Huvudsakligt underhåll av narkos/sedering: Inhalation utan relaxation. Huvudsakligt underhåll av analgesi: Ingen,,SB,,
SB631,Generell anestesi och sedering. Induktion: Intravenös med relaxation. Luftvägskontroll med: Bronkiell dubbellumentub. Huvudsakligt underhåll av narkos/sedering: Inhalation utan relaxation. Huvudsakligt underhåll av analgesi: Intravenöst,,SB,,
SB632,Generell anestesi och sedering. Induktion: Intravenös med relaxation. Luftvägskontroll med: Bronkiell dubbellumentub. Huvudsakligt underhåll av narkos/sedering: Inhalation utan relaxation. Huvudsakligt underhåll av analgesi: Inhalation,,SB,,
SB633,Generell anestesi och sedering. Induktion: Intravenös med relaxation. Luftvägskontroll med: Bronkiell dubbellumentub. Huvudsakligt underhåll av narkos/sedering: Inhalation utan relaxation. Huvudsakligt underhåll av analgesi: Kombination av intravenöst och inhalation,,SB,,
SB634,Generell anestesi och sedering. Induktion: Intravenös med relaxation. Luftvägskontroll med: Bronkiell dubbellumentub. Huvudsakligt underhåll av narkos/sedering: Inhalation utan relaxation. Huvudsakligt underhåll av analgesi: Regional,,SB,,
SB640,Generell anestesi och sedering. Induktion: Intravenös med relaxation. Luftvägskontroll med: Bronkiell dubbellumentub. Huvudsakligt underhåll av narkos/sedering: Inhalation med relaxation. Huvudsakligt underhåll av analgesi: Ingen,,SB,,
SB641,Generell anestesi och sedering. Induktion: Intravenös med relaxation. Luftvägskontroll med: Bronkiell dubbellumentub. Huvudsakligt underhåll av narkos/sedering: Inhalation med relaxation. Huvudsakligt underhåll av analgesi: Intravenöst,,SB,,
SB642,Generell anestesi och sedering. Induktion: Intravenös med relaxation. Luftvägskontroll med: Bronkiell dubbellumentub. Huvudsakligt underhåll av narkos/sedering: Inhalation med relaxation. Huvudsakligt underhåll av analgesi: Inhalation,,SB,,
SB643,Generell anestesi och sedering. Induktion: Intravenös med relaxation. Luftvägskontroll med: Bronkiell dubbellumentub. Huvudsakligt underhåll av narkos/sedering: Inhalation med relaxation. Huvudsakligt underhåll av analgesi: Kombination av intravenöst och inhalation,,SB,,
SB644,Generell anestesi och sedering. Induktion: Intravenös med relaxation. Luftvägskontroll med: Bronkiell dubbellumentub. Huvudsakligt underhåll av narkos/sedering: Inhalation med relaxation. Huvudsakligt underhåll av analgesi: Regional,,SB,,
SB700,Generell anestesi och sedering. Induktion: Intravenös med relaxation. Luftvägskontroll med: Högfrekvensventilation. Huvudsakligt underhåll av narkos/sedering: Ingen. Huvudsakligt underhåll av analgesi: Ingen,,SB,,
SB701,Generell anestesi och sedering. Induktion: Intravenös med relaxation. Luftvägskontroll med: Högfrekvensventilation. Huvudsakligt underhåll av narkos/sedering: Ingen. Huvudsakligt underhåll av analgesi: Intravenöst,,SB,,
SB702,Generell anestesi och sedering. Induktion: Intravenös med relaxation. Luftvägskontroll med: Högfrekvensventilation. Huvudsakligt underhåll av narkos/sedering: Ingen. Huvudsakligt underhåll av analgesi: Inhalation,,SB,,
SB703,Generell anestesi och sedering. Induktion: Intravenös med relaxation. Luftvägskontroll med: Högfrekvensventilation. Huvudsakligt underhåll av narkos/sedering: Ingen. Huvudsakligt underhåll av analgesi: Kombination av intravenöst och inhalation,,SB,,
SB704,Generell anestesi och sedering. Induktion: Intravenös med relaxation. Luftvägskontroll med: Högfrekvensventilation. Huvudsakligt underhåll av narkos/sedering: Ingen. Huvudsakligt underhåll av analgesi: Regional,,SB,,
SB710,Generell anestesi och sedering. Induktion: Intravenös med relaxation. Luftvägskontroll med: Högfrekvensventilation. Huvudsakligt underhåll av narkos/sedering: Intravenöst utan relaxation. Huvudsakligt underhåll av analgesi: Ingen,,SB,,
SB711,Generell anestesi och sedering. Induktion: Intravenös med relaxation. Luftvägskontroll med: Högfrekvensventilation. Huvudsakligt underhåll av narkos/sedering: Intravenöst utan relaxation. Huvudsakligt underhåll av analgesi: Intravenöst,,SB,,
SB712,Generell anestesi och sedering. Induktion: Intravenös med relaxation. Luftvägskontroll med: Högfrekvensventilation. Huvudsakligt underhåll av narkos/sedering: Intravenöst utan relaxation. Huvudsakligt underhåll av analgesi: Inhalation,,SB,,
SB713,Generell anestesi och sedering. Induktion: Intravenös med relaxation. Luftvägskontroll med: Högfrekvensventilation. Huvudsakligt underhåll av narkos/sedering: Intravenöst utan relaxation. Huvudsakligt underhåll av analgesi: Kombination av intravenöst och inhalation,,SB,,
SB714,Generell anestesi och sedering. Induktion: Intravenös med relaxation. Luftvägskontroll med: Högfrekvensventilation. Huvudsakligt underhåll av narkos/sedering: Intravenöst utan relaxation. Huvudsakligt underhåll av analgesi: Regional,,SB,,
SB720,Generell anestesi och sedering. Induktion: Intravenös med relaxation. Luftvägskontroll med: Högfrekvensventilation. Huvudsakligt underhåll av narkos/sedering: Intravenöst med relaxation. Huvudsakligt underhåll av analgesi: Ingen,,SB,,
SB721,Generell anestesi och sedering. Induktion: Intravenös med relaxation. Luftvägskontroll med: Högfrekvensventilation. Huvudsakligt underhåll av narkos/sedering: Intravenöst med relaxation. Huvudsakligt underhåll av analgesi: Intravenöst,,SB,,
SB722,Generell anestesi och sedering. Induktion: Intravenös med relaxation. Luftvägskontroll med: Högfrekvensventilation. Huvudsakligt underhåll av narkos/sedering: Intravenöst med relaxation. Huvudsakligt underhåll av analgesi: Inhalation,,SB,,
SB723,Generell anestesi och sedering. Induktion: Intravenös med relaxation. Luftvägskontroll med: Högfrekvensventilation. Huvudsakligt underhåll av narkos/sedering: Intravenöst med relaxation. Huvudsakligt underhåll av analgesi: Kombination av intravenöst och inhalation,,SB,,
SB724,Generell anestesi och sedering. Induktion: Intravenös med relaxation. Luftvägskontroll med: Högfrekvensventilation. Huvudsakligt underhåll av narkos/sedering: Intravenöst med relaxation. Huvudsakligt underhåll av analgesi: Regional,,SB,,
SB730,Generell anestesi och sedering. Induktion: Intravenös med relaxation. Luftvägskontroll med: Högfrekvensventilation. Huvudsakligt underhåll av narkos/sedering: Inhalation utan relaxation. Huvudsakligt underhåll av analgesi: Ingen,,SB,,
SB731,Generell anestesi och sedering. Induktion: Intravenös med relaxation. Luftvägskontroll med: Högfrekvensventilation. Huvudsakligt underhåll av narkos/sedering: Inhalation utan relaxation. Huvudsakligt underhåll av analgesi: Intravenöst,,SB,,
SB732,Generell anestesi och sedering. Induktion: Intravenös med relaxation. Luftvägskontroll med: Högfrekvensventilation. Huvudsakligt underhåll av narkos/sedering: Inhalation utan relaxation. Huvudsakligt underhåll av analgesi: Inhalation,,SB,,
SB733,Generell anestesi och sedering. Induktion: Intravenös med relaxation. Luftvägskontroll med: Högfrekvensventilation. Huvudsakligt underhåll av narkos/sedering: Inhalation utan relaxation. Huvudsakligt underhåll av analgesi: Kombination av intravenöst och inhalation,,SB,,
SB734,Generell anestesi och sedering. Induktion: Intravenös med relaxation. Luftvägskontroll med: Högfrekvensventilation. Huvudsakligt underhåll av narkos/sedering: Inhalation utan relaxation. Huvudsakligt underhåll av analgesi: Regional,,SB,,
SB740,Generell anestesi och sedering. Induktion: Intravenös med relaxation. Luftvägskontroll med: Högfrekvensventilation. Huvudsakligt underhåll av narkos/sedering: Inhalation med relaxation. Huvudsakligt underhåll av analgesi: Ingen,,SB,,
SB741,Generell anestesi och sedering. Induktion: Intravenös med relaxation. Luftvägskontroll med: Högfrekvensventilation. Huvudsakligt underhåll av narkos/sedering: Inhalation med relaxation. Huvudsakligt underhåll av analgesi: Intravenöst,,SB,,
SB742,Generell anestesi och sedering. Induktion: Intravenös med relaxation. Luftvägskontroll med: Högfrekvensventilation. Huvudsakligt underhåll av narkos/sedering: Inhalation med relaxation. Huvudsakligt underhåll av analgesi: Inhalation,,SB,,
SB743,Generell anestesi och sedering. Induktion: Intravenös med relaxation. Luftvägskontroll med: Högfrekvensventilation. Huvudsakligt underhåll av narkos/sedering: Inhalation med relaxation. Huvudsakligt underhåll av analgesi: Kombination av intravenöst och inhalation,,SB,,
SB744,Generell anestesi och sedering. Induktion: Intravenös med relaxation. Luftvägskontroll med: Högfrekvensventilation. Huvudsakligt underhåll av narkos/sedering: Inhalation med relaxation. Huvudsakligt underhåll av analgesi: Regional,,SB,,
SB800,Generell anestesi och sedering. Induktion: Intravenös med relaxation. Luftvägskontroll med: ”Rapid sequence induction” oavsett intubationsväg. Huvudsakligt underhåll av narkos/sedering: Ingen. Huvudsakligt underhåll av analgesi: Ingen,,SB,,
SB801,Generell anestesi och sedering. Induktion: Intravenös med relaxation. Luftvägskontroll med: ”Rapid sequence induction” oavsett intubationsväg. Huvudsakligt underhåll av narkos/sedering: Ingen. Huvudsakligt underhåll av analgesi: Intravenöst,,SB,,
SB802,Generell anestesi och sedering. Induktion: Intravenös med relaxation. Luftvägskontroll med: ”Rapid sequence induction” oavsett intubationsväg. Huvudsakligt underhåll av narkos/sedering: Ingen. Huvudsakligt underhåll av analgesi: Inhalation,,SB,,
SB803,Generell anestesi och sedering. Induktion: Intravenös med relaxation. Luftvägskontroll med: ”Rapid sequence induction” oavsett intubationsväg. Huvudsakligt underhåll av narkos/sedering: Ingen. Huvudsakligt underhåll av analgesi: Kombination av intravenöst och inhalation,,SB,,
SB804,Generell anestesi och sedering. Induktion: Intravenös med relaxation. Luftvägskontroll med: ”Rapid sequence induction” oavsett intubationsväg. Huvudsakligt underhåll av narkos/sedering: Ingen. Huvudsakligt underhåll av analgesi: Regional,,SB,,
SB810,Generell anestesi och sedering. Induktion: Intravenös med relaxation. Luftvägskontroll med: ”Rapid sequence induction” oavsett intubationsväg. Huvudsakligt underhåll av narkos/sedering: Intravenöst utan relaxation. Huvudsakligt underhåll av analgesi: Ingen,,SB,,
SB811,Generell anestesi och sedering. Induktion: Intravenös med relaxation. Luftvägskontroll med: ”Rapid sequence induction” oavsett intubationsväg. Huvudsakligt underhåll av narkos/sedering: Intravenöst utan relaxation. Huvudsakligt underhåll av analgesi: Intravenöst,,SB,,
SB812,Generell anestesi och sedering. Induktion: Intravenös med relaxation. Luftvägskontroll med: ”Rapid sequence induction” oavsett intubationsväg. Huvudsakligt underhåll av narkos/sedering: Intravenöst utan relaxation. Huvudsakligt underhåll av analgesi: Inhalation,,SB,,
SB813,Generell anestesi och sedering. Induktion: Intravenös med relaxation. Luftvägskontroll med: ”Rapid sequence induction” oavsett intubationsväg. Huvudsakligt underhåll av narkos/sedering: Intravenöst utan relaxation. Huvudsakligt underhåll av analgesi: Kombination av intravenöst och Inhalation,,SB,,
SB814,Generell anestesi och sedering. Induktion: Intravenös med relaxation. Luftvägskontroll med: ”Rapid sequence induction” oavsett intubationsväg. Huvudsakligt underhåll av narkos/sedering: Intravenöst utan relaxation. Huvudsakligt underhåll av analgesi: Regional,,SB,,
SB820,Generell anestesi och sedering. Induktion: Intravenös med relaxation. Luftvägskontroll med: ”Rapid sequence induction” oavsett intubationsväg. Huvudsakligt underhåll av narkos/sedering: Intravenöst med relaxation. Huvudsakligt underhåll av analgesi: Ingen,,SB,,
SB821,Generell anestesi och sedering. Induktion: Intravenös med relaxation. Luftvägskontroll med: ”Rapid sequence induction” oavsett intubationsväg. Huvudsakligt underhåll av narkos/sedering: Intravenöst med relaxation. Huvudsakligt underhåll av analgesi: Intravenöst,,SB,,
SB822,Generell anestesi och sedering. Induktion: Intravenös med relaxation. Luftvägskontroll med: ”Rapid sequence induction” oavsett intubationsväg. Huvudsakligt underhåll av narkos/sedering: Intravenöst med relaxation. Huvudsakligt underhåll av analgesi: Inhalation,,SB,,
SB823,Generell anestesi och sedering. Induktion: Intravenös med relaxation. Luftvägskontroll med: ”Rapid sequence induction” oavsett intubationsväg. Huvudsakligt underhåll av narkos/sedering: Intravenöst med relaxation. Huvudsakligt underhåll av analgesi: Kombination av intravenöst och inhalation,,SB,,
SB824,Generell anestesi och sedering. Induktion: Intravenös med relaxation. Luftvägskontroll med: ”Rapid sequence induction” oavsett intubationsväg. Huvudsakligt underhåll av narkos/sedering: Intravenöst med relaxation. Huvudsakligt underhåll av analgesi: Regional,,SB,,
SB830,Generell anestesi och sedering. Induktion: Intravenös med relaxation. Luftvägskontroll med: ”Rapid sequence induction” oavsett intubationsväg. Huvudsakligt underhåll av narkos/sedering: Inhalation utan relaxation. Huvudsakligt underhåll av analgesi: Ingen,,SB,,
SB831,Generell anestesi och sedering. Induktion: Intravenös med relaxation. Luftvägskontroll med: ”Rapid sequence induction” oavsett intubationsväg. Huvudsakligt underhåll av narkos/sedering: Inhalation utan relaxation. Huvudsakligt underhåll av analgesi: Intravenöst,,SB,,
SB832,Generell anestesi och sedering. Induktion: Intravenös med relaxation. Luftvägskontroll med: ”Rapid sequence induction” oavsett intubationsväg. Huvudsakligt underhåll av narkos/sedering: Inhalation utan relaxation. Huvudsakligt underhåll av analgesi: Inhalation,,SB,,
SB833,Generell anestesi och sedering. Induktion: Intravenös med relaxation. Luftvägskontroll med: ”Rapid sequence induction” oavsett intubationsväg. Huvudsakligt underhåll av narkos/sedering: Inhalation utan relaxation. Huvudsakligt underhåll av analgesi: Kombination av intravenöst och inhalation,,SB,,
SB834,Generell anestesi och sedering. Induktion: Intravenös med relaxation. Luftvägskontroll med: ”Rapid sequence induction” oavsett intubationsväg. Huvudsakligt underhåll av narkos/sedering: Inhalation utan relaxation. Huvudsakligt underhåll av analgesi: Regional,,SB,,
SB840,Generell anestesi och sedering. Induktion: Intravenös med relaxation. Luftvägskontroll med: ”Rapid sequence induction” oavsett intubationsväg. Huvudsakligt underhåll av narkos/sedering: Inhalation med relaxation. Huvudsakligt underhåll av analgesi: Ingen,,SB,,
SB841,Generell anestesi och sedering. Induktion: Intravenös med relaxation. Luftvägskontroll med: ”Rapid sequence induction” oavsett intubationsväg. Huvudsakligt underhåll av narkos/sedering: Inhalation med relaxation. Huvudsakligt underhåll av analgesi: Intravenöst,,SB,,
SB842,Generell anestesi och sedering. Induktion: Intravenös med relaxation. Luftvägskontroll med: ”Rapid sequence induction” oavsett intubationsväg. Huvudsakligt underhåll av narkos/sedering: Inhalation med relaxation. Huvudsakligt underhåll av analgesi: Inhalation,,SB,,
SB843,Generell anestesi och sedering. Induktion: Intravenös med relaxation. Luftvägskontroll med: ”Rapid sequence induction” oavsett intubationsväg. Huvudsakligt underhåll av narkos/sedering: Inhalation med relaxation. Huvudsakligt underhåll av analgesi: Kombination av intravenöst och inhalation,,SB,,
SB844,Generell anestesi och sedering. Induktion: Intravenös med relaxation. Luftvägskontroll med: ”Rapid sequence induction” oavsett intubationsväg. Huvudsakligt underhåll av narkos/sedering: Inhalation med relaxation. Huvudsakligt underhåll av analgesi: Regional,,SB,,
SB900,"Generell anestesi och sedering. Induktion: Intravenös med relaxation. Luftvägskontroll med: Övrigt, t.ex. trakeostoma. Huvudsakligt underhåll av narkos/sedering: Ingen. Huvudsakligt underhåll av analgesi: Ingen",,SB,,
SB901,"Generell anestesi och sedering. Induktion: Intravenös med relaxation. Luftvägskontroll med: Övrigt, t.ex. trakeostoma. Huvudsakligt underhåll av narkos/sedering: Ingen. Huvudsakligt underhåll av analgesi: Intravenöst",,SB,,
SB902,"Generell anestesi och sedering. Induktion: Intravenös med relaxation. Luftvägskontroll med: Övrigt, t.ex. trakeostoma. Huvudsakligt underhåll av narkos/sedering: Ingen. Huvudsakligt underhåll av analgesi: Inhalation",,SB,,
SB903,"Generell anestesi och sedering. Induktion: Intravenös med relaxation. Luftvägskontroll med: Övrigt, t.ex. trakeostoma. Huvudsakligt underhåll av narkos/sedering: Ingen. Huvudsakligt underhåll av analgesi: Kombination av intravenöst och inhalation",,SB,,
SB904,"Generell anestesi och sedering. Induktion: Intravenös med relaxation. Luftvägskontroll med: Övrigt, t.ex. trakeostoma. Huvudsakligt underhåll av narkos/sedering: Ingen. Huvudsakligt underhåll av analgesi: Regional",,SB,,
SB910,"Generell anestesi och sedering. Induktion: Intravenös med relaxation. Luftvägskontroll med: Övrigt, t.ex. trakeostoma. Huvudsakligt underhåll av narkos/sedering: Intravenöst utan relaxation. Huvudsakligt underhåll av analgesi: Ingen",,SB,,
SB911,"Generell anestesi och sedering. Induktion: Intravenös med relaxation. Luftvägskontroll med: Övrigt, t.ex. trakeostoma. Huvudsakligt underhåll av narkos/sedering: Intravenöst utan relaxation. Huvudsakligt underhåll av analgesi: Intravenöst",,SB,,
SB912,"Generell anestesi och sedering. Induktion: Intravenös med relaxation. Luftvägskontroll med: Övrigt, t.ex. trakeostoma. Huvudsakligt underhåll av narkos/sedering: Intravenöst utan relaxation. Huvudsakligt underhåll av analgesi: Inhalation",,SB,,
SB913,"Generell anestesi och sedering. Induktion: Intravenös med relaxation. Luftvägskontroll med: Övrigt, t.ex. trakeostoma. Huvudsakligt underhåll av narkos/sedering: Intravenöst utan relaxation. Huvudsakligt underhåll av analgesi: Kombination av intravenöst och inhalation",,SB,,
SB914,"Generell anestesi och sedering. Induktion: Intravenös med relaxation. Luftvägskontroll med: Övrigt, t.ex. trakeostoma. Huvudsakligt underhåll av narkos/sedering: Intravenöst utan relaxation. Huvudsakligt underhåll av analgesi: Regional",,SB,,
SB920,"Generell anestesi och sedering. Induktion: Intravenös med relaxation. Luftvägskontroll med: Övrigt, t.ex. trakeostoma. Huvudsakligt underhåll av narkos/sedering: Intravenöst med relaxation. Huvudsakligt underhåll av analgesi: Ingen",,SB,,
SB921,"Generell anestesi och sedering. Induktion: Intravenös med relaxation. Luftvägskontroll med: Övrigt, t.ex. trakeostoma. Huvudsakligt underhåll av narkos/sedering: Intravenöst med relaxation. Huvudsakligt underhåll av analgesi: Intravenöst",,SB,,
SB922,"Generell anestesi och sedering. Induktion: Intravenös med relaxation. Luftvägskontroll med: Övrigt, t.ex. trakeostoma. Huvudsakligt underhåll av narkos/sedering: Intravenöst med relaxation. Huvudsakligt underhåll av analgesi: Inhalation",,SB,,
SB923,"Generell anestesi och sedering. Induktion: Intravenös med relaxation. Luftvägskontroll med: Övrigt, t.ex. trakeostoma. Huvudsakligt underhåll av narkos/sedering: Intravenöst med relaxation. Huvudsakligt underhåll av analgesi: Kombination av intravenöst och inhalation",,SB,,
SB924,"Generell anestesi och sedering. Induktion: Intravenös med relaxation. Luftvägskontroll med: Övrigt, t.ex. trakeostoma. Huvudsakligt underhåll av narkos/sedering: Intravenöst med relaxation. Huvudsakligt underhåll av analgesi: Regional",,SB,,
SB930,"Generell anestesi och sedering. Induktion: Intravenös med relaxation. Luftvägskontroll med: Övrigt, t.ex. trakeostoma. Huvudsakligt underhåll av narkos/sedering: Inhalation utan relaxation. Huvudsakligt underhåll av analgesi: Ingen",,SB,,
SB931,"Generell anestesi och sedering. Induktion: Intravenös med relaxation. Luftvägskontroll med: Övrigt, t.ex. trakeostoma. Huvudsakligt underhåll av narkos/sedering: Inhalation utan relaxation. Huvudsakligt underhåll av analgesi: Intravenöst",,SB,,
SB932,"Generell anestesi och sedering. Induktion: Intravenös med relaxation. Luftvägskontroll med: Övrigt, t.ex. trakeostoma. Huvudsakligt underhåll av narkos/sedering: Inhalation utan relaxation. Huvudsakligt underhåll av analgesi: Inhalation",,SB,,
SB933,"Generell anestesi och sedering. Induktion: Intravenös med relaxation. Luftvägskontroll med: Övrigt, t.ex. trakeostoma. Huvudsakligt underhåll av narkos/sedering: Inhalation utan relaxation. Huvudsakligt underhåll av analgesi: Kombination av intravenöst och inhalation",,SB,,
SB934,"Generell anestesi och sedering. Induktion: Intravenös med relaxation. Luftvägskontroll med: Övrigt, t.ex. trakeostoma. Huvudsakligt underhåll av narkos/sedering: Inhalation utan relaxation. Huvudsakligt underhåll av analgesi: Regional",,SB,,
SB940,"Generell anestesi och sedering. Induktion: Intravenös med relaxation. Luftvägskontroll med: Övrigt, t.ex. trakeostoma. Huvudsakligt underhåll av narkos/sedering: Inhalation med relaxation. Huvudsakligt underhåll av analgesi: Ingen",,SB,,
SB941,"Generell anestesi och sedering. Induktion: Intravenös med relaxation. Luftvägskontroll med: Övrigt, t.ex. trakeostoma. Huvudsakligt underhåll av narkos/sedering: Inhalation med relaxation. Huvudsakligt underhåll av analgesi: Intravenöst",,SB,,
SB942,"Generell anestesi och sedering. Induktion: Intravenös med relaxation. Luftvägskontroll med: Övrigt, t.ex. trakeostoma. Huvudsakligt underhåll av narkos/sedering: Inhalation med relaxation. Huvudsakligt underhåll av analgesi: Inhalation",,SB,,
SB943,"Generell anestesi och sedering. Induktion: Intravenös med relaxation. Luftvägskontroll med: Övrigt, t.ex. trakeostoma. Huvudsakligt underhåll av narkos/sedering: Inhalation med relaxation. Huvudsakligt underhåll av analgesi: Kombination av intravenöst och inhalation",,SB,,
SB944,"Generell anestesi och sedering. Induktion: Intravenös med relaxation. Luftvägskontroll med: Övrigt, t.ex. trakeostoma. Huvudsakligt underhåll av narkos/sedering: Inhalation med relaxation. Huvudsakligt underhåll av analgesi: Regional",,SB,,
SC,"Generell anestesi, induktion genom inhalation utan relaxation",,S,,
SC000,Generell anestesi och sedering. Induktion: Inhalation utan relaxation. Luftvägskontroll med: Spontanandning utan tillskott av oxygen. Huvudsakligt underhåll av narkos/sedering: Ingen. Huvudsakligt underhåll av analgesi: Ingen,,SC,,
SC001,Generell anestesi och sedering. Induktion: Inhalation utan relaxation. Luftvägskontroll med: Spontanandning utan tillskott av oxygen. Huvudsakligt underhåll av narkos/sedering: Ingen. Huvudsakligt underhåll av analgesi: Intravenöst,,SC,,
SC002,Generell anestesi och sedering. Induktion: Inhalation utan relaxation. Luftvägskontroll med: Spontanandning utan tillskott av oxygen. Huvudsakligt underhåll av narkos/sedering: Ingen. Huvudsakligt underhåll av analgesi: Inhalation,,SC,,
SC003,Generell anestesi och sedering. Induktion: Inhalation utan relaxation. Luftvägskontroll med: Spontanandning utan tillskott av oxygen. Huvudsakligt underhåll av narkos/sedering: Ingen. Huvudsakligt underhåll av analgesi: Kombination av intravenöst och inhalation,,SC,,
SC004,Generell anestesi och sedering. Induktion: Inhalation utan relaxation. Luftvägskontroll med: Spontanandning utan tillskott av oxygen. Huvudsakligt underhåll av narkos/sedering: Ingen. Huvudsakligt underhåll av analgesi: Regional,,SC,,
SC010,Generell anestesi och sedering. Induktion: Inhalation utan relaxation. Luftvägskontroll med: Spontanandning utan tillskott av oxygen. Huvudsakligt underhåll av narkos/sedering: Intravenöst utan relaxation. Huvudsakligt underhåll av analgesi: Ingen,,SC,,
SC011,Generell anestesi och sedering. Induktion: Inhalation utan relaxation. Luftvägskontroll med: Spontanandning utan tillskott av oxygen. Huvudsakligt underhåll av narkos/sedering: Intravenöst utan relaxation. Huvudsakligt underhåll av analgesi: Intravenöst,,SC,,
SC012,Generell anestesi och sedering. Induktion: Inhalation utan relaxation. Luftvägskontroll med: Spontanandning utan tillskott av oxygen. Huvudsakligt underhåll av narkos/sedering: Intravenöst utan relaxation. Huvudsakligt underhåll av analgesi: Inhalation,,SC,,
SC013,Generell anestesi och sedering. Induktion: Inhalation utan relaxation. Luftvägskontroll med: Spontanandning utan tillskott av oxygen. Huvudsakligt underhåll av narkos/sedering: Intravenöst utan relaxation. Huvudsakligt underhåll av analgesi: Kombination av intravenöst och Inhalation,,SC,,
SC014,Generell anestesi och sedering. Induktion: Inhalation utan relaxation. Luftvägskontroll med: Spontanandning utan tillskott av oxygen. Huvudsakligt underhåll av narkos/sedering: Intravenöst utan relaxation. Huvudsakligt underhåll av analgesi: Regional,,SC,,
SC020,Generell anestesi och sedering. Induktion: Inhalation utan relaxation. Luftvägskontroll med: Spontanandning utan tillskott av oxygen. Huvudsakligt underhåll av narkos/sedering: Intravenöst med relaxation. Huvudsakligt underhåll av analgesi: Ingen,,SC,,
SC021,Generell anestesi och sedering. Induktion: Inhalation utan relaxation. Luftvägskontroll med: Spontanandning utan tillskott av oxygen. Huvudsakligt underhåll av narkos/sedering: Intravenöst med relaxation. Huvudsakligt underhåll av analgesi: Intravenöst,,SC,,
SC022,Generell anestesi och sedering. Induktion: Inhalation utan relaxation. Luftvägskontroll med: Spontanandning utan tillskott av oxygen. Huvudsakligt underhåll av narkos/sedering: Intravenöst med relaxation. Huvudsakligt underhåll av analgesi: Inhalation,,SC,,
SC023,Generell anestesi och sedering. Induktion: Inhalation utan relaxation. Luftvägskontroll med: Spontanandning utan tillskott av oxygen. Huvudsakligt underhåll av narkos/sedering: Intravenöst med relaxation. Huvudsakligt underhåll av analgesi: Kombination av intravenöst och inhalation,,SC,,
SC024,Generell anestesi och sedering. Induktion: Inhalation utan relaxation. Luftvägskontroll med: Spontanandning utan tillskott av oxygen. Huvudsakligt underhåll av narkos/sedering: Intravenöst med relaxation. Huvudsakligt underhåll av analgesi: Regional,,SC,,
SC030,Generell anestesi och sedering. Induktion: Inhalation utan relaxation. Luftvägskontroll med: Spontanandning utan tillskott av oxygen. Huvudsakligt underhåll av narkos/sedering: Inhalation utan relaxation. Huvudsakligt underhåll av analgesi: Ingen,,SC,,
SC031,Generell anestesi och sedering. Induktion: Inhalation utan relaxation. Luftvägskontroll med: Spontanandning utan tillskott av oxygen. Huvudsakligt underhåll av narkos/sedering: Inhalation utan relaxation. Huvudsakligt underhåll av analgesi: Intravenöst,,SC,,
SC032,Generell anestesi och sedering. Induktion: Inhalation utan relaxation. Luftvägskontroll med: Spontanandning utan tillskott av oxygen. Huvudsakligt underhåll av narkos/sedering: Inhalation utan relaxation. Huvudsakligt underhåll av analgesi: Inhalation,,SC,,
SC033,Generell anestesi och sedering. Induktion: Inhalation utan relaxation. Luftvägskontroll med: Spontanandning utan tillskott av oxygen. Huvudsakligt underhåll av narkos/sedering: Inhalation utan relaxation. Huvudsakligt underhåll av analgesi: Kombination av intravenöst och inhalation,,SC,,
SC034,Generell anestesi och sedering. Induktion: Inhalation utan relaxation. Luftvägskontroll med: Spontanandning utan tillskott av oxygen. Huvudsakligt underhåll av narkos/sedering: Inhalation utan relaxation. Huvudsakligt underhåll av analgesi: Regional,,SC,,
SC040,Generell anestesi och sedering. Induktion: Inhalation utan relaxation. Luftvägskontroll med: Spontanandning utan tillskott av oxygen. Huvudsakligt underhåll av narkos/sedering: Inhalation med relaxation. Huvudsakligt underhåll av analgesi: Ingen,,SC,,
SC041,Generell anestesi och sedering. Induktion: Inhalation utan relaxation. Luftvägskontroll med: Spontanandning utan tillskott av oxygen. Huvudsakligt underhåll av narkos/sedering: Inhalation med relaxation. Huvudsakligt underhåll av analgesi: Intravenöst,,SC,,
SC042,Generell anestesi och sedering. Induktion: Inhalation utan relaxation. Luftvägskontroll med: Spontanandning utan tillskott av oxygen. Huvudsakligt underhåll av narkos/sedering: Inhalation med relaxation. Huvudsakligt underhåll av analgesi: Inhalation,,SC,,
SC043,Generell anestesi och sedering. Induktion: Inhalation utan relaxation. Luftvägskontroll med: Spontanandning utan tillskott av oxygen. Huvudsakligt underhåll av narkos/sedering: Inhalation med relaxation. Huvudsakligt underhåll av analgesi: Kombination av intravenöst och inhalation,,SC,,
SC044,Generell anestesi och sedering. Induktion: Inhalation utan relaxation. Luftvägskontroll med: Spontanandning utan tillskott av oxygen. Huvudsakligt underhåll av narkos/sedering: Inhalation med relaxation. Huvudsakligt underhåll av analgesi: Regional,,SC,,
SC100,Generell anestesi och sedering. Induktion: Inhalation utan relaxation. Luftvägskontroll med: Spontanandning med tillägg av oxygen. Huvudsakligt underhåll av narkos/sedering: Ingen. Huvudsakligt underhåll av analgesi: Ingen,,SC,,
SC101,Generell anestesi och sedering. Induktion: Inhalation utan relaxation. Luftvägskontroll med: Spontanandning med tillägg av oxygen. Huvudsakligt underhåll av narkos/sedering: Ingen. Huvudsakligt underhåll av analgesi: Intravenöst,,SC,,
SC102,Generell anestesi och sedering. Induktion: Inhalation utan relaxation. Luftvägskontroll med: Spontanandning med tillägg av oxygen. Huvudsakligt underhåll av narkos/sedering: Ingen. Huvudsakligt underhåll av analgesi: Inhalation,,SC,,
SC103,Generell anestesi och sedering. Induktion: Inhalation utan relaxation. Luftvägskontroll med: Spontanandning med tillägg av oxygen. Huvudsakligt underhåll av narkos/sedering: Ingen. Huvudsakligt underhåll av analgesi: Kombination av intravenöst och inhalation,,SC,,
SC104,Generell anestesi och sedering. Induktion: Inhalation utan relaxation. Luftvägskontroll med: Spontanandning med tillägg av oxygen. Huvudsakligt underhåll av narkos/sedering: Ingen. Huvudsakligt underhåll av analgesi: Regional,,SC,,
SC110,Generell anestesi och sedering. Induktion: Inhalation utan relaxation. Luftvägskontroll med: Spontanandning med tillägg av oxygen. Huvudsakligt underhåll av narkos/sedering: Intravenöst utan relaxation. Huvudsakligt underhåll av analgesi: Ingen,,SC,,
SC111,Generell anestesi och sedering. Induktion: Inhalation utan relaxation. Luftvägskontroll med: Spontanandning med tillägg av oxygen. Huvudsakligt underhåll av narkos/sedering: Intravenöst utan relaxation. Huvudsakligt underhåll av analgesi: Intravenöst,,SC,,
SC112,Generell anestesi och sedering. Induktion: Inhalation utan relaxation. Luftvägskontroll med: Spontanandning med tillägg av oxygen. Huvudsakligt underhåll av narkos/sedering: Intravenöst utan relaxation. Huvudsakligt underhåll av analgesi: Inhalation,,SC,,
SC113,Generell anestesi och sedering. Induktion: Inhalation utan relaxation. Luftvägskontroll med: Spontanandning med tillägg av oxygen. Huvudsakligt underhåll av narkos/sedering: Intravenöst utan relaxation. Huvudsakligt underhåll av analgesi: Kombination av intravenöst och inhalation,,SC,,
SC114,Generell anestesi och sedering. Induktion: Inhalation utan relaxation. Luftvägskontroll med: Spontanandning med tillägg av oxygen. Huvudsakligt underhåll av narkos/sedering: Intravenöst utan relaxation. Huvudsakligt underhåll av analgesi: Regional,,SC,,
SC120,Generell anestesi och sedering. Induktion: Inhalation utan relaxation. Luftvägskontroll med: Spontanandning med tillägg av oxygen. Huvudsakligt underhåll av narkos/sedering: Intravenöst med relaxation. Huvudsakligt underhåll av analgesi: Ingen,,SC,,
SC121,Generell anestesi och sedering. Induktion: Inhalation utan relaxation. Luftvägskontroll med: Spontanandning med tillägg av oxygen. Huvudsakligt underhåll av narkos/sedering: Intravenöst med relaxation. Huvudsakligt underhåll av analgesi: Intravenöst,,SC,,
SC122,Generell anestesi och sedering. Induktion: Inhalation utan relaxation. Luftvägskontroll med: Spontanandning med tillägg av oxygen. Huvudsakligt underhåll av narkos/sedering: Intravenöst med relaxation. Huvudsakligt underhåll av analgesi: Inhalation,,SC,,
SC123,Generell anestesi och sedering. Induktion: Inhalation utan relaxation. Luftvägskontroll med: Spontanandning med tillägg av oxygen. Huvudsakligt underhåll av narkos/sedering: Intravenöst med relaxation. Huvudsakligt underhåll av analgesi: Kombination av intravenöst och inhalation,,SC,,
SC124,Generell anestesi och sedering. Induktion: Inhalation utan relaxation. Luftvägskontroll med: Spontanandning med tillägg av oxygen. Huvudsakligt underhåll av narkos/sedering: Intravenöst med relaxation. Huvudsakligt underhåll av analgesi: Regional,,SC,,
SC130,Generell anestesi och sedering. Induktion: Inhalation utan relaxation. Luftvägskontroll med: Spontanandning med tillägg av oxygen. Huvudsakligt underhåll av narkos/sedering: Inhalation utan relaxation. Huvudsakligt underhåll av analgesi: Ingen,,SC,,
SC131,Generell anestesi och sedering. Induktion: Inhalation utan relaxation. Luftvägskontroll med: Spontanandning med tillägg av oxygen. Huvudsakligt underhåll av narkos/sedering: Inhalation utan relaxation. Huvudsakligt underhåll av analgesi: Intravenöst,,SC,,
SC132,Generell anestesi och sedering. Induktion: Inhalation utan relaxation. Luftvägskontroll med: Spontanandning med tillägg av oxygen. Huvudsakligt underhåll av narkos/sedering: Inhalation utan relaxation. Huvudsakligt underhåll av analgesi: Inhalation,,SC,,
SC133,Generell anestesi och sedering. Induktion: Inhalation utan relaxation. Luftvägskontroll med: Spontanandning med tillägg av oxygen. Huvudsakligt underhåll av narkos/sedering: Inhalation utan relaxation. Huvudsakligt underhåll av analgesi: Kombination av intravenöst och inhalation,,SC,,
SC134,Generell anestesi och sedering. Induktion: Inhalation utan relaxation. Luftvägskontroll med: Spontanandning med tillägg av oxygen. Huvudsakligt underhåll av narkos/sedering: Inhalation utan relaxation. Huvudsakligt underhåll av analgesi: Regional,,SC,,
SC140,Generell anestesi och sedering. Induktion: Inhalation utan relaxation. Luftvägskontroll med: Spontanandning med tillägg av oxygen. Huvudsakligt underhåll av narkos/sedering: Inhalation med relaxation. Huvudsakligt underhåll av analgesi: Ingen,,SC,,
SC141,Generell anestesi och sedering. Induktion: Inhalation utan relaxation. Luftvägskontroll med: Spontanandning med tillägg av oxygen. Huvudsakligt underhåll av narkos/sedering: Inhalation med relaxation. Huvudsakligt underhåll av analgesi: Intravenöst,,SC,,
SC142,Generell anestesi och sedering. Induktion: Inhalation utan relaxation. Luftvägskontroll med: Spontanandning med tillägg av oxygen. Huvudsakligt underhåll av narkos/sedering: Inhalation med relaxation. Huvudsakligt underhåll av analgesi: Inhalation,,SC,,
SC143,Generell anestesi och sedering. Induktion: Inhalation utan relaxation. Luftvägskontroll med: Spontanandning med tillägg av oxygen. Huvudsakligt underhåll av narkos/sedering: Inhalation med relaxation. Huvudsakligt underhåll av analgesi: Kombination av intravenöst och inhalation,,SC,,
SC144,Generell anestesi och sedering. Induktion: Inhalation utan relaxation. Luftvägskontroll med: Spontanandning med tillägg av oxygen. Huvudsakligt underhåll av narkos/sedering: Inhalation med relaxation. Huvudsakligt underhåll av analgesi: Regional,,SC,,
SC200,Generell anestesi och sedering. Induktion: Inhalation utan relaxation. Luftvägskontroll med: Manuell luftvägskontroll med mask. Huvudsakligt underhåll av narkos/sedering: Ingen. Huvudsakligt underhåll av analgesi: Ingen,,SC,,
SC201,Generell anestesi och sedering. Induktion: Inhalation utan relaxation. Luftvägskontroll med: Manuell luftvägskontroll med mask. Huvudsakligt underhåll av narkos/sedering: Ingen. Huvudsakligt underhåll av analgesi: Intravenöst,,SC,,
SC202,Generell anestesi och sedering. Induktion: Inhalation utan relaxation. Luftvägskontroll med: Manuell luftvägskontroll med mask. Huvudsakligt underhåll av narkos/sedering: Ingen. Huvudsakligt underhåll av analgesi: Inhalation,,SC,,
SC203,Generell anestesi och sedering. Induktion: Inhalation utan relaxation. Luftvägskontroll med: Manuell luftvägskontroll med mask. Huvudsakligt underhåll av narkos/sedering: Ingen. Huvudsakligt underhåll av analgesi: Kombination av intravenöst och inhalation,,SC,,
SC204,Generell anestesi och sedering. Induktion: Inhalation utan relaxation. Luftvägskontroll med: Manuell luftvägskontroll med mask. Huvudsakligt underhåll av narkos/sedering: Ingen. Huvudsakligt underhåll av analgesi: Regional,,SC,,
SC210,Generell anestesi och sedering. Induktion: Inhalation utan relaxation. Luftvägskontroll med: Manuell luftvägskontroll med mask. Huvudsakligt underhåll av narkos/sedering: Intravenöst utan relaxation. Huvudsakligt underhåll av analgesi: Ingen,,SC,,
SC211,Generell anestesi och sedering. Induktion: Inhalation utan relaxation. Luftvägskontroll med: Manuell luftvägskontroll med mask. Huvudsakligt underhåll av narkos/sedering: Intravenöst utan relaxation. Huvudsakligt underhåll av analgesi: Intravenöst,,SC,,
SC212,Generell anestesi och sedering. Induktion: Inhalation utan relaxation. Luftvägskontroll med: Manuell luftvägskontroll med mask. Huvudsakligt underhåll av narkos/sedering: Intravenöst utan relaxation. Huvudsakligt underhåll av analgesi: Inhalation,,SC,,
SC213,Generell anestesi och sedering. Induktion: Inhalation utan relaxation. Luftvägskontroll med: Manuell luftvägskontroll med mask. Huvudsakligt underhåll av narkos/sedering: Intravenöst utan relaxation. Huvudsakligt underhåll av analgesi: Kombination av intravenöst och inhalation,,SC,,
SC214,Generell anestesi och sedering. Induktion: Inhalation utan relaxation. Luftvägskontroll med: Manuell luftvägskontroll med mask. Huvudsakligt underhåll av narkos/sedering: Intravenöst utan relaxation. Huvudsakligt underhåll av analgesi: Regional,,SC,,
SC220,Generell anestesi och sedering. Induktion: Inhalation utan relaxation. Luftvägskontroll med: Manuell luftvägskontroll med mask. Huvudsakligt underhåll av narkos/sedering: Intravenöst med relaxation. Huvudsakligt underhåll av analgesi: Ingen,,SC,,
SC221,Generell anestesi och sedering. Induktion: Inhalation utan relaxation. Luftvägskontroll med: Manuell luftvägskontroll med mask. Huvudsakligt underhåll av narkos/sedering: Intravenöst med relaxation. Huvudsakligt underhåll av analgesi: Intravenöst,,SC,,
SC222,Generell anestesi och sedering. Induktion: Inhalation utan relaxation. Luftvägskontroll med: Manuell luftvägskontroll med mask. Huvudsakligt underhåll av narkos/sedering: Intravenöst med relaxation. Huvudsakligt underhåll av analgesi: Inhalation,,SC,,
SC223,Generell anestesi och sedering. Induktion: Inhalation utan relaxation. Luftvägskontroll med: Manuell luftvägskontroll med mask. Huvudsakligt underhåll av narkos/sedering: Intravenöst med relaxation. Huvudsakligt underhåll av analgesi: Kombination av intravenöst och inhalation,,SC,,
SC224,Generell anestesi och sedering. Induktion: Inhalation utan relaxation. Luftvägskontroll med: Manuell luftvägskontroll med mask. Huvudsakligt underhåll av narkos/sedering: Intravenöst med relaxation. Huvudsakligt underhåll av analgesi: Regional,,SC,,
SC230,Generell anestesi och sedering. Induktion: Inhalation utan relaxation. Luftvägskontroll med: Manuell luftvägskontroll med mask. Huvudsakligt underhåll av narkos/sedering: Inhalation utan relaxation. Huvudsakligt underhåll av analgesi: Ingen,,SC,,
SC231,Generell anestesi och sedering. Induktion: Inhalation utan relaxation. Luftvägskontroll med: Manuell luftvägskontroll med mask. Huvudsakligt underhåll av narkos/sedering: Inhalation utan relaxation. Huvudsakligt underhåll av analgesi: Intravenöst,,SC,,
SC232,Generell anestesi och sedering. Induktion: Inhalation utan relaxation. Luftvägskontroll med: Manuell luftvägskontroll med mask. Huvudsakligt underhåll av narkos/sedering: Inhalation utan relaxation. Huvudsakligt underhåll av analgesi: Inhalation,,SC,,
SC233,Generell anestesi och sedering. Induktion: Inhalation utan relaxation. Luftvägskontroll med: Manuell luftvägskontroll med mask. Huvudsakligt underhåll av narkos/sedering: Inhalation utan relaxation. Huvudsakligt underhåll av analgesi: Kombination av intravenöst och inhalation,,SC,,
SC234,Generell anestesi och sedering. Induktion: Inhalation utan relaxation. Luftvägskontroll med: Manuell luftvägskontroll med mask. Huvudsakligt underhåll av narkos/sedering: Inhalation utan relaxation. Huvudsakligt underhåll av analgesi: Regional,,SC,,
SC240,Generell anestesi och sedering. Induktion: Inhalation utan relaxation. Luftvägskontroll med: Manuell luftvägskontroll med mask. Huvudsakligt underhåll av narkos/sedering: Inhalation med relaxation. Huvudsakligt underhåll av analgesi: Ingen,,SC,,
SC241,Generell anestesi och sedering. Induktion: Inhalation utan relaxation. Luftvägskontroll med: Manuell luftvägskontroll med mask. Huvudsakligt underhåll av narkos/sedering: Inhalation med relaxation. Huvudsakligt underhåll av analgesi: Intravenöst,,SC,,
SC242,Generell anestesi och sedering. Induktion: Inhalation utan relaxation. Luftvägskontroll med: Manuell luftvägskontroll med mask. Huvudsakligt underhåll av narkos/sedering: Inhalation med relaxation. Huvudsakligt underhåll av analgesi: Inhalation,,SC,,
SC243,Generell anestesi och sedering. Induktion: Inhalation utan relaxation. Luftvägskontroll med: Manuell luftvägskontroll med mask. Huvudsakligt underhåll av narkos/sedering: Inhalation med relaxation. Huvudsakligt underhåll av analgesi: Kombination av intravenöst och inhalation,,SC,,
SC244,Generell anestesi och sedering. Induktion: Inhalation utan relaxation. Luftvägskontroll med: Manuell luftvägskontroll med mask. Huvudsakligt underhåll av narkos/sedering: Inhalation med relaxation. Huvudsakligt underhåll av analgesi: Regional,,SC,,
SC300,Generell anestesi och sedering. Induktion: Inhalation utan relaxation. Luftvägskontroll med: Supraglottisk luftväg. Huvudsakligt underhåll av narkos/sedering: Ingen. Huvudsakligt underhåll av analgesi: Ingen,,SC,,
SC301,Generell anestesi och sedering. Induktion: Inhalation utan relaxation. Luftvägskontroll med: Supraglottisk luftväg. Huvudsakligt underhåll av narkos/sedering: Ingen. Huvudsakligt underhåll av analgesi: Intravenöst,,SC,,
SC302,Generell anestesi och sedering. Induktion: Inhalation utan relaxation. Luftvägskontroll med: Supraglottisk luftväg. Huvudsakligt underhåll av narkos/sedering: Ingen. Huvudsakligt underhåll av analgesi: Inhalation,,SC,,
SC303,Generell anestesi och sedering. Induktion: Inhalation utan relaxation. Luftvägskontroll med: Supraglottisk luftväg. Huvudsakligt underhåll av narkos/sedering: Ingen. Huvudsakligt underhåll av analgesi: Kombination av intravenöst och inhalation,,SC,,
SC304,Generell anestesi och sedering. Induktion: Inhalation utan relaxation. Luftvägskontroll med: Supraglottisk luftväg. Huvudsakligt underhåll av narkos/sedering: Ingen. Huvudsakligt underhåll av analgesi: Regional,,SC,,
SC310,Generell anestesi och sedering. Induktion: Inhalation utan relaxation. Luftvägskontroll med: Supraglottisk luftväg. Huvudsakligt underhåll av narkos/sedering: Intravenöst utan relaxation. Huvudsakligt underhåll av analgesi: Ingen,,SC,,
SC311,Generell anestesi och sedering. Induktion: Inhalation utan relaxation. Luftvägskontroll med: Supraglottisk luftväg. Huvudsakligt underhåll av narkos/sedering: Intravenöst utan relaxation. Huvudsakligt underhåll av analgesi: Intravenöst,,SC,,
SC312,Generell anestesi och sedering. Induktion: Inhalation utan relaxation. Luftvägskontroll med: Supraglottisk luftväg. Huvudsakligt underhåll av narkos/sedering: Intravenöst utan relaxation. Huvudsakligt underhåll av analgesi: Inhalation,,SC,,
SC313,Generell anestesi och sedering. Induktion: Inhalation utan relaxation. Luftvägskontroll med: Supraglottisk luftväg. Huvudsakligt underhåll av narkos/sedering: Intravenöst utan relaxation. Huvudsakligt underhåll av analgesi: Kombination av intravenöst och inhalation,,SC,,
SC314,Generell anestesi och sedering. Induktion: Inhalation utan relaxation. Luftvägskontroll med: Supraglottisk luftväg. Huvudsakligt underhåll av narkos/sedering: Intravenöst utan relaxation. Huvudsakligt underhåll av analgesi: Regional,,SC,,
SC320,Generell anestesi och sedering. Induktion: Inhalation utan relaxation. Luftvägskontroll med: Supraglottisk luftväg. Huvudsakligt underhåll av narkos/sedering: Intravenöst med relaxation. Huvudsakligt underhåll av analgesi: Ingen,,SC,,
SC321,Generell anestesi och sedering. Induktion: Inhalation utan relaxation. Luftvägskontroll med: Supraglottisk luftväg. Huvudsakligt underhåll av narkos/sedering: Intravenöst med relaxation. Huvudsakligt underhåll av analgesi: Intravenöst,,SC,,
SC322,Generell anestesi och sedering. Induktion: Inhalation utan relaxation. Luftvägskontroll med: Supraglottisk luftväg. Huvudsakligt underhåll av narkos/sedering: Intravenöst med relaxation. Huvudsakligt underhåll av analgesi: Inhalation,,SC,,
SC323,Generell anestesi och sedering. Induktion: Inhalation utan relaxation. Luftvägskontroll med: Supraglottisk luftväg. Huvudsakligt underhåll av narkos/sedering: Intravenöst med relaxation. Huvudsakligt underhåll av analgesi: Kombination av intravenöst och inhalation,,SC,,
SC324,Generell anestesi och sedering. Induktion: Inhalation utan relaxation. Luftvägskontroll med: Supraglottisk luftväg. Huvudsakligt underhåll av narkos/sedering: Intravenöst med relaxation. Huvudsakligt underhåll av analgesi: Regional,,SC,,
SC330,Generell anestesi och sedering. Induktion: Inhalation utan relaxation. Luftvägskontroll med: Supraglottisk luftväg. Huvudsakligt underhåll av narkos/sedering: Inhalation utan relaxation. Huvudsakligt underhåll av analgesi: Ingen,,SC,,
SC331,Generell anestesi och sedering. Induktion: Inhalation utan relaxation. Luftvägskontroll med: Supraglottisk luftväg. Huvudsakligt underhåll av narkos/sedering: Inhalation utan relaxation. Huvudsakligt underhåll av analgesi: Intravenöst,,SC,,
SC332,Generell anestesi och sedering. Induktion: Inhalation utan relaxation. Luftvägskontroll med: Supraglottisk luftväg. Huvudsakligt underhåll av narkos/sedering: Inhalation utan relaxation. Huvudsakligt underhåll av analgesi: Inhalation,,SC,,
SC333,Generell anestesi och sedering. Induktion: Inhalation utan relaxation. Luftvägskontroll med: Supraglottisk luftväg. Huvudsakligt underhåll av narkos/sedering: Inhalation utan relaxation. Huvudsakligt underhåll av analgesi: Kombination av intravenöst och inhalation,,SC,,
SC334,Generell anestesi och sedering. Induktion: Inhalation utan relaxation. Luftvägskontroll med: Supraglottisk luftväg. Huvudsakligt underhåll av narkos/sedering: Inhalation utan relaxation. Huvudsakligt underhåll av analgesi: Regional,,SC,,
SC340,Generell anestesi och sedering. Induktion: Inhalation utan relaxation. Luftvägskontroll med: Supraglottisk luftväg. Huvudsakligt underhåll av narkos/sedering: Inhalation med relaxation. Huvudsakligt underhåll av analgesi: Ingen,,SC,,
SC341,Generell anestesi och sedering. Induktion: Inhalation utan relaxation. Luftvägskontroll med: Supraglottisk luftväg. Huvudsakligt underhåll av narkos/sedering: Inhalation med relaxation. Huvudsakligt underhåll av analgesi: Intravenöst,,SC,,
SC342,Generell anestesi och sedering. Induktion: Inhalation utan relaxation. Luftvägskontroll med: Supraglottisk luftväg. Huvudsakligt underhåll av narkos/sedering: Inhalation med relaxation. Huvudsakligt underhåll av analgesi: Inhalation,,SC,,
SC343,Generell anestesi och sedering. Induktion: Inhalation utan relaxation. Luftvägskontroll med: Supraglottisk luftväg. Huvudsakligt underhåll av narkos/sedering: Inhalation med relaxation. Huvudsakligt underhåll av analgesi: Kombination av intravenöst och inhalation,,SC,,
SC344,Generell anestesi och sedering. Induktion: Inhalation utan relaxation. Luftvägskontroll med: Supraglottisk luftväg. Huvudsakligt underhåll av narkos/sedering: Inhalation med relaxation. Huvudsakligt underhåll av analgesi: Regional,,SC,,
SC400,Generell anestesi och sedering. Induktion: Inhalation utan relaxation. Luftvägskontroll med: Oral intubation. Huvudsakligt underhåll av narkos/sedering: Ingen. Huvudsakligt underhåll av analgesi: Ingen,,SC,,
SC401,Generell anestesi och sedering. Induktion: Inhalation utan relaxation. Luftvägskontroll med: Oral intubation. Huvudsakligt underhåll av narkos/sedering: Ingen. Huvudsakligt underhåll av analgesi: Intravenöst,,SC,,
SC402,Generell anestesi och sedering. Induktion: Inhalation utan relaxation. Luftvägskontroll med: Oral intubation. Huvudsakligt underhåll av narkos/sedering: Ingen. Huvudsakligt underhåll av analgesi: Inhalation,,SC,,
SC403,Generell anestesi och sedering. Induktion: Inhalation utan relaxation. Luftvägskontroll med: Oral intubation. Huvudsakligt underhåll av narkos/sedering: Ingen. Huvudsakligt underhåll av analgesi: Kombination av intravenöst och inhalation,,SC,,
SC404,Generell anestesi och sedering. Induktion: Inhalation utan relaxation. Luftvägskontroll med: Oral intubation. Huvudsakligt underhåll av narkos/sedering: Ingen. Huvudsakligt underhåll av analgesi: Regional,,SC,,
SC410,Generell anestesi och sedering. Induktion: Inhalation utan relaxation. Luftvägskontroll med: Oral intubation. Huvudsakligt underhåll av narkos/sedering: Intravenöst utan relaxation. Huvudsakligt underhåll av analgesi: Ingen,,SC,,
SC411,Generell anestesi och sedering. Induktion: Inhalation utan relaxation. Luftvägskontroll med: Oral intubation. Huvudsakligt underhåll av narkos/sedering: Intravenöst utan relaxation. Huvudsakligt underhåll av analgesi: Intravenöst,,SC,,
SC412,Generell anestesi och sedering. Induktion: Inhalation utan relaxation. Luftvägskontroll med: Oral intubation. Huvudsakligt underhåll av narkos/sedering: Intravenöst utan relaxation. Huvudsakligt underhåll av analgesi: Inhalation,,SC,,
SC413,Generell anestesi och sedering. Induktion: Inhalation utan relaxation. Luftvägskontroll med: Oral intubation. Huvudsakligt underhåll av narkos/sedering: Intravenöst utan relaxation. Huvudsakligt underhåll av analgesi: Kombination av intravenöst och inhalation,,SC,,
SC414,Generell anestesi och sedering. Induktion: Inhalation utan relaxation. Luftvägskontroll med: Oral intubation. Huvudsakligt underhåll av narkos/sedering: Intravenöst utan relaxation. Huvudsakligt underhåll av analgesi: Regional,,SC,,
SC420,Generell anestesi och sedering. Induktion: Inhalation utan relaxation. Luftvägskontroll med: Oral intubation. Huvudsakligt underhåll av narkos/sedering: Intravenöst med relaxation. Huvudsakligt underhåll av analgesi: Ingen,,SC,,
SC421,Generell anestesi och sedering. Induktion: Inhalation utan relaxation. Luftvägskontroll med: Oral intubation. Huvudsakligt underhåll av narkos/sedering: Intravenöst med relaxation. Huvudsakligt underhåll av analgesi: Intravenöst,,SC,,
SC422,Generell anestesi och sedering. Induktion: Inhalation utan relaxation. Luftvägskontroll med: Oral intubation. Huvudsakligt underhåll av narkos/sedering: Intravenöst med relaxation. Huvudsakligt underhåll av analgesi: Inhalation,,SC,,
SC423,Generell anestesi och sedering. Induktion: Inhalation utan relaxation. Luftvägskontroll med: Oral intubation. Huvudsakligt underhåll av narkos/sedering: Intravenöst med relaxation. Huvudsakligt underhåll av analgesi: Kombination av intravenöst och inhalation,,SC,,
SC424,Generell anestesi och sedering. Induktion: Inhalation utan relaxation. Luftvägskontroll med: Oral intubation. Huvudsakligt underhåll av narkos/sedering: Intravenöst med relaxation. Huvudsakligt underhåll av analgesi: Regional,,SC,,
SC430,Generell anestesi och sedering. Induktion: Inhalation utan relaxation. Luftvägskontroll med: Oral intubation. Huvudsakligt underhåll av narkos/sedering: Inhalation utan relaxation. Huvudsakligt underhåll av analgesi: Ingen,,SC,,
SC431,Generell anestesi och sedering. Induktion: Inhalation utan relaxation. Luftvägskontroll med: Oral intubation. Huvudsakligt underhåll av narkos/sedering: Inhalation utan relaxation. Huvudsakligt underhåll av analgesi: Intravenöst,,SC,,
SC432,Generell anestesi och sedering. Induktion: Inhalation utan relaxation. Luftvägskontroll med: Oral intubation. Huvudsakligt underhåll av narkos/sedering: Inhalation utan relaxation. Huvudsakligt underhåll av analgesi: Inhalation,,SC,,
SC433,Generell anestesi och sedering. Induktion: Inhalation utan relaxation. Luftvägskontroll med: Oral intubation. Huvudsakligt underhåll av narkos/sedering: Inhalation utan relaxation. Huvudsakligt underhåll av analgesi: Kombination av intravenöst och inhalation,,SC,,
SC434,Generell anestesi och sedering. Induktion: Inhalation utan relaxation. Luftvägskontroll med: Oral intubation. Huvudsakligt underhåll av narkos/sedering: Inhalation utan relaxation. Huvudsakligt underhåll av analgesi: Regional,,SC,,
SC440,Generell anestesi och sedering. Induktion: Inhalation utan relaxation. Luftvägskontroll med: Oral intubation. Huvudsakligt underhåll av narkos/sedering: Inhalation med relaxation. Huvudsakligt underhåll av analgesi: Ingen,,SC,,
SC441,Generell anestesi och sedering. Induktion: Inhalation utan relaxation. Luftvägskontroll med: Oral intubation. Huvudsakligt underhåll av narkos/sedering: Inhalation med relaxation. Huvudsakligt underhåll av analgesi: Intravenöst,,SC,,
SC442,Generell anestesi och sedering. Induktion: Inhalation utan relaxation. Luftvägskontroll med: Oral intubation. Huvudsakligt underhåll av narkos/sedering: Inhalation med relaxation. Huvudsakligt underhåll av analgesi: Inhalation,,SC,,
SC443,Generell anestesi och sedering. Induktion: Inhalation utan relaxation. Luftvägskontroll med: Oral intubation. Huvudsakligt underhåll av narkos/sedering: Inhalation med relaxation. Huvudsakligt underhåll av analgesi: Kombination av intravenöst och inhalation,,SC,,
SC444,Generell anestesi och sedering. Induktion: Inhalation utan relaxation. Luftvägskontroll med: Oral intubation. Huvudsakligt underhåll av narkos/sedering: Inhalation med relaxation. Huvudsakligt underhåll av analgesi: Regional,,SC,,
SC500,Generell anestesi och sedering. Induktion: Inhalation utan relaxation. Luftvägskontroll med: Nasal intubation. Huvudsakligt underhåll av narkos/sedering: Ingen. Huvudsakligt underhåll av analgesi: Ingen,,SC,,
SC501,Generell anestesi och sedering. Induktion: Inhalation utan relaxation. Luftvägskontroll med: Nasal intubation. Huvudsakligt underhåll av narkos/sedering: Ingen. Huvudsakligt underhåll av analgesi: Intravenöst,,SC,,
SC502,Generell anestesi och sedering. Induktion: Inhalation utan relaxation. Luftvägskontroll med: Nasal intubation. Huvudsakligt underhåll av narkos/sedering: Ingen. Huvudsakligt underhåll av analgesi: Inhalation,,SC,,
SC503,Generell anestesi och sedering. Induktion: Inhalation utan relaxation. Luftvägskontroll med: Nasal intubation. Huvudsakligt underhåll av narkos/sedering: Ingen. Huvudsakligt underhåll av analgesi: Kombination av intravenöst och inhalation,,SC,,
SC504,Generell anestesi och sedering. Induktion: Inhalation utan relaxation. Luftvägskontroll med: Nasal intubation. Huvudsakligt underhåll av narkos/sedering: Ingen. Huvudsakligt underhåll av analgesi: Regional,,SC,,
SC510,Generell anestesi och sedering. Induktion: Inhalation utan relaxation. Luftvägskontroll med: Nasal intubation. Huvudsakligt underhåll av narkos/sedering: Intravenöst utan relaxation. Huvudsakligt underhåll av analgesi: Ingen,,SC,,
SC511,Generell anestesi och sedering. Induktion: Inhalation utan relaxation. Luftvägskontroll med: Nasal intubation. Huvudsakligt underhåll av narkos/sedering: Intravenöst utan relaxation. Huvudsakligt underhåll av analgesi: Intravenöst,,SC,,
SC512,Generell anestesi och sedering. Induktion: Inhalation utan relaxation. Luftvägskontroll med: Nasal intubation. Huvudsakligt underhåll av narkos/sedering: Intravenöst utan relaxation. Huvudsakligt underhåll av analgesi: Inhalation,,SC,,
SC513,Generell anestesi och sedering. Induktion: Inhalation utan relaxation. Luftvägskontroll med: Nasal intubation. Huvudsakligt underhåll av narkos/sedering: Intravenöst utan relaxation. Huvudsakligt underhåll av analgesi: Kombination av intravenöst och inhalation,,SC,,
SC514,Generell anestesi och sedering. Induktion: Inhalation utan relaxation. Luftvägskontroll med: Nasal intubation. Huvudsakligt underhåll av narkos/sedering: Intravenöst utan relaxation. Huvudsakligt underhåll av analgesi: Regional,,SC,,
SC520,Generell anestesi och sedering. Induktion: Inhalation utan relaxation. Luftvägskontroll med: Nasal intubation. Huvudsakligt underhåll av narkos/sedering: Intravenöst med relaxation. Huvudsakligt underhåll av analgesi: Ingen,,SC,,
SC521,Generell anestesi och sedering. Induktion: Inhalation utan relaxation. Luftvägskontroll med: Nasal intubation. Huvudsakligt underhåll av narkos/sedering: Intravenöst med relaxation. Huvudsakligt underhåll av analgesi: Intravenöst,,SC,,
SC522,Generell anestesi och sedering. Induktion: Inhalation utan relaxation. Luftvägskontroll med: Nasal intubation. Huvudsakligt underhåll av narkos/sedering: Intravenöst med relaxation. Huvudsakligt underhåll av analgesi: Inhalation,,SC,,
SC523,Generell anestesi och sedering. Induktion: Inhalation utan relaxation. Luftvägskontroll med: Nasal intubation. Huvudsakligt underhåll av narkos/sedering: Intravenöst med relaxation. Huvudsakligt underhåll av analgesi: Kombination av intravenöst och inhalation,,SC,,
SC524,Generell anestesi och sedering. Induktion: Inhalation utan relaxation. Luftvägskontroll med: Nasal intubation. Huvudsakligt underhåll av narkos/sedering: Intravenöst med relaxation. Huvudsakligt underhåll av analgesi: Regional,,SC,,
SC530,Generell anestesi och sedering. Induktion: Inhalation utan relaxation. Luftvägskontroll med: Nasal intubation. Huvudsakligt underhåll av narkos/sedering: Inhalation utan relaxation. Huvudsakligt underhåll av analgesi: Ingen,,SC,,
SC531,Generell anestesi och sedering. Induktion: Inhalation utan relaxation. Luftvägskontroll med: Nasal intubation. Huvudsakligt underhåll av narkos/sedering: Inhalation utan relaxation. Huvudsakligt underhåll av analgesi: Intravenöst,,SC,,
SC532,Generell anestesi och sedering. Induktion: Inhalation utan relaxation. Luftvägskontroll med: Nasal intubation. Huvudsakligt underhåll av narkos/sedering: Inhalation utan relaxation. Huvudsakligt underhåll av analgesi: Inhalation,,SC,,
SC533,Generell anestesi och sedering. Induktion: Inhalation utan relaxation. Luftvägskontroll med: Nasal intubation. Huvudsakligt underhåll av narkos/sedering: Inhalation utan relaxation. Huvudsakligt underhåll av analgesi: Kombination av intravenöst och inhalation,,SC,,
SC534,Generell anestesi och sedering. Induktion: Inhalation utan relaxation. Luftvägskontroll med: Nasal intubation. Huvudsakligt underhåll av narkos/sedering: Inhalation utan relaxation. Huvudsakligt underhåll av analgesi: Regional,,SC,,
SC540,Generell anestesi och sedering. Induktion: Inhalation utan relaxation. Luftvägskontroll med: Nasal intubation. Huvudsakligt underhåll av narkos/sedering: Inhalation med relaxation. Huvudsakligt underhåll av analgesi: Ingen,,SC,,
SC541,Generell anestesi och sedering. Induktion: Inhalation utan relaxation. Luftvägskontroll med: Nasal intubation. Huvudsakligt underhåll av narkos/sedering: Inhalation med relaxation. Huvudsakligt underhåll av analgesi: Intravenöst,,SC,,
SC542,Generell anestesi och sedering. Induktion: Inhalation utan relaxation. Luftvägskontroll med: Nasal intubation. Huvudsakligt underhåll av narkos/sedering: Inhalation med relaxation. Huvudsakligt underhåll av analgesi: Inhalation,,SC,,
SC543,Generell anestesi och sedering. Induktion: Inhalation utan relaxation. Luftvägskontroll med: Nasal intubation. Huvudsakligt underhåll av narkos/sedering: Inhalation med relaxation. Huvudsakligt underhåll av analgesi: Kombination av intravenöst och inhalation,,SC,,
SC544,Generell anestesi och sedering. Induktion: Inhalation utan relaxation. Luftvägskontroll med: Nasal intubation. Huvudsakligt underhåll av narkos/sedering: Inhalation med relaxation. Huvudsakligt underhåll av analgesi: Regional,,SC,,
SC600,Generell anestesi och sedering. Induktion: Inhalation utan relaxation. Luftvägskontroll med: Bronkiell dubbellumentub. Huvudsakligt underhåll av narkos/sedering: Ingen. Huvudsakligt underhåll av analgesi: Ingen,,SC,,
SC601,Generell anestesi och sedering. Induktion: Inhalation utan relaxation. Luftvägskontroll med: Bronkiell dubbellumentub. Huvudsakligt underhåll av narkos/sedering: Ingen. Huvudsakligt underhåll av analgesi: Intravenöst,,SC,,
SC602,Generell anestesi och sedering. Induktion: Inhalation utan relaxation. Luftvägskontroll med: Bronkiell dubbellumentub. Huvudsakligt underhåll av narkos/sedering: Ingen. Huvudsakligt underhåll av analgesi: Inhalation,,SC,,
SC603,Generell anestesi och sedering. Induktion: Inhalation utan relaxation. Luftvägskontroll med: Bronkiell dubbellumentub. Huvudsakligt underhåll av narkos/sedering: Ingen. Huvudsakligt underhåll av analgesi: Kombination av intravenöst och inhalation,,SC,,
SC604,Generell anestesi och sedering. Induktion: Inhalation utan relaxation. Luftvägskontroll med: Bronkiell dubbellumentub. Huvudsakligt underhåll av narkos/sedering: Ingen. Huvudsakligt underhåll av analgesi: Regional,,SC,,
SC610,Generell anestesi och sedering. Induktion: Inhalation utan relaxation. Luftvägskontroll med: Bronkiell dubbellumentub. Huvudsakligt underhåll av narkos/sedering: Intravenöst utan relaxation. Huvudsakligt underhåll av analgesi: Ingen,,SC,,
SC611,Generell anestesi och sedering. Induktion: Inhalation utan relaxation. Luftvägskontroll med: Bronkiell dubbellumentub. Huvudsakligt underhåll av narkos/sedering: Intravenöst utan relaxation. Huvudsakligt underhåll av analgesi: Intravenöst,,SC,,
SC612,Generell anestesi och sedering. Induktion: Inhalation utan relaxation. Luftvägskontroll med: Bronkiell dubbellumentub. Huvudsakligt underhåll av narkos/sedering: Intravenöst utan relaxation. Huvudsakligt underhåll av analgesi: Inhalation,,SC,,
SC613,Generell anestesi och sedering. Induktion: Inhalation utan relaxation. Luftvägskontroll med: Bronkiell dubbellumentub. Huvudsakligt underhåll av narkos/sedering: Intravenöst utan relaxation. Huvudsakligt underhåll av analgesi: Kombination av intravenöst och inhalation,,SC,,
SC614,Generell anestesi och sedering. Induktion: Inhalation utan relaxation. Luftvägskontroll med: Bronkiell dubbellumentub. Huvudsakligt underhåll av narkos/sedering: Intravenöst utan relaxation. Huvudsakligt underhåll av analgesi: Regional,,SC,,
SC620,Generell anestesi och sedering. Induktion: Inhalation utan relaxation. Luftvägskontroll med: Bronkiell dubbellumentub. Huvudsakligt underhåll av narkos/sedering: Intravenöst med relaxation. Huvudsakligt underhåll av analgesi: Ingen,,SC,,
SC621,Generell anestesi och sedering. Induktion: Inhalation utan relaxation. Luftvägskontroll med: Bronkiell dubbellumentub. Huvudsakligt underhåll av narkos/sedering: Intravenöst med relaxation. Huvudsakligt underhåll av analgesi: Intravenöst,,SC,,
SC622,Generell anestesi och sedering. Induktion: Inhalation utan relaxation. Luftvägskontroll med: Bronkiell dubbellumentub. Huvudsakligt underhåll av narkos/sedering: Intravenöst med relaxation. Huvudsakligt underhåll av analgesi: Inhalation,,SC,,
SC623,Generell anestesi och sedering. Induktion: Inhalation utan relaxation. Luftvägskontroll med: Bronkiell dubbellumentub. Huvudsakligt underhåll av narkos/sedering: Intravenöst med relaxation. Huvudsakligt underhåll av analgesi: Kombination av intravenöst och inhalation,,SC,,
SC624,Generell anestesi och sedering. Induktion: Inhalation utan relaxation. Luftvägskontroll med: Bronkiell dubbellumentub. Huvudsakligt underhåll av narkos/sedering: Intravenöst med relaxation. Huvudsakligt underhåll av analgesi: Regional,,SC,,
SC630,Generell anestesi och sedering. Induktion: Inhalation utan relaxation. Luftvägskontroll med: Bronkiell dubbellumentub. Huvudsakligt underhåll av narkos/sedering: Inhalation utan relaxation. Huvudsakligt underhåll av analgesi: Ingen,,SC,,
SC631,Generell anestesi och sedering. Induktion: Inhalation utan relaxation. Luftvägskontroll med: Bronkiell dubbellumentub. Huvudsakligt underhåll av narkos/sedering: Inhalation utan relaxation. Huvudsakligt underhåll av analgesi: Intravenöst,,SC,,
SC632,Generell anestesi och sedering. Induktion: Inhalation utan relaxation. Luftvägskontroll med: Bronkiell dubbellumentub. Huvudsakligt underhåll av narkos/sedering: Inhalation utan relaxation. Huvudsakligt underhåll av analgesi: Inhalation,,SC,,
SC633,Generell anestesi och sedering. Induktion: Inhalation utan relaxation. Luftvägskontroll med: Bronkiell dubbellumentub. Huvudsakligt underhåll av narkos/sedering: Inhalation utan relaxation. Huvudsakligt underhåll av analgesi: Kombination av intravenöst och inhalation,,SC,,
SC634,Generell anestesi och sedering. Induktion: Inhalation utan relaxation. Luftvägskontroll med: Bronkiell dubbellumentub. Huvudsakligt underhåll av narkos/sedering: Inhalation utan relaxation. Huvudsakligt underhåll av analgesi: Regional,,SC,,
SC640,Generell anestesi och sedering. Induktion: Inhalation utan relaxation. Luftvägskontroll med: Bronkiell dubbellumentub. Huvudsakligt underhåll av narkos/sedering: Inhalation med relaxation. Huvudsakligt underhåll av analgesi: Ingen,,SC,,
SC641,Generell anestesi och sedering. Induktion: Inhalation utan relaxation. Luftvägskontroll med: Bronkiell dubbellumentub. Huvudsakligt underhåll av narkos/sedering: Inhalation med relaxation. Huvudsakligt underhåll av analgesi: Intravenöst,,SC,,
SC642,Generell anestesi och sedering. Induktion: Inhalation utan relaxation. Luftvägskontroll med: Bronkiell dubbellumentub. Huvudsakligt underhåll av narkos/sedering: Inhalation med relaxation. Huvudsakligt underhåll av analgesi: Inhalation,,SC,,
SC643,Generell anestesi och sedering. Induktion: Inhalation utan relaxation. Luftvägskontroll med: Bronkiell dubbellumentub. Huvudsakligt underhåll av narkos/sedering: Inhalation med relaxation. Huvudsakligt underhåll av analgesi: Kombination av intravenöst och inhalation,,SC,,
SC644,Generell anestesi och sedering. Induktion: Inhalation utan relaxation. Luftvägskontroll med: Bronkiell dubbellumentub. Huvudsakligt underhåll av narkos/sedering: Inhalation med relaxation. Huvudsakligt underhåll av analgesi: Regional,,SC,,
SC700,Generell anestesi och sedering. Induktion: Inhalation utan relaxation. Luftvägskontroll med: Högfrekvensventilation. Huvudsakligt underhåll av narkos/sedering: Ingen. Huvudsakligt underhåll av analgesi: Ingen,,SC,,
SC701,Generell anestesi och sedering. Induktion: Inhalation utan relaxation. Luftvägskontroll med: Högfrekvensventilation. Huvudsakligt underhåll av narkos/sedering: Ingen. Huvudsakligt underhåll av analgesi: Intravenöst,,SC,,
SC702,Generell anestesi och sedering. Induktion: Inhalation utan relaxation. Luftvägskontroll med: Högfrekvensventilation. Huvudsakligt underhåll av narkos/sedering: Ingen. Huvudsakligt underhåll av analgesi: Inhalation,,SC,,
SC703,Generell anestesi och sedering. Induktion: Inhalation utan relaxation. Luftvägskontroll med: Högfrekvensventilation. Huvudsakligt underhåll av narkos/sedering: Ingen. Huvudsakligt underhåll av analgesi: Kombination av intravenöst och inhalation,,SC,,
SC704,Generell anestesi och sedering. Induktion: Inhalation utan relaxation. Luftvägskontroll med: Högfrekvensventilation. Huvudsakligt underhåll av narkos/sedering: Ingen. Huvudsakligt underhåll av analgesi: Regional,,SC,,
SC710,Generell anestesi och sedering. Induktion: Inhalation utan relaxation. Luftvägskontroll med: Högfrekvensventilation. Huvudsakligt underhåll av narkos/sedering: Intravenöst utan relaxation. Huvudsakligt underhåll av analgesi: Ingen,,SC,,
SC711,Generell anestesi och sedering. Induktion: Inhalation utan relaxation. Luftvägskontroll med: Högfrekvensventilation. Huvudsakligt underhåll av narkos/sedering: Intravenöst utan relaxation. Huvudsakligt underhåll av analgesi: Intravenöst,,SC,,
SC712,Generell anestesi och sedering. Induktion: Inhalation utan relaxation. Luftvägskontroll med: Högfrekvensventilation. Huvudsakligt underhåll av narkos/sedering: Intravenöst utan relaxation. Huvudsakligt underhåll av analgesi: Inhalation,,SC,,
SC713,Generell anestesi och sedering. Induktion: Inhalation utan relaxation. Luftvägskontroll med: Högfrekvensventilation. Huvudsakligt underhåll av narkos/sedering: Intravenöst utan relaxation. Huvudsakligt underhåll av analgesi: Kombination av intravenöst och inhalation,,SC,,
SC714,Generell anestesi och sedering. Induktion: Inhalation utan relaxation. Luftvägskontroll med: Högfrekvensventilation. Huvudsakligt underhåll av narkos/sedering: Intravenöst utan relaxation. Huvudsakligt underhåll av analgesi: Regional,,SC,,
SC720,Generell anestesi och sedering. Induktion: Inhalation utan relaxation. Luftvägskontroll med: Högfrekvensventilation. Huvudsakligt underhåll av narkos/sedering: Intravenöst med relaxation. Huvudsakligt underhåll av analgesi: Ingen,,SC,,
SC721,Generell anestesi och sedering. Induktion: Inhalation utan relaxation. Luftvägskontroll med: Högfrekvensventilation. Huvudsakligt underhåll av narkos/sedering: Intravenöst med relaxation. Huvudsakligt underhåll av analgesi: Intravenöst,,SC,,
SC722,Generell anestesi och sedering. Induktion: Inhalation utan relaxation. Luftvägskontroll med: Högfrekvensventilation. Huvudsakligt underhåll av narkos/sedering: Intravenöst med relaxation. Huvudsakligt underhåll av analgesi: Inhalation,,SC,,
SC723,Generell anestesi och sedering. Induktion: Inhalation utan relaxation. Luftvägskontroll med: Högfrekvensventilation. Huvudsakligt underhåll av narkos/sedering: Intravenöst med relaxation. Huvudsakligt underhåll av analgesi: Kombination av intravenöst och inhalation,,SC,,
SC724,Generell anestesi och sedering. Induktion: Inhalation utan relaxation. Luftvägskontroll med: Högfrekvensventilation. Huvudsakligt underhåll av narkos/sedering: Intravenöst med relaxation. Huvudsakligt underhåll av analgesi: Regional,,SC,,
SC730,Generell anestesi och sedering. Induktion: Inhalation utan relaxation. Luftvägskontroll med: Högfrekvensventilation. Huvudsakligt underhåll av narkos/sedering: Inhalation utan relaxation. Huvudsakligt underhåll av analgesi: Ingen,,SC,,
SC731,Generell anestesi och sedering. Induktion: Inhalation utan relaxation. Luftvägskontroll med: Högfrekvensventilation. Huvudsakligt underhåll av narkos/sedering: Inhalation utan relaxation. Huvudsakligt underhåll av analgesi: Intravenöst,,SC,,
SC732,Generell anestesi och sedering. Induktion: Inhalation utan relaxation. Luftvägskontroll med: Högfrekvensventilation. Huvudsakligt underhåll av narkos/sedering: Inhalation utan relaxation. Huvudsakligt underhåll av analgesi: Inhalation,,SC,,
SC733,Generell anestesi och sedering. Induktion: Inhalation utan relaxation. Luftvägskontroll med: Högfrekvensventilation. Huvudsakligt underhåll av narkos/sedering: Inhalation utan relaxation. Huvudsakligt underhåll av analgesi: Kombination av intravenöst och inhalation,,SC,,
SC734,Generell anestesi och sedering. Induktion: Inhalation utan relaxation. Luftvägskontroll med: Högfrekvensventilation. Huvudsakligt underhåll av narkos/sedering: Inhalation utan relaxation. Huvudsakligt underhåll av analgesi: Regional,,SC,,
SC740,Generell anestesi och sedering. Induktion: Inhalation utan relaxation. Luftvägskontroll med: Högfrekvensventilation. Huvudsakligt underhåll av narkos/sedering: Inhalation med relaxation. Huvudsakligt underhåll av analgesi: Ingen,,SC,,
SC741,Generell anestesi och sedering. Induktion: Inhalation utan relaxation. Luftvägskontroll med: Högfrekvensventilation. Huvudsakligt underhåll av narkos/sedering: Inhalation med relaxation. Huvudsakligt underhåll av analgesi: Intravenöst,,SC,,
SC742,Generell anestesi och sedering. Induktion: Inhalation utan relaxation. Luftvägskontroll med: Högfrekvensventilation. Huvudsakligt underhåll av narkos/sedering: Inhalation med relaxation. Huvudsakligt underhåll av analgesi: Inhalation,,SC,,
SC743,Generell anestesi och sedering. Induktion: Inhalation utan relaxation. Luftvägskontroll med: Högfrekvensventilation. Huvudsakligt underhåll av narkos/sedering: Inhalation med relaxation. Huvudsakligt underhåll av analgesi: Kombination av intravenöst och inhalation,,SC,,
SC744,Generell anestesi och sedering. Induktion: Inhalation utan relaxation. Luftvägskontroll med: Högfrekvensventilation. Huvudsakligt underhåll av narkos/sedering: Inhalation med relaxation. Huvudsakligt underhåll av analgesi: Regional,,SC,,
SC800,Generell anestesi och sedering. Induktion: Inhalation utan relaxation. Luftvägskontroll med: ”Rapid sequence induction” oavsett intubationsväg. Huvudsakligt underhåll av narkos/sedering: Ingen. Huvudsakligt underhåll av analgesi: Ingen,,SC,,
SC801,Generell anestesi och sedering. Induktion: Inhalation utan relaxation. Luftvägskontroll med: ”Rapid sequence induction” oavsett intubationsväg. Huvudsakligt underhåll av narkos/sedering: Ingen. Huvudsakligt underhåll av analgesi: Intravenöst,,SC,,
SC802,Generell anestesi och sedering. Induktion: Inhalation utan relaxation. Luftvägskontroll med: ”Rapid sequence induction” oavsett intubationsväg. Huvudsakligt underhåll av narkos/sedering: Ingen. Huvudsakligt underhåll av analgesi: Inhalation,,SC,,
SC803,Generell anestesi och sedering. Induktion: Inhalation utan relaxation. Luftvägskontroll med: ”Rapid sequence induction” oavsett intubationsväg. Huvudsakligt underhåll av narkos/sedering: Ingen. Huvudsakligt underhåll av analgesi: Kombination av intravenöst och inhalation,,SC,,
SC804,Generell anestesi och sedering. Induktion: Inhalation utan relaxation. Luftvägskontroll med: ”Rapid sequence induction” oavsett intubationsväg. Huvudsakligt underhåll av narkos/sedering: Ingen. Huvudsakligt underhåll av analgesi: Regional,,SC,,
SC810,Generell anestesi och sedering. Induktion: Inhalation utan relaxation. Luftvägskontroll med: ”Rapid sequence induction” oavsett intubationsväg. Huvudsakligt underhåll av narkos/sedering: Intravenöst utan relaxation. Huvudsakligt underhåll av analgesi: Ingen,,SC,,
SC811,Generell anestesi och sedering. Induktion: Inhalation utan relaxation. Luftvägskontroll med: ”Rapid sequence induction” oavsett intubationsväg. Huvudsakligt underhåll av narkos/sedering: Intravenöst utan relaxation. Huvudsakligt underhåll av analgesi: Intravenöst,,SC,,
SC812,Generell anestesi och sedering. Induktion: Inhalation utan relaxation. Luftvägskontroll med: ”Rapid sequence induction” oavsett intubationsväg. Huvudsakligt underhåll av narkos/sedering: Intravenöst utan relaxation. Huvudsakligt underhåll av analgesi: Inhalation,,SC,,
SC813,Generell anestesi och sedering. Induktion: Inhalation utan relaxation. Luftvägskontroll med: ”Rapid sequence induction” oavsett intubationsväg. Huvudsakligt underhåll av narkos/sedering: Intravenöst utan relaxation. Huvudsakligt underhåll av analgesi: Kombination av intravenöst och Inhalation,,SC,,
SC814,Generell anestesi och sedering. Induktion: Inhalation utan relaxation. Luftvägskontroll med: ”Rapid sequence induction” oavsett intubationsväg. Huvudsakligt underhåll av narkos/sedering: Intravenöst utan relaxation. Huvudsakligt underhåll av analgesi: Regional,,SC,,
SC820,Generell anestesi och sedering. Induktion: Inhalation utan relaxation. Luftvägskontroll med: ”Rapid sequence induction” oavsett intubationsväg. Huvudsakligt underhåll av narkos/sedering: Intravenöst med relaxation. Huvudsakligt underhåll av analgesi: Ingen,,SC,,
SC821,Generell anestesi och sedering. Induktion: Inhalation utan relaxation. Luftvägskontroll med: ”Rapid sequence induction” oavsett intubationsväg. Huvudsakligt underhåll av narkos/sedering: Intravenöst med relaxation. Huvudsakligt underhåll av analgesi: Intravenöst,,SC,,
SC822,Generell anestesi och sedering. Induktion: Inhalation utan relaxation. Luftvägskontroll med: ”Rapid sequence induction” oavsett intubationsväg. Huvudsakligt underhåll av narkos/sedering: Intravenöst med relaxation. Huvudsakligt underhåll av analgesi: Inhalation,,SC,,
SC823,Generell anestesi och sedering. Induktion: Inhalation utan relaxation. Luftvägskontroll med: ”Rapid sequence induction” oavsett intubationsväg. Huvudsakligt underhåll av narkos/sedering: Intravenöst med relaxation. Huvudsakligt underhåll av analgesi: Kombination av intravenöst och Inhalation,,SC,,
SC824,Generell anestesi och sedering. Induktion: Inhalation utan relaxation. Luftvägskontroll med: ”Rapid sequence induction” oavsett intubationsväg. Huvudsakligt underhåll av narkos/sedering: Intravenöst med relaxation. Huvudsakligt underhåll av analgesi: Regional,,SC,,
SC830,Generell anestesi och sedering. Induktion: Inhalation utan relaxation. Luftvägskontroll med: ”Rapid sequence induction” oavsett intubationsväg. Huvudsakligt underhåll av narkos/sedering: Inhalation utan relaxation. Huvudsakligt underhåll av analgesi: Ingen,,SC,,
SC831,Generell anestesi och sedering. Induktion: Inhalation utan relaxation. Luftvägskontroll med: ”Rapid sequence induction” oavsett intubationsväg. Huvudsakligt underhåll av narkos/sedering: Inhalation utan relaxation. Huvudsakligt underhåll av analgesi: Intravenöst,,SC,,
SC832,Generell anestesi och sedering. Induktion: Inhalation utan relaxation. Luftvägskontroll med: ”Rapid sequence induction” oavsett intubationsväg. Huvudsakligt underhåll av narkos/sedering: Inhalation utan relaxation. Huvudsakligt underhåll av analgesi: Inhalation,,SC,,
SC833,Generell anestesi och sedering. Induktion: Inhalation utan relaxation. Luftvägskontroll med: ”Rapid sequence induction” oavsett intubationsväg. Huvudsakligt underhåll av narkos/sedering: Inhalation utan relaxation. Huvudsakligt underhåll av analgesi: Kombination av intravenöst och Inhalation,,SC,,
SC834,Generell anestesi och sedering. Induktion: Inhalation utan relaxation. Luftvägskontroll med: ”Rapid sequence induction” oavsett intubationsväg. Huvudsakligt underhåll av narkos/sedering: Inhalation utan relaxation. Huvudsakligt underhåll av analgesi: Regional,,SC,,
SC840,Generell anestesi och sedering. Induktion: Inhalation utan relaxation. Luftvägskontroll med: ”Rapid sequence induction” oavsett intubationsväg. Huvudsakligt underhåll av narkos/sedering: Inhalation med relaxation. Huvudsakligt underhåll av analgesi: Ingen,,SC,,
SC841,Generell anestesi och sedering. Induktion: Inhalation utan relaxation. Luftvägskontroll med: ”Rapid sequence induction” oavsett intubationsväg. Huvudsakligt underhåll av narkos/sedering: Inhalation med relaxation. Huvudsakligt underhåll av analgesi: Intravenöst,,SC,,
SC842,Generell anestesi och sedering. Induktion: Inhalation utan relaxation. Luftvägskontroll med: ”Rapid sequence induction” oavsett intubationsväg. Huvudsakligt underhåll av narkos/sedering: Inhalation med relaxation. Huvudsakligt underhåll av analgesi: Inhalation,,SC,,
SC843,Generell anestesi och sedering. Induktion: Inhalation utan relaxation. Luftvägskontroll med: ”Rapid sequence induction” oavsett intubationsväg. Huvudsakligt underhåll av narkos/sedering: Inhalation med relaxation. Huvudsakligt underhåll av analgesi: Kombination av intravenöst och Inhalation,,SC,,
SC844,Generell anestesi och sedering. Induktion: Inhalation utan relaxation. Luftvägskontroll med: ”Rapid sequence induction” oavsett intubationsväg. Huvudsakligt underhåll av narkos/sedering: Inhalation med relaxation. Huvudsakligt underhåll av analgesi: Regional,,SC,,
SC900,"Generell anestesi och sedering. Induktion: Inhalation utan relaxation. Luftvägskontroll med: Övrigt, t.ex. trakeostoma. Huvudsakligt underhåll av narkos/sedering: Ingen. Huvudsakligt underhåll av analgesi: Ingen",,SC,,
SC901,"Generell anestesi och sedering. Induktion: Inhalation utan relaxation. Luftvägskontroll med: Övrigt, t.ex. trakeostoma. Huvudsakligt underhåll av narkos/sedering: Ingen. Huvudsakligt underhåll av analgesi: Intravenöst",,SC,,
SC902,"Generell anestesi och sedering. Induktion: Inhalation utan relaxation. Luftvägskontroll med: Övrigt, t.ex. trakeostoma. Huvudsakligt underhåll av narkos/sedering: Ingen. Huvudsakligt underhåll av analgesi: Inhalation",,SC,,
SC903,"Generell anestesi och sedering. Induktion: Inhalation utan relaxation. Luftvägskontroll med: Övrigt, t.ex. trakeostoma. Huvudsakligt underhåll av narkos/sedering: Ingen. Huvudsakligt underhåll av analgesi: Kombination av intravenöst och inhalation",,SC,,
SC904,"Generell anestesi och sedering. Induktion: Inhalation utan relaxation. Luftvägskontroll med: Övrigt, t.ex. trakeostoma. Huvudsakligt underhåll av narkos/sedering: Ingen. Huvudsakligt underhåll av analgesi: Regional",,SC,,
SC910,"Generell anestesi och sedering. Induktion: Inhalation utan relaxation. Luftvägskontroll med: Övrigt, t.ex. trakeostoma. Huvudsakligt underhåll av narkos/sedering: Intravenöst utan relaxation. Huvudsakligt underhåll av analgesi: Ingen",,SC,,
SC911,"Generell anestesi och sedering. Induktion: Inhalation utan relaxation. Luftvägskontroll med: Övrigt, t.ex. trakeostoma. Huvudsakligt underhåll av narkos/sedering: Intravenöst utan relaxation. Huvudsakligt underhåll av analgesi: Intravenöst",,SC,,
SC912,"Generell anestesi och sedering. Induktion: Inhalation utan relaxation. Luftvägskontroll med: Övrigt, t.ex. trakeostoma. Huvudsakligt underhåll av narkos/sedering: Intravenöst utan relaxation. Huvudsakligt underhåll av analgesi: Inhalation",,SC,,
SC913,"Generell anestesi och sedering. Induktion: Inhalation utan relaxation. Luftvägskontroll med: Övrigt, t.ex. trakeostoma. Huvudsakligt underhåll av narkos/sedering: Intravenöst utan relaxation. Huvudsakligt underhåll av analgesi: Kombination av intravenöst och inhalation",,SC,,
SC914,"Generell anestesi och sedering. Induktion: Inhalation utan relaxation. Luftvägskontroll med: Övrigt, t.ex. trakeostoma. Huvudsakligt underhåll av narkos/sedering: Intravenöst utan relaxation. Huvudsakligt underhåll av analgesi: Regional",,SC,,
SC920,"Generell anestesi och sedering. Induktion: Inhalation utan relaxation. Luftvägskontroll med: Övrigt, t.ex. trakeostoma. Huvudsakligt underhåll av narkos/sedering: Intravenöst med relaxation. Huvudsakligt underhåll av analgesi: Ingen",,SC,,
SC921,"Generell anestesi och sedering. Induktion: Inhalation utan relaxation. Luftvägskontroll med: Övrigt, t.ex. trakeostoma. Huvudsakligt underhåll av narkos/sedering: Intravenöst med relaxation. Huvudsakligt underhåll av analgesi: Intravenöst",,SC,,
SC922,"Generell anestesi och sedering. Induktion: Inhalation utan relaxation. Luftvägskontroll med: Övrigt, t.ex. trakeostoma. Huvudsakligt underhåll av narkos/sedering: Intravenöst med relaxation. Huvudsakligt underhåll av analgesi: Inhalation",,SC,,
SC923,"Generell anestesi och sedering. Induktion: Inhalation utan relaxation. Luftvägskontroll med: Övrigt, t.ex. trakeostoma. Huvudsakligt underhåll av narkos/sedering: Intravenöst med relaxation. Huvudsakligt underhåll av analgesi: Kombination av intravenöst och inhalation",,SC,,
SC924,"Generell anestesi och sedering. Induktion: Inhalation utan relaxation. Luftvägskontroll med: Övrigt, t.ex. trakeostoma. Huvudsakligt underhåll av narkos/sedering: Intravenöst med relaxation. Huvudsakligt underhåll av analgesi: Regional",,SC,,
SC930,"Generell anestesi och sedering. Induktion: Inhalation utan relaxation. Luftvägskontroll med: Övrigt, t.ex. trakeostoma. Huvudsakligt underhåll av narkos/sedering: Inhalation utan relaxation. Huvudsakligt underhåll av analgesi: Ingen",,SC,,
SC931,"Generell anestesi och sedering. Induktion: Inhalation utan relaxation. Luftvägskontroll med: Övrigt, t.ex. trakeostoma. Huvudsakligt underhåll av narkos/sedering: Inhalation utan relaxation. Huvudsakligt underhåll av analgesi: Intravenöst",,SC,,
SC932,"Generell anestesi och sedering. Induktion: Inhalation utan relaxation. Luftvägskontroll med: Övrigt, t.ex. trakeostoma. Huvudsakligt underhåll av narkos/sedering: Inhalation utan relaxation. Huvudsakligt underhåll av analgesi: Inhalation",,SC,,
SC933,"Generell anestesi och sedering. Induktion: Inhalation utan relaxation. Luftvägskontroll med: Övrigt, t.ex. trakeostoma. Huvudsakligt underhåll av narkos/sedering: Inhalation utan relaxation. Huvudsakligt underhåll av analgesi: Kombination av intravenöst och inhalation",,SC,,
SC934,"Generell anestesi och sedering. Induktion: Inhalation utan relaxation. Luftvägskontroll med: Övrigt, t.ex. trakeostoma. Huvudsakligt underhåll av narkos/sedering: Inhalation utan relaxation. Huvudsakligt underhåll av analgesi: Regional",,SC,,
SC940,"Generell anestesi och sedering. Induktion: Inhalation utan relaxation. Luftvägskontroll med: Övrigt, t.ex. trakeostoma. Huvudsakligt underhåll av narkos/sedering: Inhalation med relaxation. Huvudsakligt underhåll av analgesi: Ingen",,SC,,
SC941,"Generell anestesi och sedering. Induktion: Inhalation utan relaxation. Luftvägskontroll med: Övrigt, t.ex. trakeostoma. Huvudsakligt underhåll av narkos/sedering: Inhalation med relaxation. Huvudsakligt underhåll av analgesi: Intravenöst",,SC,,
SC942,"Generell anestesi och sedering. Induktion: Inhalation utan relaxation. Luftvägskontroll med: Övrigt, t.ex. trakeostoma. Huvudsakligt underhåll av narkos/sedering: Inhalation med relaxation. Huvudsakligt underhåll av analgesi: Inhalation",,SC,,
SC943,"Generell anestesi och sedering. Induktion: Inhalation utan relaxation. Luftvägskontroll med: Övrigt, t.ex. trakeostoma. Huvudsakligt underhåll av narkos/sedering: Inhalation med relaxation. Huvudsakligt underhåll av analgesi: Kombination av intravenöst och inhalation",,SC,,
SC944,"Generell anestesi och sedering. Induktion: Inhalation utan relaxation. Luftvägskontroll med: Övrigt, t.ex. trakeostoma. Huvudsakligt underhåll av narkos/sedering: Inhalation med relaxation. Huvudsakligt underhåll av analgesi: Regional",,SC,,
SD,"Generell anestesi, induktion genom inhalation med relaxation",,S,,
SD200,Generell anestesi och sedering. Induktion: Inhalation med relaxation. Luftvägskontroll med: Manuell luftvägskontroll med mask. Huvudsakligt underhåll av narkos/sedering: Ingen. Huvudsakligt underhåll av analgesi: Ingen,,SD,,
SD201,Generell anestesi och sedering. Induktion: Inhalation med relaxation. Luftvägskontroll med: Manuell luftvägskontroll med mask. Huvudsakligt underhåll av narkos/sedering: Ingen. Huvudsakligt underhåll av analgesi: Intravenöst,,SD,,
SD202,Generell anestesi och sedering. Induktion: Inhalation med relaxation. Luftvägskontroll med: Manuell luftvägskontroll med mask. Huvudsakligt underhåll av narkos/sedering: Ingen. Huvudsakligt underhåll av analgesi: Inhalation,,SD,,
SD203,Generell anestesi och sedering. Induktion: Inhalation med relaxation. Luftvägskontroll med: Manuell luftvägskontroll med mask. Huvudsakligt underhåll av narkos/sedering: Ingen. Huvudsakligt underhåll av analgesi: Kombination av intravenöst och inhalation,,SD,,
SD204,Generell anestesi och sedering. Induktion: Inhalation med relaxation. Luftvägskontroll med: Manuell luftvägskontroll med mask. Huvudsakligt underhåll av narkos/sedering: Ingen. Huvudsakligt underhåll av analgesi: Regional,,SD,,
SD210,Generell anestesi och sedering. Induktion: Inhalation med relaxation. Luftvägskontroll med: Manuell luftvägskontroll med mask. Huvudsakligt underhåll av narkos/sedering: Intravenöst utan relaxation. Huvudsakligt underhåll av analgesi: Ingen,,SD,,
SD211,Generell anestesi och sedering. Induktion: Inhalation med relaxation. Luftvägskontroll med: Manuell luftvägskontroll med mask. Huvudsakligt underhåll av narkos/sedering: Intravenöst utan relaxation. Huvudsakligt underhåll av analgesi: Intravenöst,,SD,,
SD212,Generell anestesi och sedering. Induktion: Inhalation med relaxation. Luftvägskontroll med: Manuell luftvägskontroll med mask. Huvudsakligt underhåll av narkos/sedering: Intravenöst utan relaxation. Huvudsakligt underhåll av analgesi: Inhalation,,SD,,
SD213,Generell anestesi och sedering. Induktion: Inhalation med relaxation. Luftvägskontroll med: Manuell luftvägskontroll med mask. Huvudsakligt underhåll av narkos/sedering: Intravenöst utan relaxation. Huvudsakligt underhåll av analgesi: Kombination av intravenöst och inhalation,,SD,,
SD214,Generell anestesi och sedering. Induktion: Inhalation med relaxation. Luftvägskontroll med: Manuell luftvägskontroll med mask. Huvudsakligt underhåll av narkos/sedering: Intravenöst utan relaxation. Huvudsakligt underhåll av analgesi: Regional,,SD,,
SD220,Generell anestesi och sedering. Induktion: Inhalation med relaxation. Luftvägskontroll med: Manuell luftvägskontroll med mask. Huvudsakligt underhåll av narkos/sedering: Intravenöst med relaxation. Huvudsakligt underhåll av analgesi: Ingen,,SD,,
SD221,Generell anestesi och sedering. Induktion: Inhalation med relaxation. Luftvägskontroll med: Manuell luftvägskontroll med mask. Huvudsakligt underhåll av narkos/sedering: Intravenöst med relaxation. Huvudsakligt underhåll av analgesi: Intravenöst,,SD,,
SD222,Generell anestesi och sedering. Induktion: Inhalation med relaxation. Luftvägskontroll med: Manuell luftvägskontroll med mask. Huvudsakligt underhåll av narkos/sedering: Intravenöst med relaxation. Huvudsakligt underhåll av analgesi: Inhalation,,SD,,
SD223,Generell anestesi och sedering. Induktion: Inhalation med relaxation. Luftvägskontroll med: Manuell luftvägskontroll med mask. Huvudsakligt underhåll av narkos/sedering: Intravenöst med relaxation. Huvudsakligt underhåll av analgesi: Kombination av intravenöst och inhalation,,SD,,
SD224,Generell anestesi och sedering. Induktion: Inhalation med relaxation. Luftvägskontroll med: Manuell luftvägskontroll med mask. Huvudsakligt underhåll av narkos/sedering: Intravenöst med relaxation. Huvudsakligt underhåll av analgesi: Regional,,SD,,
SD230,Generell anestesi och sedering. Induktion: Inhalation med relaxation. Luftvägskontroll med: Manuell luftvägskontroll med mask. Huvudsakligt underhåll av narkos/sedering: Inhalation utan relaxation. Huvudsakligt underhåll av analgesi: Ingen,,SD,,
SD231,Generell anestesi och sedering. Induktion: Inhalation med relaxation. Luftvägskontroll med: Manuell luftvägskontroll med mask. Huvudsakligt underhåll av narkos/sedering: Inhalation utan relaxation. Huvudsakligt underhåll av analgesi: Intravenöst,,SD,,
SD232,Generell anestesi och sedering. Induktion: Inhalation med relaxation. Luftvägskontroll med: Manuell luftvägskontroll med mask. Huvudsakligt underhåll av narkos/sedering: Inhalation utan relaxation. Huvudsakligt underhåll av analgesi: Inhalation,,SD,,
SD233,Generell anestesi och sedering. Induktion: Inhalation med relaxation. Luftvägskontroll med: Manuell luftvägskontroll med mask. Huvudsakligt underhåll av narkos/sedering: Inhalation utan relaxation. Huvudsakligt underhåll av analgesi: Kombination av intravenöst och inhalation,,SD,,
SD234,Generell anestesi och sedering. Induktion: Inhalation med relaxation. Luftvägskontroll med: Manuell luftvägskontroll med mask. Huvudsakligt underhåll av narkos/sedering: Inhalation utan relaxation. Huvudsakligt underhåll av analgesi: Regional,,SD,,
SD240,Generell anestesi och sedering. Induktion: Inhalation med relaxation. Luftvägskontroll med: Manuell luftvägskontroll med mask. Huvudsakligt underhåll av narkos/sedering: Inhalation med relaxation. Huvudsakligt underhåll av analgesi: Ingen,,SD,,
SD241,Generell anestesi och sedering. Induktion: Inhalation med relaxation. Luftvägskontroll med: Manuell luftvägskontroll med mask. Huvudsakligt underhåll av narkos/sedering: Inhalation med relaxation. Huvudsakligt underhåll av analgesi: Intravenöst,,SD,,
SD242,Generell anestesi och sedering. Induktion: Inhalation med relaxation. Luftvägskontroll med: Manuell luftvägskontroll med mask. Huvudsakligt underhåll av narkos/sedering: Inhalation med relaxation. Huvudsakligt underhåll av analgesi: Inhalation,,SD,,
SD243,Generell anestesi och sedering. Induktion: Inhalation med relaxation. Luftvägskontroll med: Manuell luftvägskontroll med mask. Huvudsakligt underhåll av narkos/sedering: Inhalation med relaxation. Huvudsakligt underhåll av analgesi: Kombination av intravenöst och inhalation,,SD,,
SD244,Generell anestesi och sedering. Induktion: Inhalation med relaxation. Luftvägskontroll med: Manuell luftvägskontroll med mask. Huvudsakligt underhåll av narkos/sedering: Inhalation med relaxation. Huvudsakligt underhåll av analgesi: Regional,,SD,,
SD300,Generell anestesi och sedering. Induktion: Inhalation med relaxation. Luftvägskontroll med: Supraglottisk luftväg. Huvudsakligt underhåll av narkos/sedering: Ingen. Huvudsakligt underhåll av analgesi: Ingen,,SD,,
SD301,Generell anestesi och sedering. Induktion: Inhalation med relaxation. Luftvägskontroll med: Supraglottisk luftväg. Huvudsakligt underhåll av narkos/sedering: Ingen. Huvudsakligt underhåll av analgesi: Intravenöst,,SD,,
SD302,Generell anestesi och sedering. Induktion: Inhalation med relaxation. Luftvägskontroll med: Supraglottisk luftväg. Huvudsakligt underhåll av narkos/sedering: Ingen. Huvudsakligt underhåll av analgesi: Inhalation,,SD,,
SD303,Generell anestesi och sedering. Induktion: Inhalation med relaxation. Luftvägskontroll med: Supraglottisk luftväg. Huvudsakligt underhåll av narkos/sedering: Ingen. Huvudsakligt underhåll av analgesi: Kombination av intravenöst och inhalation,,SD,,
SD304,Generell anestesi och sedering. Induktion: Inhalation med relaxation. Luftvägskontroll med: Supraglottisk luftväg. Huvudsakligt underhåll av narkos/sedering: Ingen. Huvudsakligt underhåll av analgesi: Regional,,SD,,
SD310,Generell anestesi och sedering. Induktion: Inhalation med relaxation. Luftvägskontroll med: Supraglottisk luftväg. Huvudsakligt underhåll av narkos/sedering: Intravenöst utan relaxation. Huvudsakligt underhåll av analgesi: Ingen,,SD,,
SD311,Generell anestesi och sedering. Induktion: Inhalation med relaxation. Luftvägskontroll med: Supraglottisk luftväg. Huvudsakligt underhåll av narkos/sedering: Intravenöst utan relaxation. Huvudsakligt underhåll av analgesi: Intravenöst,,SD,,
SD312,Generell anestesi och sedering. Induktion: Inhalation med relaxation. Luftvägskontroll med: Supraglottisk luftväg. Huvudsakligt underhåll av narkos/sedering: Intravenöst utan relaxation. Huvudsakligt underhåll av analgesi: Inhalation,,SD,,
SD313,Generell anestesi och sedering. Induktion: Inhalation med relaxation. Luftvägskontroll med: Supraglottisk luftväg. Huvudsakligt underhåll av narkos/sedering: Intravenöst utan relaxation. Huvudsakligt underhåll av analgesi: Kombination av intravenöst och inhalation,,SD,,
SD314,Generell anestesi och sedering. Induktion: Inhalation med relaxation. Luftvägskontroll med: Supraglottisk luftväg. Huvudsakligt underhåll av narkos/sedering: Intravenöst utan relaxation. Huvudsakligt underhåll av analgesi: Regional,,SD,,
SD320,Generell anestesi och sedering. Induktion: Inhalation med relaxation. Luftvägskontroll med: Supraglottisk luftväg. Huvudsakligt underhåll av narkos/sedering: Intravenöst med relaxation. Huvudsakligt underhåll av analgesi: Ingen,,SD,,
SD321,Generell anestesi och sedering. Induktion: Inhalation med relaxation. Luftvägskontroll med: Supraglottisk luftväg. Huvudsakligt underhåll av narkos/sedering: Intravenöst med relaxation. Huvudsakligt underhåll av analgesi: Intravenöst,,SD,,
SD322,Generell anestesi och sedering. Induktion: Inhalation med relaxation. Luftvägskontroll med: Supraglottisk luftväg. Huvudsakligt underhåll av narkos/sedering: Intravenöst med relaxation. Huvudsakligt underhåll av analgesi: Inhalation,,SD,,
SD323,Generell anestesi och sedering. Induktion: Inhalation med relaxation. Luftvägskontroll med: Supraglottisk luftväg. Huvudsakligt underhåll av narkos/sedering: Intravenöst med relaxation. Huvudsakligt underhåll av analgesi: Kombination av intravenöst och inhalation,,SD,,
SD324,Generell anestesi och sedering. Induktion: Inhalation med relaxation. Luftvägskontroll med: Supraglottisk luftväg. Huvudsakligt underhåll av narkos/sedering: Intravenöst med relaxation. Huvudsakligt underhåll av analgesi: Regional,,SD,,
SD330,Generell anestesi och sedering. Induktion: Inhalation med relaxation. Luftvägskontroll med: Supraglottisk luftväg. Huvudsakligt underhåll av narkos/sedering: Inhalation utan relaxation. Huvudsakligt underhåll av analgesi: Ingen,,SD,,
SD331,Generell anestesi och sedering. Induktion: Inhalation med relaxation. Luftvägskontroll med: Supraglottisk luftväg. Huvudsakligt underhåll av narkos/sedering: Inhalation utan relaxation. Huvudsakligt underhåll av analgesi: Intravenöst,,SD,,
SD332,Generell anestesi och sedering. Induktion: Inhalation med relaxation. Luftvägskontroll med: Supraglottisk luftväg. Huvudsakligt underhåll av narkos/sedering: Inhalation utan relaxation. Huvudsakligt underhåll av analgesi: Inhalation,,SD,,
SD333,Generell anestesi och sedering. Induktion: Inhalation med relaxation. Luftvägskontroll med: Supraglottisk luftväg. Huvudsakligt underhåll av narkos/sedering: Inhalation utan relaxation. Huvudsakligt underhåll av analgesi: Kombination av intravenöst och inhalation,,SD,,
SD334,Generell anestesi och sedering. Induktion: Inhalation med relaxation. Luftvägskontroll med: Supraglottisk luftväg. Huvudsakligt underhåll av narkos/sedering: Inhalation utan relaxation. Huvudsakligt underhåll av analgesi: Regional,,SD,,
SD340,Generell anestesi och sedering. Induktion: Inhalation med relaxation. Luftvägskontroll med: Supraglottisk luftväg. Huvudsakligt underhåll av narkos/sedering: Inhalation med relaxation. Huvudsakligt underhåll av analgesi: Ingen,,SD,,
SD341,Generell anestesi och sedering. Induktion: Inhalation med relaxation. Luftvägskontroll med: Supraglottisk luftväg. Huvudsakligt underhåll av narkos/sedering: Inhalation med relaxation. Huvudsakligt underhåll av analgesi: Intravenöst,,SD,,
SD342,Generell anestesi och sedering. Induktion: Inhalation med relaxation. Luftvägskontroll med: Supraglottisk luftväg. Huvudsakligt underhåll av narkos/sedering: Inhalation med relaxation. Huvudsakligt underhåll av analgesi: Inhalation,,SD,,
SD343,Generell anestesi och sedering. Induktion: Inhalation med relaxation. Luftvägskontroll med: Supraglottisk luftväg. Huvudsakligt underhåll av narkos/sedering: Inhalation med relaxation. Huvudsakligt underhåll av analgesi: Kombination av intravenöst och inhalation,,SD,,
SD344,Generell anestesi och sedering. Induktion: Inhalation med relaxation. Luftvägskontroll med: Supraglottisk luftväg. Huvudsakligt underhåll av narkos/sedering: Inhalation med relaxation. Huvudsakligt underhåll av analgesi: Regional,,SD,,
SD400,Generell anestesi och sedering. Induktion: Inhalation med relaxation. Luftvägskontroll med: Oral intubation. Huvudsakligt underhåll av narkos/sedering: Ingen. Huvudsakligt underhåll av analgesi: Ingen,,SD,,
SD401,Generell anestesi och sedering. Induktion: Inhalation med relaxation. Luftvägskontroll med: Oral intubation. Huvudsakligt underhåll av narkos/sedering: Ingen. Huvudsakligt underhåll av analgesi: Intravenöst,,SD,,
SD402,Generell anestesi och sedering. Induktion: Inhalation med relaxation. Luftvägskontroll med: Oral intubation. Huvudsakligt underhåll av narkos/sedering: Ingen. Huvudsakligt underhåll av analgesi: Inhalation,,SD,,
SD403,Generell anestesi och sedering. Induktion: Inhalation med relaxation. Luftvägskontroll med: Oral intubation. Huvudsakligt underhåll av narkos/sedering: Ingen. Huvudsakligt underhåll av analgesi: Kombination av intravenöst och inhalation,,SD,,
SD404,Generell anestesi och sedering. Induktion: Inhalation med relaxation. Luftvägskontroll med: Oral intubation. Huvudsakligt underhåll av narkos/sedering: Ingen. Huvudsakligt underhåll av analgesi: Regional,,SD,,
SD410,Generell anestesi och sedering. Induktion: Inhalation med relaxation. Luftvägskontroll med: Oral intubation. Huvudsakligt underhåll av narkos/sedering: Intravenöst utan relaxation. Huvudsakligt underhåll av analgesi: Ingen,,SD,,
SD411,Generell anestesi och sedering. Induktion: Inhalation med relaxation. Luftvägskontroll med: Oral intubation. Huvudsakligt underhåll av narkos/sedering: Intravenöst utan relaxation. Huvudsakligt underhåll av analgesi: Intravenöst,,SD,,
SD412,Generell anestesi och sedering. Induktion: Inhalation med relaxation. Luftvägskontroll med: Oral intubation. Huvudsakligt underhåll av narkos/sedering: Intravenöst utan relaxation. Huvudsakligt underhåll av analgesi: Inhalation,,SD,,
SD413,Generell anestesi och sedering. Induktion: Inhalation med relaxation. Luftvägskontroll med: Oral intubation. Huvudsakligt underhåll av narkos/sedering: Intravenöst utan relaxation. Huvudsakligt underhåll av analgesi: Kombination av intravenöst och inhalation,,SD,,
SD414,Generell anestesi och sedering. Induktion: Inhalation med relaxation. Luftvägskontroll med: Oral intubation. Huvudsakligt underhåll av narkos/sedering: Intravenöst utan relaxation. Huvudsakligt underhåll av analgesi: Regional,,SD,,
SD420,Generell anestesi och sedering. Induktion: Inhalation med relaxation. Luftvägskontroll med: Oral intubation. Huvudsakligt underhåll av narkos/sedering: Intravenöst med relaxation. Huvudsakligt underhåll av analgesi: Ingen,,SD,,
SD421,Generell anestesi och sedering. Induktion: Inhalation med relaxation. Luftvägskontroll med: Oral intubation. Huvudsakligt underhåll av narkos/sedering: Intravenöst med relaxation. Huvudsakligt underhåll av analgesi: Intravenöst,,SD,,
SD422,Generell anestesi och sedering. Induktion: Inhalation med relaxation. Luftvägskontroll med: Oral intubation. Huvudsakligt underhåll av narkos/sedering: Intravenöst med relaxation. Huvudsakligt underhåll av analgesi: Inhalation,,SD,,
SD423,Generell anestesi och sedering. Induktion: Inhalation med relaxation. Luftvägskontroll med: Oral intubation. Huvudsakligt underhåll av narkos/sedering: Intravenöst med relaxation. Huvudsakligt underhåll av analgesi: Kombination av intravenöst och inhalation,,SD,,
SD424,Generell anestesi och sedering. Induktion: Inhalation med relaxation. Luftvägskontroll med: Oral intubation. Huvudsakligt underhåll av narkos/sedering: Intravenöst med relaxation. Huvudsakligt underhåll av analgesi: Regional,,SD,,
SD430,Generell anestesi och sedering. Induktion: Inhalation med relaxation. Luftvägskontroll med: Oral intubation. Huvudsakligt underhåll av narkos/sedering: Inhalation utan relaxation. Huvudsakligt underhåll av analgesi: Ingen,,SD,,
SD431,Generell anestesi och sedering. Induktion: Inhalation med relaxation. Luftvägskontroll med: Oral intubation. Huvudsakligt underhåll av narkos/sedering: Inhalation utan relaxation. Huvudsakligt underhåll av analgesi: Intravenöst,,SD,,
SD432,Generell anestesi och sedering. Induktion: Inhalation med relaxation. Luftvägskontroll med: Oral intubation. Huvudsakligt underhåll av narkos/sedering: Inhalation utan relaxation. Huvudsakligt underhåll av analgesi: Inhalation,,SD,,
SD433,Generell anestesi och sedering. Induktion: Inhalation med relaxation. Luftvägskontroll med: Oral intubation. Huvudsakligt underhåll av narkos/sedering: Inhalation utan relaxation. Huvudsakligt underhåll av analgesi: Kombination av intravenöst och inhalation,,SD,,
SD434,Generell anestesi och sedering. Induktion: Inhalation med relaxation. Luftvägskontroll med: Oral intubation. Huvudsakligt underhåll av narkos/sedering: Inhalation utan relaxation. Huvudsakligt underhåll av analgesi: Regional,,SD,,
SD440,Generell anestesi och sedering. Induktion: Inhalation med relaxation. Luftvägskontroll med: Oral intubation. Huvudsakligt underhåll av narkos/sedering: Inhalation med relaxation. Huvudsakligt underhåll av analgesi: Ingen,,SD,,
SD441,Generell anestesi och sedering. Induktion: Inhalation med relaxation. Luftvägskontroll med: Oral intubation. Huvudsakligt underhåll av narkos/sedering: Inhalation med relaxation. Huvudsakligt underhåll av analgesi: Intravenöst,,SD,,
SD442,Generell anestesi och sedering. Induktion: Inhalation med relaxation. Luftvägskontroll med: Oral intubation. Huvudsakligt underhåll av narkos/sedering: Inhalation med relaxation. Huvudsakligt underhåll av analgesi: Inhalation,,SD,,
SD443,Generell anestesi och sedering. Induktion: Inhalation med relaxation. Luftvägskontroll med: Oral intubation. Huvudsakligt underhåll av narkos/sedering: Inhalation med relaxation. Huvudsakligt underhåll av analgesi: Kombination av intravenöst och inhalation,,SD,,
SD444,Generell anestesi och sedering. Induktion: Inhalation med relaxation. Luftvägskontroll med: Oral intubation. Huvudsakligt underhåll av narkos/sedering: Inhalation med relaxation. Huvudsakligt underhåll av analgesi: Regional,,SD,,
SD500,Generell anestesi och sedering. Induktion: Inhalation med relaxation. Luftvägskontroll med: Nasal intubation. Huvudsakligt underhåll av narkos/sedering: Ingen. Huvudsakligt underhåll av analgesi: Ingen,,SD,,
SD501,Generell anestesi och sedering. Induktion: Inhalation med relaxation. Luftvägskontroll med: Nasal intubation. Huvudsakligt underhåll av narkos/sedering: Ingen. Huvudsakligt underhåll av analgesi: Intravenöst,,SD,,
SD502,Generell anestesi och sedering. Induktion: Inhalation med relaxation. Luftvägskontroll med: Nasal intubation. Huvudsakligt underhåll av narkos/sedering: Ingen. Huvudsakligt underhåll av analgesi: Inhalation,,SD,,
SD503,Generell anestesi och sedering. Induktion: Inhalation med relaxation. Luftvägskontroll med: Nasal intubation. Huvudsakligt underhåll av narkos/sedering: Ingen. Huvudsakligt underhåll av analgesi: Kombination av intravenöst och inhalation,,SD,,
SD504,Generell anestesi och sedering. Induktion: Inhalation med relaxation. Luftvägskontroll med: Nasal intubation. Huvudsakligt underhåll av narkos/sedering: Ingen. Huvudsakligt underhåll av analgesi: Regional,,SD,,
SD510,Generell anestesi och sedering. Induktion: Inhalation med relaxation. Luftvägskontroll med: Nasal intubation. Huvudsakligt underhåll av narkos/sedering: Intravenöst utan relaxation. Huvudsakligt underhåll av analgesi: Ingen,,SD,,
SD511,Generell anestesi och sedering. Induktion: Inhalation med relaxation. Luftvägskontroll med: Nasal intubation. Huvudsakligt underhåll av narkos/sedering: Intravenöst utan relaxation. Huvudsakligt underhåll av analgesi: Intravenöst,,SD,,
SD512,Generell anestesi och sedering. Induktion: Inhalation med relaxation. Luftvägskontroll med: Nasal intubation. Huvudsakligt underhåll av narkos/sedering: Intravenöst utan relaxation. Huvudsakligt underhåll av analgesi: Inhalation,,SD,,
SD513,Generell anestesi och sedering. Induktion: Inhalation med relaxation. Luftvägskontroll med: Nasal intubation. Huvudsakligt underhåll av narkos/sedering: Intravenöst utan relaxation. Huvudsakligt underhåll av analgesi: Kombination av intravenöst och inhalation,,SD,,
SD514,Generell anestesi och sedering. Induktion: Inhalation med relaxation. Luftvägskontroll med: Nasal intubation. Huvudsakligt underhåll av narkos/sedering: Intravenöst utan relaxation. Huvudsakligt underhåll av analgesi: Regional,,SD,,
SD520,Generell anestesi och sedering. Induktion: Inhalation med relaxation. Luftvägskontroll med: Nasal intubation. Huvudsakligt underhåll av narkos/sedering: Intravenöst med relaxation. Huvudsakligt underhåll av analgesi: Ingen,,SD,,
SD521,Generell anestesi och sedering. Induktion: Inhalation med relaxation. Luftvägskontroll med: Nasal intubation. Huvudsakligt underhåll av narkos/sedering: Intravenöst med relaxation. Huvudsakligt underhåll av analgesi: Intravenöst,,SD,,
SD522,Generell anestesi och sedering. Induktion: Inhalation med relaxation. Luftvägskontroll med: Nasal intubation. Huvudsakligt underhåll av narkos/sedering: Intravenöst med relaxation. Huvudsakligt underhåll av analgesi: Inhalation,,SD,,
SD523,Generell anestesi och sedering. Induktion: Inhalation med relaxation. Luftvägskontroll med: Nasal intubation. Huvudsakligt underhåll av narkos/sedering: Intravenöst med relaxation. Huvudsakligt underhåll av analgesi: Kombination av intravenöst och inhalation,,SD,,
SD524,Generell anestesi och sedering. Induktion: Inhalation med relaxation. Luftvägskontroll med: Nasal intubation. Huvudsakligt underhåll av narkos/sedering: Intravenöst med relaxation. Huvudsakligt underhåll av analgesi: Regional,,SD,,
SD530,Generell anestesi och sedering. Induktion: Inhalation med relaxation. Luftvägskontroll med: Nasal intubation. Huvudsakligt underhåll av narkos/sedering: Inhalation utan relaxation. Huvudsakligt underhåll av analgesi: Ingen,,SD,,
SD531,Generell anestesi och sedering. Induktion: Inhalation med relaxation. Luftvägskontroll med: Nasal intubation. Huvudsakligt underhåll av narkos/sedering: Inhalation utan relaxation. Huvudsakligt underhåll av analgesi: Intravenöst,,SD,,
SD532,Generell anestesi och sedering. Induktion: Inhalation med relaxation. Luftvägskontroll med: Nasal intubation. Huvudsakligt underhåll av narkos/sedering: Inhalation utan relaxation. Huvudsakligt underhåll av analgesi: Inhalation,,SD,,
SD533,Generell anestesi och sedering. Induktion: Inhalation med relaxation. Luftvägskontroll med: Nasal intubation. Huvudsakligt underhåll av narkos/sedering: Inhalation utan relaxation. Huvudsakligt underhåll av analgesi: Kombination av intravenöst och inhalation,,SD,,
SD534,Generell anestesi och sedering. Induktion: Inhalation med relaxation. Luftvägskontroll med: Nasal intubation. Huvudsakligt underhåll av narkos/sedering: Inhalation utan relaxation. Huvudsakligt underhåll av analgesi: Regional,,SD,,
SD540,Generell anestesi och sedering. Induktion: Inhalation med relaxation. Luftvägskontroll med: Nasal intubation. Huvudsakligt underhåll av narkos/sedering: Inhalation med relaxation. Huvudsakligt underhåll av analgesi: Ingen,,SD,,
SD541,Generell anestesi och sedering. Induktion: Inhalation med relaxation. Luftvägskontroll med: Nasal intubation. Huvudsakligt underhåll av narkos/sedering: Inhalation med relaxation. Huvudsakligt underhåll av analgesi: Intravenöst,,SD,,
SD542,Generell anestesi och sedering. Induktion: Inhalation med relaxation. Luftvägskontroll med: Nasal intubation. Huvudsakligt underhåll av narkos/sedering: Inhalation med relaxation. Huvudsakligt underhåll av analgesi: Inhalation,,SD,,
SD543,Generell anestesi och sedering. Induktion: Inhalation med relaxation. Luftvägskontroll med: Nasal intubation. Huvudsakligt underhåll av narkos/sedering: Inhalation med relaxation. Huvudsakligt underhåll av analgesi: Kombination av intravenöst och inhalation,,SD,,
SD544,Generell anestesi och sedering. Induktion: Inhalation med relaxation. Luftvägskontroll med: Nasal intubation. Huvudsakligt underhåll av narkos/sedering: Inhalation med relaxation. Huvudsakligt underhåll av analgesi: Regional,,SD,,
SD600,Generell anestesi och sedering. Induktion: Inhalation med relaxation. Luftvägskontroll med: Bronkiell dubbellumentub. Huvudsakligt underhåll av narkos/sedering: Ingen. Huvudsakligt underhåll av analgesi: Ingen,,SD,,
SD601,Generell anestesi och sedering. Induktion: Inhalation med relaxation. Luftvägskontroll med: Bronkiell dubbellumentub. Huvudsakligt underhåll av narkos/sedering: Ingen. Huvudsakligt underhåll av analgesi: Intravenöst,,SD,,
SD602,Generell anestesi och sedering. Induktion: Inhalation med relaxation. Luftvägskontroll med: Bronkiell dubbellumentub. Huvudsakligt underhåll av narkos/sedering: Ingen. Huvudsakligt underhåll av analgesi: Inhalation,,SD,,
SD603,Generell anestesi och sedering. Induktion: Inhalation med relaxation. Luftvägskontroll med: Bronkiell dubbellumentub. Huvudsakligt underhåll av narkos/sedering: Ingen. Huvudsakligt underhåll av analgesi: Kombination av intravenöst och inhalation,,SD,,
SD604,Generell anestesi och sedering. Induktion: Inhalation med relaxation. Luftvägskontroll med: Bronkiell dubbellumentub. Huvudsakligt underhåll av narkos/sedering: Ingen. Huvudsakligt underhåll av analgesi: Regional,,SD,,
SD610,Generell anestesi och sedering. Induktion: Inhalation med relaxation. Luftvägskontroll med: Bronkiell dubbellumentub. Huvudsakligt underhåll av narkos/sedering: Intravenöst utan relaxation. Huvudsakligt underhåll av analgesi: Ingen,,SD,,
SD611,Generell anestesi och sedering. Induktion: Inhalation med relaxation. Luftvägskontroll med: Bronkiell dubbellumentub. Huvudsakligt underhåll av narkos/sedering: Intravenöst utan relaxation. Huvudsakligt underhåll av analgesi: Intravenöst,,SD,,
SD612,Generell anestesi och sedering. Induktion: Inhalation med relaxation. Luftvägskontroll med: Bronkiell dubbellumentub. Huvudsakligt underhåll av narkos/sedering: Intravenöst utan relaxation. Huvudsakligt underhåll av analgesi: Inhalation,,SD,,
SD613,Generell anestesi och sedering. Induktion: Inhalation med relaxation. Luftvägskontroll med: Bronkiell dubbellumentub. Huvudsakligt underhåll av narkos/sedering: Intravenöst utan relaxation. Huvudsakligt underhåll av analgesi: Kombination av intravenöst och inhalation,,SD,,
SD614,Generell anestesi och sedering. Induktion: Inhalation med relaxation. Luftvägskontroll med: Bronkiell dubbellumentub. Huvudsakligt underhåll av narkos/sedering: Intravenöst utan relaxation. Huvudsakligt underhåll av analgesi: Regional,,SD,,
SD620,Generell anestesi och sedering. Induktion: Inhalation med relaxation. Luftvägskontroll med: Bronkiell dubbellumentub. Huvudsakligt underhåll av narkos/sedering: Intravenöst med relaxation. Huvudsakligt underhåll av analgesi: Ingen,,SD,,
SD621,Generell anestesi och sedering. Induktion: Inhalation med relaxation. Luftvägskontroll med: Bronkiell dubbellumentub. Huvudsakligt underhåll av narkos/sedering: Intravenöst med relaxation. Huvudsakligt underhåll av analgesi: Intravenöst,,SD,,
SD622,Generell anestesi och sedering. Induktion: Inhalation med relaxation. Luftvägskontroll med: Bronkiell dubbellumentub. Huvudsakligt underhåll av narkos/sedering: Intravenöst med relaxation. Huvudsakligt underhåll av analgesi: Inhalation,,SD,,
SD623,Generell anestesi och sedering. Induktion: Inhalation med relaxation. Luftvägskontroll med: Bronkiell dubbellumentub. Huvudsakligt underhåll av narkos/sedering: Intravenöst med relaxation. Huvudsakligt underhåll av analgesi: Kombination av intravenöst och inhalation,,SD,,
SD624,Generell anestesi och sedering. Induktion: Inhalation med relaxation. Luftvägskontroll med: Bronkiell dubbellumentub. Huvudsakligt underhåll av narkos/sedering: Intravenöst med relaxation. Huvudsakligt underhåll av analgesi: Regional,,SD,,
SD630,Generell anestesi och sedering. Induktion: Inhalation med relaxation. Luftvägskontroll med: Bronkiell dubbellumentub. Huvudsakligt underhåll av narkos/sedering: Inhalation utan relaxation. Huvudsakligt underhåll av analgesi: Ingen,,SD,,
SD631,Generell anestesi och sedering. Induktion: Inhalation med relaxation. Luftvägskontroll med: Bronkiell dubbellumentub. Huvudsakligt underhåll av narkos/sedering: Inhalation utan relaxation. Huvudsakligt underhåll av analgesi: Intravenöst,,SD,,
SD632,Generell anestesi och sedering. Induktion: Inhalation med relaxation. Luftvägskontroll med: Bronkiell dubbellumentub. Huvudsakligt underhåll av narkos/sedering: Inhalation utan relaxation. Huvudsakligt underhåll av analgesi: Inhalation,,SD,,
SD633,Generell anestesi och sedering. Induktion: Inhalation med relaxation. Luftvägskontroll med: Bronkiell dubbellumentub. Huvudsakligt underhåll av narkos/sedering: Inhalation utan relaxation. Huvudsakligt underhåll av analgesi: Kombination av intravenöst och inhalation,,SD,,
SD634,Generell anestesi och sedering. Induktion: Inhalation med relaxation. Luftvägskontroll med: Bronkiell dubbellumentub. Huvudsakligt underhåll av narkos/sedering: Inhalation utan relaxation. Huvudsakligt underhåll av analgesi: Regional,,SD,,
SD640,Generell anestesi och sedering. Induktion: Inhalation med relaxation. Luftvägskontroll med: Bronkiell dubbellumentub. Huvudsakligt underhåll av narkos/sedering: Inhalation med relaxation. Huvudsakligt underhåll av analgesi: Ingen,,SD,,
SD641,Generell anestesi och sedering. Induktion: Inhalation med relaxation. Luftvägskontroll med: Bronkiell dubbellumentub. Huvudsakligt underhåll av narkos/sedering: Inhalation med relaxation. Huvudsakligt underhåll av analgesi: Intravenöst,,SD,,
SD642,Generell anestesi och sedering. Induktion: Inhalation med relaxation. Luftvägskontroll med: Bronkiell dubbellumentub. Huvudsakligt underhåll av narkos/sedering: Inhalation med relaxation. Huvudsakligt underhåll av analgesi: Inhalation,,SD,,
SD643,Generell anestesi och sedering. Induktion: Inhalation med relaxation. Luftvägskontroll med: Bronkiell dubbellumentub. Huvudsakligt underhåll av narkos/sedering: Inhalation med relaxation. Huvudsakligt underhåll av analgesi: Kombination av intravenöst och inhalation,,SD,,
SD644,Generell anestesi och sedering. Induktion: Inhalation med relaxation. Luftvägskontroll med: Bronkiell dubbellumentub. Huvudsakligt underhåll av narkos/sedering: Inhalation med relaxation. Huvudsakligt underhåll av analgesi: Regional,,SD,,
SD700,Generell anestesi och sedering. Induktion: Inhalation med relaxation. Luftvägskontroll med: Högfrekvensventilation. Huvudsakligt underhåll av narkos/sedering: Ingen. Huvudsakligt underhåll av analgesi: Ingen,,SD,,
SD701,Generell anestesi och sedering. Induktion: Inhalation med relaxation. Luftvägskontroll med: Högfrekvensventilation. Huvudsakligt underhåll av narkos/sedering: Ingen. Huvudsakligt underhåll av analgesi: Intravenöst,,SD,,
SD702,Generell anestesi och sedering. Induktion: Inhalation med relaxation. Luftvägskontroll med: Högfrekvensventilation. Huvudsakligt underhåll av narkos/sedering: Ingen. Huvudsakligt underhåll av analgesi: Inhalation,,SD,,
SD703,Generell anestesi och sedering. Induktion: Inhalation med relaxation. Luftvägskontroll med: Högfrekvensventilation. Huvudsakligt underhåll av narkos/sedering: Ingen. Huvudsakligt underhåll av analgesi: Kombination av intravenöst och inhalation,,SD,,
SD704,Generell anestesi och sedering. Induktion: Inhalation med relaxation. Luftvägskontroll med: Högfrekvensventilation. Huvudsakligt underhåll av narkos/sedering: Ingen. Huvudsakligt underhåll av analgesi: Regional,,SD,,
SD710,Generell anestesi och sedering. Induktion: Inhalation med relaxation. Luftvägskontroll med: Högfrekvensventilation. Huvudsakligt underhåll av narkos/sedering: Intravenöst utan relaxation. Huvudsakligt underhåll av analgesi: Ingen,,SD,,
SD711,Generell anestesi och sedering. Induktion: Inhalation med relaxation. Luftvägskontroll med: Högfrekvensventilation. Huvudsakligt underhåll av narkos/sedering: Intravenöst utan relaxation. Huvudsakligt underhåll av analgesi: Intravenöst,,SD,,
SD712,Generell anestesi och sedering. Induktion: Inhalation med relaxation. Luftvägskontroll med: Högfrekvensventilation. Huvudsakligt underhåll av narkos/sedering: Intravenöst utan relaxation. Huvudsakligt underhåll av analgesi: Inhalation,,SD,,
SD713,Generell anestesi och sedering. Induktion: Inhalation med relaxation. Luftvägskontroll med: Högfrekvensventilation. Huvudsakligt underhåll av narkos/sedering: Intravenöst utan relaxation. Huvudsakligt underhåll av analgesi: Kombination av intravenöst och inhalation,,SD,,
SD714,Generell anestesi och sedering. Induktion: Inhalation med relaxation. Luftvägskontroll med: Högfrekvensventilation. Huvudsakligt underhåll av narkos/sedering: Intravenöst utan relaxation. Huvudsakligt underhåll av analgesi: Regional,,SD,,
SD720,Generell anestesi och sedering. Induktion: Inhalation med relaxation. Luftvägskontroll med: Högfrekvensventilation. Huvudsakligt underhåll av narkos/sedering: Intravenöst med relaxation. Huvudsakligt underhåll av analgesi: Ingen,,SD,,
SD721,Generell anestesi och sedering. Induktion: Inhalation med relaxation. Luftvägskontroll med: Högfrekvensventilation. Huvudsakligt underhåll av narkos/sedering: Intravenöst med relaxation. Huvudsakligt underhåll av analgesi: Intravenöst,,SD,,
SD722,Generell anestesi och sedering. Induktion: Inhalation med relaxation. Luftvägskontroll med: Högfrekvensventilation. Huvudsakligt underhåll av narkos/sedering: Intravenöst med relaxation. Huvudsakligt underhåll av analgesi: Inhalation,,SD,,
SD723,Generell anestesi och sedering. Induktion: Inhalation med relaxation. Luftvägskontroll med: Högfrekvensventilation. Huvudsakligt underhåll av narkos/sedering: Intravenöst med relaxation. Huvudsakligt underhåll av analgesi: Kombination av intravenöst och inhalation,,SD,,
SD724,Generell anestesi och sedering. Induktion: Inhalation med relaxation. Luftvägskontroll med: Högfrekvensventilation. Huvudsakligt underhåll av narkos/sedering: Intravenöst med relaxation. Huvudsakligt underhåll av analgesi: Regional,,SD,,
SD730,Generell anestesi och sedering. Induktion: Inhalation med relaxation. Luftvägskontroll med: Högfrekvensventilation. Huvudsakligt underhåll av narkos/sedering: Inhalation utan relaxation. Huvudsakligt underhåll av analgesi: Ingen,,SD,,
SD731,Generell anestesi och sedering. Induktion: Inhalation med relaxation. Luftvägskontroll med: Högfrekvensventilation. Huvudsakligt underhåll av narkos/sedering: Inhalation utan relaxation. Huvudsakligt underhåll av analgesi: Intravenöst,,SD,,
SD732,Generell anestesi och sedering. Induktion: Inhalation med relaxation. Luftvägskontroll med: Högfrekvensventilation. Huvudsakligt underhåll av narkos/sedering: Inhalation utan relaxation. Huvudsakligt underhåll av analgesi: Inhalation,,SD,,
SD733,Generell anestesi och sedering. Induktion: Inhalation med relaxation. Luftvägskontroll med: Högfrekvensventilation. Huvudsakligt underhåll av narkos/sedering: Inhalation utan relaxation. Huvudsakligt underhåll av analgesi: Kombination av intravenöst och inhalation,,SD,,
SD734,Generell anestesi och sedering. Induktion: Inhalation med relaxation. Luftvägskontroll med: Högfrekvensventilation. Huvudsakligt underhåll av narkos/sedering: Inhalation utan relaxation. Huvudsakligt underhåll av analgesi: Regional,,SD,,
SD740,Generell anestesi och sedering. Induktion: Inhalation med relaxation. Luftvägskontroll med: Högfrekvensventilation. Huvudsakligt underhåll av narkos/sedering: Inhalation med relaxation. Huvudsakligt underhåll av analgesi: Ingen,,SD,,
SD741,Generell anestesi och sedering. Induktion: Inhalation med relaxation. Luftvägskontroll med: Högfrekvensventilation. Huvudsakligt underhåll av narkos/sedering: Inhalation med relaxation. Huvudsakligt underhåll av analgesi: Intravenöst,,SD,,
SD742,Generell anestesi och sedering. Induktion: Inhalation med relaxation. Luftvägskontroll med: Högfrekvensventilation. Huvudsakligt underhåll av narkos/sedering: Inhalation med relaxation. Huvudsakligt underhåll av analgesi: Inhalation,,SD,,
SD743,Generell anestesi och sedering. Induktion: Inhalation med relaxation. Luftvägskontroll med: Högfrekvensventilation. Huvudsakligt underhåll av narkos/sedering: Inhalation med relaxation. Huvudsakligt underhåll av analgesi: Kombination av intravenöst och inhalation,,SD,,
SD744,Generell anestesi och sedering. Induktion: Inhalation med relaxation. Luftvägskontroll med: Högfrekvensventilation. Huvudsakligt underhåll av narkos/sedering: Inhalation med relaxation. Huvudsakligt underhåll av analgesi: Regional,,SD,,
SD800,Generell anestesi och sedering. Induktion: Inhalation med relaxation. Luftvägskontroll med: ”Rapid sequence induction” oavsett intubationsväg. Huvudsakligt underhåll av narkos/sedering: Ingen. Huvudsakligt underhåll av analgesi: Ingen,,SD,,
SD801,Generell anestesi och sedering. Induktion: Inhalation med relaxation. Luftvägskontroll med: ”Rapid sequence induction” oavsett intubationsväg. Huvudsakligt underhåll av narkos/sedering: Ingen. Huvudsakligt underhåll av analgesi: Intravenöst,,SD,,
SD802,Generell anestesi och sedering. Induktion: Inhalation med relaxation. Luftvägskontroll med: ”Rapid sequence induction” oavsett intubationsväg. Huvudsakligt underhåll av narkos/sedering: Ingen. Huvudsakligt underhåll av analgesi: Inhalation,,SD,,
SD803,Generell anestesi och sedering. Induktion: Inhalation med relaxation. Luftvägskontroll med: ”Rapid sequence induction” oavsett intubationsväg. Huvudsakligt underhåll av narkos/sedering: Ingen. Huvudsakligt underhåll av analgesi: Kombination av intravenöst och inhalation,,SD,,
SD804,Generell anestesi och sedering. Induktion: Inhalation med relaxation. Luftvägskontroll med: ”Rapid sequence induction” oavsett intubationsväg. Huvudsakligt underhåll av narkos/sedering: Ingen. Huvudsakligt underhåll av analgesi: Regional,,SD,,
SD810,Generell anestesi och sedering. Induktion: Inhalation med relaxation. Luftvägskontroll med: ”Rapid sequence induction” oavsett intubationsväg. Huvudsakligt underhåll av narkos/sedering: Intravenöst utan relaxation. Huvudsakligt underhåll av analgesi: Ingen,,SD,,
SD811,Generell anestesi och sedering. Induktion: Inhalation med relaxation. Luftvägskontroll med: ”Rapid sequence induction” oavsett intubationsväg. Huvudsakligt underhåll av narkos/sedering: Intravenöst utan relaxation. Huvudsakligt underhåll av analgesi: Intravenöst,,SD,,
SD812,Generell anestesi och sedering. Induktion: Inhalation med relaxation. Luftvägskontroll med: ”Rapid sequence induction” oavsett intubationsväg. Huvudsakligt underhåll av narkos/sedering: Intravenöst utan relaxation. Huvudsakligt underhåll av analgesi: Inhalation,,SD,,
SD813,Generell anestesi och sedering. Induktion: Inhalation med relaxation. Luftvägskontroll med: ”Rapid sequence induction” oavsett intubationsväg. Huvudsakligt underhåll av narkos/sedering: Intravenöst utan relaxation. Huvudsakligt underhåll av analgesi: Kombination av intravenöst och inhalation,,SD,,
SD814,Generell anestesi och sedering. Induktion: Inhalation med relaxation. Luftvägskontroll med: ”Rapid sequence induction” oavsett intubationsväg. Huvudsakligt underhåll av narkos/sedering: Intravenöst utan relaxation. Huvudsakligt underhåll av analgesi: Regional,,SD,,
SD820,Generell anestesi och sedering. Induktion: Inhalation med relaxation. Luftvägskontroll med: ”Rapid sequence induction” oavsett intubationsväg. Huvudsakligt underhåll av narkos/sedering: Intravenöst med relaxation. Huvudsakligt underhåll av analgesi: Ingen,,SD,,
SD821,Generell anestesi och sedering. Induktion: Inhalation med relaxation. Luftvägskontroll med: ”Rapid sequence induction” oavsett intubationsväg. Huvudsakligt underhåll av narkos/sedering: Intravenöst med relaxation. Huvudsakligt underhåll av analgesi: Intravenöst,,SD,,
SD822,Generell anestesi och sedering. Induktion: Inhalation med relaxation. Luftvägskontroll med: ”Rapid sequence induction” oavsett intubationsväg. Huvudsakligt underhåll av narkos/sedering: Intravenöst med relaxation. Huvudsakligt underhåll av analgesi: Inhalation,,SD,,
SD823,Generell anestesi och sedering. Induktion: Inhalation med relaxation. Luftvägskontroll med: ”Rapid sequence induction” oavsett intubationsväg. Huvudsakligt underhåll av narkos/sedering: Intravenöst med relaxation. Huvudsakligt underhåll av analgesi: Kombination av intravenöst och inhalation,,SD,,
SD824,Generell anestesi och sedering. Induktion: Inhalation med relaxation. Luftvägskontroll med: ”Rapid sequence induction” oavsett intubationsväg. Huvudsakligt underhåll av narkos/sedering: Intravenöst med relaxation. Huvudsakligt underhåll av analgesi: Regional,,SD,,
SD830,Generell anestesi och sedering. Induktion: Inhalation med relaxation. Luftvägskontroll med: ”Rapid sequence induction” oavsett intubationsväg. Huvudsakligt underhåll av narkos/sedering: Inhalation utan relaxation. Huvudsakligt underhåll av analgesi: Ingen,,SD,,
SD831,Generell anestesi och sedering. Induktion: Inhalation med relaxation. Luftvägskontroll med: ”Rapid sequence induction” oavsett intubationsväg. Huvudsakligt underhåll av narkos/sedering: Inhalation utan relaxation. Huvudsakligt underhåll av analgesi: Intravenöst,,SD,,
SD832,Generell anestesi och sedering. Induktion: Inhalation med relaxation. Luftvägskontroll med: ”Rapid sequence induction” oavsett intubationsväg. Huvudsakligt underhåll av narkos/sedering: Inhalation utan relaxation. Huvudsakligt underhåll av analgesi: Inhalation,,SD,,
SD833,Generell anestesi och sedering. Induktion: Inhalation med relaxation. Luftvägskontroll med: ”Rapid sequence induction” oavsett intubationsväg. Huvudsakligt underhåll av narkos/sedering: Inhalation utan relaxation. Huvudsakligt underhåll av analgesi: Kombination av intravenöst och inhalation,,SD,,
SD834,Generell anestesi och sedering. Induktion: Inhalation med relaxation. Luftvägskontroll med: ”Rapid sequence induction” oavsett intubationsväg. Huvudsakligt underhåll av narkos/sedering: Inhalation utan relaxation. Huvudsakligt underhåll av analgesi: Regional,,SD,,
SD840,Generell anestesi och sedering. Induktion: Inhalation med relaxation. Luftvägskontroll med: ”Rapid sequence induction” oavsett intubationsväg. Huvudsakligt underhåll av narkos/sedering: Inhalation med relaxation. Huvudsakligt underhåll av analgesi: Ingen,,SD,,
SD841,Generell anestesi och sedering. Induktion: Inhalation med relaxation. Luftvägskontroll med: ”Rapid sequence induction” oavsett intubationsväg. Huvudsakligt underhåll av narkos/sedering: Inhalation med relaxation. Huvudsakligt underhåll av analgesi: Intravenöst,,SD,,
SD842,Generell anestesi och sedering. Induktion: Inhalation med relaxation. Luftvägskontroll med: ”Rapid sequence induction” oavsett intubationsväg. Huvudsakligt underhåll av narkos/sedering: Inhalation med relaxation. Huvudsakligt underhåll av analgesi: Inhalation,,SD,,
SD843,Generell anestesi och sedering. Induktion: Inhalation med relaxation. Luftvägskontroll med: ”Rapid sequence induction” oavsett intubationsväg. Huvudsakligt underhåll av narkos/sedering: Inhalation med relaxation. Huvudsakligt underhåll av analgesi: Kombination av intravenöst och inhalation,,SD,,
SD844,Generell anestesi och sedering. Induktion: Inhalation med relaxation. Luftvägskontroll med: ”Rapid sequence induction” oavsett intubationsväg. Huvudsakligt underhåll av narkos/sedering: Inhalation med relaxation. Huvudsakligt underhåll av analgesi: Regional,,SD,,
SD900,"Generell anestesi och sedering. Induktion: Inhalation med relaxation. Luftvägskontroll med: Övrigt, t.ex. trakeostoma. Huvudsakligt underhåll av narkos/sedering: Ingen. Huvudsakligt underhåll av analgesi: Ingen",,SD,,
SD901,"Generell anestesi och sedering. Induktion: Inhalation med relaxation. Luftvägskontroll med: Övrigt, t.ex. trakeostoma. Huvudsakligt underhåll av narkos/sedering: Ingen. Huvudsakligt underhåll av analgesi: Intravenöst",,SD,,
SD902,"Generell anestesi och sedering. Induktion: Inhalation med relaxation. Luftvägskontroll med: Övrigt, t.ex. trakeostoma. Huvudsakligt underhåll av narkos/sedering: Ingen. Huvudsakligt underhåll av analgesi: Inhalation",,SD,,
SD903,"Generell anestesi och sedering. Induktion: Inhalation med relaxation. Luftvägskontroll med: Övrigt, t.ex. trakeostoma. Huvudsakligt underhåll av narkos/sedering: Ingen. Huvudsakligt underhåll av analgesi: Kombination av intravenöst och inhalation",,SD,,
SD904,"Generell anestesi och sedering. Induktion: Inhalation med relaxation. Luftvägskontroll med: Övrigt, t.ex. trakeostoma. Huvudsakligt underhåll av narkos/sedering: Ingen. Huvudsakligt underhåll av analgesi: Regional",,SD,,
SD910,"Generell anestesi och sedering. Induktion: Inhalation med relaxation. Luftvägskontroll med: Övrigt, t.ex. trakeostoma. Huvudsakligt underhåll av narkos/sedering: Intravenöst utan relaxation. Huvudsakligt underhåll av analgesi: Ingen",,SD,,
SD911,"Generell anestesi och sedering. Induktion: Inhalation med relaxation. Luftvägskontroll med: Övrigt, t.ex. trakeostoma. Huvudsakligt underhåll av narkos/sedering: Intravenöst utan relaxation. Huvudsakligt underhåll av analgesi: Intravenöst",,SD,,
SD912,"Generell anestesi och sedering. Induktion: Inhalation med relaxation. Luftvägskontroll med: Övrigt, t.ex. trakeostoma. Huvudsakligt underhåll av narkos/sedering: Intravenöst utan relaxation. Huvudsakligt underhåll av analgesi: Inhalation",,SD,,
SD913,"Generell anestesi och sedering. Induktion: Inhalation med relaxation. Luftvägskontroll med: Övrigt, t.ex. trakeostoma. Huvudsakligt underhåll av narkos/sedering: Intravenöst utan relaxation. Huvudsakligt underhåll av analgesi: Kombination av intravenöst och inhalation",,SD,,
SD914,"Generell anestesi och sedering. Induktion: Inhalation med relaxation. Luftvägskontroll med: Övrigt, t.ex. trakeostoma. Huvudsakligt underhåll av narkos/sedering: Intravenöst utan relaxation. Huvudsakligt underhåll av analgesi: Regional",,SD,,
SD920,"Generell anestesi och sedering. Induktion: Inhalation med relaxation. Luftvägskontroll med: Övrigt, t.ex. trakeostoma. Huvudsakligt underhåll av narkos/sedering: Intravenöst med relaxation. Huvudsakligt underhåll av analgesi: Ingen",,SD,,
SD921,"Generell anestesi och sedering. Induktion: Inhalation med relaxation. Luftvägskontroll med: Övrigt, t.ex. trakeostoma. Huvudsakligt underhåll av narkos/sedering: Intravenöst med relaxation. Huvudsakligt underhåll av analgesi: Intravenöst",,SD,,
SD922,"Generell anestesi och sedering. Induktion: Inhalation med relaxation. Luftvägskontroll med: Övrigt, t.ex. trakeostoma. Huvudsakligt underhåll av narkos/sedering: Intravenöst med relaxation. Huvudsakligt underhåll av analgesi: Inhalation",,SD,,
SD923,"Generell anestesi och sedering. Induktion: Inhalation med relaxation. Luftvägskontroll med: Övrigt, t.ex. trakeostoma. Huvudsakligt underhåll av narkos/sedering: Intravenöst med relaxation. Huvudsakligt underhåll av analgesi: Kombination av intravenöst och inhalation",,SD,,
SD924,"Generell anestesi och sedering. Induktion: Inhalation med relaxation. Luftvägskontroll med: Övrigt, t.ex. trakeostoma. Huvudsakligt underhåll av narkos/sedering: Intravenöst med relaxation. Huvudsakligt underhåll av analgesi: Regional",,SD,,
SD930,"Generell anestesi och sedering. Induktion: Inhalation med relaxation. Luftvägskontroll med: Övrigt, t.ex. trakeostoma. Huvudsakligt underhåll av narkos/sedering: Inhalation utan relaxation. Huvudsakligt underhåll av analgesi: Ingen",,SD,,
SD931,"Generell anestesi och sedering. Induktion: Inhalation med relaxation. Luftvägskontroll med: Övrigt, t.ex. trakeostoma. Huvudsakligt underhåll av narkos/sedering: Inhalation utan relaxation. Huvudsakligt underhåll av analgesi: Intravenöst",,SD,,
SD932,"Generell anestesi och sedering. Induktion: Inhalation med relaxation. Luftvägskontroll med: Övrigt, t.ex. trakeostoma. Huvudsakligt underhåll av narkos/sedering: Inhalation utan relaxation. Huvudsakligt underhåll av analgesi: Inhalation",,SD,,
SD933,"Generell anestesi och sedering. Induktion: Inhalation med relaxation. Luftvägskontroll med: Övrigt, t.ex. trakeostoma. Huvudsakligt underhåll av narkos/sedering: Inhalation utan relaxation. Huvudsakligt underhåll av analgesi: Kombination av intravenöst och inhalation",,SD,,
SD934,"Generell anestesi och sedering. Induktion: Inhalation med relaxation. Luftvägskontroll med: Övrigt, t.ex. trakeostoma. Huvudsakligt underhåll av narkos/sedering: Inhalation utan relaxation. Huvudsakligt underhåll av analgesi: Regional",,SD,,
SD940,"Generell anestesi och sedering. Induktion: Inhalation med relaxation. Luftvägskontroll med: Övrigt, t.ex. trakeostoma. Huvudsakligt underhåll av narkos/sedering: Inhalation med relaxation. Huvudsakligt underhåll av analgesi: Ingen",,SD,,
SD941,"Generell anestesi och sedering. Induktion: Inhalation med relaxation. Luftvägskontroll med: Övrigt, t.ex. trakeostoma. Huvudsakligt underhåll av narkos/sedering: Inhalation med relaxation. Huvudsakligt underhåll av analgesi: Intravenöst",,SD,,
SD942,"Generell anestesi och sedering. Induktion: Inhalation med relaxation. Luftvägskontroll med: Övrigt, t.ex. trakeostoma. Huvudsakligt underhåll av narkos/sedering: Inhalation med relaxation. Huvudsakligt underhåll av analgesi: Inhalation",,SD,,
SD943,"Generell anestesi och sedering. Induktion: Inhalation med relaxation. Luftvägskontroll med: Övrigt, t.ex. trakeostoma. Huvudsakligt underhåll av narkos/sedering: Inhalation med relaxation. Huvudsakligt underhåll av analgesi: Kombination av intravenöst och inhalation",,SD,,
SD944,"Generell anestesi och sedering. Induktion: Inhalation med relaxation. Luftvägskontroll med: Övrigt, t.ex. trakeostoma. Huvudsakligt underhåll av narkos/sedering: Inhalation med relaxation. Huvudsakligt underhåll av analgesi: Regional",,SD,,
SE,Intramuskulär induktion,,S,,
SE000,Generell anestesi och sedering. Induktion: Intramuskulär. Luftvägskontroll med: Spontanandning utan tillskott av oxygen. Huvudsakligt underhåll av narkos/sedering: Ingen. Huvudsakligt underhåll av analgesi: Ingen,,SE,,
SE001,Generell anestesi och sedering. Induktion: Intramuskulär. Luftvägskontroll med: Spontanandning utan tillskott av oxygen. Huvudsakligt underhåll av narkos/sedering: Ingen. Huvudsakligt underhåll av analgesi: Intravenöst,,SE,,
SE002,Generell anestesi och sedering. Induktion: Intramuskulär. Luftvägskontroll med: Spontanandning utan tillskott av oxygen. Huvudsakligt underhåll av narkos/sedering: Ingen. Huvudsakligt underhåll av analgesi: Inhalation,,SE,,
SE003,Generell anestesi och sedering. Induktion: Intramuskulär. Luftvägskontroll med: Spontanandning utan tillskott av oxygen. Huvudsakligt underhåll av narkos/sedering: Ingen. Huvudsakligt underhåll av analgesi: Kombination av intravenöst och inhalation,,SE,,
SE004,Generell anestesi och sedering. Induktion: Intramuskulär. Luftvägskontroll med: Spontanandning utan tillskott av oxygen. Huvudsakligt underhåll av narkos/sedering: Ingen. Huvudsakligt underhåll av analgesi: Regional,,SE,,
SE010,Generell anestesi och sedering. Induktion: Intramuskulär. Luftvägskontroll med: Spontanandning utan tillskott av oxygen. Huvudsakligt underhåll av narkos/sedering: Intravenöst utan relaxation. Huvudsakligt underhåll av analgesi: Ingen,,SE,,
SE011,Generell anestesi och sedering. Induktion: Intramuskulär. Luftvägskontroll med: Spontanandning utan tillskott av oxygen. Huvudsakligt underhåll av narkos/sedering: Intravenöst utan relaxation. Huvudsakligt underhåll av analgesi: Intravenöst,,SE,,
SE012,Generell anestesi och sedering. Induktion: Intramuskulär. Luftvägskontroll med: Spontanandning utan tillskott av oxygen. Huvudsakligt underhåll av narkos/sedering: Intravenöst utan relaxation. Huvudsakligt underhåll av analgesi: Inhalation,,SE,,
SE013,Generell anestesi och sedering. Induktion: Intramuskulär. Luftvägskontroll med: Spontanandning utan tillskott av oxygen. Huvudsakligt underhåll av narkos/sedering: Intravenöst utan relaxation. Huvudsakligt underhåll av analgesi: Kombination av intravenöst och inhalation,,SE,,
SE014,Generell anestesi och sedering. Induktion: Intramuskulär. Luftvägskontroll med: Spontanandning utan tillskott av oxygen. Huvudsakligt underhåll av narkos/sedering: Intravenöst utan relaxation. Huvudsakligt underhåll av analgesi: Regional,,SE,,
SE020,Generell anestesi och sedering. Induktion: Intramuskulär. Luftvägskontroll med: Spontanandning utan tillskott av oxygen. Huvudsakligt underhåll av narkos/sedering: Intravenöst med relaxation. Huvudsakligt underhåll av analgesi: Ingen,,SE,,
SE021,Generell anestesi och sedering. Induktion: Intramuskulär. Luftvägskontroll med: Spontanandning utan tillskott av oxygen. Huvudsakligt underhåll av narkos/sedering: Intravenöst med relaxation. Huvudsakligt underhåll av analgesi: Intravenöst,,SE,,
SE022,Generell anestesi och sedering. Induktion: Intramuskulär. Luftvägskontroll med: Spontanandning utan tillskott av oxygen. Huvudsakligt underhåll av narkos/sedering: Intravenöst med relaxation. Huvudsakligt underhåll av analgesi: Inhalation,,SE,,
SE023,Generell anestesi och sedering. Induktion: Intramuskulär. Luftvägskontroll med: Spontanandning utan tillskott av oxygen. Huvudsakligt underhåll av narkos/sedering: Intravenöst med relaxation. Huvudsakligt underhåll av analgesi: Kombination av intravenöst och inhalation,,SE,,
SE024,Generell anestesi och sedering. Induktion: Intramuskulär. Luftvägskontroll med: Spontanandning utan tillskott av oxygen. Huvudsakligt underhåll av narkos/sedering: Intravenöst med relaxation. Huvudsakligt underhåll av analgesi: Regional,,SE,,
SE030,Generell anestesi och sedering. Induktion: Intramuskulär. Luftvägskontroll med: Spontanandning utan tillskott av oxygen. Huvudsakligt underhåll av narkos/sedering: Inhalation utan relaxation. Huvudsakligt underhåll av analgesi: Ingen,,SE,,
SE031,Generell anestesi och sedering. Induktion: Intramuskulär. Luftvägskontroll med: Spontanandning utan tillskott av oxygen. Huvudsakligt underhåll av narkos/sedering: Inhalation utan relaxation. Huvudsakligt underhåll av analgesi: Intravenöst,,SE,,
SE032,Generell anestesi och sedering. Induktion: Intramuskulär. Luftvägskontroll med: Spontanandning utan tillskott av oxygen. Huvudsakligt underhåll av narkos/sedering: Inhalation utan relaxation. Huvudsakligt underhåll av analgesi: Inhalation,,SE,,
SE033,Generell anestesi och sedering. Induktion: Intramuskulär. Luftvägskontroll med: Spontanandning utan tillskott av oxygen. Huvudsakligt underhåll av narkos/sedering: Inhalation utan relaxation. Huvudsakligt underhåll av analgesi: Kombination av intravenöst och inhalation,,SE,,
SE034,Generell anestesi och sedering. Induktion: Intramuskulär. Luftvägskontroll med: Spontanandning utan tillskott av oxygen. Huvudsakligt underhåll av narkos/sedering: Inhalation utan relaxation. Huvudsakligt underhåll av analgesi: Regional,,SE,,
SE040,Generell anestesi och sedering. Induktion: Intramuskulär. Luftvägskontroll med: Spontanandning utan tillskott av oxygen. Huvudsakligt underhåll av narkos/sedering: Inhalation med relaxation. Huvudsakligt underhåll av analgesi: Ingen,,SE,,
SE041,Generell anestesi och sedering. Induktion: Intramuskulär. Luftvägskontroll med: Spontanandning utan tillskott av oxygen. Huvudsakligt underhåll av narkos/sedering: Inhalation med relaxation. Huvudsakligt underhåll av analgesi: Intravenöst,,SE,,
SE042,Generell anestesi och sedering. Induktion: Intramuskulär. Luftvägskontroll med: Spontanandning utan tillskott av oxygen. Huvudsakligt underhåll av narkos/sedering: Inhalation med relaxation. Huvudsakligt underhåll av analgesi: Inhalation,,SE,,
SE043,Generell anestesi och sedering. Induktion: Intramuskulär. Luftvägskontroll med: Spontanandning utan tillskott av oxygen. Huvudsakligt underhåll av narkos/sedering: Inhalation med relaxation. Huvudsakligt underhåll av analgesi: Kombination av intravenöst och inhalation,,SE,,
SE044,Generell anestesi och sedering. Induktion: Intramuskulär. Luftvägskontroll med: Spontanandning utan tillskott av oxygen. Huvudsakligt underhåll av narkos/sedering: Inhalation med relaxation. Huvudsakligt underhåll av analgesi: Regional,,SE,,
SE100,Generell anestesi och sedering. Induktion: Intramuskulär. Luftvägskontroll med: Spontanandning med tillägg av oxygen. Huvudsakligt underhåll av narkos/sedering: Ingen. Huvudsakligt underhåll av analgesi: Ingen.,,SE,,
SE101,Generell anestesi och sedering. Induktion: Intramuskulär. Luftvägskontroll med: Spontanandning med tillägg av oxygen. Huvudsakligt underhåll av narkos/sedering: Ingen. Huvudsakligt underhåll av analgesi: Intravenöst,,SE,,
SE102,Generell anestesi och sedering. Induktion: Intramuskulär. Luftvägskontroll med: Spontanandning med tillägg av oxygen. Huvudsakligt underhåll av narkos/sedering: Ingen. Huvudsakligt underhåll av analgesi: Inhalation,,SE,,
SE103,Generell anestesi och sedering. Induktion: Intramuskulär. Luftvägskontroll med: Spontanandning med tillägg av oxygen. Huvudsakligt underhåll av narkos/sedering: Ingen. Huvudsakligt underhåll av analgesi: Kombination av intravenöst och inhalation,,SE,,
SE104,Generell anestesi och sedering. Induktion: Intramuskulär. Luftvägskontroll med: Spontanandning med tillägg av oxygen. Huvudsakligt underhåll av narkos/sedering: Ingen. Huvudsakligt underhåll av analgesi: Regional,,SE,,
SE110,Generell anestesi och sedering. Induktion: Intramuskulär. Luftvägskontroll med: Spontanandning med tillägg av oxygen. Huvudsakligt underhåll av narkos/sedering: Intravenöst utan relaxation. Huvudsakligt underhåll av analgesi: Ingen.,,SE,,
SE111,Generell anestesi och sedering. Induktion: Intramuskulär. Luftvägskontroll med: Spontanandning med tillägg av oxygen. Huvudsakligt underhåll av narkos/sedering: Intravenöst utan relaxation. Huvudsakligt underhåll av analgesi: Intravenöst,,SE,,
SE112,Generell anestesi och sedering. Induktion: Intramuskulär. Luftvägskontroll med: Spontanandning med tillägg av oxygen. Huvudsakligt underhåll av narkos/sedering: Intravenöst utan relaxation. Huvudsakligt underhåll av analgesi: Inhalation,,SE,,
SE113,Generell anestesi och sedering. Induktion: Intramuskulär. Luftvägskontroll med: Spontanandning med tillägg av oxygen. Huvudsakligt underhåll av narkos/sedering: Intravenöst utan relaxation. Huvudsakligt underhåll av analgesi: Kombination av intravenöst och inhalation,,SE,,
SE114,Generell anestesi och sedering. Induktion: Intramuskulär. Luftvägskontroll med: Spontanandning med tillägg av oxygen. Huvudsakligt underhåll av narkos/sedering: Intravenöst utan relaxation. Huvudsakligt underhåll av analgesi: Regional,,SE,,
SE120,Generell anestesi och sedering. Induktion: Intramuskulär. Luftvägskontroll med: Spontanandning med tillägg av oxygen. Huvudsakligt underhåll av narkos/sedering: Intravenöst med relaxation. Huvudsakligt underhåll av analgesi: Ingen,,SE,,
SE121,Generell anestesi och sedering. Induktion: Intramuskulär. Luftvägskontroll med: Spontanandning med tillägg av oxygen. Huvudsakligt underhåll av narkos/sedering: Intravenöst med relaxation. Huvudsakligt underhåll av analgesi: Intravenöst,,SE,,
SE122,Generell anestesi och sedering. Induktion: Intramuskulär. Luftvägskontroll med: Spontanandning med tillägg av oxygen. Huvudsakligt underhåll av narkos/sedering: Intravenöst med relaxation. Huvudsakligt underhåll av analgesi: Inhalation,,SE,,
SE123,Generell anestesi och sedering. Induktion: Intramuskulär. Luftvägskontroll med: Spontanandning med tillägg av oxygen. Huvudsakligt underhåll av narkos/sedering: Intravenöst med relaxation. Huvudsakligt underhåll av analgesi: Kombination av intravenöst och inhalation,,SE,,
SE124,Generell anestesi och sedering. Induktion: Intramuskulär. Luftvägskontroll med: Spontanandning med tillägg av oxygen. Huvudsakligt underhåll av narkos/sedering: Intravenöst med relaxation. Huvudsakligt underhåll av analgesi: Regional,,SE,,
SE130,Generell anestesi och sedering. Induktion: Intramuskulär. Luftvägskontroll med: Spontanandning med tillägg av oxygen. Huvudsakligt underhåll av narkos/sedering: Inhalation utan relaxation. Huvudsakligt underhåll av analgesi: Ingen,,SE,,
SE131,Generell anestesi och sedering. Induktion: Intramuskulär. Luftvägskontroll med: Spontanandning med tillägg av oxygen. Huvudsakligt underhåll av narkos/sedering: Inhalation utan relaxation. Huvudsakligt underhåll av analgesi: Intravenöst,,SE,,
SE132,Generell anestesi och sedering. Induktion: Intramuskulär. Luftvägskontroll med: Spontanandning med tillägg av oxygen. Huvudsakligt underhåll av narkos/sedering: Inhalation utan relaxation. Huvudsakligt underhåll av analgesi: Inhalation,,SE,,
SE133,Generell anestesi och sedering. Induktion: Intramuskulär. Luftvägskontroll med: Spontanandning med tillägg av oxygen. Huvudsakligt underhåll av narkos/sedering: Inhalation utan relaxation. Huvudsakligt underhåll av analgesi: Kombination av intravenöst och inhalation,,SE,,
SE134,Generell anestesi och sedering. Induktion: Intramuskulär. Luftvägskontroll med: Spontanandning med tillägg av oxygen. Huvudsakligt underhåll av narkos/sedering: Inhalation utan relaxation. Huvudsakligt underhåll av analgesi: Regional,,SE,,
SE140,Generell anestesi och sedering. Induktion: Intramuskulär. Luftvägskontroll med: Spontanandning med tillägg av oxygen. Huvudsakligt underhåll av narkos/sedering: Inhalation med relaxation. Huvudsakligt underhåll av analgesi: Ingen,,SE,,
SE141,Generell anestesi och sedering. Induktion: Intramuskulär. Luftvägskontroll med: Spontanandning med tillägg av oxygen. Huvudsakligt underhåll av narkos/sedering: Inhalation med relaxation. Huvudsakligt underhåll av analgesi: Intravenöst,,SE,,
SE142,Generell anestesi och sedering. Induktion: Intramuskulär. Luftvägskontroll med: Spontanandning med tillägg av oxygen. Huvudsakligt underhåll av narkos/sedering: Inhalation med relaxation. Huvudsakligt underhåll av analgesi: Inhalation,,SE,,
SE143,Generell anestesi och sedering. Induktion: Intramuskulär. Luftvägskontroll med: Spontanandning med tillägg av oxygen. Huvudsakligt underhåll av narkos/sedering: Inhalation med relaxation. Huvudsakligt underhåll av analgesi: Kombination av intravenöst och inhalation,,SE,,
SE144,Generell anestesi och sedering. Induktion: Intramuskulär. Luftvägskontroll med: Spontanandning med tillägg av oxygen. Huvudsakligt underhåll av narkos/sedering: Inhalation med relaxation. Huvudsakligt underhåll av analgesi: Regional,,SE,,
SE200,Generell anestesi och sedering. Induktion: Intramuskulär. Luftvägskontroll med: Manuell luftvägskontroll med mask. Huvudsakligt underhåll av narkos/sedering: Ingen. Huvudsakligt underhåll av analgesi: Ingen,,SE,,
SE201,Generell anestesi och sedering. Induktion: Intramuskulär. Luftvägskontroll med: Manuell luftvägskontroll med mask. Huvudsakligt underhåll av narkos/sedering: Ingen. Huvudsakligt underhåll av analgesi: Intravenöst,,SE,,
SE202,Generell anestesi och sedering. Induktion: Intramuskulär. Luftvägskontroll med: Manuell luftvägskontroll med mask. Huvudsakligt underhåll av narkos/sedering: Ingen. Huvudsakligt underhåll av analgesi: Inhalation,,SE,,
SE203,Generell anestesi och sedering. Induktion: Intramuskulär. Luftvägskontroll med: Manuell luftvägskontroll med mask. Huvudsakligt underhåll av narkos/sedering: Ingen. Huvudsakligt underhåll av analgesi: Kombination av intravenöst och inhalation,,SE,,
SE204,Generell anestesi och sedering. Induktion: Intramuskulär. Luftvägskontroll med: Manuell luftvägskontroll med mask. Huvudsakligt underhåll av narkos/sedering: Ingen. Huvudsakligt underhåll av analgesi: Regional,,SE,,
SE210,Generell anestesi och sedering. Induktion: Intramuskulär. Luftvägskontroll med: Manuell luftvägskontroll med mask. Huvudsakligt underhåll av narkos/sedering: Intravenöst utan relaxation. Huvudsakligt underhåll av analgesi: Ingen,,SE,,
SE211,Generell anestesi och sedering. Induktion: Intramuskulär. Luftvägskontroll med: Manuell luftvägskontroll med mask. Huvudsakligt underhåll av narkos/sedering: Intravenöst utan relaxation. Huvudsakligt underhåll av analgesi: Intravenöst,,SE,,
SE212,Generell anestesi och sedering. Induktion: Intramuskulär. Luftvägskontroll med: Manuell luftvägskontroll med mask. Huvudsakligt underhåll av narkos/sedering: Intravenöst utan relaxation. Huvudsakligt underhåll av analgesi: Inhalation,,SE,,
SE213,Generell anestesi och sedering. Induktion: Intramuskulär. Luftvägskontroll med: Manuell luftvägskontroll med mask. Huvudsakligt underhåll av narkos/sedering: Intravenöst utan relaxation. Huvudsakligt underhåll av analgesi: Kombination av intravenöst och inhalation,,SE,,
SE214,Generell anestesi och sedering. Induktion: Intramuskulär. Luftvägskontroll med: Manuell luftvägskontroll med mask. Huvudsakligt underhåll av narkos/sedering: Intravenöst utan relaxation. Huvudsakligt underhåll av analgesi: Regional,,SE,,
SE220,Generell anestesi och sedering. Induktion: Intramuskulär. Luftvägskontroll med: Manuell luftvägskontroll med mask. Huvudsakligt underhåll av narkos/sedering: Intravenöst med relaxation. Huvudsakligt underhåll av analgesi: Ingen,,SE,,
SE221,Generell anestesi och sedering. Induktion: Intramuskulär. Luftvägskontroll med: Manuell luftvägskontroll med mask. Huvudsakligt underhåll av narkos/sedering: Intravenöst med relaxation. Huvudsakligt underhåll av analgesi: Intravenöst,,SE,,
SE222,Generell anestesi och sedering. Induktion: Intramuskulär. Luftvägskontroll med: Manuell luftvägskontroll med mask. Huvudsakligt underhåll av narkos/sedering: Intravenöst med relaxation. Huvudsakligt underhåll av analgesi: Inhalation,,SE,,
SE223,Generell anestesi och sedering. Induktion: Intramuskulär. Luftvägskontroll med: Manuell luftvägskontroll med mask. Huvudsakligt underhåll av narkos/sedering: Intravenöst med relaxation. Huvudsakligt underhåll av analgesi: Kombination av intravenöst och inhalation,,SE,,
SE224,Generell anestesi och sedering. Induktion: Intramuskulär. Luftvägskontroll med: Manuell luftvägskontroll med mask. Huvudsakligt underhåll av narkos/sedering: Intravenöst med relaxation. Huvudsakligt underhåll av analgesi: Regional,,SE,,
SE230,Generell anestesi och sedering. Induktion: Intramuskulär. Luftvägskontroll med: Manuell luftvägskontroll med mask. Huvudsakligt underhåll av narkos/sedering: Inhalation utan relaxation. Huvudsakligt underhåll av analgesi: Ingen,,SE,,
SE231,Generell anestesi och sedering. Induktion: Intramuskulär. Luftvägskontroll med: Manuell luftvägskontroll med mask. Huvudsakligt underhåll av narkos/sedering: Inhalation utan relaxation. Huvudsakligt underhåll av analgesi: Intravenöst,,SE,,
SE232,Generell anestesi och sedering. Induktion: Intramuskulär. Luftvägskontroll med: Manuell luftvägskontroll med mask. Huvudsakligt underhåll av narkos/sedering: Inhalation utan relaxation. Huvudsakligt underhåll av analgesi: Inhalation,,SE,,
SE233,Generell anestesi och sedering. Induktion: Intramuskulär. Luftvägskontroll med: Manuell luftvägskontroll med mask. Huvudsakligt underhåll av narkos/sedering: Inhalation utan relaxation. Huvudsakligt underhåll av analgesi: Kombination av intravenöst och inhalation,,SE,,
SE234,Generell anestesi och sedering. Induktion: Intramuskulär. Luftvägskontroll med: Manuell luftvägskontroll med mask. Huvudsakligt underhåll av narkos/sedering: Inhalation utan relaxation. Huvudsakligt underhåll av analgesi: Regional,,SE,,
SE240,Generell anestesi och sedering. Induktion: Intramuskulär. Luftvägskontroll med: Manuell luftvägskontroll med mask. Huvudsakligt underhåll av narkos/sedering: Inhalation med relaxation. Huvudsakligt underhåll av analgesi: Ingen,,SE,,
SE241,Generell anestesi och sedering. Induktion: Intramuskulär. Luftvägskontroll med: Manuell luftvägskontroll med mask. Huvudsakligt underhåll av narkos/sedering: Inhalation med relaxation. Huvudsakligt underhåll av analgesi: Intravenöst,,SE,,
SE242,Generell anestesi och sedering. Induktion: Intramuskulär. Luftvägskontroll med: Manuell luftvägskontroll med mask. Huvudsakligt underhåll av narkos/sedering: Inhalation med relaxation. Huvudsakligt underhåll av analgesi: Inhalation,,SE,,
SE243,Generell anestesi och sedering. Induktion: Intramuskulär. Luftvägskontroll med: Manuell luftvägskontroll med mask. Huvudsakligt underhåll av narkos/sedering: Inhalation med relaxation. Huvudsakligt underhåll av analgesi: Kombination av intravenöst och inhalation,,SE,,
SE244,Generell anestesi och sedering. Induktion: Intramuskulär. Luftvägskontroll med: Manuell luftvägskontroll med mask. Huvudsakligt underhåll av narkos/sedering: Inhalation med relaxation. Huvudsakligt underhåll av analgesi: Regional,,SE,,
SE300,Generell anestesi och sedering. Induktion: Intramuskulär. Luftvägskontroll med: Supraglottisk luftväg. Huvudsakligt underhåll av narkos/sedering: Ingen. Huvudsakligt underhåll av analgesi: Ingen,,SE,,
SE301,Generell anestesi och sedering. Induktion: Intramuskulär. Luftvägskontroll med: Supraglottisk luftväg. Huvudsakligt underhåll av narkos/sedering: Ingen. Huvudsakligt underhåll av analgesi: Intravenöst,,SE,,
SE302,Generell anestesi och sedering. Induktion: Intramuskulär. Luftvägskontroll med: Supraglottisk luftväg. Huvudsakligt underhåll av narkos/sedering: Ingen. Huvudsakligt underhåll av analgesi: Inhalation,,SE,,
SE303,Generell anestesi och sedering. Induktion: Intramuskulär. Luftvägskontroll med: Supraglottisk luftväg. Huvudsakligt underhåll av narkos/sedering: Ingen. Huvudsakligt underhåll av analgesi: Kombination av intravenöst och inhalation,,SE,,
SE304,Generell anestesi och sedering. Induktion: Intramuskulär. Luftvägskontroll med: Supraglottisk luftväg. Huvudsakligt underhåll av narkos/sedering: Ingen. Huvudsakligt underhåll av analgesi: Regional,,SE,,
SE310,Generell anestesi och sedering. Induktion: Intramuskulär. Luftvägskontroll med: Supraglottisk luftväg. Huvudsakligt underhåll av narkos/sedering: Intravenöst utan relaxation. Huvudsakligt underhåll av analgesi: Ingen,,SE,,
SE311,Generell anestesi och sedering. Induktion: Intramuskulär. Luftvägskontroll med: Supraglottisk luftväg. Huvudsakligt underhåll av narkos/sedering: Intravenöst utan relaxation. Huvudsakligt underhåll av analgesi: Intravenöst,,SE,,
SE312,Generell anestesi och sedering. Induktion: Intramuskulär. Luftvägskontroll med: Supraglottisk luftväg. Huvudsakligt underhåll av narkos/sedering: Intravenöst utan relaxation. Huvudsakligt underhåll av analgesi: Inhalation,,SE,,
SE313,Generell anestesi och sedering. Induktion: Intramuskulär. Luftvägskontroll med: Supraglottisk luftväg. Huvudsakligt underhåll av narkos/sedering: Intravenöst utan relaxation. Huvudsakligt underhåll av analgesi: Kombination av intravenöst och inhalation,,SE,,
SE314,Generell anestesi och sedering. Induktion: Intramuskulär. Luftvägskontroll med: Supraglottisk luftväg. Huvudsakligt underhåll av narkos/sedering: Intravenöst utan relaxation. Huvudsakligt underhåll av analgesi: Regional,,SE,,
SE320,Generell anestesi och sedering. Induktion: Intramuskulär. Luftvägskontroll med: Supraglottisk luftväg. Huvudsakligt underhåll av narkos/sedering: Intravenöst med relaxation. Huvudsakligt underhåll av analgesi: Ingen,,SE,,
SE321,Generell anestesi och sedering. Induktion: Intramuskulär. Luftvägskontroll med: Supraglottisk luftväg. Huvudsakligt underhåll av narkos/sedering: Intravenöst med relaxation. Huvudsakligt underhåll av analgesi: Intravenöst,,SE,,
SE322,Generell anestesi och sedering. Induktion: Intramuskulär. Luftvägskontroll med: Supraglottisk luftväg. Huvudsakligt underhåll av narkos/sedering: Intravenöst med relaxation. Huvudsakligt underhåll av analgesi: Inhalation,,SE,,
SE323,Generell anestesi och sedering. Induktion: Intramuskulär. Luftvägskontroll med: Supraglottisk luftväg. Huvudsakligt underhåll av narkos/sedering: Intravenöst med relaxation. Huvudsakligt underhåll av analgesi: Kombination av intravenöst och inhalation,,SE,,
SE324,Generell anestesi och sedering. Induktion: Intramuskulär. Luftvägskontroll med: Supraglottisk luftväg. Huvudsakligt underhåll av narkos/sedering: Intravenöst med relaxation. Huvudsakligt underhåll av analgesi: Regional,,SE,,
SE330,Generell anestesi och sedering. Induktion: Intramuskulär. Luftvägskontroll med: Supraglottisk luftväg. Huvudsakligt underhåll av narkos/sedering: Inhalation utan relaxation. Huvudsakligt underhåll av analgesi: Ingen,,SE,,
SE331,Generell anestesi och sedering. Induktion: Intramuskulär. Luftvägskontroll med: Supraglottisk luftväg. Huvudsakligt underhåll av narkos/sedering: Inhalation utan relaxation. Huvudsakligt underhåll av analgesi: Intravenöst,,SE,,
SE332,Generell anestesi och sedering. Induktion: Intramuskulär. Luftvägskontroll med: Supraglottisk luftväg. Huvudsakligt underhåll av narkos/sedering: Inhalation utan relaxation. Huvudsakligt underhåll av analgesi: Inhalation,,SE,,
SE333,Generell anestesi och sedering. Induktion: Intramuskulär. Luftvägskontroll med: Supraglottisk luftväg. Huvudsakligt underhåll av narkos/sedering: Inhalation utan relaxation. Huvudsakligt underhåll av analgesi: Kombination av intravenöst och inhalation,,SE,,
SE334,Generell anestesi och sedering. Induktion: Intramuskulär. Luftvägskontroll med: Supraglottisk luftväg. Huvudsakligt underhåll av narkos/sedering: Inhalation utan relaxation. Huvudsakligt underhåll av analgesi: Regional,,SE,,
SE340,Generell anestesi och sedering. Induktion: Intramuskulär. Luftvägskontroll med: Supraglottisk luftväg. Huvudsakligt underhåll av narkos/sedering: Inhalation med relaxation. Huvudsakligt underhåll av analgesi: Ingen,,SE,,
SE341,Generell anestesi och sedering. Induktion: Intramuskulär. Luftvägskontroll med: Supraglottisk luftväg. Huvudsakligt underhåll av narkos/sedering: Inhalation med relaxation. Huvudsakligt underhåll av analgesi: Intravenöst,,SE,,
SE342,Generell anestesi och sedering. Induktion: Intramuskulär. Luftvägskontroll med: Supraglottisk luftväg. Huvudsakligt underhåll av narkos/sedering: Inhalation med relaxation. Huvudsakligt underhåll av analgesi: Inhalation,,SE,,
SE343,Generell anestesi och sedering. Induktion: Intramuskulär. Luftvägskontroll med: Supraglottisk luftväg. Huvudsakligt underhåll av narkos/sedering: Inhalation med relaxation. Huvudsakligt underhåll av analgesi: Kombination av intravenöst och inhalation,,SE,,
SE344,Generell anestesi och sedering. Induktion: Intramuskulär. Luftvägskontroll med: Supraglottisk luftväg. Huvudsakligt underhåll av narkos/sedering: Inhalation med relaxation. Huvudsakligt underhåll av analgesi: Regional,,SE,,
SE400,Generell anestesi och sedering. Induktion: Intramuskulär. Luftvägskontroll med: Oral intubation. Huvudsakligt underhåll av narkos/sedering: Ingen. Huvudsakligt underhåll av analgesi: Ingen,,SE,,
SE401,Generell anestesi och sedering. Induktion: Intramuskulär. Luftvägskontroll med: Oral intubation. Huvudsakligt underhåll av narkos/sedering: Ingen. Huvudsakligt underhåll av analgesi: Intravenöst,,SE,,
SE402,Generell anestesi och sedering. Induktion: Intramuskulär. Luftvägskontroll med: Oral intubation. Huvudsakligt underhåll av narkos/sedering: Ingen. Huvudsakligt underhåll av analgesi: Inhalation,,SE,,
SE403,Generell anestesi och sedering. Induktion: Intramuskulär. Luftvägskontroll med: Oral intubation. Huvudsakligt underhåll av narkos/sedering: Ingen. Huvudsakligt underhåll av analgesi: Kombination av intravenöst och inhalation,,SE,,
SE404,Generell anestesi och sedering. Induktion: Intramuskulär. Luftvägskontroll med: Oral intubation. Huvudsakligt underhåll av narkos/sedering: Ingen. Huvudsakligt underhåll av analgesi: Regional,,SE,,
SE410,Generell anestesi och sedering. Induktion: Intramuskulär. Luftvägskontroll med: Oral intubation. Huvudsakligt underhåll av narkos/sedering: Intravenöst utan relaxation. Huvudsakligt underhåll av analgesi: Ingen,,SE,,
SE411,Generell anestesi och sedering. Induktion: Intramuskulär. Luftvägskontroll med: Oral intubation. Huvudsakligt underhåll av narkos/sedering: Intravenöst utan relaxation. Huvudsakligt underhåll av analgesi: Intravenöst,,SE,,
SE412,Generell anestesi och sedering. Induktion: Intramuskulär. Luftvägskontroll med: Oral intubation. Huvudsakligt underhåll av narkos/sedering: Intravenöst utan relaxation. Huvudsakligt underhåll av analgesi: Inhalation,,SE,,
SE413,Generell anestesi och sedering. Induktion: Intramuskulär. Luftvägskontroll med: Oral intubation. Huvudsakligt underhåll av narkos/sedering: Intravenöst utan relaxation. Huvudsakligt underhåll av analgesi: Kombination av intravenöst och inhalation,,SE,,
SE414,Generell anestesi och sedering. Induktion: Intramuskulär. Luftvägskontroll med: Oral intubation. Huvudsakligt underhåll av narkos/sedering: Intravenöst utan relaxation. Huvudsakligt underhåll av analgesi: Regional,,SE,,
SE420,Generell anestesi och sedering. Induktion: Intramuskulär. Luftvägskontroll med: Oral intubation. Huvudsakligt underhåll av narkos/sedering: Intravenöst med relaxation. Huvudsakligt underhåll av analgesi: Ingen,,SE,,
SE421,Generell anestesi och sedering. Induktion: Intramuskulär. Luftvägskontroll med: Oral intubation. Huvudsakligt underhåll av narkos/sedering: Intravenöst med relaxation. Huvudsakligt underhåll av analgesi: Intravenöst,,SE,,
SE422,Generell anestesi och sedering. Induktion: Intramuskulär. Luftvägskontroll med: Oral intubation. Huvudsakligt underhåll av narkos/sedering: Intravenöst med relaxation. Huvudsakligt underhåll av analgesi: Inhalation,,SE,,
SE423,Generell anestesi och sedering. Induktion: Intramuskulär. Luftvägskontroll med: Oral intubation. Huvudsakligt underhåll av narkos/sedering: Intravenöst med relaxation. Huvudsakligt underhåll av analgesi: Kombination av intravenöst och inhalation,,SE,,
SE424,Generell anestesi och sedering. Induktion: Intramuskulär. Luftvägskontroll med: Oral intubation. Huvudsakligt underhåll av narkos/sedering: Intravenöst med relaxation. Huvudsakligt underhåll av analgesi: Regional,,SE,,
SE430,Generell anestesi och sedering. Induktion: Intramuskulär. Luftvägskontroll med: Oral intubation. Huvudsakligt underhåll av narkos/sedering: Inhalation utan relaxation. Huvudsakligt underhåll av analgesi: Ingen,,SE,,
SE431,Generell anestesi och sedering. Induktion: Intramuskulär. Luftvägskontroll med: Oral intubation. Huvudsakligt underhåll av narkos/sedering: Inhalation utan relaxation. Huvudsakligt underhåll av analgesi: Intravenöst,,SE,,
SE432,Generell anestesi och sedering. Induktion: Intramuskulär. Luftvägskontroll med: Oral intubation. Huvudsakligt underhåll av narkos/sedering: Inhalation utan relaxation. Huvudsakligt underhåll av analgesi: Inhalation,,SE,,
SE433,Generell anestesi och sedering. Induktion: Intramuskulär. Luftvägskontroll med: Oral intubation. Huvudsakligt underhåll av narkos/sedering: Inhalation utan relaxation. Huvudsakligt underhåll av analgesi: Kombination av intravenöst och inhalation,,SE,,
SE434,Generell anestesi och sedering. Induktion: Intramuskulär. Luftvägskontroll med: Oral intubation. Huvudsakligt underhåll av narkos/sedering: Inhalation utan relaxation. Huvudsakligt underhåll av analgesi: Regional,,SE,,
SE440,Generell anestesi och sedering. Induktion: Intramuskulär. Luftvägskontroll med: Oral intubation. Huvudsakligt underhåll av narkos/sedering: Inhalation med relaxation. Huvudsakligt underhåll av analgesi: Ingen,,SE,,
SE441,Generell anestesi och sedering. Induktion: Intramuskulär. Luftvägskontroll med: Oral intubation. Huvudsakligt underhåll av narkos/sedering: Inhalation med relaxation. Huvudsakligt underhåll av analgesi: Intravenöst,,SE,,
SE442,Generell anestesi och sedering. Induktion: Intramuskulär. Luftvägskontroll med: Oral intubation. Huvudsakligt underhåll av narkos/sedering: Inhalation med relaxation. Huvudsakligt underhåll av analgesi: Inhalation,,SE,,
SE443,Generell anestesi och sedering. Induktion: Intramuskulär. Luftvägskontroll med: Oral intubation. Huvudsakligt underhåll av narkos/sedering: Inhalation med relaxation. Huvudsakligt underhåll av analgesi: Kombination av intravenöst och inhalation,,SE,,
SE444,Generell anestesi och sedering. Induktion: Intramuskulär. Luftvägskontroll med: Oral intubation. Huvudsakligt underhåll av narkos/sedering: Inhalation med relaxation. Huvudsakligt underhåll av analgesi: Regional,,SE,,
SE500,Generell anestesi och sedering. Induktion: Intramuskulär. Luftvägskontroll med: Nasal intubation. Huvudsakligt underhåll av narkos/sedering: Ingen. Huvudsakligt underhåll av analgesi: Ingen,,SE,,
SE501,Generell anestesi och sedering. Induktion: Intramuskulär. Luftvägskontroll med: Nasal intubation. Huvudsakligt underhåll av narkos/sedering: Ingen. Huvudsakligt underhåll av analgesi: Intravenöst,,SE,,
SE502,Generell anestesi och sedering. Induktion: Intramuskulär. Luftvägskontroll med: Nasal intubation. Huvudsakligt underhåll av narkos/sedering: Ingen. Huvudsakligt underhåll av analgesi: Inhalation,,SE,,
SE503,Generell anestesi och sedering. Induktion: Intramuskulär. Luftvägskontroll med: Nasal intubation. Huvudsakligt underhåll av narkos/sedering: Ingen. Huvudsakligt underhåll av analgesi: Kombination av intravenöst och inhalation,,SE,,
SE504,Generell anestesi och sedering. Induktion: Intramuskulär. Luftvägskontroll med: Nasal intubation. Huvudsakligt underhåll av narkos/sedering: Ingen. Huvudsakligt underhåll av analgesi: Regional,,SE,,
SE510,Generell anestesi och sedering. Induktion: Intramuskulär. Luftvägskontroll med: Nasal intubation. Huvudsakligt underhåll av narkos/sedering: Intravenöst utan relaxation. Huvudsakligt underhåll av analgesi: Ingen,,SE,,
SE511,Generell anestesi och sedering. Induktion: Intramuskulär. Luftvägskontroll med: Nasal intubation. Huvudsakligt underhåll av narkos/sedering: Intravenöst utan relaxation. Huvudsakligt underhåll av analgesi: Intravenöst,,SE,,
SE512,Generell anestesi och sedering. Induktion: Intramuskulär. Luftvägskontroll med: Nasal intubation. Huvudsakligt underhåll av narkos/sedering: Intravenöst utan relaxation. Huvudsakligt underhåll av analgesi: Inhalation,,SE,,
SE513,Generell anestesi och sedering. Induktion: Intramuskulär. Luftvägskontroll med: Nasal intubation. Huvudsakligt underhåll av narkos/sedering: Intravenöst utan relaxation. Huvudsakligt underhåll av analgesi: Kombination av intravenöst och inhalation,,SE,,
SE514,Generell anestesi och sedering. Induktion: Intramuskulär. Luftvägskontroll med: Nasal intubation. Huvudsakligt underhåll av narkos/sedering: Intravenöst utan relaxation. Huvudsakligt underhåll av analgesi: Regional,,SE,,
SE520,Generell anestesi och sedering. Induktion: Intramuskulär. Luftvägskontroll med: Nasal intubation. Huvudsakligt underhåll av narkos/sedering: Intravenöst med relaxation. Huvudsakligt underhåll av analgesi: Ingen,,SE,,
SE521,Generell anestesi och sedering. Induktion: Intramuskulär. Luftvägskontroll med: Nasal intubation. Huvudsakligt underhåll av narkos/sedering: Intravenöst med relaxation. Huvudsakligt underhåll av analgesi: Intravenöst,,SE,,
SE522,Generell anestesi och sedering. Induktion: Intramuskulär. Luftvägskontroll med: Nasal intubation. Huvudsakligt underhåll av narkos/sedering: Intravenöst med relaxation. Huvudsakligt underhåll av analgesi: Inhalation,,SE,,
SE523,Generell anestesi och sedering. Induktion: Intramuskulär. Luftvägskontroll med: Nasal intubation. Huvudsakligt underhåll av narkos/sedering: Intravenöst med relaxation. Huvudsakligt underhåll av analgesi: Kombination av intravenöst och inhalation,,SE,,
SE524,Generell anestesi och sedering. Induktion: Intramuskulär. Luftvägskontroll med: Nasal intubation. Huvudsakligt underhåll av narkos/sedering: Intravenöst med relaxation. Huvudsakligt underhåll av analgesi: Regional,,SE,,
SE530,Generell anestesi och sedering. Induktion: Intramuskulär. Luftvägskontroll med: Nasal intubation. Huvudsakligt underhåll av narkos/sedering: Inhalation utan relaxation. Huvudsakligt underhåll av analgesi: Ingen,,SE,,
SE531,Generell anestesi och sedering. Induktion: Intramuskulär. Luftvägskontroll med: Nasal intubation. Huvudsakligt underhåll av narkos/sedering: Inhalation utan relaxation. Huvudsakligt underhåll av analgesi: Intravenöst,,SE,,
SE532,Generell anestesi och sedering. Induktion: Intramuskulär. Luftvägskontroll med: Nasal intubation. Huvudsakligt underhåll av narkos/sedering: Inhalation utan relaxation. Huvudsakligt underhåll av analgesi: Inhalation,,SE,,
SE533,Generell anestesi och sedering. Induktion: Intramuskulär. Luftvägskontroll med: Nasal intubation. Huvudsakligt underhåll av narkos/sedering: Inhalation utan relaxation. Huvudsakligt underhåll av analgesi: Kombination av intravenöst och inhalation,,SE,,
SE534,Generell anestesi och sedering. Induktion: Intramuskulär. Luftvägskontroll med: Nasal intubation. Huvudsakligt underhåll av narkos/sedering: Inhalation utan relaxation. Huvudsakligt underhåll av analgesi: Regional,,SE,,
SE540,Generell anestesi och sedering. Induktion: Intramuskulär. Luftvägskontroll med: Nasal intubation. Huvudsakligt underhåll av narkos/sedering: Inhalation med relaxation. Huvudsakligt underhåll av analgesi: Ingen,,SE,,
SE541,Generell anestesi och sedering. Induktion: Intramuskulär. Luftvägskontroll med: Nasal intubation. Huvudsakligt underhåll av narkos/sedering: Inhalation med relaxation. Huvudsakligt underhåll av analgesi: Intravenöst,,SE,,
SE542,Generell anestesi och sedering. Induktion: Intramuskulär. Luftvägskontroll med: Nasal intubation. Huvudsakligt underhåll av narkos/sedering: Inhalation med relaxation. Huvudsakligt underhåll av analgesi: Inhalation,,SE,,
SE543,Generell anestesi och sedering. Induktion: Intramuskulär. Luftvägskontroll med: Nasal intubation. Huvudsakligt underhåll av narkos/sedering: Inhalation med relaxation. Huvudsakligt underhåll av analgesi: Kombination av intravenöst och inhalation,,SE,,
SE544,Generell anestesi och sedering. Induktion: Intramuskulär. Luftvägskontroll med: Nasal intubation. Huvudsakligt underhåll av narkos/sedering: Inhalation med relaxation. Huvudsakligt underhåll av analgesi: Regional,,SE,,
SE600,Generell anestesi och sedering. Induktion: Intramuskulär. Luftvägskontroll med: Bronkiell dubbellumentub. Huvudsakligt underhåll av narkos/sedering: Ingen. Huvudsakligt underhåll av analgesi: Ingen,,SE,,
SE601,Generell anestesi och sedering. Induktion: Intramuskulär. Luftvägskontroll med: Bronkiell dubbellumentub. Huvudsakligt underhåll av narkos/sedering: Ingen. Huvudsakligt underhåll av analgesi: Intravenöst,,SE,,
SE602,Generell anestesi och sedering. Induktion: Intramuskulär. Luftvägskontroll med: Bronkiell dubbellumentub. Huvudsakligt underhåll av narkos/sedering: Ingen. Huvudsakligt underhåll av analgesi: Inhalation,,SE,,
SE603,Generell anestesi och sedering. Induktion: Intramuskulär. Luftvägskontroll med: Bronkiell dubbellumentub. Huvudsakligt underhåll av narkos/sedering: Ingen. Huvudsakligt underhåll av analgesi: Kombination av intravenöst och inhalation,,SE,,
SE604,Generell anestesi och sedering. Induktion: Intramuskulär. Luftvägskontroll med: Bronkiell dubbellumentub. Huvudsakligt underhåll av narkos/sedering: Ingen. Huvudsakligt underhåll av analgesi: Regional,,SE,,
SE610,Generell anestesi och sedering. Induktion: Intramuskulär. Luftvägskontroll med: Bronkiell dubbellumentub. Huvudsakligt underhåll av narkos/sedering: Intravenöst utan relaxation. Huvudsakligt underhåll av analgesi: Ingen,,SE,,
SE611,Generell anestesi och sedering. Induktion: Intramuskulär. Luftvägskontroll med: Bronkiell dubbellumentub. Huvudsakligt underhåll av narkos/sedering: Intravenöst utan relaxation. Huvudsakligt underhåll av analgesi: Intravenöst,,SE,,
SE612,Generell anestesi och sedering. Induktion: Intramuskulär. Luftvägskontroll med: Bronkiell dubbellumentub. Huvudsakligt underhåll av narkos/sedering: Intravenöst utan relaxation. Huvudsakligt underhåll av analgesi: Inhalation,,SE,,
SE613,Generell anestesi och sedering. Induktion: Intramuskulär. Luftvägskontroll med: Bronkiell dubbellumentub. Huvudsakligt underhåll av narkos/sedering: Intravenöst utan relaxation. Huvudsakligt underhåll av analgesi: Kombination av intravenöst och inhalation,,SE,,
SE614,Generell anestesi och sedering. Induktion: Intramuskulär. Luftvägskontroll med: Bronkiell dubbellumentub. Huvudsakligt underhåll av narkos/sedering: Intravenöst utan relaxation. Huvudsakligt underhåll av analgesi: Regional,,SE,,
SE620,Generell anestesi och sedering. Induktion: Intramuskulär. Luftvägskontroll med: Bronkiell dubbellumentub. Huvudsakligt underhåll av narkos/sedering: Intravenöst med relaxation. Huvudsakligt underhåll av analgesi: Ingen,,SE,,
SE621,Generell anestesi och sedering. Induktion: Intramuskulär. Luftvägskontroll med: Bronkiell dubbellumentub. Huvudsakligt underhåll av narkos/sedering: Intravenöst med relaxation. Huvudsakligt underhåll av analgesi: Intravenöst,,SE,,
SE622,Generell anestesi och sedering. Induktion: Intramuskulär. Luftvägskontroll med: Bronkiell dubbellumentub. Huvudsakligt underhåll av narkos/sedering: Intravenöst med relaxation. Huvudsakligt underhåll av analgesi: Inhalation,,SE,,
SE623,Generell anestesi och sedering. Induktion: Intramuskulär. Luftvägskontroll med: Bronkiell dubbellumentub. Huvudsakligt underhåll av narkos/sedering: Intravenöst med relaxation. Huvudsakligt underhåll av analgesi: Kombination av intravenöst och inhalation,,SE,,
SE624,Generell anestesi och sedering. Induktion: Intramuskulär. Luftvägskontroll med: Bronkiell dubbellumentub. Huvudsakligt underhåll av narkos/sedering: Intravenöst med relaxation. Huvudsakligt underhåll av analgesi: Regional,,SE,,
SE630,Generell anestesi och sedering. Induktion: Intramuskulär. Luftvägskontroll med: Bronkiell dubbellumentub. Huvudsakligt underhåll av narkos/sedering: Inhalation utan relaxation. Huvudsakligt underhåll av analgesi: Ingen,,SE,,
SE631,Generell anestesi och sedering. Induktion: Intramuskulär. Luftvägskontroll med: Bronkiell dubbellumentub. Huvudsakligt underhåll av narkos/sedering: Inhalation utan relaxation. Huvudsakligt underhåll av analgesi: Intravenöst,,SE,,
SE632,Generell anestesi och sedering. Induktion: Intramuskulär. Luftvägskontroll med: Bronkiell dubbellumentub. Huvudsakligt underhåll av narkos/sedering: Inhalation utan relaxation. Huvudsakligt underhåll av analgesi: Inhalation,,SE,,
SE633,Generell anestesi och sedering. Induktion: Intramuskulär. Luftvägskontroll med: Bronkiell dubbellumentub. Huvudsakligt underhåll av narkos/sedering: Inhalation utan relaxation. Huvudsakligt underhåll av analgesi: Kombination av intravenöst och inhalation,,SE,,
SE634,Generell anestesi och sedering. Induktion: Intramuskulär. Luftvägskontroll med: Bronkiell dubbellumentub. Huvudsakligt underhåll av narkos/sedering: Inhalation utan relaxation. Huvudsakligt underhåll av analgesi: Regional,,SE,,
SE640,Generell anestesi och sedering. Induktion: Intramuskulär. Luftvägskontroll med: Bronkiell dubbellumentub. Huvudsakligt underhåll av narkos/sedering: Inhalation med relaxation. Huvudsakligt underhåll av analgesi: Ingen,,SE,,
SE641,Generell anestesi och sedering. Induktion: Intramuskulär. Luftvägskontroll med: Bronkiell dubbellumentub. Huvudsakligt underhåll av narkos/sedering: Inhalation med relaxation. Huvudsakligt underhåll av analgesi: Intravenöst,,SE,,
SE642,Generell anestesi och sedering. Induktion: Intramuskulär. Luftvägskontroll med: Bronkiell dubbellumentub. Huvudsakligt underhåll av narkos/sedering: Inhalation med relaxation. Huvudsakligt underhåll av analgesi: Inhalation,,SE,,
SE643,Generell anestesi och sedering. Induktion: Intramuskulär. Luftvägskontroll med: Bronkiell dubbellumentub. Huvudsakligt underhåll av narkos/sedering: Inhalation med relaxation. Huvudsakligt underhåll av analgesi: Kombination av intravenöst och inhalation,,SE,,
SE644,Generell anestesi och sedering. Induktion: Intramuskulär. Luftvägskontroll med: Bronkiell dubbellumentub. Huvudsakligt underhåll av narkos/sedering: Inhalation med relaxation. Huvudsakligt underhåll av analgesi: Regional,,SE,,
SE700,Generell anestesi och sedering. Induktion: Intramuskulär. Luftvägskontroll med: Högfrekvensventilation. Huvudsakligt underhåll av narkos/sedering: Ingen. Huvudsakligt underhåll av analgesi: Ingen,,SE,,
SE701,Generell anestesi och sedering. Induktion: Intramuskulär. Luftvägskontroll med: Högfrekvensventilation. Huvudsakligt underhåll av narkos/sedering: Ingen. Huvudsakligt underhåll av analgesi: Intravenöst,,SE,,
SE702,Generell anestesi och sedering. Induktion: Intramuskulär. Luftvägskontroll med: Högfrekvensventilation. Huvudsakligt underhåll av narkos/sedering: Ingen. Huvudsakligt underhåll av analgesi: Inhalation,,SE,,
SE703,Generell anestesi och sedering. Induktion: Intramuskulär. Luftvägskontroll med: Högfrekvensventilation. Huvudsakligt underhåll av narkos/sedering: Ingen. Huvudsakligt underhåll av analgesi: Kombination av intravenöst och inhalation,,SE,,
SE704,Generell anestesi och sedering. Induktion: Intramuskulär. Luftvägskontroll med: Högfrekvensventilation. Huvudsakligt underhåll av narkos/sedering: Ingen. Huvudsakligt underhåll av analgesi: Regional,,SE,,
SE710,Generell anestesi och sedering. Induktion: Intramuskulär. Luftvägskontroll med: Högfrekvensventilation. Huvudsakligt underhåll av narkos/sedering: Intravenöst utan relaxation. Huvudsakligt underhåll av analgesi: Ingen,,SE,,
SE711,Generell anestesi och sedering. Induktion: Intramuskulär. Luftvägskontroll med: Högfrekvensventilation. Huvudsakligt underhåll av narkos/sedering: Intravenöst utan relaxation. Huvudsakligt underhåll av analgesi: Intravenöst,,SE,,
SE712,Generell anestesi och sedering. Induktion: Intramuskulär. Luftvägskontroll med: Högfrekvensventilation. Huvudsakligt underhåll av narkos/sedering: Intravenöst utan relaxation. Huvudsakligt underhåll av analgesi: Inhalation,,SE,,
SE713,Generell anestesi och sedering. Induktion: Intramuskulär. Luftvägskontroll med: Högfrekvensventilation. Huvudsakligt underhåll av narkos/sedering: Intravenöst utan relaxation. Huvudsakligt underhåll av analgesi: Kombination av intravenöst och inhalation,,SE,,
SE714,Generell anestesi och sedering. Induktion: Intramuskulär. Luftvägskontroll med: Högfrekvensventilation. Huvudsakligt underhåll av narkos/sedering: Intravenöst utan relaxation. Huvudsakligt underhåll av analgesi: Regional,,SE,,
SE720,Generell anestesi och sedering. Induktion: Intramuskulär. Luftvägskontroll med: Högfrekvensventilation. Huvudsakligt underhåll av narkos/sedering: Intravenöst med relaxation. Huvudsakligt underhåll av analgesi: Ingen,,SE,,
SE721,Generell anestesi och sedering. Induktion: Intramuskulär. Luftvägskontroll med: Högfrekvensventilation. Huvudsakligt underhåll av narkos/sedering: Intravenöst med relaxation. Huvudsakligt underhåll av analgesi: Intravenöst,,SE,,
SE722,Generell anestesi och sedering. Induktion: Intramuskulär. Luftvägskontroll med: Högfrekvensventilation. Huvudsakligt underhåll av narkos/sedering: Intravenöst med relaxation. Huvudsakligt underhåll av analgesi: Inhalation,,SE,,
SE723,Generell anestesi och sedering. Induktion: Intramuskulär. Luftvägskontroll med: Högfrekvensventilation. Huvudsakligt underhåll av narkos/sedering: Intravenöst med relaxation. Huvudsakligt underhåll av analgesi: Kombination av intravenöst och inhalation,,SE,,
SE724,Generell anestesi och sedering. Induktion: Intramuskulär. Luftvägskontroll med: Högfrekvensventilation. Huvudsakligt underhåll av narkos/sedering: Intravenöst med relaxation. Huvudsakligt underhåll av analgesi: Regional,,SE,,
SE730,Generell anestesi och sedering. Induktion: Intramuskulär. Luftvägskontroll med: Högfrekvensventilation. Huvudsakligt underhåll av narkos/sedering: Inhalation utan relaxation. Huvudsakligt underhåll av analgesi: Ingen,,SE,,
SE731,Generell anestesi och sedering. Induktion: Intramuskulär. Luftvägskontroll med: Högfrekvensventilation. Huvudsakligt underhåll av narkos/sedering: Inhalation utan relaxation. Huvudsakligt underhåll av analgesi: Intravenöst,,SE,,
SE732,Generell anestesi och sedering. Induktion: Intramuskulär. Luftvägskontroll med: Högfrekvensventilation. Huvudsakligt underhåll av narkos/sedering: Inhalation utan relaxation. Huvudsakligt underhåll av analgesi: Inhalation,,SE,,
SE733,Generell anestesi och sedering. Induktion: Intramuskulär. Luftvägskontroll med: Högfrekvensventilation. Huvudsakligt underhåll av narkos/sedering: Inhalation utan relaxation. Huvudsakligt underhåll av analgesi: Kombination av intravenöst och inhalation,,SE,,
SE734,Generell anestesi och sedering. Induktion: Intramuskulär. Luftvägskontroll med: Högfrekvensventilation. Huvudsakligt underhåll av narkos/sedering: Inhalation utan relaxation. Huvudsakligt underhåll av analgesi: Regional,,SE,,
SE740,Generell anestesi och sedering. Induktion: Intramuskulär. Luftvägskontroll med: Högfrekvensventilation. Huvudsakligt underhåll av narkos/sedering: Inhalation med relaxation. Huvudsakligt underhåll av analgesi: Ingen,,SE,,
SE741,Generell anestesi och sedering. Induktion: Intramuskulär. Luftvägskontroll med: Högfrekvensventilation. Huvudsakligt underhåll av narkos/sedering: Inhalation med relaxation. Huvudsakligt underhåll av analgesi: Intravenöst,,SE,,
SE742,Generell anestesi och sedering. Induktion: Intramuskulär. Luftvägskontroll med: Högfrekvensventilation. Huvudsakligt underhåll av narkos/sedering: Inhalation med relaxation. Huvudsakligt underhåll av analgesi: Inhalation,,SE,,
SE743,Generell anestesi och sedering. Induktion: Intramuskulär. Luftvägskontroll med: Högfrekvensventilation. Huvudsakligt underhåll av narkos/sedering: Inhalation med relaxation. Huvudsakligt underhåll av analgesi: Kombination av intravenöst och inhalation,,SE,,
SE744,Generell anestesi och sedering. Induktion: Intramuskulär. Luftvägskontroll med: Högfrekvensventilation. Huvudsakligt underhåll av narkos/sedering: Inhalation med relaxation. Huvudsakligt underhåll av analgesi: Regional,,SE,,
SE800,Generell anestesi och sedering. Induktion: Intramuskulär. Luftvägskontroll med: ”Rapid sequence induction” oavsett intubationsväg. Huvudsakligt underhåll av narkos/sedering: Ingen. Huvudsakligt underhåll av analgesi: Ingen,,SE,,
SE801,Generell anestesi och sedering. Induktion: Intramuskulär. Luftvägskontroll med: ”Rapid sequence induction” oavsett intubationsväg. Huvudsakligt underhåll av narkos/sedering: Ingen. Huvudsakligt underhåll av analgesi: Intravenöst,,SE,,
SE802,Generell anestesi och sedering. Induktion: Intramuskulär. Luftvägskontroll med: ”Rapid sequence induction” oavsett intubationsväg. Huvudsakligt underhåll av narkos/sedering: Ingen. Huvudsakligt underhåll av analgesi: Inhalation,,SE,,
SE803,Generell anestesi och sedering. Induktion: Intramuskulär. Luftvägskontroll med: ”Rapid sequence induction” oavsett intubationsväg. Huvudsakligt underhåll av narkos/sedering: Ingen. Huvudsakligt underhåll av analgesi: Kombination av intravenöst och inhalation,,SE,,
SE804,Generell anestesi och sedering. Induktion: Intramuskulär. Luftvägskontroll med: ”Rapid sequence induction” oavsett intubationsväg. Huvudsakligt underhåll av narkos/sedering: Ingen. Huvudsakligt underhåll av analgesi: Regional,,SE,,
SE810,Generell anestesi och sedering. Induktion: Intramuskulär. Luftvägskontroll med: ”Rapid sequence induction” oavsett intubationsväg. Huvudsakligt underhåll av narkos/sedering: Intravenöst utan relaxation. Huvudsakligt underhåll av analgesi: Ingen,,SE,,
SE811,Generell anestesi och sedering. Induktion: Intramuskulär. Luftvägskontroll med: ”Rapid sequence induction” oavsett intubationsväg. Huvudsakligt underhåll av narkos/sedering: Intravenöst utan relaxation. Huvudsakligt underhåll av analgesi: Intravenöst,,SE,,
SE812,Generell anestesi och sedering. Induktion: Intramuskulär. Luftvägskontroll med: ”Rapid sequence induction” oavsett intubationsväg. Huvudsakligt underhåll av narkos/sedering: Intravenöst utan relaxation. Huvudsakligt underhåll av analgesi: Inhalation,,SE,,
SE813,Generell anestesi och sedering. Induktion: Intramuskulär. Luftvägskontroll med: ”Rapid sequence induction” oavsett intubationsväg. Huvudsakligt underhåll av narkos/sedering: Intravenöst utan relaxation. Huvudsakligt underhåll av analgesi: Kombination av intravenöst och inhalation,,SE,,
SE814,Generell anestesi och sedering. Induktion: Intramuskulär. Luftvägskontroll med: ”Rapid sequence induction” oavsett intubationsväg. Huvudsakligt underhåll av narkos/sedering: Intravenöst utan relaxation. Huvudsakligt underhåll av analgesi: Regional,,SE,,
SE820,Generell anestesi och sedering. Induktion: Intramuskulär. Luftvägskontroll med: ”Rapid sequence induction” oavsett intubationsväg. Huvudsakligt underhåll av narkos/sedering: Intravenöst med relaxation. Huvudsakligt underhåll av analgesi: Ingen,,SE,,
SE821,Generell anestesi och sedering. Induktion: Intramuskulär. Luftvägskontroll med: ”Rapid sequence induction” oavsett intubationsväg. Huvudsakligt underhåll av narkos/sedering: Intravenöst med relaxation. Huvudsakligt underhåll av analgesi: Intravenöst,,SE,,
SE822,Generell anestesi och sedering. Induktion: Intramuskulär. Luftvägskontroll med: ”Rapid sequence induction” oavsett intubationsväg. Huvudsakligt underhåll av narkos/sedering: Intravenöst med relaxation. Huvudsakligt underhåll av analgesi: Inhalation,,SE,,
SE823,Generell anestesi och sedering. Induktion: Intramuskulär. Luftvägskontroll med: ”Rapid sequence induction” oavsett intubationsväg. Huvudsakligt underhåll av narkos/sedering: Intravenöst med relaxation. Huvudsakligt underhåll av analgesi: Kombination av intravenöst och inhalation,,SE,,
SE824,Generell anestesi och sedering. Induktion: Intramuskulär. Luftvägskontroll med: ”Rapid sequence induction” oavsett intubationsväg. Huvudsakligt underhåll av narkos/sedering: Intravenöst med relaxation. Huvudsakligt underhåll av analgesi: Regional,,SE,,
SE830,Generell anestesi och sedering. Induktion: Intramuskulär. Luftvägskontroll med: ”Rapid sequence induction” oavsett intubationsväg. Huvudsakligt underhåll av narkos/sedering: Inhalation utan relaxation. Huvudsakligt underhåll av analgesi: Ingen,,SE,,
SE831,Generell anestesi och sedering. Induktion: Intramuskulär. Luftvägskontroll med: ”Rapid sequence induction” oavsett intubationsväg. Huvudsakligt underhåll av narkos/sedering: Inhalation utan relaxation. Huvudsakligt underhåll av analgesi: Intravenöst,,SE,,
SE832,Generell anestesi och sedering. Induktion: Intramuskulär. Luftvägskontroll med: ”Rapid sequence induction” oavsett intubationsväg. Huvudsakligt underhåll av narkos/sedering: Inhalation utan relaxation. Huvudsakligt underhåll av analgesi: Inhalation,,SE,,
SE833,Generell anestesi och sedering. Induktion: Intramuskulär. Luftvägskontroll med: ”Rapid sequence induction” oavsett intubationsväg. Huvudsakligt underhåll av narkos/sedering: Inhalation utan relaxation. Huvudsakligt underhåll av analgesi: Kombination av intravenöst och inhalation,,SE,,
SE834,Generell anestesi och sedering. Induktion: Intramuskulär. Luftvägskontroll med: ”Rapid sequence induction” oavsett intubationsväg. Huvudsakligt underhåll av narkos/sedering: Inhalation utan relaxation. Huvudsakligt underhåll av analgesi: Regional,,SE,,
SE840,Generell anestesi och sedering. Induktion: Intramuskulär. Luftvägskontroll med: ”Rapid sequence induction” oavsett intubationsväg. Huvudsakligt underhåll av narkos/sedering: Inhalation med relaxation. Huvudsakligt underhåll av analgesi: Ingen,,SE,,
SE841,Generell anestesi och sedering. Induktion: Intramuskulär. Luftvägskontroll med: ”Rapid sequence induction” oavsett intubationsväg. Huvudsakligt underhåll av narkos/sedering: Inhalation med relaxation. Huvudsakligt underhåll av analgesi: Intravenöst,,SE,,
SE842,Generell anestesi och sedering. Induktion: Intramuskulär. Luftvägskontroll med: ”Rapid sequence induction” oavsett intubationsväg. Huvudsakligt underhåll av narkos/sedering: Inhalation med relaxation. Huvudsakligt underhåll av analgesi: Inhalation,,SE,,
SE843,Generell anestesi och sedering. Induktion: Intramuskulär. Luftvägskontroll med: ”Rapid sequence induction” oavsett intubationsväg. Huvudsakligt underhåll av narkos/sedering: Inhalation med relaxation. Huvudsakligt underhåll av analgesi: Kombination av intravenöst och inhalation,,SE,,
SE844,Generell anestesi och sedering. Induktion: Intramuskulär. Luftvägskontroll med: ”Rapid sequence induction” oavsett intubationsväg. Huvudsakligt underhåll av narkos/sedering: Inhalation med relaxation. Huvudsakligt underhåll av analgesi: Regional,,SE,,
SE900,"Generell anestesi och sedering. Induktion: Intramuskulär. Luftvägskontroll med: Övrigt, t.ex. trakeostoma. Huvudsakligt underhåll av narkos/sedering: Ingen. Huvudsakligt underhåll av analgesi: Ingen",,SE,,
SE901,"Generell anestesi och sedering. Induktion: Intramuskulär. Luftvägskontroll med: Övrigt, t.ex. trakeostoma. Huvudsakligt underhåll av narkos/sedering: Ingen. Huvudsakligt underhåll av analgesi: Intravenöst",,SE,,
SE902,"Generell anestesi och sedering. Induktion: Intramuskulär. Luftvägskontroll med: Övrigt, t.ex. trakeostoma. Huvudsakligt underhåll av narkos/sedering: Ingen. Huvudsakligt underhåll av analgesi: Inhalation",,SE,,
SE903,"Generell anestesi och sedering. Induktion: Intramuskulär. Luftvägskontroll med: Övrigt, t.ex. trakeostoma. Huvudsakligt underhåll av narkos/sedering: Ingen. Huvudsakligt underhåll av analgesi: Kombination av intravenöst och inhalation",,SE,,
SE904,"Generell anestesi och sedering. Induktion: Intramuskulär. Luftvägskontroll med: Övrigt, t.ex. trakeostoma. Huvudsakligt underhåll av narkos/sedering: Ingen. Huvudsakligt underhåll av analgesi: Regional",,SE,,
SE910,"Generell anestesi och sedering. Induktion: Intramuskulär. Luftvägskontroll med: Övrigt, t.ex. trakeostoma. Huvudsakligt underhåll av narkos/sedering: Intravenöst utan relaxation. Huvudsakligt underhåll av analgesi: Ingen",,SE,,
SE911,"Generell anestesi och sedering. Induktion: Intramuskulär. Luftvägskontroll med: Övrigt, t.ex. trakeostoma. Huvudsakligt underhåll av narkos/sedering: Intravenöst utan relaxation. Huvudsakligt underhåll av analgesi: Intravenöst",,SE,,
SE912,"Generell anestesi och sedering. Induktion: Intramuskulär. Luftvägskontroll med: Övrigt, t.ex. trakeostoma. Huvudsakligt underhåll av narkos/sedering: Intravenöst utan relaxation. Huvudsakligt underhåll av analgesi: Inhalation",,SE,,
SE913,"Generell anestesi och sedering. Induktion: Intramuskulär. Luftvägskontroll med: Övrigt, t.ex. trakeostoma. Huvudsakligt underhåll av narkos/sedering: Intravenöst utan relaxation. Huvudsakligt underhåll av analgesi: Kombination av intravenöst och inhalation",,SE,,
SE914,"Generell anestesi och sedering. Induktion: Intramuskulär. Luftvägskontroll med: Övrigt, t.ex. trakeostoma. Huvudsakligt underhåll av narkos/sedering: Intravenöst utan relaxation. Huvudsakligt underhåll av analgesi: Regional",,SE,,
SE920,"Generell anestesi och sedering. Induktion: Intramuskulär. Luftvägskontroll med: Övrigt, t.ex. trakeostoma. Huvudsakligt underhåll av narkos/sedering: Intravenöst med relaxation. Huvudsakligt underhåll av analgesi: Ingen",,SE,,
SE921,"Generell anestesi och sedering. Induktion: Intramuskulär. Luftvägskontroll med: Övrigt, t.ex. trakeostoma. Huvudsakligt underhåll av narkos/sedering: Intravenöst med relaxation. Huvudsakligt underhåll av analgesi: Intravenöst",,SE,,
SE922,"Generell anestesi och sedering. Induktion: Intramuskulär. Luftvägskontroll med: Övrigt, t.ex. trakeostoma. Huvudsakligt underhåll av narkos/sedering: Intravenöst med relaxation. Huvudsakligt underhåll av analgesi: Inhalation",,SE,,
SE923,"Generell anestesi och sedering. Induktion: Intramuskulär. Luftvägskontroll med: Övrigt, t.ex. trakeostoma. Huvudsakligt underhåll av narkos/sedering: Intravenöst med relaxation. Huvudsakligt underhåll av analgesi: Kombination av intravenöst och inhalation",,SE,,
SE924,"Generell anestesi och sedering. Induktion: Intramuskulär. Luftvägskontroll med: Övrigt, t.ex. trakeostoma. Huvudsakligt underhåll av narkos/sedering: Intravenöst med relaxation. Huvudsakligt underhåll av analgesi: Regional",,SE,,
SE930,"Generell anestesi och sedering. Induktion: Intramuskulär. Luftvägskontroll med: Övrigt, t.ex. trakeostoma. Huvudsakligt underhåll av narkos/sedering: Inhalation utan relaxation. Huvudsakligt underhåll av analgesi: Ingen",,SE,,
SE931,"Generell anestesi och sedering. Induktion: Intramuskulär. Luftvägskontroll med: Övrigt, t.ex. trakeostoma. Huvudsakligt underhåll av narkos/sedering: Inhalation utan relaxation. Huvudsakligt underhåll av analgesi: Intravenöst",,SE,,
SE932,"Generell anestesi och sedering. Induktion: Intramuskulär. Luftvägskontroll med: Övrigt, t.ex. trakeostoma. Huvudsakligt underhåll av narkos/sedering: Inhalation utan relaxation. Huvudsakligt underhåll av analgesi: Inhalation",,SE,,
SE933,"Generell anestesi och sedering. Induktion: Intramuskulär. Luftvägskontroll med: Övrigt, t.ex. trakeostoma. Huvudsakligt underhåll av narkos/sedering: Inhalation utan relaxation. Huvudsakligt underhåll av analgesi: Kombination av intravenöst och inhalation",,SE,,
SE934,"Generell anestesi och sedering. Induktion: Intramuskulär. Luftvägskontroll med: Övrigt, t.ex. trakeostoma. Huvudsakligt underhåll av narkos/sedering: Inhalation utan relaxation. Huvudsakligt underhåll av analgesi: Regional",,SE,,
SE940,"Generell anestesi och sedering. Induktion: Intramuskulär. Luftvägskontroll med: Övrigt, t.ex. trakeostoma. Huvudsakligt underhåll av narkos/sedering: Inhalation med relaxation. Huvudsakligt underhåll av analgesi: Ingen",,SE,,
SE941,"Generell anestesi och sedering. Induktion: Intramuskulär. Luftvägskontroll med: Övrigt, t.ex. trakeostoma. Huvudsakligt underhåll av narkos/sedering: Inhalation med relaxation. Huvudsakligt underhåll av analgesi: Intravenöst",,SE,,
SE942,"Generell anestesi och sedering. Induktion: Intramuskulär. Luftvägskontroll med: Övrigt, t.ex. trakeostoma. Huvudsakligt underhåll av narkos/sedering: Inhalation med relaxation. Huvudsakligt underhåll av analgesi: Inhalation",,SE,,
SE943,"Generell anestesi och sedering. Induktion: Intramuskulär. Luftvägskontroll med: Övrigt, t.ex. trakeostoma. Huvudsakligt underhåll av narkos/sedering: Inhalation med relaxation. Huvudsakligt underhåll av analgesi: Kombination av intravenöst och inhalation",,SE,,
SE944,"Generell anestesi och sedering. Induktion: Intramuskulär. Luftvägskontroll med: Övrigt, t.ex. trakeostoma. Huvudsakligt underhåll av narkos/sedering: Inhalation med relaxation. Huvudsakligt underhåll av analgesi: Regional",,SE,,
SF,Rektal induktion,,S,,
SF000,Generell anestesi och sedering. Induktion: Rektal. Luftvägskontroll med: Spontanandning utan tillskott av oxygen. Huvudsakligt underhåll av narkos/sedering: Ingen. Huvudsakligt underhåll av analgesi: Ingen,,SF,,
SF001,Generell anestesi och sedering. Induktion: Rektal. Luftvägskontroll med: Spontanandning utan tillskott av oxygen. Huvudsakligt underhåll av narkos/sedering: Ingen. Huvudsakligt underhåll av analgesi: Intravenöst,,SF,,
SF002,Generell anestesi och sedering. Induktion: Rektal. Luftvägskontroll med: Spontanandning utan tillskott av oxygen. Huvudsakligt underhåll av narkos/sedering: Ingen. Huvudsakligt underhåll av analgesi: Inhalation,,SF,,
SF003,Generell anestesi och sedering. Induktion: Rektal. Luftvägskontroll med: Spontanandning utan tillskott av oxygen. Huvudsakligt underhåll av narkos/sedering: Ingen. Huvudsakligt underhåll av analgesi: Kombination av intravenöst och inhalation,,SF,,
SF004,Generell anestesi och sedering. Induktion: Rektal. Luftvägskontroll med: Spontanandning utan tillskott av oxygen. Huvudsakligt underhåll av narkos/sedering: Ingen. Huvudsakligt underhåll av analgesi: Regional,,SF,,
SF010,Generell anestesi och sedering. Induktion: Rektal. Luftvägskontroll med: Spontanandning utan tillskott av oxygen. Huvudsakligt underhåll av narkos/sedering: Intravenöst utan relaxation. Huvudsakligt underhåll av analgesi: Ingen,,SF,,
SF011,Generell anestesi och sedering. Induktion: Rektal. Luftvägskontroll med: Spontanandning utan tillskott av oxygen. Huvudsakligt underhåll av narkos/sedering: Intravenöst utan relaxation. Huvudsakligt underhåll av analgesi: Intravenöst,,SF,,
SF012,Generell anestesi och sedering. Induktion: Rektal. Luftvägskontroll med: Spontanandning utan tillskott av oxygen. Huvudsakligt underhåll av narkos/sedering: Intravenöst utan relaxation. Huvudsakligt underhåll av analgesi: Inhalation,,SF,,
SF013,Generell anestesi och sedering. Induktion: Rektal. Luftvägskontroll med: Spontanandning utan tillskott av oxygen. Huvudsakligt underhåll av narkos/sedering: Intravenöst utan relaxation. Huvudsakligt underhåll av analgesi: Kombination av intravenöst och inhalation,,SF,,
SF014,Generell anestesi och sedering. Induktion: Rektal. Luftvägskontroll med: Spontanandning utan tillskott av oxygen. Huvudsakligt underhåll av narkos/sedering: Intravenöst utan relaxation. Huvudsakligt underhåll av analgesi: Regional,,SF,,
SF020,Generell anestesi och sedering. Induktion: Rektal. Luftvägskontroll med: Spontanandning utan tillskott av oxygen. Huvudsakligt underhåll av narkos/sedering: Intravenöst med relaxation. Huvudsakligt underhåll av analgesi: Ingen,,SF,,
SF021,Generell anestesi och sedering. Induktion: Rektal. Luftvägskontroll med: Spontanandning utan tillskott av oxygen. Huvudsakligt underhåll av narkos/sedering: Intravenöst med relaxation. Huvudsakligt underhåll av analgesi: Intravenöst,,SF,,
SF022,Generell anestesi och sedering. Induktion: Rektal. Luftvägskontroll med: Spontanandning utan tillskott av oxygen. Huvudsakligt underhåll av narkos/sedering: Intravenöst med relaxation. Huvudsakligt underhåll av analgesi: Inhalation,,SF,,
SF023,Generell anestesi och sedering. Induktion: Rektal. Luftvägskontroll med: Spontanandning utan tillskott av oxygen. Huvudsakligt underhåll av narkos/sedering: Intravenöst med relaxation. Huvudsakligt underhåll av analgesi: Kombination av intravenöst och inhalation,,SF,,
SF024,Generell anestesi och sedering. Induktion: Rektal. Luftvägskontroll med: Spontanandning utan tillskott av oxygen. Huvudsakligt underhåll av narkos/sedering: Intravenöst med relaxation. Huvudsakligt underhåll av analgesi: Regional,,SF,,
SF030,Generell anestesi och sedering. Induktion: Rektal. Luftvägskontroll med: Spontanandning utan tillskott av oxygen. Huvudsakligt underhåll av narkos/sedering: Inhalation utan relaxation. Huvudsakligt underhåll av analgesi: Ingen,,SF,,
SF031,Generell anestesi och sedering. Induktion: Rektal. Luftvägskontroll med: Spontanandning utan tillskott av oxygen. Huvudsakligt underhåll av narkos/sedering: Inhalation utan relaxation. Huvudsakligt underhåll av analgesi: Intravenöst,,SF,,
SF032,Generell anestesi och sedering. Induktion: Rektal. Luftvägskontroll med: Spontanandning utan tillskott av oxygen. Huvudsakligt underhåll av narkos/sedering: Inhalation utan relaxation. Huvudsakligt underhåll av analgesi: Inhalation,,SF,,
SF033,Generell anestesi och sedering. Induktion: Rektal. Luftvägskontroll med: Spontanandning utan tillskott av oxygen. Huvudsakligt underhåll av narkos/sedering: Inhalation utan relaxation. Huvudsakligt underhåll av analgesi: Kombination av intravenöst och inhalation,,SF,,
SF034,Generell anestesi och sedering. Induktion: Rektal. Luftvägskontroll med: Spontanandning utan tillskott av oxygen. Huvudsakligt underhåll av narkos/sedering: Inhalation utan relaxation. Huvudsakligt underhåll av analgesi: Regional,,SF,,
SF040,Generell anestesi och sedering. Induktion: Rektal. Luftvägskontroll med: Spontanandning utan tillskott av oxygen. Huvudsakligt underhåll av narkos/sedering: Inhalation med relaxation. Huvudsakligt underhåll av analgesi: Ingen,,SF,,
SF041,Generell anestesi och sedering. Induktion: Rektal. Luftvägskontroll med: Spontanandning utan tillskott av oxygen. Huvudsakligt underhåll av narkos/sedering: Inhalation med relaxation. Huvudsakligt underhåll av analgesi: Intravenöst,,SF,,
SF042,Generell anestesi och sedering. Induktion: Rektal. Luftvägskontroll med: Spontanandning utan tillskott av oxygen. Huvudsakligt underhåll av narkos/sedering: Inhalation med relaxation. Huvudsakligt underhåll av analgesi: Inhalation,,SF,,
SF043,Generell anestesi och sedering. Induktion: Rektal. Luftvägskontroll med: Spontanandning utan tillskott av oxygen. Huvudsakligt underhåll av narkos/sedering: Inhalation med relaxation. Huvudsakligt underhåll av analgesi: Kombination av intravenöst och inhalation,,SF,,
SF044,Generell anestesi och sedering. Induktion: Rektal. Luftvägskontroll med: Spontanandning utan tillskott av oxygen. Huvudsakligt underhåll av narkos/sedering: Inhalation med relaxation. Huvudsakligt underhåll av analgesi: Regional,,SF,,
SF100,Generell anestesi och sedering. Induktion: Rektal. Luftvägskontroll med: Spontanandning med tillägg av oxygen. Huvudsakligt underhåll av narkos/sedering: Ingen. Huvudsakligt underhåll av analgesi: Ingen,,SF,,
SF101,Generell anestesi och sedering. Induktion: Rektal. Luftvägskontroll med: Spontanandning med tillägg av oxygen. Huvudsakligt underhåll av narkos/sedering: Ingen. Huvudsakligt underhåll av analgesi: Intravenöst,,SF,,
SF102,Generell anestesi och sedering. Induktion: Rektal. Luftvägskontroll med: Spontanandning med tillägg av oxygen. Huvudsakligt underhåll av narkos/sedering: Ingen. Huvudsakligt underhåll av analgesi: Inhalation,,SF,,
SF103,Generell anestesi och sedering. Induktion: Rektal. Luftvägskontroll med: Spontanandning med tillägg av oxygen. Huvudsakligt underhåll av narkos/sedering: Ingen. Huvudsakligt underhåll av analgesi: Kombination av intravenöst och inhalation,,SF,,
SF104,Generell anestesi och sedering. Induktion: Rektal. Luftvägskontroll med: Spontanandning med tillägg av oxygen. Huvudsakligt underhåll av narkos/sedering: Ingen. Huvudsakligt underhåll av analgesi: Regional,,SF,,
SF110,Generell anestesi och sedering. Induktion: Rektal. Luftvägskontroll med: Spontanandning med tillägg av oxygen. Huvudsakligt underhåll av narkos/sedering: Intravenöst utan relaxation. Huvudsakligt underhåll av analgesi: Ingen,,SF,,
SF111,Generell anestesi och sedering. Induktion: Rektal. Luftvägskontroll med: Spontanandning med tillägg av oxygen. Huvudsakligt underhåll av narkos/sedering: Intravenöst utan relaxation. Huvudsakligt underhåll av analgesi: Intravenöst,,SF,,
SF112,Generell anestesi och sedering. Induktion: Rektal. Luftvägskontroll med: Spontanandning med tillägg av oxygen. Huvudsakligt underhåll av narkos/sedering: Intravenöst utan relaxation. Huvudsakligt underhåll av analgesi: Inhalation,,SF,,
SF113,Generell anestesi och sedering. Induktion: Rektal. Luftvägskontroll med: Spontanandning med tillägg av oxygen. Huvudsakligt underhåll av narkos/sedering: Intravenöst utan relaxation. Huvudsakligt underhåll av analgesi: Kombination av intravenöst och inhalation,,SF,,
SF114,Generell anestesi och sedering. Induktion: Rektal. Luftvägskontroll med: Spontanandning med tillägg av oxygen. Huvudsakligt underhåll av narkos/sedering: Intravenöst utan relaxation. Huvudsakligt underhåll av analgesi: Regional,,SF,,
SF120,Generell anestesi och sedering. Induktion: Rektal. Luftvägskontroll med: Spontanandning med tillägg av oxygen. Huvudsakligt underhåll av narkos/sedering: Intravenöst med relaxation. Huvudsakligt underhåll av analgesi: Ingen,,SF,,
SF121,Generell anestesi och sedering. Induktion: Rektal. Luftvägskontroll med: Spontanandning med tillägg av oxygen. Huvudsakligt underhåll av narkos/sedering: Intravenöst med relaxation. Huvudsakligt underhåll av analgesi: Intravenöst,,SF,,
SF122,Generell anestesi och sedering. Induktion: Rektal. Luftvägskontroll med: Spontanandning med tillägg av oxygen. Huvudsakligt underhåll av narkos/sedering: Intravenöst med relaxation. Huvudsakligt underhåll av analgesi: Inhalation,,SF,,
SF123,Generell anestesi och sedering. Induktion: Rektal. Luftvägskontroll med: Spontanandning med tillägg av oxygen. Huvudsakligt underhåll av narkos/sedering: Intravenöst med relaxation. Huvudsakligt underhåll av analgesi: Kombination av intravenöst och inhalation,,SF,,
SF124,Generell anestesi och sedering. Induktion: Rektal. Luftvägskontroll med: Spontanandning med tillägg av oxygen. Huvudsakligt underhåll av narkos/sedering: Intravenöst med relaxation. Huvudsakligt underhåll av analgesi: Regional,,SF,,
SF130,Generell anestesi och sedering. Induktion: Rektal. Luftvägskontroll med: Spontanandning med tillägg av oxygen. Huvudsakligt underhåll av narkos/sedering: Inhalation utan relaxation. Huvudsakligt underhåll av analgesi: Ingen,,SF,,
SF131,Generell anestesi och sedering. Induktion: Rektal. Luftvägskontroll med: Spontanandning med tillägg av oxygen. Huvudsakligt underhåll av narkos/sedering: Inhalation utan relaxation. Huvudsakligt underhåll av analgesi: Intravenöst,,SF,,
SF132,Generell anestesi och sedering. Induktion: Rektal. Luftvägskontroll med: Spontanandning med tillägg av oxygen. Huvudsakligt underhåll av narkos/sedering: Inhalation utan relaxation. Huvudsakligt underhåll av analgesi: Inhalation,,SF,,
SF133,Generell anestesi och sedering. Induktion: Rektal. Luftvägskontroll med: Spontanandning med tillägg av oxygen. Huvudsakligt underhåll av narkos/sedering: Inhalation utan relaxation. Huvudsakligt underhåll av analgesi: Kombination av intravenöst och inhalation,,SF,,
SF134,Generell anestesi och sedering. Induktion: Rektal. Luftvägskontroll med: Spontanandning med tillägg av oxygen. Huvudsakligt underhåll av narkos/sedering: Inhalation utan relaxation. Huvudsakligt underhåll av analgesi: Regional,,SF,,
SF140,Generell anestesi och sedering. Induktion: Rektal. Luftvägskontroll med: Spontanandning med tillägg av oxygen. Huvudsakligt underhåll av narkos/sedering: Inhalation med relaxation. Huvudsakligt underhåll av analgesi: Ingen,,SF,,
SF141,Generell anestesi och sedering. Induktion: Rektal. Luftvägskontroll med: Spontanandning med tillägg av oxygen. Huvudsakligt underhåll av narkos/sedering: Inhalation med relaxation. Huvudsakligt underhåll av analgesi: Intravenöst,,SF,,
SF142,Generell anestesi och sedering. Induktion: Rektal. Luftvägskontroll med: Spontanandning med tillägg av oxygen. Huvudsakligt underhåll av narkos/sedering: Inhalation med relaxation. Huvudsakligt underhåll av analgesi: Inhalation,,SF,,
SF143,Generell anestesi och sedering. Induktion: Rektal. Luftvägskontroll med: Spontanandning med tillägg av oxygen. Huvudsakligt underhåll av narkos/sedering: Inhalation med relaxation. Huvudsakligt underhåll av analgesi: Kombination av intravenöst och inhalation,,SF,,
SF144,Generell anestesi och sedering. Induktion: Rektal. Luftvägskontroll med: Spontanandning med tillägg av oxygen. Huvudsakligt underhåll av narkos/sedering: Inhalation med relaxation. Huvudsakligt underhåll av analgesi: Regional,,SF,,
SF200,Generell anestesi och sedering. Induktion: Rektal. Luftvägskontroll med: Manuell luftvägskontroll med mask. Huvudsakligt underhåll av narkos/sedering: Ingen. Huvudsakligt underhåll av analgesi: Ingen,,SF,,
SF201,Generell anestesi och sedering. Induktion: Rektal. Luftvägskontroll med: Manuell luftvägskontroll med mask. Huvudsakligt underhåll av narkos/sedering: Ingen. Huvudsakligt underhåll av analgesi: Intravenöst,,SF,,
SF202,Generell anestesi och sedering. Induktion: Rektal. Luftvägskontroll med: Manuell luftvägskontroll med mask. Huvudsakligt underhåll av narkos/sedering: Ingen. Huvudsakligt underhåll av analgesi: Inhalation,,SF,,
SF203,Generell anestesi och sedering. Induktion: Rektal. Luftvägskontroll med: Manuell luftvägskontroll med mask. Huvudsakligt underhåll av narkos/sedering: Ingen. Huvudsakligt underhåll av analgesi: Kombination av intravenöst och inhalation,,SF,,
SF204,Generell anestesi och sedering. Induktion: Rektal. Luftvägskontroll med: Manuell luftvägskontroll med mask. Huvudsakligt underhåll av narkos/sedering: Ingen. Huvudsakligt underhåll av analgesi: Regional,,SF,,
SF210,Generell anestesi och sedering. Induktion: Rektal. Luftvägskontroll med: Manuell luftvägskontroll med mask. Huvudsakligt underhåll av narkos/sedering: Intravenöst utan relaxation. Huvudsakligt underhåll av analgesi: Ingen,,SF,,
SF211,Generell anestesi och sedering. Induktion: Rektal. Luftvägskontroll med: Manuell luftvägskontroll med mask. Huvudsakligt underhåll av narkos/sedering: Intravenöst utan relaxation. Huvudsakligt underhåll av analgesi: Intravenöst,,SF,,
SF212,Generell anestesi och sedering. Induktion: Rektal. Luftvägskontroll med: Manuell luftvägskontroll med mask. Huvudsakligt underhåll av narkos/sedering: Intravenöst utan relaxation. Huvudsakligt underhåll av analgesi: Inhalation,,SF,,
SF213,Generell anestesi och sedering. Induktion: Rektal. Luftvägskontroll med: Manuell luftvägskontroll med mask. Huvudsakligt underhåll av narkos/sedering: Intravenöst utan relaxation. Huvudsakligt underhåll av analgesi: Kombination av intravenöst och inhalation,,SF,,
SF214,Generell anestesi och sedering. Induktion: Rektal. Luftvägskontroll med: Manuell luftvägskontroll med mask. Huvudsakligt underhåll av narkos/sedering: Intravenöst utan relaxation. Huvudsakligt underhåll av analgesi: Regional,,SF,,
SF220,Generell anestesi och sedering. Induktion: Rektal. Luftvägskontroll med: Manuell luftvägskontroll med mask. Huvudsakligt underhåll av narkos/sedering: Intravenöst med relaxation. Huvudsakligt underhåll av analgesi: Ingen,,SF,,
SF221,Generell anestesi och sedering. Induktion: Rektal. Luftvägskontroll med: Manuell luftvägskontroll med mask. Huvudsakligt underhåll av narkos/sedering: Intravenöst med relaxation. Huvudsakligt underhåll av analgesi: Intravenöst,,SF,,
SF222,Generell anestesi och sedering. Induktion: Rektal. Luftvägskontroll med: Manuell luftvägskontroll med mask. Huvudsakligt underhåll av narkos/sedering: Intravenöst med relaxation. Huvudsakligt underhåll av analgesi: Inhalation,,SF,,
SF223,Generell anestesi och sedering. Induktion: Rektal. Luftvägskontroll med: Manuell luftvägskontroll med mask. Huvudsakligt underhåll av narkos/sedering: Intravenöst med relaxation. Huvudsakligt underhåll av analgesi: Kombination av intravenöst och inhalation,,SF,,
SF224,Generell anestesi och sedering. Induktion: Rektal. Luftvägskontroll med: Manuell luftvägskontroll med mask. Huvudsakligt underhåll av narkos/sedering: Intravenöst med relaxation. Huvudsakligt underhåll av analgesi: Regional,,SF,,
SF230,Generell anestesi och sedering. Induktion: Rektal. Luftvägskontroll med: Manuell luftvägskontroll med mask. Huvudsakligt underhåll av narkos/sedering: Inhalation utan relaxation. Huvudsakligt underhåll av analgesi: Ingen,,SF,,
SF231,Generell anestesi och sedering. Induktion: Rektal. Luftvägskontroll med: Manuell luftvägskontroll med mask. Huvudsakligt underhåll av narkos/sedering: Inhalation utan relaxation. Huvudsakligt underhåll av analgesi: Intravenöst,,SF,,
SF232,Generell anestesi och sedering. Induktion: Rektal. Luftvägskontroll med: Manuell luftvägskontroll med mask. Huvudsakligt underhåll av narkos/sedering: Inhalation utan relaxation. Huvudsakligt underhåll av analgesi: Inhalation,,SF,,
SF233,Generell anestesi och sedering. Induktion: Rektal. Luftvägskontroll med: Manuell luftvägskontroll med mask. Huvudsakligt underhåll av narkos/sedering: Inhalation utan relaxation. Huvudsakligt underhåll av analgesi: Kombination av intravenöst och inhalation,,SF,,
SF234,Generell anestesi och sedering. Induktion: Rektal. Luftvägskontroll med: Manuell luftvägskontroll med mask. Huvudsakligt underhåll av narkos/sedering: Inhalation utan relaxation. Huvudsakligt underhåll av analgesi: Regional,,SF,,
SF240,Generell anestesi och sedering. Induktion: Rektal. Luftvägskontroll med: Manuell luftvägskontroll med mask. Huvudsakligt underhåll av narkos/sedering: Inhalation med relaxation. Huvudsakligt underhåll av analgesi: Ingen,,SF,,
SF241,Generell anestesi och sedering. Induktion: Rektal. Luftvägskontroll med: Manuell luftvägskontroll med mask. Huvudsakligt underhåll av narkos/sedering: Inhalation med relaxation. Huvudsakligt underhåll av analgesi: Intravenöst,,SF,,
SF242,Generell anestesi och sedering. Induktion: Rektal. Luftvägskontroll med: Manuell luftvägskontroll med mask. Huvudsakligt underhåll av narkos/sedering: Inhalation med relaxation. Huvudsakligt underhåll av analgesi: Inhalation,,SF,,
SF243,Generell anestesi och sedering. Induktion: Rektal. Luftvägskontroll med: Manuell luftvägskontroll med mask. Huvudsakligt underhåll av narkos/sedering: Inhalation med relaxation. Huvudsakligt underhåll av analgesi: Kombination av intravenöst och inhalation,,SF,,
SF244,Generell anestesi och sedering. Induktion: Rektal. Luftvägskontroll med: Manuell luftvägskontroll med mask. Huvudsakligt underhåll av narkos/sedering: Inhalation med relaxation. Huvudsakligt underhåll av analgesi: Regional,,SF,,
SF300,Generell anestesi och sedering. Induktion: Rektal. Luftvägskontroll med: Supraglottisk luftväg. Huvudsakligt underhåll av narkos/sedering: Ingen. Huvudsakligt underhåll av analgesi: Ingen,,SF,,
SF301,Generell anestesi och sedering. Induktion: Rektal. Luftvägskontroll med: Supraglottisk luftväg. Huvudsakligt underhåll av narkos/sedering: Ingen. Huvudsakligt underhåll av analgesi: Intravenöst,,SF,,
SF302,Generell anestesi och sedering. Induktion: Rektal. Luftvägskontroll med: Supraglottisk luftväg. Huvudsakligt underhåll av narkos/sedering: Ingen. Huvudsakligt underhåll av analgesi: Inhalation,,SF,,
SF303,Generell anestesi och sedering. Induktion: Rektal. Luftvägskontroll med: Supraglottisk luftväg. Huvudsakligt underhåll av narkos/sedering: Ingen. Huvudsakligt underhåll av analgesi: Kombination av intravenöst och inhalation,,SF,,
SF304,Generell anestesi och sedering. Induktion: Rektal. Luftvägskontroll med: Supraglottisk luftväg. Huvudsakligt underhåll av narkos/sedering: Ingen. Huvudsakligt underhåll av analgesi: Regional,,SF,,
SF310,Generell anestesi och sedering. Induktion: Rektal. Luftvägskontroll med: Supraglottisk luftväg. Huvudsakligt underhåll av narkos/sedering: Intravenöst utan relaxation. Huvudsakligt underhåll av analgesi: Ingen,,SF,,
SF311,Generell anestesi och sedering. Induktion: Rektal. Luftvägskontroll med: Supraglottisk luftväg. Huvudsakligt underhåll av narkos/sedering: Intravenöst utan relaxation. Huvudsakligt underhåll av analgesi: Intravenöst,,SF,,
SF312,Generell anestesi och sedering. Induktion: Rektal. Luftvägskontroll med: Supraglottisk luftväg. Huvudsakligt underhåll av narkos/sedering: Intravenöst utan relaxation. Huvudsakligt underhåll av analgesi: Inhalation,,SF,,
SF313,Generell anestesi och sedering. Induktion: Rektal. Luftvägskontroll med: Supraglottisk luftväg. Huvudsakligt underhåll av narkos/sedering: Intravenöst utan relaxation. Huvudsakligt underhåll av analgesi: Kombination av intravenöst och inhalation,,SF,,
SF314,Generell anestesi och sedering. Induktion: Rektal. Luftvägskontroll med: Supraglottisk luftväg. Huvudsakligt underhåll av narkos/sedering: Intravenöst utan relaxation. Huvudsakligt underhåll av analgesi: Regional,,SF,,
SF320,Generell anestesi och sedering. Induktion: Rektal. Luftvägskontroll med: Supraglottisk luftväg. Huvudsakligt underhåll av narkos/sedering: Intravenöst med relaxation. Huvudsakligt underhåll av analgesi: Ingen,,SF,,
SF321,Generell anestesi och sedering. Induktion: Rektal. Luftvägskontroll med: Supraglottisk luftväg. Huvudsakligt underhåll av narkos/sedering: Intravenöst med relaxation. Huvudsakligt underhåll av analgesi: Intravenöst,,SF,,
SF322,Generell anestesi och sedering. Induktion: Rektal. Luftvägskontroll med: Supraglottisk luftväg. Huvudsakligt underhåll av narkos/sedering: Intravenöst med relaxation. Huvudsakligt underhåll av analgesi: Inhalation,,SF,,
SF323,Generell anestesi och sedering. Induktion: Rektal. Luftvägskontroll med: Supraglottisk luftväg. Huvudsakligt underhåll av narkos/sedering: Intravenöst med relaxation. Huvudsakligt underhåll av analgesi: Kombination av intravenöst och inhalation,,SF,,
SF324,Generell anestesi och sedering. Induktion: Rektal. Luftvägskontroll med: Supraglottisk luftväg. Huvudsakligt underhåll av narkos/sedering: Intravenöst med relaxation. Huvudsakligt underhåll av analgesi: Regional,,SF,,
SF330,Generell anestesi och sedering. Induktion: Rektal. Luftvägskontroll med: Supraglottisk luftväg. Huvudsakligt underhåll av narkos/sedering: Inhalation utan relaxation. Huvudsakligt underhåll av analgesi: Ingen,,SF,,
SF331,Generell anestesi och sedering. Induktion: Rektal. Luftvägskontroll med: Supraglottisk luftväg. Huvudsakligt underhåll av narkos/sedering: Inhalation utan relaxation. Huvudsakligt underhåll av analgesi: Intravenöst,,SF,,
SF332,Generell anestesi och sedering. Induktion: Rektal. Luftvägskontroll med: Supraglottisk luftväg. Huvudsakligt underhåll av narkos/sedering: Inhalation utan relaxation. Huvudsakligt underhåll av analgesi: Inhalation,,SF,,
SF333,Generell anestesi och sedering. Induktion: Rektal. Luftvägskontroll med: Supraglottisk luftväg. Huvudsakligt underhåll av narkos/sedering: Inhalation utan relaxation. Huvudsakligt underhåll av analgesi: Kombination av intravenöst och inhalation,,SF,,
SF334,Generell anestesi och sedering. Induktion: Rektal. Luftvägskontroll med: Supraglottisk luftväg. Huvudsakligt underhåll av narkos/sedering: Inhalation utan relaxation. Huvudsakligt underhåll av analgesi: Regional,,SF,,
SF340,Generell anestesi och sedering. Induktion: Rektal. Luftvägskontroll med: Supraglottisk luftväg. Huvudsakligt underhåll av narkos/sedering: Inhalation med relaxation. Huvudsakligt underhåll av analgesi: Ingen,,SF,,
SF341,Generell anestesi och sedering. Induktion: Rektal. Luftvägskontroll med: Supraglottisk luftväg. Huvudsakligt underhåll av narkos/sedering: Inhalation med relaxation. Huvudsakligt underhåll av analgesi: Intravenöst,,SF,,
SF342,Generell anestesi och sedering. Induktion: Rektal. Luftvägskontroll med: Supraglottisk luftväg. Huvudsakligt underhåll av narkos/sedering: Inhalation med relaxation. Huvudsakligt underhåll av analgesi: Inhalation,,SF,,
SF343,Generell anestesi och sedering. Induktion: Rektal. Luftvägskontroll med: Supraglottisk luftväg. Huvudsakligt underhåll av narkos/sedering: Inhalation med relaxation. Huvudsakligt underhåll av analgesi: Kombination av intravenöst och inhalation,,SF,,
SF344,Generell anestesi och sedering. Induktion: Rektal. Luftvägskontroll med: Supraglottisk luftväg. Huvudsakligt underhåll av narkos/sedering: Inhalation med relaxation. Huvudsakligt underhåll av analgesi: Regional,,SF,,
SF400,Generell anestesi och sedering. Induktion: Rektal. Luftvägskontroll med: Oral intubation. Huvudsakligt underhåll av narkos/sedering: Ingen. Huvudsakligt underhåll av analgesi: Ingen,,SF,,
SF401,Generell anestesi och sedering. Induktion: Rektal. Luftvägskontroll med: Oral intubation. Huvudsakligt underhåll av narkos/sedering: Ingen. Huvudsakligt underhåll av analgesi: Intravenöst,,SF,,
SF402,Generell anestesi och sedering. Induktion: Rektal. Luftvägskontroll med: Oral intubation. Huvudsakligt underhåll av narkos/sedering: Ingen. Huvudsakligt underhåll av analgesi: Inhalation,,SF,,
SF403,Generell anestesi och sedering. Induktion: Rektal. Luftvägskontroll med: Oral intubation. Huvudsakligt underhåll av narkos/sedering: Ingen. Huvudsakligt underhåll av analgesi: Kombination av intravenöst och inhalation,,SF,,
SF404,Generell anestesi och sedering. Induktion: Rektal. Luftvägskontroll med: Oral intubation. Huvudsakligt underhåll av narkos/sedering: Ingen. Huvudsakligt underhåll av analgesi: Regional,,SF,,
SF410,Generell anestesi och sedering. Induktion: Rektal. Luftvägskontroll med: Oral intubation. Huvudsakligt underhåll av narkos/sedering: Intravenöst utan relaxation. Huvudsakligt underhåll av analgesi: Ingen,,SF,,
SF411,Generell anestesi och sedering. Induktion: Rektal. Luftvägskontroll med: Oral intubation. Huvudsakligt underhåll av narkos/sedering: Intravenöst utan relaxation. Huvudsakligt underhåll av analgesi: Intravenöst,,SF,,
SF412,Generell anestesi och sedering. Induktion: Rektal. Luftvägskontroll med: Oral intubation. Huvudsakligt underhåll av narkos/sedering: Intravenöst utan relaxation. Huvudsakligt underhåll av analgesi: Inhalation,,SF,,
SF413,Generell anestesi och sedering. Induktion: Rektal. Luftvägskontroll med: Oral intubation. Huvudsakligt underhåll av narkos/sedering: Intravenöst utan relaxation. Huvudsakligt underhåll av analgesi: Kombination av intravenöst och inhalation,,SF,,
SF414,Generell anestesi och sedering. Induktion: Rektal. Luftvägskontroll med: Oral intubation. Huvudsakligt underhåll av narkos/sedering: Intravenöst utan relaxation. Huvudsakligt underhåll av analgesi: Regional,,SF,,
SF420,Generell anestesi och sedering. Induktion: Rektal. Luftvägskontroll med: Oral intubation. Huvudsakligt underhåll av narkos/sedering: Intravenöst med relaxation. Huvudsakligt underhåll av analgesi: Ingen,,SF,,
SF421,Generell anestesi och sedering. Induktion: Rektal. Luftvägskontroll med: Oral intubation. Huvudsakligt underhåll av narkos/sedering: Intravenöst med relaxation. Huvudsakligt underhåll av analgesi: Intravenöst,,SF,,
SF422,Generell anestesi och sedering. Induktion: Rektal. Luftvägskontroll med: Oral intubation. Huvudsakligt underhåll av narkos/sedering: Intravenöst med relaxation. Huvudsakligt underhåll av analgesi: Inhalation,,SF,,
SF423,Generell anestesi och sedering. Induktion: Rektal. Luftvägskontroll med: Oral intubation. Huvudsakligt underhåll av narkos/sedering: Intravenöst med relaxation. Huvudsakligt underhåll av analgesi: Kombination av intravenöst och inhalation,,SF,,
SF424,Generell anestesi och sedering. Induktion: Rektal. Luftvägskontroll med: Oral intubation. Huvudsakligt underhåll av narkos/sedering: Intravenöst med relaxation. Huvudsakligt underhåll av analgesi: Regional,,SF,,
SF430,Generell anestesi och sedering. Induktion: Rektal. Luftvägskontroll med: Oral intubation. Huvudsakligt underhåll av narkos/sedering: Inhalation utan relaxation. Huvudsakligt underhåll av analgesi: Ingen,,SF,,
SF431,Generell anestesi och sedering. Induktion: Rektal. Luftvägskontroll med: Oral intubation. Huvudsakligt underhåll av narkos/sedering: Inhalation utan relaxation. Huvudsakligt underhåll av analgesi: Intravenöst,,SF,,
SF432,Generell anestesi och sedering. Induktion: Rektal. Luftvägskontroll med: Oral intubation. Huvudsakligt underhåll av narkos/sedering: Inhalation utan relaxation. Huvudsakligt underhåll av analgesi: Inhalation,,SF,,
SF433,Generell anestesi och sedering. Induktion: Rektal. Luftvägskontroll med: Oral intubation. Huvudsakligt underhåll av narkos/sedering: Inhalation utan relaxation. Huvudsakligt underhåll av analgesi: Kombination av intravenöst och inhalation,,SF,,
SF434,Generell anestesi och sedering. Induktion: Rektal. Luftvägskontroll med: Oral intubation. Huvudsakligt underhåll av narkos/sedering: Inhalation utan relaxation. Huvudsakligt underhåll av analgesi: Regional,,SF,,
SF440,Generell anestesi och sedering. Induktion: Rektal. Luftvägskontroll med: Oral intubation. Huvudsakligt underhåll av narkos/sedering: Inhalation med relaxation. Huvudsakligt underhåll av analgesi: Ingen,,SF,,
SF441,Generell anestesi och sedering. Induktion: Rektal. Luftvägskontroll med: Oral intubation. Huvudsakligt underhåll av narkos/sedering: Inhalation med relaxation. Huvudsakligt underhåll av analgesi: Intravenöst,,SF,,
SF442,Generell anestesi och sedering. Induktion: Rektal. Luftvägskontroll med: Oral intubation. Huvudsakligt underhåll av narkos/sedering: Inhalation med relaxation. Huvudsakligt underhåll av analgesi: Inhalation,,SF,,
SF443,Generell anestesi och sedering. Induktion: Rektal. Luftvägskontroll med: Oral intubation. Huvudsakligt underhåll av narkos/sedering: Inhalation med relaxation. Huvudsakligt underhåll av analgesi: Kombination av intravenöst och inhalation,,SF,,
SF444,Generell anestesi och sedering. Induktion: Rektal. Luftvägskontroll med: Oral intubation. Huvudsakligt underhåll av narkos/sedering: Inhalation med relaxation. Huvudsakligt underhåll av analgesi: Regional,,SF,,
SF500,Generell anestesi och sedering. Induktion: Rektal. Luftvägskontroll med: Nasal intubation. Huvudsakligt underhåll av narkos/sedering: Ingen. Huvudsakligt underhåll av analgesi: Ingen,,SF,,
SF501,Generell anestesi och sedering. Induktion: Rektal. Luftvägskontroll med: Nasal intubation. Huvudsakligt underhåll av narkos/sedering: Ingen. Huvudsakligt underhåll av analgesi: Intravenöst,,SF,,
SF502,Generell anestesi och sedering. Induktion: Rektal. Luftvägskontroll med: Nasal intubation. Huvudsakligt underhåll av narkos/sedering: Ingen. Huvudsakligt underhåll av analgesi: Inhalation,,SF,,
SF503,Generell anestesi och sedering. Induktion: Rektal. Luftvägskontroll med: Nasal intubation. Huvudsakligt underhåll av narkos/sedering: Ingen. Huvudsakligt underhåll av analgesi: Kombination av intravenöst och inhalation,,SF,,
SF504,Generell anestesi och sedering. Induktion: Rektal. Luftvägskontroll med: Nasal intubation. Huvudsakligt underhåll av narkos/sedering: Ingen. Huvudsakligt underhåll av analgesi: Regional,,SF,,
SF510,Generell anestesi och sedering. Induktion: Rektal. Luftvägskontroll med: Nasal intubation. Huvudsakligt underhåll av narkos/sedering: Intravenöst utan relaxation. Huvudsakligt underhåll av analgesi: Ingen,,SF,,
SF511,Generell anestesi och sedering. Induktion: Rektal. Luftvägskontroll med: Nasal intubation. Huvudsakligt underhåll av narkos/sedering: Intravenöst utan relaxation. Huvudsakligt underhåll av analgesi: Intravenöst,,SF,,
SF512,Generell anestesi och sedering. Induktion: Rektal. Luftvägskontroll med: Nasal intubation. Huvudsakligt underhåll av narkos/sedering: Intravenöst utan relaxation. Huvudsakligt underhåll av analgesi: Inhalation,,SF,,
SF513,Generell anestesi och sedering. Induktion: Rektal. Luftvägskontroll med: Nasal intubation. Huvudsakligt underhåll av narkos/sedering: Intravenöst utan relaxation. Huvudsakligt underhåll av analgesi: Kombination av intravenöst och inhalation,,SF,,
SF514,Generell anestesi och sedering. Induktion: Rektal. Luftvägskontroll med: Nasal intubation. Huvudsakligt underhåll av narkos/sedering: Intravenöst utan relaxation. Huvudsakligt underhåll av analgesi: Regional,,SF,,
SF520,Generell anestesi och sedering. Induktion: Rektal. Luftvägskontroll med: Nasal intubation. Huvudsakligt underhåll av narkos/sedering: Intravenöst med relaxation. Huvudsakligt underhåll av analgesi: Ingen,,SF,,
SF521,Generell anestesi och sedering. Induktion: Rektal. Luftvägskontroll med: Nasal intubation. Huvudsakligt underhåll av narkos/sedering: Intravenöst med relaxation. Huvudsakligt underhåll av analgesi: Intravenöst,,SF,,
SF522,Generell anestesi och sedering. Induktion: Rektal. Luftvägskontroll med: Nasal intubation. Huvudsakligt underhåll av narkos/sedering: Intravenöst med relaxation. Huvudsakligt underhåll av analgesi: Inhalation.,,SF,,
SF523,Generell anestesi och sedering. Induktion: Rektal. Luftvägskontroll med: Nasal intubation. Huvudsakligt underhåll av narkos/sedering: Intravenöst med relaxation. Huvudsakligt underhåll av analgesi: Kombination av intravenöst och inhalation,,SF,,
SF524,Generell anestesi och sedering. Induktion: Rektal. Luftvägskontroll med: Nasal intubation. Huvudsakligt underhåll av narkos/sedering: Intravenöst med relaxation. Huvudsakligt underhåll av analgesi: Regional,,SF,,
SF530,Generell anestesi och sedering. Induktion: Rektal. Luftvägskontroll med: Nasal intubation. Huvudsakligt underhåll av narkos/sedering: Inhalation utan relaxation. Huvudsakligt underhåll av analgesi: Ingen,,SF,,
SF531,Generell anestesi och sedering. Induktion: Rektal. Luftvägskontroll med: Nasal intubation. Huvudsakligt underhåll av narkos/sedering: Inhalation utan relaxation. Huvudsakligt underhåll av analgesi: Intravenöst,,SF,,
SF532,Generell anestesi och sedering. Induktion: Rektal. Luftvägskontroll med: Nasal intubation. Huvudsakligt underhåll av narkos/sedering: Inhalation utan relaxation. Huvudsakligt underhåll av analgesi: Inhalation,,SF,,
SF533,Generell anestesi och sedering. Induktion: Rektal. Luftvägskontroll med: Nasal intubation. Huvudsakligt underhåll av narkos/sedering: Inhalation utan relaxation. Huvudsakligt underhåll av analgesi: Kombination av intravenöst och inhalation,,SF,,
SF534,Generell anestesi och sedering. Induktion: Rektal. Luftvägskontroll med: Nasal intubation. Huvudsakligt underhåll av narkos/sedering: Inhalation utan relaxation. Huvudsakligt underhåll av analgesi: Regional,,SF,,
SF540,Generell anestesi och sedering. Induktion: Rektal. Luftvägskontroll med: Nasal intubation. Huvudsakligt underhåll av narkos/sedering: Inhalation med relaxation. Huvudsakligt underhåll av analgesi: Ingen,,SF,,
SF541,Generell anestesi och sedering. Induktion: Rektal. Luftvägskontroll med: Nasal intubation. Huvudsakligt underhåll av narkos/sedering: Inhalation med relaxation. Huvudsakligt underhåll av analgesi: Intravenöst,,SF,,
SF542,Generell anestesi och sedering. Induktion: Rektal. Luftvägskontroll med: Nasal intubation. Huvudsakligt underhåll av narkos/sedering: Inhalation med relaxation. Huvudsakligt underhåll av analgesi: Inhalation,,SF,,
SF543,Generell anestesi och sedering. Induktion: Rektal. Luftvägskontroll med: Nasal intubation. Huvudsakligt underhåll av narkos/sedering: Inhalation med relaxation. Huvudsakligt underhåll av analgesi: Kombination av intravenöst och inhalation,,SF,,
SF544,Generell anestesi och sedering. Induktion: Rektal. Luftvägskontroll med: Nasal intubation. Huvudsakligt underhåll av narkos/sedering: Inhalation med relaxation. Huvudsakligt underhåll av analgesi: Regional,,SF,,
SF600,Generell anestesi och sedering. Induktion: Rektal. Luftvägskontroll med: Bronkiell dubbellumentub. Huvudsakligt underhåll av narkos/sedering: Ingen. Huvudsakligt underhåll av analgesi: Ingen,,SF,,
SF601,Generell anestesi och sedering. Induktion: Rektal. Luftvägskontroll med: Bronkiell dubbellumentub. Huvudsakligt underhåll av narkos/sedering: Ingen. Huvudsakligt underhåll av analgesi: Intravenöst,,SF,,
SF602,Generell anestesi och sedering. Induktion: Rektal. Luftvägskontroll med: Bronkiell dubbellumentub. Huvudsakligt underhåll av narkos/sedering: Ingen. Huvudsakligt underhåll av analgesi: Inhalation,,SF,,
SF603,Generell anestesi och sedering. Induktion: Rektal. Luftvägskontroll med: Bronkiell dubbellumentub. Huvudsakligt underhåll av narkos/sedering: Ingen. Huvudsakligt underhåll av analgesi: Kombination av intravenöst och inhalation,,SF,,
SF604,Generell anestesi och sedering. Induktion: Rektal. Luftvägskontroll med: Bronkiell dubbellumentub. Huvudsakligt underhåll av narkos/sedering: Ingen. Huvudsakligt underhåll av analgesi: Regional,,SF,,
SF610,Generell anestesi och sedering. Induktion: Rektal. Luftvägskontroll med: Bronkiell dubbellumentub. Huvudsakligt underhåll av narkos/sedering: Intravenöst utan relaxation. Huvudsakligt underhåll av analgesi: Ingen,,SF,,
SF611,Generell anestesi och sedering. Induktion: Rektal. Luftvägskontroll med: Bronkiell dubbellumentub. Huvudsakligt underhåll av narkos/sedering: Intravenöst utan relaxation. Huvudsakligt underhåll av analgesi: Intravenöst,,SF,,
SF612,Generell anestesi och sedering. Induktion: Rektal. Luftvägskontroll med: Bronkiell dubbellumentub. Huvudsakligt underhåll av narkos/sedering: Intravenöst utan relaxation. Huvudsakligt underhåll av analgesi: Inhalation,,SF,,
SF613,Generell anestesi och sedering. Induktion: Rektal. Luftvägskontroll med: Bronkiell dubbellumentub. Huvudsakligt underhåll av narkos/sedering: Intravenöst utan relaxation. Huvudsakligt underhåll av analgesi: Kombination av intravenöst och inhalation,,SF,,
SF614,Generell anestesi och sedering. Induktion: Rektal. Luftvägskontroll med: Bronkiell dubbellumentub. Huvudsakligt underhåll av narkos/sedering: Intravenöst utan relaxation. Huvudsakligt underhåll av analgesi: Regional.,,SF,,
SF620,Generell anestesi och sedering. Induktion: Rektal. Luftvägskontroll med: Bronkiell dubbellumentub. Huvudsakligt underhåll av narkos/sedering: Intravenöst med relaxation. Huvudsakligt underhåll av analgesi: Ingen,,SF,,
SF621,Generell anestesi och sedering. Induktion: Rektal. Luftvägskontroll med: Bronkiell dubbellumentub. Huvudsakligt underhåll av narkos/sedering: Intravenöst med relaxation. Huvudsakligt underhåll av analgesi: Intravenöst,,SF,,
SF622,Generell anestesi och sedering. Induktion: Rektal. Luftvägskontroll med: Bronkiell dubbellumentub. Huvudsakligt underhåll av narkos/sedering: Intravenöst med relaxation. Huvudsakligt underhåll av analgesi: Inhalation,,SF,,
SF623,Generell anestesi och sedering. Induktion: Rektal. Luftvägskontroll med: Bronkiell dubbellumentub. Huvudsakligt underhåll av narkos/sedering: Intravenöst med relaxation. Huvudsakligt underhåll av analgesi: Kombination av intravenöst och inhalation,,SF,,
SF624,Generell anestesi och sedering. Induktion: Rektal. Luftvägskontroll med: Bronkiell dubbellumentub. Huvudsakligt underhåll av narkos/sedering: Intravenöst med relaxation. Huvudsakligt underhåll av analgesi: Regional,,SF,,
SF630,Generell anestesi och sedering. Induktion: Rektal. Luftvägskontroll med: Bronkiell dubbellumentub. Huvudsakligt underhåll av narkos/sedering: Inhalation utan relaxation. Huvudsakligt underhåll av analgesi: Ingen,,SF,,
SF631,Generell anestesi och sedering. Induktion: Rektal. Luftvägskontroll med: Bronkiell dubbellumentub. Huvudsakligt underhåll av narkos/sedering: Inhalation utan relaxation. Huvudsakligt underhåll av analgesi: Intravenöst,,SF,,
SF632,Generell anestesi och sedering. Induktion: Rektal. Luftvägskontroll med: Bronkiell dubbellumentub. Huvudsakligt underhåll av narkos/sedering: Inhalation utan relaxation. Huvudsakligt underhåll av analgesi: Inhalation,,SF,,
SF633,Generell anestesi och sedering. Induktion: Rektal. Luftvägskontroll med: Bronkiell dubbellumentub. Huvudsakligt underhåll av narkos/sedering: Inhalation utan relaxation. Huvudsakligt underhåll av analgesi: Kombination av intravenöst och inhalation,,SF,,
SF634,Generell anestesi och sedering. Induktion: Rektal. Luftvägskontroll med: Bronkiell dubbellumentub. Huvudsakligt underhåll av narkos/sedering: Inhalation utan relaxation. Huvudsakligt underhåll av analgesi: Regional,,SF,,
SF640,Generell anestesi och sedering. Induktion: Rektal. Luftvägskontroll med: Bronkiell dubbellumentub. Huvudsakligt underhåll av narkos/sedering: Inhalation med relaxation. Huvudsakligt underhåll av analgesi: Ingen,,SF,,
SF641,Generell anestesi och sedering. Induktion: Rektal. Luftvägskontroll med: Bronkiell dubbellumentub. Huvudsakligt underhåll av narkos/sedering: Inhalation med relaxation. Huvudsakligt underhåll av analgesi: Intravenöst,,SF,,
SF642,Generell anestesi och sedering. Induktion: Rektal. Luftvägskontroll med: Bronkiell dubbellumentub. Huvudsakligt underhåll av narkos/sedering: Inhalation med relaxation. Huvudsakligt underhåll av analgesi: Inhalation,,SF,,
SF643,Generell anestesi och sedering. Induktion: Rektal. Luftvägskontroll med: Bronkiell dubbellumentub. Huvudsakligt underhåll av narkos/sedering: Inhalation med relaxation. Huvudsakligt underhåll av analgesi: Kombination av intravenöst och inhalation,,SF,,
SF644,Generell anestesi och sedering. Induktion: Rektal. Luftvägskontroll med: Bronkiell dubbellumentub. Huvudsakligt underhåll av narkos/sedering: Inhalation med relaxation. Huvudsakligt underhåll av analgesi: Regional,,SF,,
SF700,Generell anestesi och sedering. Induktion: Rektal. Luftvägskontroll med: Högfrekvensventilation. Huvudsakligt underhåll av narkos/sedering: Ingen. Huvudsakligt underhåll av analgesi: Ingen,,SF,,
SF701,Generell anestesi och sedering. Induktion: Rektal. Luftvägskontroll med: Högfrekvensventilation. Huvudsakligt underhåll av narkos/sedering: Ingen. Huvudsakligt underhåll av analgesi: Intravenöst,,SF,,
SF702,Generell anestesi och sedering. Induktion: Rektal. Luftvägskontroll med: Högfrekvensventilation. Huvudsakligt underhåll av narkos/sedering: Ingen. Huvudsakligt underhåll av analgesi: Inhalation,,SF,,
SF703,Generell anestesi och sedering. Induktion: Rektal. Luftvägskontroll med: Högfrekvensventilation. Huvudsakligt underhåll av narkos/sedering: Ingen. Huvudsakligt underhåll av analgesi: Kombination av intravenöst och inhalation,,SF,,
SF704,Generell anestesi och sedering. Induktion: Rektal. Luftvägskontroll med: Högfrekvensventilation. Huvudsakligt underhåll av narkos/sedering: Ingen. Huvudsakligt underhåll av analgesi: Regional,,SF,,
SF710,Generell anestesi och sedering. Induktion: Rektal. Luftvägskontroll med: Högfrekvensventilation. Huvudsakligt underhåll av narkos/sedering: Intravenöst utan relaxation. Huvudsakligt underhåll av analgesi: Ingen,,SF,,
SF711,Generell anestesi och sedering. Induktion: Rektal. Luftvägskontroll med: Högfrekvensventilation. Huvudsakligt underhåll av narkos/sedering: Intravenöst utan relaxation. Huvudsakligt underhåll av analgesi: Intravenöst,,SF,,
SF712,Generell anestesi och sedering. Induktion: Rektal. Luftvägskontroll med: Högfrekvensventilation. Huvudsakligt underhåll av narkos/sedering: Intravenöst utan relaxation. Huvudsakligt underhåll av analgesi: Inhalation,,SF,,
SF713,Generell anestesi och sedering. Induktion: Rektal. Luftvägskontroll med: Högfrekvensventilation. Huvudsakligt underhåll av narkos/sedering: Intravenöst utan relaxation. Huvudsakligt underhåll av analgesi: Kombination av intravenöst och inhalation,,SF,,
SF714,Generell anestesi och sedering. Induktion: Rektal. Luftvägskontroll med: Högfrekvensventilation. Huvudsakligt underhåll av narkos/sedering: Intravenöst utan relaxation. Huvudsakligt underhåll av analgesi: Regional,,SF,,
SF720,Generell anestesi och sedering. Induktion: Rektal. Luftvägskontroll med: Högfrekvensventilation. Huvudsakligt underhåll av narkos/sedering: Intravenöst med relaxation. Huvudsakligt underhåll av analgesi: Ingen,,SF,,
SF721,Generell anestesi och sedering. Induktion: Rektal. Luftvägskontroll med: Högfrekvensventilation. Huvudsakligt underhåll av narkos/sedering: Intravenöst med relaxation. Huvudsakligt underhåll av analgesi: Intravenöst,,SF,,
SF722,Generell anestesi och sedering. Induktion: Rektal. Luftvägskontroll med: Högfrekvensventilation. Huvudsakligt underhåll av narkos/sedering: Intravenöst med relaxation. Huvudsakligt underhåll av analgesi: Inhalation,,SF,,
SF723,Generell anestesi och sedering. Induktion: Rektal. Luftvägskontroll med: Högfrekvensventilation. Huvudsakligt underhåll av narkos/sedering: Intravenöst med relaxation. Huvudsakligt underhåll av analgesi: Kombination av intravenöst och inhalation,,SF,,
SF724,Generell anestesi och sedering. Induktion: Rektal. Luftvägskontroll med: Högfrekvensventilation. Huvudsakligt underhåll av narkos/sedering: Intravenöst med relaxation. Huvudsakligt underhåll av analgesi: Regional,,SF,,
SF730,Generell anestesi och sedering. Induktion: Rektal. Luftvägskontroll med: Högfrekvensventilation. Huvudsakligt underhåll av narkos/sedering: Inhalation utan relaxation. Huvudsakligt underhåll av analgesi: Ingen,,SF,,
SF731,Generell anestesi och sedering. Induktion: Rektal. Luftvägskontroll med: Högfrekvensventilation. Huvudsakligt underhåll av narkos/sedering: Inhalation utan relaxation. Huvudsakligt underhåll av analgesi: Intravenöst,,SF,,
SF732,Generell anestesi och sedering. Induktion: Rektal. Luftvägskontroll med: Högfrekvensventilation. Huvudsakligt underhåll av narkos/sedering: Inhalation utan relaxation. Huvudsakligt underhåll av analgesi: Inhalation,,SF,,
SF733,Generell anestesi och sedering. Induktion: Rektal. Luftvägskontroll med: Högfrekvensventilation. Huvudsakligt underhåll av narkos/sedering: Inhalation utan relaxation. Huvudsakligt underhåll av analgesi: Kombination av intravenöst och inhalation,,SF,,
SF734,Generell anestesi och sedering. Induktion: Rektal. Luftvägskontroll med: Högfrekvensventilation. Huvudsakligt underhåll av narkos/sedering: Inhalation utan relaxation. Huvudsakligt underhåll av analgesi: Regional,,SF,,
SF740,Generell anestesi och sedering. Induktion: Rektal. Luftvägskontroll med: Högfrekvensventilation. Huvudsakligt underhåll av narkos/sedering: Inhalation med relaxation. Huvudsakligt underhåll av analgesi: Ingen,,SF,,
SF741,Generell anestesi och sedering. Induktion: Rektal. Luftvägskontroll med: Högfrekvensventilation. Huvudsakligt underhåll av narkos/sedering: Inhalation med relaxation. Huvudsakligt underhåll av analgesi: Intravenöst,,SF,,
SF742,Generell anestesi och sedering. Induktion: Rektal. Luftvägskontroll med: Högfrekvensventilation. Huvudsakligt underhåll av narkos/sedering: Inhalation med relaxation. Huvudsakligt underhåll av analgesi: Inhalation,,SF,,
SF743,Generell anestesi och sedering. Induktion: Rektal. Luftvägskontroll med: Högfrekvensventilation. Huvudsakligt underhåll av narkos/sedering: Inhalation med relaxation. Huvudsakligt underhåll av analgesi: Kombination av intravenöst och inhalation,,SF,,
SF744,Generell anestesi och sedering. Induktion: Rektal. Luftvägskontroll med: Högfrekvensventilation. Huvudsakligt underhåll av narkos/sedering: Inhalation med relaxation. Huvudsakligt underhåll av analgesi: Regional,,SF,,
SF800,Generell anestesi och sedering. Induktion: Rektal. Luftvägskontroll med: ”Rapid sequence induction” oavsett intubationsväg. Huvudsakligt underhåll av narkos/sedering: Ingen. Huvudsakligt underhåll av analgesi: Ingen,,SF,,
SF801,Generell anestesi och sedering. Induktion: Rektal. Luftvägskontroll med: ”Rapid sequence induction” oavsett intubationsväg. Huvudsakligt underhåll av narkos/sedering: Ingen. Huvudsakligt underhåll av analgesi: Intravenöst,,SF,,
SF802,Generell anestesi och sedering. Induktion: Rektal. Luftvägskontroll med: ”Rapid sequence induction” oavsett intubationsväg. Huvudsakligt underhåll av narkos/sedering: Ingen. Huvudsakligt underhåll av analgesi: Inhalation,,SF,,
SF803,Generell anestesi och sedering. Induktion: Rektal. Luftvägskontroll med: ”Rapid sequence induction” oavsett intubationsväg. Huvudsakligt underhåll av narkos/sedering: Ingen. Huvudsakligt underhåll av analgesi: Kombination av intravenöst och inhalation,,SF,,
SF804,Generell anestesi och sedering. Induktion: Rektal. Luftvägskontroll med: ”Rapid sequence induction” oavsett intubationsväg. Huvudsakligt underhåll av narkos/sedering: Ingen. Huvudsakligt underhåll av analgesi: Regional,,SF,,
SF810,Generell anestesi och sedering. Induktion: Rektal. Luftvägskontroll med: ”Rapid sequence induction” oavsett intubationsväg. Huvudsakligt underhåll av narkos/sedering: Intravenöst utan relaxation. Huvudsakligt underhåll av analgesi: Ingen,,SF,,
SF811,Generell anestesi och sedering. Induktion: Rektal. Luftvägskontroll med: ”Rapid sequence induction” oavsett intubationsväg. Huvudsakligt underhåll av narkos/sedering: Intravenöst utan relaxation. Huvudsakligt underhåll av analgesi: Intravenöst,,SF,,
SF812,Generell anestesi och sedering. Induktion: Rektal. Luftvägskontroll med: ”Rapid sequence induction” oavsett intubationsväg. Huvudsakligt underhåll av narkos/sedering: Intravenöst utan relaxation. Huvudsakligt underhåll av analgesi: Inhalation,,SF,,
SF813,Generell anestesi och sedering. Induktion: Rektal. Luftvägskontroll med: ”Rapid sequence induction” oavsett intubationsväg. Huvudsakligt underhåll av narkos/sedering: Intravenöst utan relaxation. Huvudsakligt underhåll av analgesi: Kombination av intravenöst och inhalation,,SF,,
SF814,Generell anestesi och sedering. Induktion: Rektal. Luftvägskontroll med: ”Rapid sequence induction” oavsett intubationsväg. Huvudsakligt underhåll av narkos/sedering: Intravenöst utan relaxation. Huvudsakligt underhåll av analgesi: Regional,,SF,,
SF820,Generell anestesi och sedering. Induktion: Rektal. Luftvägskontroll med: ”Rapid sequence induction” oavsett intubationsväg. Huvudsakligt underhåll av narkos/sedering: Intravenöst med relaxation. Huvudsakligt underhåll av analgesi: Ingen,,SF,,
SF821,Generell anestesi och sedering. Induktion: Rektal. Luftvägskontroll med: ”Rapid sequence induction” oavsett intubationsväg. Huvudsakligt underhåll av narkos/sedering: Intravenöst med relaxation. Huvudsakligt underhåll av analgesi: Intravenöst,,SF,,
SF822,Generell anestesi och sedering. Induktion: Rektal. Luftvägskontroll med: ”Rapid sequence induction” oavsett intubationsväg. Huvudsakligt underhåll av narkos/sedering: Intravenöst med relaxation. Huvudsakligt underhåll av analgesi: Inhalation,,SF,,
SF823,Generell anestesi och sedering. Induktion: Rektal. Luftvägskontroll med: ”Rapid sequence induction” oavsett intubationsväg. Huvudsakligt underhåll av narkos/sedering: Intravenöst med relaxation. Huvudsakligt underhåll av analgesi: Kombination av intravenöst och inhalation,,SF,,
SF824,Generell anestesi och sedering. Induktion: Rektal. Luftvägskontroll med: ”Rapid sequence induction” oavsett intubationsväg. Huvudsakligt underhåll av narkos/sedering: Intravenöst med relaxation. Huvudsakligt underhåll av analgesi: Regional,,SF,,
SF830,Generell anestesi och sedering. Induktion: Rektal. Luftvägskontroll med: ”Rapid sequence induction” oavsett intubationsväg. Huvudsakligt underhåll av narkos/sedering: Inhalation utan relaxation. Huvudsakligt underhåll av analgesi: Ingen,,SF,,
SF831,Generell anestesi och sedering. Induktion: Rektal. Luftvägskontroll med: ”Rapid sequence induction” oavsett intubationsväg. Huvudsakligt underhåll av narkos/sedering: Inhalation utan relaxation. Huvudsakligt underhåll av analgesi: Intravenöst,,SF,,
SF832,Generell anestesi och sedering. Induktion: Rektal. Luftvägskontroll med: ”Rapid sequence induction” oavsett intubationsväg. Huvudsakligt underhåll av narkos/sedering: Inhalation utan relaxation. Huvudsakligt underhåll av analgesi: Inhalation,,SF,,
SF833,Generell anestesi och sedering. Induktion: Rektal. Luftvägskontroll med: ”Rapid sequence induction” oavsett intubationsväg. Huvudsakligt underhåll av narkos/sedering: Inhalation utan relaxation. Huvudsakligt underhåll av analgesi: Kombination av intravenöst och inhalation,,SF,,
SF834,Generell anestesi och sedering. Induktion: Rektal. Luftvägskontroll med: ”Rapid sequence induction” oavsett intubationsväg. Huvudsakligt underhåll av narkos/sedering: Inhalation utan relaxation. Huvudsakligt underhåll av analgesi: Regional,,SF,,
SF840,Generell anestesi och sedering. Induktion: Rektal. Luftvägskontroll med: ”Rapid sequence induction” oavsett intubationsväg. Huvudsakligt underhåll av narkos/sedering: Inhalation med relaxation. Huvudsakligt underhåll av analgesi: Ingen,,SF,,
SF841,Generell anestesi och sedering. Induktion: Rektal. Luftvägskontroll med: ”Rapid sequence induction” oavsett intubationsväg. Huvudsakligt underhåll av narkos/sedering: Inhalation med relaxation. Huvudsakligt underhåll av analgesi: Intravenöst,,SF,,
SF842,Generell anestesi och sedering. Induktion: Rektal. Luftvägskontroll med: ”Rapid sequence induction” oavsett intubationsväg. Huvudsakligt underhåll av narkos/sedering: Inhalation med relaxation. Huvudsakligt underhåll av analgesi: Inhalation,,SF,,
SF843,Generell anestesi och sedering. Induktion: Rektal. Luftvägskontroll med: ”Rapid sequence induction” oavsett intubationsväg. Huvudsakligt underhåll av narkos/sedering: Inhalation med relaxation. Huvudsakligt underhåll av analgesi: Kombination av intravenöst och inhalation,,SF,,
SF844,Generell anestesi och sedering. Induktion: Rektal. Luftvägskontroll med: ”Rapid sequence induction” oavsett intubationsväg. Huvudsakligt underhåll av narkos/sedering: Inhalation med relaxation. Huvudsakligt underhåll av analgesi: Regional,,SF,,
SF900,"Generell anestesi och sedering. Induktion: Rektal. Luftvägskontroll med: Övrigt, t.ex. trakeostoma. Huvudsakligt underhåll av narkos/sedering: Ingen. Huvudsakligt underhåll av analgesi: Ingen",,SF,,
SF901,"Generell anestesi och sedering. Induktion: Rektal. Luftvägskontroll med: Övrigt, t.ex. trakeostoma. Huvudsakligt underhåll av narkos/sedering: Ingen. Huvudsakligt underhåll av analgesi: Intravenöst",,SF,,
SF902,"Generell anestesi och sedering. Induktion: Rektal. Luftvägskontroll med: Övrigt, t.ex. trakeostoma. Huvudsakligt underhåll av narkos/sedering: Ingen. Huvudsakligt underhåll av analgesi: Inhalation",,SF,,
SF903,"Generell anestesi och sedering. Induktion: Rektal. Luftvägskontroll med: Övrigt, t.ex. trakeostoma. Huvudsakligt underhåll av narkos/sedering: Ingen. Huvudsakligt underhåll av analgesi: Kombination av intravenöst och inhalation",,SF,,
SF904,"Generell anestesi och sedering. Induktion: Rektal. Luftvägskontroll med: Övrigt, t.ex. trakeostoma. Huvudsakligt underhåll av narkos/sedering: Ingen. Huvudsakligt underhåll av analgesi: Regional",,SF,,
SF910,"Generell anestesi och sedering. Induktion: Rektal. Luftvägskontroll med: Övrigt, t.ex. trakeostoma. Huvudsakligt underhåll av narkos/sedering: Intravenöst utan relaxation. Huvudsakligt underhåll av analgesi: Ingen",,SF,,
SF911,"Generell anestesi och sedering. Induktion: Rektal. Luftvägskontroll med: Övrigt, t.ex. trakeostoma. Huvudsakligt underhåll av narkos/sedering: Intravenöst utan relaxation. Huvudsakligt underhåll av analgesi: Intravenöst",,SF,,
SF912,"Generell anestesi och sedering. Induktion: Rektal. Luftvägskontroll med: Övrigt, t.ex. trakeostoma. Huvudsakligt underhåll av narkos/sedering: Intravenöst utan relaxation. Huvudsakligt underhåll av analgesi: Inhalation",,SF,,
SF913,"Generell anestesi och sedering. Induktion: Rektal. Luftvägskontroll med: Övrigt, t.ex. trakeostoma. Huvudsakligt underhåll av narkos/sedering: Intravenöst utan relaxation. Huvudsakligt underhåll av analgesi: Kombination av intravenöst och inhalation",,SF,,
SF914,"Generell anestesi och sedering. Induktion: Rektal. Luftvägskontroll med: Övrigt, t.ex. trakeostoma. Huvudsakligt underhåll av narkos/sedering: Intravenöst utan relaxation. Huvudsakligt underhåll av analgesi: Regional",,SF,,
SF920,"Generell anestesi och sedering. Induktion: Rektal. Luftvägskontroll med: Övrigt, t.ex. trakeostoma. Huvudsakligt underhåll av narkos/sedering: Intravenöst med relaxation. Huvudsakligt underhåll av analgesi: Ingen",,SF,,
SF921,"Generell anestesi och sedering. Induktion: Rektal. Luftvägskontroll med: Övrigt, t.ex. trakeostoma. Huvudsakligt underhåll av narkos/sedering: Intravenöst med relaxation. Huvudsakligt underhåll av analgesi: Intravenöst",,SF,,
SF922,"Generell anestesi och sedering. Induktion: Rektal. Luftvägskontroll med: Övrigt, t.ex. trakeostoma. Huvudsakligt underhåll av narkos/sedering: Intravenöst med relaxation. Huvudsakligt underhåll av analgesi: Inhalation",,SF,,
SF923,"Generell anestesi och sedering. Induktion: Rektal. Luftvägskontroll med: Övrigt, t.ex. trakeostoma. Huvudsakligt underhåll av narkos/sedering: Intravenöst med relaxation. Huvudsakligt underhåll av analgesi: Kombination av intravenöst och inhalation",,SF,,
SF924,"Generell anestesi och sedering. Induktion: Rektal. Luftvägskontroll med: Övrigt, t.ex. trakeostoma. Huvudsakligt underhåll av narkos/sedering: Intravenöst med relaxation. Huvudsakligt underhåll av analgesi: Regional",,SF,,
SF930,"Generell anestesi och sedering. Induktion: Rektal. Luftvägskontroll med: Övrigt, t.ex. trakeostoma. Huvudsakligt underhåll av narkos/sedering: Inhalation utan relaxation. Huvudsakligt underhåll av analgesi: Ingen",,SF,,
SF931,"Generell anestesi och sedering. Induktion: Rektal. Luftvägskontroll med: Övrigt, t.ex. trakeostoma. Huvudsakligt underhåll av narkos/sedering: Inhalation utan relaxation. Huvudsakligt underhåll av analgesi: Intravenöst",,SF,,
SF932,"Generell anestesi och sedering. Induktion: Rektal. Luftvägskontroll med: Övrigt, t.ex. trakeostoma. Huvudsakligt underhåll av narkos/sedering: Inhalation utan relaxation. Huvudsakligt underhåll av analgesi: Inhalation",,SF,,
SF933,"Generell anestesi och sedering. Induktion: Rektal. Luftvägskontroll med: Övrigt, t.ex. trakeostoma. Huvudsakligt underhåll av narkos/sedering: Inhalation utan relaxation. Huvudsakligt underhåll av analgesi: Kombination av intravenöst och inhalation",,SF,,
SF934,"Generell anestesi och sedering. Induktion: Rektal. Luftvägskontroll med: Övrigt, t.ex. trakeostoma. Huvudsakligt underhåll av narkos/sedering: Inhalation utan relaxation. Huvudsakligt underhåll av analgesi: Regional",,SF,,
SF940,"Generell anestesi och sedering. Induktion: Rektal. Luftvägskontroll med: Övrigt, t.ex. trakeostoma. Huvudsakligt underhåll av narkos/sedering: Inhalation med relaxation. Huvudsakligt underhåll av analgesi: Ingen",,SF,,
SF941,"Generell anestesi och sedering. Induktion: Rektal. Luftvägskontroll med: Övrigt, t.ex. trakeostoma. Huvudsakligt underhåll av narkos/sedering: Inhalation med relaxation. Huvudsakligt underhåll av analgesi: Intravenöst",,SF,,
SF942,"Generell anestesi och sedering. Induktion: Rektal. Luftvägskontroll med: Övrigt, t.ex. trakeostoma. Huvudsakligt underhåll av narkos/sedering: Inhalation med relaxation. Huvudsakligt underhåll av analgesi: Inhalation",,SF,,
SF943,"Generell anestesi och sedering. Induktion: Rektal. Luftvägskontroll med: Övrigt, t.ex. trakeostoma. Huvudsakligt underhåll av narkos/sedering: Inhalation med relaxation. Huvudsakligt underhåll av analgesi: Kombination av intravenöst och inhalation",,SF,,
SF944,"Generell anestesi och sedering. Induktion: Rektal. Luftvägskontroll med: Övrigt, t.ex. trakeostoma. Huvudsakligt underhåll av narkos/sedering: Inhalation med relaxation. Huvudsakligt underhåll av analgesi: Regional",,SF,,
SG,Generell anestesi och övrig sedering,,S,,
SG000,"Nasal sedering, spontanandning utan syrgas",,SG,,
SG100,"Nasal sedering, spontanandning med syrgas",,SG,,
SG999,Generell anestesi UNS,,SG,,
SI,Ytlig anestesi,,S,,
SI110,Slemhinneanestesi,,SI,,
SI310,Ytanestesi UNS,,SI,,
SI410,Infiltrationsanestesi UNS,,SI,,
SI412,Infiltrationsanestesi med tunnelerad kateter,,SI,,
SJ,Intravenös regionalanestesi,,S,,
SJ210,Intravenös regionalanestesi i övre extremitet,,SJ,,
SJ410,Intravenös regionalanestesi i nedre extremitet,,SJ,,
SK,Ledningsanestesi,,S,,
SK110,Trigeminusblockad utan kateter,,SK,,
SK111,Trigeminusblockad med kateter,,SK,,
SK112,Trigeminusblockad med tunnelerad kateter,,SK,,
SK119,Trigeminusblockad UNS,,SK,,
SK140,Stellatumblockad utan kateter,,SK,,
SK141,Stellatumblockad med kateter,,SK,,
SK142,Stellatumblockad med tunnelerad kateter,,SK,,
SK149,Stellatumblockad UNS,,SK,,
SK196,Annan regional blockad huvud/hals,,SK,,
SK199,Regional blockad huvud/hals UNS,,SK,,
SK210,Interskalenär plexusblockad utan kateter,,SK,,
SK211,Interskalenär plexusblockad med kateter,,SK,,
SK212,Interskalenär plexusblockad med tunnelerad kateter,,SK,,
SK219,Interskalenär plexusblockad UNS,,SK,,
SK220,Supraklavikulär plexusblockad utan kateter,,SK,,
SK221,Supraklavikulär plexusblockad med kateter,,SK,,
SK222,Supraklavikulär plexusblockad med tunnelerad kateter,,SK,,
SK229,Supraklavikulär plexusblockad UNS,,SK,,
SK230,Infraklavikulär plexusblockad utan kateter,,SK,,
SK231,Infraklavikulär plexusblockad med kateter,,SK,,
SK232,Infraklavikulär plexusblockad med tunnelerad kateter,,SK,,
SK239,Infraklavikulär plexusblockad UNS,,SK,,
SK240,Axillär plexusblockad utan kateter,,SK,,
SK241,Axillär plexusblockad med kateter,,SK,,
SK242,Axillär plexusblockad med tunnelerad kateter,,SK,,
SK249,Axillär plexusblockad UNS,,SK,,
SK250,Ulnarisblockad utan kateter,,SK,,
SK251,Ulnarisblockad med kateter,,SK,,
SK252,Ulnarisblockad med tunnelerad kateter,,SK,,
SK259,Ulnarisblockad UNS,,SK,,
SK260,Medianusblockad utan kateter,,SK,,
SK261,Medianusblockad med kateter,,SK,,
SK262,Medianusblockad med tunnelerad kateter,,SK,,
SK269,Medianusblockad UNS,,SK,,
SK270,Radialisblockad utan kateter,,SK,,
SK271,Radialisblockad med kateter,,SK,,
SK272,Radialisblockad med tunnelerad kateter,,SK,,
SK279,Radialisblockad UNS,,SK,,
SK280,Trippelblockad (samtliga tre nervstammar i övre extremiteten) utan kateter,,SK,,
SK281,Trippelblockad (samtliga tre nervstammar i övre extremiteten) med kateter,,SK,,
SK282,Trippelblockad (samtliga tre nervstammar i övre extremiteten) med tunnelerad kateter,,SK,,
SK289,Trippelblockad (samtliga tre nervstammar i övre extremiteten) UNS,,SK,,
SK296,Annan regional blockad i övre extremitet,,SK,,
SK299,Regional blockad i övre extremitet UNS,,SK,,
SK410,Subakromialblockad utan kateter,,SK,,
SK411,Subakromialblockad med kateter,,SK,,
SK412,Subakromialblockad med tunnelerad kateter,,SK,,
SK419,Subakromialblockad UNS,,SK,,
SK420,Interkostalblockad utan kateter,,SK,,
SK421,Interkostalblockad med kateter,,SK,,
SK422,Interkostalblockad med tunnelerad kateter,,SK,,
SK429,Interkostalblockad UNS,,SK,,
SK430,Intrapleuralblockad utan kateter,,SK,,
SK431,Intrapleuralblockad med kateter,,SK,,
SK432,Intrapleuralblockad med tunnelerad kateter,,SK,,
SK439,Intrapleuralblockad UNS,,SK,,
SK440,Paravertebralblockad utan kateter,,SK,,
SK441,Paravertebralblockad med kateter,,SK,,
SK442,Paravertebralblockad med tunnelerad kateter,,SK,,
SK449,Paravertebralblockad UNS,,SK,,
SK450,Rotblockad utan kateter,,SK,,
SK451,Rotblockad med kateter,,SK,,
SK452,Rotblockad med tunnelerad kateter,,SK,,
SK459,Rotblockad UNS (inkluderar diagnostisk rotblockad),,SK,,
SK460,Facettledsblockad utan kateter,,SK,,
SK461,Facettledsblockad med kateter,,SK,,
SK462,Facettledsblockad med tunnelerad kateter,,SK,,
SK469,Facettledsblockad UNS,,SK,,
SK470,Celiakusblockad utan kateter,,SK,,
SK471,Celiakusblockad med kateter,,SK,,
SK472,Celiakusblockad med tunnelerad kateter,,SK,,
SK479,Celiakusblockad UNS,,SK,,
SK480,Splanknikusblockad utan kateter,,SK,,
SK481,Splanknikusblockad med kateter,,SK,,
SK482,Splanknikusblockad med tunnelerad kateter,,SK,,
SK489,Splanknikusblockad UNS,,SK,,
SK495,Transversus Abdominal Plane Block (TAP),,SK,,
SK496,Annan regional blockad i bål,,SK,,
SK499,Regional blockad i bål UNS,,SK,,
SK510,Ilioinguinalisblockad utan kateter,,SK,,
SK511,Ilioinguinalisblockad med kateter,,SK,,
SK512,Ilioinguinalisblockad med tunnelerad kateter,,SK,,
SK519,Ilioinguinalisblockad UNS,,SK,,
SK520,Paracervikalblockad utan kateter,,SK,,
SK521,Paracervikalblockad med kateter,,SK,,
SK522,Paracervikalblockad med tunnelerad kateter,,SK,,
SK529,Paracervikalblockad UNS,,SK,,
SK530,Piriformisblockad utan kateter,,SK,,
SK531,Piriformisblockad med kateter,,SK,,
SK532,Piriformisblockad med tunnelerad kateter,,SK,,
SK539,Piriformisblockad UNS,,SK,,
SK540,Pudendusblockad utan kateter,,SK,,
SK541,Pudendusblockad med kateter,,SK,,
SK542,Pudendusblockad med tunnelerad kateter,,SK,,
SK549,Pudendusblockad UNS,,SK,,
SK550,Penisbasblockad utan kateter,,SK,,
SK551,Penisbasblockad med kateter,,SK,,
SK552,Penisbasblockad med tunnelerad kateter,,SK,,
SK559,Penisbasblockad UNS,,SK,,
SK560,Hypogastrikusblockad utan kateter,,SK,,
SK561,Hypogastrikusblockad med kateter,,SK,,
SK562,Hypogastrikusblockad med tunnelerad kateter,,SK,,
SK569,Hypogastrikusblockad UNS,,SK,,
SK570,Sakroiliakablockad utan kateter,,SK,,
SK571,Sakroiliakablockad med kateter,,SK,,
SK572,Sakroiliakablockad med tunnelerad kateter,,SK,,
SK579,Sakroiliakablockad UNS,,SK,,
SK580,Sympatikusblockad (lumbal) utan kateter,,SK,,
SK581,Sympatikusblockad (lumbal) med kateter,,SK,,
SK582,Sympatikusblockad (lumbal) med tunnelerad kateter,,SK,,
SK589,Sympatikusblockad UNS,,SK,,
SK610,Diskblockad utan kateter,,SK,,
SK620,Blockad av funiculus spermaticus,,SK,,
SK710,Femoralisblockad utan kateter,,SK,,
SK711,Femoralisblockad med kateter,,SK,,
SK712,Femoralisblockad med tunnelerad kateter,,SK,,
SK719,Femoralisblockad UNS,,SK,,
SK720,Plexus lumbalisblockad utan kateter,,SK,,
SK721,Plexus lumbalisblockad med kateter,,SK,,
SK722,Plexus lumbalisblockad med tunnelerad kateter,,SK,,
SK729,Plexus lumbalisblockad UNS,,SK,,
SK730,"Ischiadikusblockad - proximal, utan kateter",,SK,,
SK731,"Ischiadikusblockad - proximal, med kateter",,SK,,
SK732,"Ischiadikusblockad - proximal, med tunnelerad kateter",,SK,,
SK739,Ischiadikusblockad - proximal UNS,,SK,,
SK740,"Ischiadicusblockad - distal, utan kateter",,SK,,
SK741,"Ischiadicusblockad - distal, med kateter",,SK,,
SK742,"Ischiadicusblockad - distal, med tunnelerad kateter",,SK,,
SK749,Ischiadicusblockad - distal UNS,,SK,,
SK750,Ischiadikus-femoralis-blockad utan kateter,,SK,,
SK751,Ischiadikus-femoralis-blockad med kateter,,SK,,
SK752,Ischiadikus-femoralis-blockad med tunnelerad kateter,,SK,,
SK759,Ischiadikus-femoralis-blockad UNS,,SK,,
SK760,Fotledsblockad utan kateter,,SK,,
SK761,Fotledsblockad med kateter,,SK,,
SK762,Fotledsblockad med tunnelerad kateter,,SK,,
SK769,Fotledsblockad UNS,,SK,,
SK796,Annan regional blockad i nedre extremitet,,SK,,
SK799,Regional blockad i nedre extremitet UNS,,SK,,
SK900,Ismelinblockad,,SK,,
SK910,Triggerpunktsblockad,,SK,,
SK999,Ledningsanestesi UNS,,SK,,
SL,Intratekal anestesi (Spinalanestesi),,S,,
SL100,Intratekal blockad utan kateter,,SL,,
SL101,Intratekal blockad med kateter,,SL,,
SL102,Inläggning av tunnelerad intratekal kateter,,SL,,
SL103,Påfyllning av spinal smärtlindring via redan anlagd kateter,,SL,,
SL199,Spinalanestesi UNS,,SL,,
SN,Epiduralanestesi,,S,,
SN110,Cervikal epiduralblockad utan kateter,,SN,,
SN111,Cervikal epiduralblockad med kateter,,SN,,
SN112,Cervikal epiduralblockad med tunnelerad kateter,,SN,,
SN210,Torakal epiduralblockad utan kateter,,SN,,
SN211,Torakal epiduralblockad med kateter,,SN,,
SN212,Torakal epiduralblockad med tunnelerad kateter,,SN,,
SN221,Torakal epiduralblockad med kateter kombinerad med intratekal blockad,,SN,,
SN222,Torakal epiduralblockad med tunnelerad kateter kombinerad med intratekal blockad,,SN,,
SN310,Lumbal epiduralblockad utan kateter,,SN,,
SN311,Lumbal epiduralblockad med kateter,,SN,,
SN312,Lumbal epiduralblockad med tunnelerad kateter,,SN,,
SN321,Lumbal epiduralblockad med kateter kombinerad med intratekal blockad,,SN,,
SN322,Lumbal epiduralblockad med tunnelerad kateter kombinerad med intratekal blockad,,SN,,
SN490,Sakralblockad utan kateter,,SN,,
SN491,Sakralblockad med kateter,,SN,,
SN492,Sakralblockad med tunnelerad kateter,,SN,,
SN499,Sakralblockad UNS,,SN,,
SN800,Läggande av epidural blood patch,,SN,,
SN995,Påfyllning av epidural smärtlindring via redan anlagd kateter,,SN,,
SN999,Epiduralblockad UNS,,SN,,
SO,Övriga blockader,,S,,
SP,Åtgärder för att skapa venös tillgång till blodbanan,,S,,
SP010,Punktion av perifer ven för blodprovstagning,,SP,,
SP021,Inläggning av perifer venkateter,,SP,,
SP096,Annan mindre operation för kateterisering av perifer ven,,SP,,
SP105,Inläggning av perifert insatt central kateter (PICC),,SP,,
SP111,"Inläggning av central venkateter, enlumen, i vena jugularis interna, icke tunnelerad",,SP,,
SP112,"Inläggning av central venkateter, enlumen, i vena jugularis interna, tunnelerad",,SP,,
SP121,"Inläggning av central venkateter, enlumen, i vena jugularis externa, icke tunnelerad",,SP,,
SP122,"Inläggning av central venkateter, enlumen, i vena jugularis externa, tunnelerad",,SP,,
SP131,"Inläggning av central venkateter, enlumen, i vena subclavia, icke tunnelerad",,SP,,
SP132,"Inläggning av central venkateter, enlumen, i vena subclavia, tunnelerad",,SP,,
SP141,"Inläggning av central venkateter, enlumen, i vena brachiocephalica, icke tunnelerad",,SP,,
SP142,"Inläggning av central venkateter, enlumen, i vena brachiocephalica, tunnelerad",,SP,,
SP151,"Inläggning av central venkateter, enlumen, i vena femoralis, icke tunnelerad",,SP,,
SP152,"Inläggning av central venkateter, enlumen, i vena femoralis, tunnelerad",,SP,,
SP161,"Inläggning av central venkateter, enlumen, i vena umbilicalis, icke tunnelerad",,SP,,
SP162,"Inläggning av central venkateter, enlumen, i vena umbilicalis, tunnelerad",,SP,,
SP181,"Avlägsnande av icke tunnelerad central venkateter, enlumen",,SP,,
SP182,"Avlägsnande av tunnelerad central venkateter, enlumen",,SP,,
SP183,Avlägsnande av perifert insatt central kateter (PICC),,SP,,
SP191,"Inläggning av central venkateter i annat eller kärl UNS, enlumen, icke tunnelerad",,SP,,
SP192,"Inläggning av central venkateter i annat eller kärl UNS, enlumen, tunnelerad",,SP,,
SP199,"Inläggning av CVK, enlumen, UNS",,SP,,
SP211,"Inläggning av central venkateter, flerlumen, i vena jugularis interna, icke tunnelerad",,SP,,
SP212,"Inläggning av central venkateter, flerlumen, i vena jugularis interna, tunnelerad",,SP,,
SP221,"Inläggning av central venkateter, flerlumen, i vena jugularis externa, icke tunnelerad",,SP,,
SP222,"Inläggning av central venkateter, flerlumen, i vena jugularis externa, tunnelerad",,SP,,
SP231,"Inläggning av central venkateter, flerlumen, i vena subclavia, icke tunnelerad",,SP,,
SP232,"Inläggning av central venkateter, flerlumen, i vena subclavia, tunnelerad",,SP,,
SP241,"Inläggning av central venkateter, flerlumen, i vena brachiocephalica, icke tunnelerad",,SP,,
SP242,"Inläggning av central venkateter, flerlumen, i vena brachiocephalica, tunnelerad",,SP,,
SP251,"Inläggning av central venkateter, flerlumen, i vena femoralis, icke tunnelerad",,SP,,
SP252,"Inläggning av central venkateter, flerlumen, i vena femoralis, tunnelerad",,SP,,
SP261,"Inläggning av central venkateter, flerlumen, i vena umbilicalis, icke tunnelerad",,SP,,
SP262,"Inläggning av central venkateter, flerlumen, i vena umbilicalis, tunnelerad",,SP,,
SP281,"Avlägsnande av central venkateter, flerlumen, icke tunnelerad",,SP,,
SP282,"Avlägsnande av central venkateter, flerlumen, tunnelerad",,SP,,
SP291,"Inläggning av central venkateter, flerlumen, i annat eller kärl UNS, icke tunnelerad",,SP,,
SP292,"Inläggning av central venkateter, flerlumen, i annat eller kärl UNS, tunnelerad",,SP,,
SP299,"Inläggning av CVK, flerlumen, UNS",,SP,,
SP311,"Inläggning av central venkateter för dialys, i vena jugularis interna, icke tunnelerad",,SP,,
SP312,"Inläggning av central venkateter för dialys, i vena jugularis interna, tunnelerad",,SP,,
SP321,"Inläggning av central venkateter för dialys, i vena jugularis externa, icke tunnelerad",,SP,,
SP322,"Inläggning av central venkateter för dialys, i vena jugularis externa, tunnelerad",,SP,,
SP331,"Inläggning av central venkateter för dialys, i vena subclavia, icke tunnelerad",,SP,,
SP332,"Inläggning av central venkateter för dialys, i vena subclavia, tunnelerad",,SP,,
SP341,"Inläggning av central venkateter för dialys, i vena brachiocephalica, icke tunnelerad",,SP,,
SP342,"Inläggning av central venkateter för dialys, i vena brachiocephalica, tunnelerad",,SP,,
SP351,"Inläggning av central venkateter för dialys, i vena femoralis, icke tunnelerad",,SP,,
SP352,"Inläggning av central venkateter för dialys, i vena femoralis, tunnelerad",,SP,,
SP361,"Inläggning av central venkateter för dialys, i vena umbilicalis, icke tunnelerad",,SP,,
SP362,"Inläggning av central venkateter för dialys, i vena umbilicalis, tunnelerad",,SP,,
SP371,"Byte av central venkateter för dialys, icke tunnelerad",,SP,,
SP372,"Byte av central venkateter för dialys, tunnelerad",,SP,,
SP381,"Avlägsnande av central venkateter för dialys, icke tunnelerad",,SP,,
SP382,"Avlägsnande av central venkateter för dialys, tunnelerad",,SP,,
SP391,"Inläggning av central venkateter för dialys, i annat eller kärl UNS, icke tunnelerad",,SP,,
SP392,"Inläggning av central venkateter för dialys, i annat eller kärl UNS, tunnelerad",,SP,,
SP399,"Inläggning av CVK, för dialys, UNS",,SP,,
SP502,Avlägsnande av perifer långtidskateter (MID),,SP,,
SP505,Inläggning av perifer långtidskateter (MID),,SP,,
SP712,Implantation av vaskulär injektionsport via vena jugularis interna,,SP,,
SP722,Implantation av vaskulär injektionsport via vena jugularis externa,,SP,,
SP732,Implantation av vaskulär injektionsport via vena subclavia,,SP,,
SP742,Implantation av vaskulär injektionsport via vena brachiocephalica,,SP,,
SP752,Implantation av vaskulär injektionsport via vena femoralis,,SP,,
SP762,Implantation av vaskulär injektionsport via vena umbilicalis,,SP,,
SP789,Avlägsnande av vaskulär injektionsport UNS,,SP,,
SP799,Implantation av vaskulär injektionsport UNS,,SP,,
SP811,Trombolysbehandling av lagd central venkateter (CVK),,SP,,
SP812,Trombolysbehandling av vaskulär injektionsport,,SP,,
SP813,Korrigering av lagd central venkateter (CVK),,SP,,
SP814,Korrigering av lagd vaskulär injektionsport,,SP,,
SP815,Korrigering av perifert insatt central kateter (PICC),,SP,,
SP816,Korrigering av perifer långtidskateter (MID),,SP,,
SP821,Aktivering/ibruktagande av befintlig subkutan venport,,SP,,
SP822,Deaktivering/avslutning av period med användning av befintlig subkutan venport,,SP,,
SP823,Aktivering/ibruktagande av befintlig central dialyskateter,,SP,,
SP824,Deaktivering/avslutning av period med användning av befintlig central dialyskateter,,SP,,
SP999,"Inläggning av CVK, UNS",,SP,,
SQ,Åtgärder för skapande av arteriell tillgång till blodbanan,,S,,
SQ110,Punktion av a. carotis,,SQ,,
SQ111,Inläggning av kateter i a. carotis,,SQ,,
SQ120,Punktion av a. brachialis,,SQ,,
SQ121,Inläggning av kateter i a. brachialis,,SQ,,
SQ130,Punktion av a. radialis,,SQ,,
SQ131,Inläggning av kateter i a. radialis,,SQ,,
SQ140,Punktion av a. ulnaris,,SQ,,
SQ141,Inläggning av kateter i a. ulnaris,,SQ,,
SQ150,Punktion av a. femoralis,,SQ,,
SQ151,Inläggning av kateter i a. femoralis,,SQ,,
SQ160,Punktion av a. tibialis anterior,,SQ,,
SQ161,Inläggning av kateter i a. tibialis anterior,,SQ,,
SQ170,Punktion av a. dorsalis pedis,,SQ,,
SQ171,Inläggning av kateter i a. dorsalis pedis,,SQ,,
SQ180,Punktion av a. umbilicalis,,SQ,,
SQ181,Inläggning av kateter i a. umbilicalis,,SQ,,
SQ190,Punktion av a. tibialis posterior,,SQ,,
SQ191,Inläggning av kateter i a. tibialis posterior,,SQ,,
SQ351,Inläggning av kateter i lungartär,,SQ,,
SQ980,Punktion av annan artär,,SQ,,
SQ981,Inläggning av kateter i annan artär,,SQ,,
SQ989,Avlägsnande av artärkateter UNS,,SQ,,
SQ996,Punktion av artär UNS,,SQ,,
SQ999,Inläggning av kateter i artär UNS,,SQ,,
SR,Anestesiologisk övervakning under speciella förhållanden,,S,,
SR100,Anestesiologisk övervakning vid transport inom sjukhuset,,SR,,
SR201,Anestesiologisk övervakning vid transport mellan sjukhus (ambulans),,SR,,
SR202,Anestesiologisk övervakning vid transport mellan sjukhus (intensivvårdsambulans),,SR,,
SR203,"Anestesiologisk övervakning vid transport mellan sjukhus (flyg, helikopter)",,SR,,
SR204,Anestesiologisk övervakning vid prehospital transport,,SR,,
SR210,Anestesiologiskt arbete prehospitalt på skadeplats,,SR,,
SR215,Anestesiologiskt arbete/omhändertagande av akut sjuk/skadad på sjukhuset,,SR,,
SR220,Anestesiologisk övervakning utan anestesi eller sedering vid specificerad åtgärd,,SR,,
SR231,Läkemedelsinducerad koma,,SR,,
SR232,"Cerebral vasospasm, behandling av",,SR,,
SR301,Preoperativ bedömning av läkare,,SR,,
SR302,Preoperativ bedömning av sjuksköterska,,SR,,
SR310,Patientkontrollerad analgesi (PCA),,SR,,
SR311,Patientkontrollerad sedering (PCS),,SR,,
SR320,Vård av patient i bukläge,,SR,,
SS,Monitorering,,S,,
SS101,Cirkulatorisk monitorering med SpO2,,SS,,
SS102,Cirkulatorisk monitorering av hjärtfrekvens,,SS,,
SS103,Cirkulatorisk monitorering med non-invasivt blodtryck,,SS,,
SS104,Cirkulatorisk monitorering av invasivt arteriellt blodtryck,,SS,,
SS105,Cirkulatorisk monitorering av centralt ventryck,,SS,,
SS106,Cirkulatorisk monitorering med kateter i a. pulmonalis,,SS,,
SS107,Cirkulatorisk monitorering med transesofageal ekokardiografi,,SS,,
SS108,Cirkulatorisk monitorering med transtorakal ekokardiografi,,SS,,
SS109,Dopplerbaserad cirkulationsövervakning,,SS,,
SS110,Impedansbaserad cirkulationsövervakning,,SS,,
SS111,Respiratoriskt baserad cirkulationsövervakning,,SS,,
SS112,Pletysmografiskt baserad cirkulationsövervakning,,SS,,
SS196,Annan cirkulatorisk monitorering,,SS,,
SS199,Cirkulatorisk monitorering UNS,,SS,,
SS201,Kardiologisk monitorering med 3-avlednings-EKG,,SS,,
SS202,Kardiologisk monitorering med 5-avlednings-EKG,,SS,,
SS203,Kardiologisk monitorering med vektor-EKG,,SS,,
SS296,Annan kardiologisk monitorering,,SS,,
SS299,Kardiologisk monitorering UNS,,SS,,
SS311,Central temperaturmätning i oesophagus,,SS,,
SS312,Central temperaturmätning i kärl,,SS,,
SS313,Central temperaturmätning i urinblåsa,,SS,,
SS314,Central temperaturmätning i rektum,,SS,,
SS396,Annan central temperaturmätning,,SS,,
SS399,Central temperaturmätning UNS,,SS,,
SS401,Endtidal gasmonitorering,,SS,,
SS402,AEP- eller EEG-baserad monitorering av narkosdjup,,SS,,
SS404,Monitorering av narkosdjup via hjärtfrekvensvariabilitet,,SS,,
SS496,Annan monitorering av narkosdjup,,SS,,
SS499,Monitorering av narkosdjup UNS,,SS,,
SS501,Endtidal koldioxidmonitorering,,SS,,
SS502,Spirometrisk monitorering,,SS,,
SS503,Kontinuerlig invasiv blodgasanalys,,SS,,
SS504,Transkutan monitorering av respirationen,,SS,,
SS596,Annan respiratorisk monitorering,,SS,,
SS599,Respiratorisk monitorering UNS,,SS,,
SS697,Monitorering med train-of-four (TOF),,SS,,
SS698,Monitorering med post-tetanic-count (PTC),,SS,,
SS699,Neuromuskulär monitorering UNS,,SS,,
SS701,Neurologisk monitorering med EEG under operation,,SS,,
SS702,Elektroencefalografi (EEG) i intensivvårdsövervakning med automatisk EEG-analys,,SS,,
SS703,Elektroencefalografi (EEG) i intensivvårdsövervakning utan automatisk EEG-analys,,SS,,
SS704,Neurologisk monitorering med evoked potential,,SS,,
SS705,Neurologisk undersökning med elektromyografi (EMG),,SS,,
SS796,Annan neurologisk monitorering,,SS,,
SS799,Neurologisk monitorering UNS,,SS,,
SS801,Koagulationsmonitorering med trombelastografi,,SS,,
SS802,Koagulationsmonitorering med viskoelastometer,,SS,,
SS896,Annan koagulationsmonitorering,,SS,,
SS899,Koagulationsmonitorering UNS,,SS,,
SS901,Timdiuresmonitorering,,SS,,
SS902,Monitorering av urinproduktion UNS,,SS,,
V,Standardiserade vårdförlopp (SVF),,,,
VA,Huvud- och halscancer,,V,,
VA9,SVF huvud- och halscancer,,VA,,
VA905,SVF huvud- och halscancer - remissbeslut vid misstanke om cancer,,VA9,,
VA910,SVF huvud- och halscancer - beslut välgrundad misstanke om cancer,,VA9,,
VA915,SVF huvud- och halscancer - välgrundad misstanke om cancer - remiss mottagen,,VA9,,
VA920,SVF huvud- och halscancer - välgrundad misstanke om cancer - remiss bedömd,,VA9,,
VA922,SVF huvud- och halscancer - kirurgisk åtgärd för diagnostik,,VA9,,
VA925,SVF huvud- och halscancer - första besök i specialiserad vård,,VA9,,
VA935,SVF huvud- och halscancer - multidisciplinär konferens,,VA9,,
VA940,SVF huvud- och halscancer - information om diagnos/utredningsresultat,,VA9,,
VA943,SVF huvud- och halscancer - behandlingsbeslut efter basutredning,,VA9,,
VA944,SVF huvud- och halscancer - behandlingsbeslut efter utökad basutredning,,VA9,,
VA950,"SVF huvud- och halscancer - start av första behandling, kirurgi",,VA9,,
VA952,"SVF huvud- och halscancer - start av första behandling, läkemedel",,VA9,,
VA954,"SVF huvud- och halscancer - start av första behandling, strålning",,VA9,,
VA958,"SVF huvud- och halscancer - start av första behandling, palliativ",,VA9,,
VA959,"SVF huvud- och halscancer - start av första behandling, annan",,VA9,,
VA960,SVF huvud- och halscancer - beslut om exspektans,,VA9,,
VA970,"SVF huvud- och halscancer - avslut av SVF innan start av behandling, kriterier för välgrundad misstanke ej uppfyllda",,VA9,,
VA972,"SVF huvud- och halscancer - avslut av SVF innan start av behandling, annan cancer",,VA9,,
VA973,SVF huvud- och halscancer - ingen ytterligare åtgärd,,VA9,,
VA974,"SVF huvud- och halscancer - avslut av SVF innan start av behandling, andra medicinska skäl",,VA9,,
VA976,"SVF huvud- och halscancer - avslut av SVF innan start av behandling, patientens val",,VA9,,
VA978,"SVF huvud- och halscancer - avslut av SVF innan start av behandling, misstanke om cancer avskrivs",,VA9,,
VA990,SVF huvud- och halscancer - överflyttad till annat landsting/annan region,,VA9,,
VA991,SVF huvud- och halscancer - mottagen från annat landsting/annan region,,VA9,,
VB,Cancer i matsmältningsorgan,,V,,
VB0,SVF matstrupe- och magsäckscancer,,VB,,
VB005,SVF matstrupe- och magsäckscancer - remissbeslut vid misstanke om cancer,,VB0,,
VB010,SVF matstrupe- och magsäckscancer - beslut välgrundad misstanke om cancer,,VB0,,
VB015,SVF matstrupe- och magsäckscancer - välgrundad misstanke om cancer - remiss mottagen,,VB0,,
VB020,SVF matstrupe- och magsäckscancer - välgrundad misstanke om cancer - remiss bedömd,,VB0,,
VB022,SVF matstrupe- och magsäckscancer - kirurgisk åtgärd för diagnostik,,VB0,,
VB025,SVF matstrupe- och magsäckscancer - första besök i specialiserad vård,,VB0,,
VB035,SVF matstrupe- och magsäckscancer - multidisciplinär konferens,,VB0,,
VB040,SVF matstrupe- och magsäckscancer - information om diagnos/utredningsresultat,,VB0,,
VB043,SVF matstrupe- och magsäckscancer - behandlingsbeslut efter basutredning,,VB0,,
VB044,SVF matstrupe- och magsäckscancer - behandlingsbeslut efter utökad basutredning,,VB0,,
VB050,"SVF matstrupe- och magsäckscancer - start av första behandling, kirurgi",,VB0,,
VB052,"SVF matstrupe- och magsäckscancer - start av första behandling, läkemedel",,VB0,,
VB054,"SVF matstrupe- och magsäckscancer - start av första behandling, strålning",,VB0,,
VB058,"SVF matstrupe- och magsäckscancer - start av första behandling, palliativ",,VB0,,
VB059,"SVF matstrupe- och magsäckscancer - start av första behandling, annan",,VB0,,
VB060,SVF matstrupe- och magsäckscancer - beslut om exspektans,,VB0,,
VB070,"SVF matstrupe- och magsäckscancer - avslut av SVF innan start av behandling, kriterier för välgrundad misstanke ej uppfyllda",,VB0,,
VB072,"SVF matstrupe- och magsäckscancer - avslut av SVF innan start av behandling, annan cancer",,VB0,,
VB073,SVF matstrupe- och magsäckscancer - ingen ytterligare åtgärd,,VB0,,
VB074,"SVF matstrupe- och magsäckscancer - avslut av SVF innan start av behandling, andra medicinska skäl",,VB0,,
VB076,"SVF matstrupe- och magsäckscancer - avslut av SVF innan start av behandling, patientens val",,VB0,,
VB078,"SVF matstrupe- och magsäckscancer - avslut av SVF innan start av behandling, misstanke om cancer avskrivs",,VB0,,
VB090,SVF matstrupe- och magsäckscancer - överflyttad till annat landsting/annan region,,VB0,,
VB091,SVF matstrupe- och magsäckscancer - mottagen från annat landsting/annan region,,VB0,,
VB2,SVF tjock- och ändtarmscancer,,VB,,
VB205,SVF tjock- och ändtarmscancer - remissbeslut vid misstanke om cancer,,VB2,,
VB210,SVF tjock- och ändtarmscancer - beslut välgrundad misstanke om cancer,,VB2,,
VB215,SVF tjock- och ändtarmscancer - välgrundad misstanke om cancer - remiss mottagen,,VB2,,
VB220,SVF tjock- och ändtarmscancer - välgrundad misstanke om cancer - remiss bedömd,,VB2,,
VB222,SVF tjock- och ändtarmscancer - kirurgisk åtgärd för diagnostik,,VB2,,
VB225,SVF tjock- och ändtarmscancer - första besök i specialiserad vård,,VB2,,
VB235,SVF tjock- och ändtarmscancer - multidisciplinär konferens,,VB2,,
VB240,SVF tjock- och ändtarmscancer - information om diagnos/utredningsresultat,,VB2,,
VB243,SVF tjock- och ändtarmscancer - behandlingsbeslut efter basutredning,,VB2,,
VB244,SVF tjock- och ändtarmscancer - behandlingsbeslut efter utökad basutredning,,VB2,,
VB250,"SVF tjock- och ändtarmscancer - start av första behandling, kirurgi",,VB2,,
VB252,"SVF tjock- och ändtarmscancer - start av första behandling, läkemedel",,VB2,,
VB254,"SVF tjock- och ändtarmscancer - start av första behandling, strålning",,VB2,,
VB258,"SVF tjock- och ändtarmscancer - start av första behandling, palliativ",,VB2,,
VB259,"SVF tjock- och ändtarmscancer - start av första behandling, annan",,VB2,,
VB260,SVF tjock- och ändtarmscancer - beslut om exspektans,,VB2,,
VB270,"SVF tjock- och ändtarmscancer - avslut av SVF innan start av behandling, kriterier för välgrundad misstanke ej uppfyllda",,VB2,,
VB272,"SVF tjock- och ändtarmscancer - avslut av SVF innan start av behandling, annan cancer",,VB2,,
VB273,SVF tjock- och ändtarmscancer - ingen ytterligare åtgärd,,VB2,,
VB274,"SVF tjock- och ändtarmscancer - avslut av SVF innan start av behandling, andra medicinska skäl",,VB2,,
VB276,"SVF tjock- och ändtarmscancer - avslut av SVF innan start av behandling, patientens val",,VB2,,
VB278,"SVF tjock- och ändtarmscancer - avslut av SVF innan start av behandling, misstanke om cancer avskrivs",,VB2,,
VB290,SVF tjock- och ändtarmscancer - överflyttad till annat landsting/annan region,,VB2,,
VB291,SVF tjock- och ändtarmscancer - mottagen från annat landsting/annan region,,VB2,,
VB3,SVF analcancer,,VB,,
VB305,SVF analcancer - remissbeslut vid misstanke om cancer,,VB3,,
VB310,SVF analcancer - beslut välgrundad misstanke om cancer,,VB3,,
VB315,SVF analcancer - välgrundad misstanke om cancer - remiss mottagen,,VB3,,
VB320,SVF analcancer - välgrundad misstanke om cancer - remiss bedömd,,VB3,,
VB322,SVF analcancer - kirurgisk åtgärd för diagnostik,,VB3,,
VB325,SVF analcancer - första besök i specialiserad vård,,VB3,,
VB335,SVF analcancer - multidisciplinär konferens,,VB3,,
VB340,SVF analcancer - information om diagnos/utredningsresultat,,VB3,,
VB343,SVF analcancer - behandlingsbeslut efter basutredning,,VB3,,
VB344,SVF analcancer - behandlingsbeslut efter utökad basutredning,,VB3,,
VB350,"SVF analcancer - start av första behandling, kirurgi",,VB3,,
VB352,"SVF analcancer - start av första behandling, läkemedel",,VB3,,
VB354,"SVF analcancer - start av första behandling, strålning",,VB3,,
VB358,"SVF analcancer - start av första behandling, palliativ",,VB3,,
VB359,"SVF analcancer - start av första behandling, annan",,VB3,,
VB360,SVF analcancer - beslut om exspektans,,VB3,,
VB370,"SVF analcancer - avslut av SVF innan start av behandling, kriterier för välgrundad misstanke ej uppfyllda",,VB3,,
VB372,"SVF analcancer - avslut av SVF innan start av behandling, annan cancer",,VB3,,
VB373,SVF analcancer - ingen ytterligare åtgärd,,VB3,,
VB374,"SVF analcancer - avslut av SVF innan start av behandling, andra medicinska skäl",,VB3,,
VB376,"SVF analcancer - avslut av SVF innan start av behandling, patientens val",,VB3,,
VB378,"SVF analcancer - avslut av SVF innan start av behandling, misstanke om cancer avskrivs",,VB3,,
VB390,SVF analcancer - överflyttad till annat landsting/annan region,,VB3,,
VB391,SVF analcancer - mottagen från annat landsting/annan region,,VB3,,
VB4,SVF levercancer,,VB,,
VB405,SVF levercancer - remissbeslut vid misstanke om cancer,,VB4,,
VB410,SVF levercancer - beslut välgrundad misstanke om cancer,,VB4,,
VB415,SVF levercancer - välgrundad misstanke om cancer - remiss mottagen,,VB4,,
VB420,SVF levercancer - välgrundad misstanke om cancer - remiss bedömd,,VB4,,
VB422,SVF levercancer - kirurgisk åtgärd för diagnostik,,VB4,,
VB425,SVF levercancer - första besök i specialiserad vård,,VB4,,
VB435,SVF levercancer - multidisciplinär konferens,,VB4,,
VB440,SVF levercancer - information om diagnos/utredningsresultat,,VB4,,
VB443,SVF levercancer - behandlingsbeslut efter basutredning,,VB4,,
VB444,SVF levercancer - behandlingsbeslut efter utökad basutredning,,VB4,,
VB450,"SVF levercancer - start av första behandling, kirurgi",,VB4,,
VB452,"SVF levercancer - start av första behandling, läkemedel",,VB4,,
VB454,"SVF levercancer - start av första behandling, strålning",,VB4,,
VB458,"SVF levercancer - start av första behandling, palliativ",,VB4,,
VB459,"SVF levercancer - start av första behandling, annan",,VB4,,
VB460,SVF levercancer - beslut om exspektans,,VB4,,
VB470,"SVF levercancer - avslut av SVF innan start av behandling, kriterier för välgrundad misstanke ej uppfyllda",,VB4,,
VB472,"SVF levercancer - avslut av SVF innan start av behandling, annan cancer",,VB4,,
VB473,SVF levercancer - ingen ytterligare åtgärd,,VB4,,
VB474,"SVF levercancer - avslut av SVF innan start av behandling, andra medicinska skäl",,VB4,,
VB476,"SVF levercancer - avslut av SVF innan start av behandling, patientens val",,VB4,,
VB478,"SVF levercancer - avslut av SVF innan start av behandling, misstanke om cancer avskrivs",,VB4,,
VB490,SVF levercancer - överflyttad till annat landsting/annan region,,VB4,,
VB491,SVF levercancer - mottagen från annat landsting/annan region,,VB4,,
VB5,SVF cancer i gallblåsa och gallgång,,VB,,
VB505,SVF cancer i gallblåsa och gallgång - remissbeslut vid misstanke om cancer,,VB5,,
VB510,SVF cancer i gallblåsa och gallgång - beslut välgrundad misstanke om cancer,,VB5,,
VB515,SVF cancer i gallblåsa och gallgång - välgrundad misstanke om cancer - remiss mottagen,,VB5,,
VB520,SVF cancer i gallblåsa och gallgång - välgrundad misstanke om cancer - remiss bedömd,,VB5,,
VB522,SVF cancer i gallblåsa och gallgång - kirurgisk åtgärd för diagnostik,,VB5,,
VB525,SVF cancer i gallblåsa och gallgång - första besök i specialiserad vård,,VB5,,
VB535,SVF cancer i gallblåsa och gallgång - multidisciplinär konferens,,VB5,,
VB540,SVF cancer i gallblåsa och gallgång - information om diagnos/utredningsresultat,,VB5,,
VB543,SVF cancer i gallblåsa och gallgång - behandlingsbeslut efter basutredning,,VB5,,
VB544,SVF cancer i gallblåsa och gallgång - behandlingsbeslut efter utökad basutredning,,VB5,,
VB550,"SVF cancer i gallblåsa och gallgång - start av första behandling, kirurgi",,VB5,,
VB552,"SVF cancer i gallblåsa och gallgång - start av första behandling, läkemedel",,VB5,,
VB554,"SVF cancer i gallblåsa och gallgång - start av första behandling, strålning",,VB5,,
VB558,"SVF cancer i gallblåsa och gallgång - start av första behandling, palliativ",,VB5,,
VB559,"SVF cancer i gallblåsa och gallgång - start av första behandling, annan",,VB5,,
VB560,SVF cancer i gallblåsa och gallgång - beslut om exspektans,,VB5,,
VB570,"SVF cancer i gallblåsa och gallgång - avslut av SVF innan start av behandling, kriterier för välgrundad misstanke ej uppfyllda",,VB5,,
VB572,"SVF cancer i gallblåsa och gallgång - avslut av SVF innan start av behandling, annan cancer",,VB5,,
VB573,SVF cancer i gallblåsa och gallgång - ingen ytterligare åtgärd,,VB5,,
VB574,"SVF cancer i gallblåsa och gallgång - avslut av SVF innan start av behandling, andra medicinska skäl",,VB5,,
VB576,"SVF cancer i gallblåsa och gallgång - avslut av SVF innan start av behandling, patientens val",,VB5,,
VB578,"SVF cancer i gallblåsa och gallgång - avslut av SVF innan start av behandling, misstanke om cancer avskrivs",,VB5,,
VB590,SVF cancer i gallblåsa och gallgång - överflyttad till annat landsting/annan region,,VB5,,
VB591,SVF cancer i gallblåsa och gallgång - mottagen från annat landsting/annan region,,VB5,,
VB6,SVF cancer i bukspottkörtel och periampullärt,,VB,,
VB605,SVF cancer i bukspottkörtel och periampullärt - remissbeslut vid misstanke om cancer,,VB6,,
VB610,SVF cancer i bukspottkörtel och periampullärt - beslut välgrundad misstanke om cancer,,VB6,,
VB615,SVF cancer i bukspottkörtel och periampullärt - välgrundad misstanke om cancer - remiss mottagen,,VB6,,
VB620,SVF cancer i bukspottkörtel och periampullärt - välgrundad misstanke om cancer - remiss bedömd,,VB6,,
VB622,SVF cancer i bukspottkörtel och periampullärt - kirurgisk åtgärd för diagnostik,,VB6,,
VB625,SVF cancer i bukspottkörtel och periampullärt - första besök i specialiserad vård,,VB6,,
VB635,SVF cancer i bukspottkörtel och periampullärt - multidisciplinär konferens,,VB6,,
VB640,SVF cancer i bukspottkörtel och periampullärt - information om diagnos/utredningsresultat,,VB6,,
VB643,SVF cancer i bukspottkörtel och periampullärt - behandlingsbeslut efter basutredning,,VB6,,
VB644,SVF cancer i bukspottkörtel och periampullärt - behandlingsbeslut efter utökad basutredning,,VB6,,
VB650,"SVF cancer i bukspottkörtel och periampullärt - start av första behandling, kirurgi",,VB6,,
VB652,"SVF cancer i bukspottkörtel och periampullärt - start av första behandling, läkemedel",,VB6,,
VB654,"SVF cancer i bukspottkörtel och periampullärt - start av första behandling, strålning",,VB6,,
VB658,"SVF cancer i bukspottkörtel och periampullärt - start av första behandling, palliativ",,VB6,,
VB659,"SVF cancer i bukspottkörtel och periampullärt - start av första behandling, annan",,VB6,,
VB660,SVF cancer i bukspottkörtel och periampullärt - beslut om exspektans,,VB6,,
VB670,"SVF cancer i bukspottkörtel och periampullärt - avslut av SVF innan start av behandling, kriterier för välgrundad misstanke ej uppfyllda",,VB6,,
VB672,"SVF cancer i bukspottkörtel och periampullärt - avslut av SVF innan start av behandling, annan cancer",,VB6,,
VB673,SVF cancer i bukspottkörtel och periampullärt - ingen ytterligare åtgärd,,VB6,,
VB674,"SVF cancer i bukspottkörtel och periampullärt - avslut av SVF innan start av behandling, andra medicinska skäl",,VB6,,
VB676,"SVF cancer i bukspottkörtel och periampullärt - avslut av SVF innan start av behandling, patientens val",,VB6,,
VB678,"SVF cancer i bukspottkörtel och periampullärt - avslut av SVF innan start av behandling, misstanke om cancer avskrivs",,VB6,,
VB690,SVF cancer i bukspottkörtel och periampullärt - överflyttad till annat landsting/annan region,,VB6,,
VB691,SVF cancer i bukspottkörtel och periampullärt - mottagen från annat landsting/annan region,,VB6,,
VC,Lungcancer och cancer i brösthålans organ,,V,,
VC0,SVF lungcancer,,VC,,
VC005,SVF lungcancer - remissbeslut vid misstanke om cancer,,VC0,,
VC010,SVF lungcancer - beslut välgrundad misstanke om cancer,,VC0,,
VC015,SVF lungcancer - välgrundad misstanke om cancer - remiss mottagen,,VC0,,
VC020,SVF lungcancer - välgrundad misstanke om cancer - remiss bedömd,,VC0,,
VC022,SVF lungcancer - kirurgisk åtgärd för diagnostik,,VC0,,
VC025,SVF lungcancer - första besök i specialiserad vård,,VC0,,
VC035,SVF lungcancer - multidisciplinär konferens,,VC0,,
VC040,SVF lungcancer - information om diagnos/utredningsresultat,,VC0,,
VC043,SVF lungcancer - behandlingsbeslut efter basutredning,,VC0,,
VC044,SVF lungcancer - behandlingsbeslut efter utökad basutredning,,VC0,,
VC050,"SVF lungcancer - start av första behandling, kirurgi",,VC0,,
VC052,"SVF lungcancer - start av första behandling, läkemedel",,VC0,,
VC054,"SVF lungcancer - start av första behandling, strålning",,VC0,,
VC058,"SVF lungcancer - start av första behandling, palliativ",,VC0,,
VC059,"SVF lungcancer - start av första behandling, annan",,VC0,,
VC060,SVF lungcancer - beslut om exspektans,,VC0,,
VC070,"SVF lungcancer - avslut av SVF innan start av behandling, kriterier för välgrundad misstanke ej uppfyllda",,VC0,,
VC072,"SVF lungcancer - avslut av SVF innan start av behandling, annan cancer",,VC0,,
VC073,SVF lungcancer - ingen ytterligare åtgärd,,VC0,,
VC074,"SVF lungcancer - avslut av SVF innan start av behandling, andra medicinska skäl",,VC0,,
VC076,"SVF lungcancer - avslut av SVF innan start av behandling, patientens val",,VC0,,
VC078,"SVF lungcancer - avslut av SVF innan start av behandling, misstanke om cancer avskrivs",,VC0,,
VC090,SVF lungcancer - överflyttad till annat landsting/annan region,,VC0,,
VC091,SVF lungcancer - mottagen från annat landsting/annan region,,VC0,,
VE,Malignt melanom och annan hudcancer,,V,,
VE0,SVF hudmelanom,,VE,,
VE005,SVF hudmelanom - remissbeslut vid misstanke om cancer,,VE0,,
VE010,SVF hudmelanom - beslut välgrundad misstanke om cancer,,VE0,,
VE015,SVF hudmelanom - välgrundad misstanke om cancer - remiss mottagen,,VE0,,
VE020,SVF hudmelanom - välgrundad misstanke om cancer - remiss bedömd,,VE0,,
VE022,SVF hudmelanom - kirurgisk åtgärd för diagnostik,,VE0,,
VE025,SVF hudmelanom - första besök i specialiserad vård,,VE0,,
VE035,SVF hudmelanom - multidisciplinär konferens,,VE0,,
VE040,SVF hudmelanom - information om diagnos/utredningsresultat,,VE0,,
VE043,SVF hudmelanom - behandlingsbeslut efter basutredning,,VE0,,
VE044,SVF hudmelanom - behandlingsbeslut efter utökad basutredning,,VE0,,
VE050,"SVF hudmelanom - start av första behandling, kirurgi",,VE0,,
VE052,"SVF hudmelanom - start av första behandling, läkemedel",,VE0,,
VE054,"SVF hudmelanom - start av första behandling, strålning",,VE0,,
VE058,"SVF hudmelanom - start av första behandling, palliativ",,VE0,,
VE059,"SVF hudmelanom - start av första behandling, annan",,VE0,,
VE060,SVF hudmelanom - beslut om exspektans,,VE0,,
VE070,"SVF hudmelanom - avslut av SVF innan start av behandling, kriterier för välgrundad misstanke ej uppfyllda",,VE0,,
VE072,"SVF hudmelanom - avslut av SVF innan start av behandling, annan cancer",,VE0,,
VE073,SVF hudmelanom - ingen ytterligare åtgärd,,VE0,,
VE074,"SVF hudmelanom - avslut av SVF innan start av behandling, andra medicinska skäl",,VE0,,
VE076,"SVF hudmelanom - avslut av SVF innan start av behandling, patientens val",,VE0,,
VE078,"SVF hudmelanom - avslut av SVF innan start av behandling, misstanke om cancer avskrivs",,VE0,,
VE090,SVF hudmelanom - överflyttad till annat landsting/annan region,,VE0,,
VE091,SVF hudmelanom - mottagen från annat landsting/annan region,,VE0,,
VF,Cancer i mesotelial vävnad och mjukvävnad,,V,,
VF3,SVF buksarkom,,VF,,
VF305,SVF buksarkom - remissbeslut vid misstanke om cancer,,VF3,,
VF310,SVF buksarkom - beslut välgrundad misstanke om cancer,,VF3,,
VF315,SVF buksarkom - välgrundad misstanke om cancer - remiss mottagen,,VF3,,
VF320,SVF buksarkom - välgrundad misstanke om cancer - remiss bedömd,,VF3,,
VF322,SVF buksarkom - kirurgisk åtgärd för diagnostik,,VF3,,
VF325,SVF buksarkom - första besök i specialiserad vård,,VF3,,
VF335,SVF buksarkom - multidisciplinär konferens,,VF3,,
VF340,SVF buksarkom - information om diagnos/utredningsresultat,,VF3,,
VF343,SVF buksarkom - behandlingsbeslut efter basutredning,,VF3,,
VF344,SVF buksarkom - behandlingsbeslut efter utökad basutredning,,VF3,,
VF350,"SVF buksarkom - start av första behandling, kirurgi",,VF3,,
VF352,"SVF buksarkom - start av första behandling, läkemedel",,VF3,,
VF354,"SVF buksarkom - start av första behandling, strålning",,VF3,,
VF358,"SVF buksarkom - start av första behandling, palliativ",,VF3,,
VF359,"SVF buksarkom - start av första behandling, annan",,VF3,,
VF360,SVF buksarkom - beslut om exspektans,,VF3,,
VF370,"SVF buksarkom - avslut av SVF innan start av behandling, kriterier för välgrundad misstanke ej uppfyllda",,VF3,,
VF372,"SVF buksarkom - avslut av SVF innan start av behandling, annan cancer",,VF3,,
VF373,SVF buksarkom - ingen ytterligare åtgärd,,VF3,,
VF374,"SVF buksarkom - avslut av SVF innan start av behandling, andra medicinska skäl",,VF3,,
VF376,"SVF buksarkom - avslut av SVF innan start av behandling, patientens val",,VF3,,
VF378,"SVF buksarkom - avslut av SVF innan start av behandling, misstanke om cancer avskrivs",,VF3,,
VF390,SVF buksarkom - överflyttad till annat landsting/annan region,,VF3,,
VF391,SVF buksarkom - mottagen från annat landsting/annan region,,VF3,,
VF4,SVF neuroendokrina buktumörer,,VF,,
VF405,SVF neuroendokrina buktumörer - remissbeslut vid misstanke om cancer,,VF4,,
VF410,SVF neuroendokrina buktumörer - beslut välgrundad misstanke om cancer,,VF4,,
VF415,SVF neuroendokrina buktumörer - välgrundad misstanke om cancer - remiss mottagen,,VF4,,
VF420,SVF neuroendokrina buktumörer - välgrundad misstanke om cancer - remiss bedömd,,VF4,,
VF422,SVF neuroendokrina buktumörer - kirurgisk åtgärd för diagnostik,,VF4,,
VF425,SVF neuroendokrina buktumörer - första besök i specialiserad vård,,VF4,,
VF435,SVF neuroendokrina buktumörer - multidisciplinär konferens,,VF4,,
VF440,SVF neuroendokrina buktumörer - information om diagnos/utredningsresultat,,VF4,,
VF443,SVF neuroendokrina buktumörer - behandlingsbeslut efter basutredning,,VF4,,
VF444,SVF neuroendokrina buktumörer - behandlingsbeslut efter utökad basutredning,,VF4,,
VF450,"SVF neuroendokrina buktumörer - start av första behandling, kirurgi",,VF4,,
VF452,"SVF neuroendokrina buktumörer - start av första behandling, läkemedel",,VF4,,
VF454,"SVF neuroendokrina buktumörer - start av första behandling, strålning",,VF4,,
VF458,"SVF neuroendokrina buktumörer - start av första behandling, palliativ",,VF4,,
VF459,"SVF neuroendokrina buktumörer - start av första behandling, annan",,VF4,,
VF460,SVF neuroendokrina buktumörer - beslut om exspektans,,VF4,,
VF470,"SVF neuroendokrina buktumörer - avslut av SVF innan start av behandling, kriterier för välgrundad misstanke ej uppfyllda",,VF4,,
VF472,"SVF neuroendokrina buktumörer - avslut av SVF innan start av behandling, annan cancer",,VF4,,
VF473,SVF neuroendokrina buktumörer - ingen ytterligare åtgärd,,VF4,,
VF474,"SVF neuroendokrina buktumörer - avslut av SVF innan start av behandling, andra medicinska skäl",,VF4,,
VF476,"SVF neuroendokrina buktumörer - avslut av SVF innan start av behandling, patientens val",,VF4,,
VF478,"SVF neuroendokrina buktumörer - avslut av SVF innan start av behandling, misstanke om cancer avskrivs",,VF4,,
VF490,SVF neuroendokrina buktumörer - överflyttad till annat landsting/annan region,,VF4,,
VF491,SVF neuroendokrina buktumörer - mottagen från annat landsting/annan region,,VF4,,
VG,Bröstcancer,,V,,
VG9,SVF bröstcancer,,VG,,
VG905,SVF bröstcancer - remissbeslut vid misstanke om cancer,,VG9,,
VG910,SVF bröstcancer - beslut välgrundad misstanke om cancer,,VG9,,
VG915,SVF bröstcancer - välgrundad misstanke om cancer - remiss mottagen,,VG9,,
VG920,SVF bröstcancer - välgrundad misstanke om cancer - remiss bedömd,,VG9,,
VG922,SVF bröstcancer - kirurgisk åtgärd för diagnostik,,VG9,,
VG925,SVF bröstcancer - första besök i specialiserad vård,,VG9,,
VG935,SVF bröstcancer - multidisciplinär konferens,,VG9,,
VG940,SVF bröstcancer - information om diagnos/utredningsresultat,,VG9,,
VG943,SVF bröstcancer - behandlingsbeslut efter basutredning,,VG9,,
VG944,SVF bröstcancer - behandlingsbeslut efter utökad basutredning,,VG9,,
VG950,"SVF bröstcancer - start av första behandling, kirurgi",,VG9,,
VG952,"SVF bröstcancer - start av första behandling, läkemedel",,VG9,,
VG954,"SVF bröstcancer - start av första behandling, strålning",,VG9,,
VG958,"SVF bröstcancer - start av första behandling, palliativ",,VG9,,
VG959,"SVF bröstcancer - start av första behandling, annan",,VG9,,
VG960,SVF bröstcancer - beslut om exspektans,,VG9,,
VG970,"SVF bröstcancer - avslut av SVF innan start av behandling, kriterier för välgrundad misstanke ej uppfyllda",,VG9,,
VG972,"SVF bröstcancer - avslut av SVF innan start av behandling, annan cancer",,VG9,,
VG973,SVF bröstcancer - ingen ytterligare åtgärd,,VG9,,
VG974,"SVF bröstcancer - avslut av SVF innan start av behandling, andra medicinska skäl",,VG9,,
VG976,"SVF bröstcancer - avslut av SVF innan start av behandling, patientens val",,VG9,,
VG978,"SVF bröstcancer - avslut av SVF innan start av behandling, misstanke om cancer avskrivs",,VG9,,
VG990,SVF bröstcancer - överflyttad till annat landsting/annan region,,VG9,,
VG991,SVF bröstcancer - mottagen från annat landsting/annan region,,VG9,,
VH,Cancer i kvinnliga könsorgan,,V,,
VH0,SVF vulvacancer,,VH,,
VH005,SVF vulvacancer - remissbeslut vid misstanke om cancer,,VH0,,
VH010,SVF vulvacancer - beslut välgrundad misstanke om cancer,,VH0,,
VH015,SVF vulvacancer - välgrundad misstanke om cancer - remiss mottagen,,VH0,,
VH020,SVF vulvacancer - välgrundad misstanke om cancer - remiss bedömd,,VH0,,
VH022,SVF vulvacancer - kirurgisk åtgärd för diagnostik,,VH0,,
VH025,SVF vulvacancer - första besök i specialiserad vård,,VH0,,
VH035,SVF vulvacancer - multidisciplinär konferens,,VH0,,
VH040,SVF vulvacancer - information om diagnos/utredningsresultat,,VH0,,
VH043,SVF vulvacancer - behandlingsbeslut efter basutredning,,VH0,,
VH044,SVF vulvacancer - behandlingsbeslut efter utökad basutredning,,VH0,,
VH050,"SVF vulvacancer - start av första behandling, kirurgi",,VH0,,
VH052,"SVF vulvacancer - start av första behandling, läkemedel",,VH0,,
VH054,"SVF vulvacancer - start av första behandling, strålning",,VH0,,
VH058,"SVF vulvacancer - start av första behandling, palliativ",,VH0,,
VH059,"SVF vulvacancer - start av första behandling, annan",,VH0,,
VH060,SVF vulvacancer - beslut om exspektans,,VH0,,
VH070,"SVF vulvacancer - avslut av SVF innan start av behandling, kriterier för välgrundad misstanke ej uppfyllda",,VH0,,
VH072,"SVF vulvacancer - avslut av SVF innan start av behandling, annan cancer",,VH0,,
VH073,SVF vulvacancer - ingen ytterligare åtgärd,,VH0,,
VH074,"SVF vulvacancer - avslut av SVF innan start av behandling, andra medicinska skäl",,VH0,,
VH076,"SVF vulvacancer - avslut av SVF innan start av behandling, patientens val",,VH0,,
VH078,"SVF vulvacancer - avslut av SVF innan start av behandling, misstanke om cancer avskrivs",,VH0,,
VH090,SVF vulvacancer - överflyttad till annat landsting/annan region,,VH0,,
VH091,SVF vulvacancer - mottagen från annat landsting/annan region,,VH0,,
VH2,SVF livmoderhalscancer,,VH,,
VH205,SVF livmoderhalscancer - remissbeslut vid misstanke om cancer,,VH2,,
VH210,SVF livmoderhalscancer - beslut välgrundad misstanke om cancer,,VH2,,
VH215,SVF livmoderhalscancer - välgrundad misstanke om cancer - remiss mottagen,,VH2,,
VH220,SVF livmoderhalscancer - välgrundad misstanke om cancer - remiss bedömd,,VH2,,
VH222,SVF livmoderhalscancer - kirurgisk åtgärd för diagnostik,,VH2,,
VH225,SVF livmoderhalscancer - första besök i specialiserad vård,,VH2,,
VH235,SVF livmoderhalscancer - multidisciplinär konferens,,VH2,,
VH240,SVF livmoderhalscancer - information om diagnos/utredningsresultat,,VH2,,
VH243,SVF livmoderhalscancer - behandlingsbeslut efter basutredning,,VH2,,
VH244,SVF livmoderhalscancer - behandlingsbeslut efter utökad basutredning,,VH2,,
VH250,"SVF livmoderhalscancer - start av första behandling, kirurgi",,VH2,,
VH252,"SVF livmoderhalscancer - start av första behandling, läkemedel",,VH2,,
VH254,"SVF livmoderhalscancer - start av första behandling, strålning",,VH2,,
VH258,"SVF livmoderhalscancer - start av första behandling, palliativ",,VH2,,
VH259,"SVF livmoderhalscancer - start av första behandling, annan",,VH2,,
VH260,SVF livmoderhalscancer - beslut om exspektans,,VH2,,
VH270,"SVF livmoderhalscancer - avslut av SVF innan start av behandling, kriterier för välgrundad misstanke ej uppfyllda",,VH2,,
VH272,"SVF livmoderhalscancer - avslut av SVF innan start av behandling, annan cancer",,VH2,,
VH273,SVF livmoderhalscancer - ingen ytterligare åtgärd,,VH2,,
VH274,"SVF livmoderhalscancer - avslut av SVF innan start av behandling, andra medicinska skäl",,VH2,,
VH276,"SVF livmoderhalscancer - avslut av SVF innan start av behandling, patientens val",,VH2,,
VH278,"SVF livmoderhalscancer - avslut av SVF innan start av behandling, misstanke om cancer avskrivs",,VH2,,
VH290,SVF livmoderhalscancer - överflyttad till annat landsting/annan region,,VH2,,
VH291,SVF livmoderhalscancer - mottagen från annat landsting/annan region,,VH2,,
VH3,SVF livmoderkroppscancer,,VH,,
VH305,SVF livmoderkroppscancer - remissbeslut vid misstanke om cancer,,VH3,,
VH310,SVF livmoderkroppscancer - beslut välgrundad misstanke om cancer,,VH3,,
VH315,SVF livmoderkroppscancer - välgrundad misstanke om cancer - remiss mottagen,,VH3,,
VH320,SVF livmoderkroppscancer - välgrundad misstanke om cancer - remiss bedömd,,VH3,,
VH322,SVF livmoderkroppscancer - kirurgisk åtgärd för diagnostik,,VH3,,
VH325,SVF livmoderkroppscancer - första besök i specialiserad vård,,VH3,,
VH335,SVF livmoderkroppscancer - multidisciplinär konferens,,VH3,,
VH340,SVF livmoderkroppscancer - information om diagnos/utredningsresultat,,VH3,,
VH343,SVF livmoderkroppscancer - behandlingsbeslut efter basutredning,,VH3,,
VH344,SVF livmoderkroppscancer - behandlingsbeslut efter utökad basutredning,,VH3,,
VH350,"SVF livmoderkroppscancer - start av första behandling, kirurgi",,VH3,,
VH352,"SVF livmoderkroppscancer - start av första behandling, läkemedel",,VH3,,
VH354,"SVF livmoderkroppscancer - start av första behandling, strålning",,VH3,,
VH358,"SVF livmoderkroppscancer - start av första behandling, palliativ",,VH3,,
VH359,"SVF livmoderkroppscancer - start av första behandling, annan",,VH3,,
VH360,SVF livmoderkroppscancer - beslut om exspektans,,VH3,,
VH370,"SVF livmoderkroppscancer - avslut av SVF innan start av behandling, kriterier för välgrundad misstanke ej uppfyllda",,VH3,,
VH372,"SVF livmoderkroppscancer - avslut av SVF innan start av behandling, annan cancer",,VH3,,
VH373,SVF livmoderkroppscancer - ingen ytterligare åtgärd,,VH3,,
VH374,"SVF livmoderkroppscancer - avslut av SVF innan start av behandling, andra medicinska skäl",,VH3,,
VH376,"SVF livmoderkroppscancer - avslut av SVF innan start av behandling, patientens val",,VH3,,
VH378,"SVF livmoderkroppscancer - avslut av SVF innan start av behandling, misstanke om cancer avskrivs",,VH3,,
VH390,SVF livmoderkroppscancer - överflyttad till annat landsting/annan region,,VH3,,
VH391,SVF livmoderkroppscancer - mottagen från annat landsting/annan region,,VH3,,
VH4,SVF äggstockscancer,,VH,,
VH405,SVF äggstockscancer - remissbeslut vid misstanke om cancer,,VH4,,
VH410,SVF äggstockscancer - beslut välgrundad misstanke om cancer,,VH4,,
VH415,SVF äggstockscancer - välgrundad misstanke om cancer - remiss mottagen,,VH4,,
VH420,SVF äggstockscancer - välgrundad misstanke om cancer - remiss bedömd,,VH4,,
VH422,SVF äggstockscancer - kirurgisk åtgärd för diagnostik,,VH4,,
VH425,SVF äggstockscancer - första besök i specialiserad vård,,VH4,,
VH435,SVF äggstockscancer - multidisciplinär konferens,,VH4,,
VH440,SVF äggstockscancer - information om diagnos/utredningsresultat,,VH4,,
VH443,SVF äggstockscancer - behandlingsbeslut efter basutredning,,VH4,,
VH444,SVF äggstockscancer - behandlingsbeslut efter utökad basutredning,,VH4,,
VH450,"SVF äggstockscancer - start av första behandling, kirurgi",,VH4,,
VH452,"SVF äggstockscancer - start av första behandling, läkemedel",,VH4,,
VH454,"SVF äggstockscancer - start av första behandling, strålning",,VH4,,
VH458,"SVF äggstockscancer - start av första behandling, palliativ",,VH4,,
VH459,"SVF äggstockscancer - start av första behandling, annan",,VH4,,
VH460,SVF äggstockscancer - beslut om exspektans,,VH4,,
VH470,"SVF äggstockscancer - avslut av SVF innan start av behandling, kriterier för välgrundad misstanke ej uppfyllda",,VH4,,
VH472,"SVF äggstockscancer - avslut av SVF innan start av behandling, annan cancer",,VH4,,
VH473,SVF äggstockscancer - ingen ytterligare åtgärd,,VH4,,
VH474,"SVF äggstockscancer - avslut av SVF innan start av behandling, andra medicinska skäl",,VH4,,
VH476,"SVF äggstockscancer - avslut av SVF innan start av behandling, patientens val",,VH4,,
VH478,"SVF äggstockscancer - avslut av SVF innan start av behandling, misstanke om cancer avskrivs",,VH4,,
VH490,SVF äggstockscancer - överflyttad till annat landsting/annan region,,VH4,,
VH491,SVF äggstockscancer - mottagen från annat landsting/annan region,,VH4,,
VJ,Cancer i manliga könsorgan,,V,,
VJ0,SVF peniscancer,,VJ,,
VJ005,SVF peniscancer - remissbeslut vid misstanke om cancer,,VJ0,,
VJ010,SVF peniscancer - beslut välgrundad misstanke om cancer,,VJ0,,
VJ015,SVF peniscancer - välgrundad misstanke om cancer - remiss mottagen,,VJ0,,
VJ020,SVF peniscancer - välgrundad misstanke om cancer - remiss bedömd,,VJ0,,
VJ022,SVF peniscancer - kirurgisk åtgärd för diagnostik,,VJ0,,
VJ025,SVF peniscancer - första besök i specialiserad vård,,VJ0,,
VJ035,SVF peniscancer - multidisciplinär konferens,,VJ0,,
VJ040,SVF peniscancer - information om diagnos/utredningsresultat,,VJ0,,
VJ043,SVF peniscancer - behandlingsbeslut efter basutredning,,VJ0,,
VJ044,SVF peniscancer - behandlingsbeslut efter utökad basutredning,,VJ0,,
VJ050,"SVF peniscancer - start av första behandling, kirurgi",,VJ0,,
VJ052,"SVF peniscancer - start av första behandling, läkemedel",,VJ0,,
VJ054,"SVF peniscancer - start av första behandling, strålning",,VJ0,,
VJ058,"SVF peniscancer - start av första behandling, palliativ",,VJ0,,
VJ059,"SVF peniscancer - start av första behandling, annan",,VJ0,,
VJ060,SVF peniscancer - beslut om exspektans,,VJ0,,
VJ070,"SVF peniscancer - avslut av SVF innan start av behandling, kriterier för välgrundad misstanke ej uppfyllda",,VJ0,,
VJ072,"SVF peniscancer - avslut av SVF innan start av behandling, annan cancer",,VJ0,,
VJ073,SVF peniscancer - ingen ytterligare åtgärd,,VJ0,,
VJ074,"SVF peniscancer - avslut av SVF innan start av behandling, andra medicinska skäl",,VJ0,,
VJ076,"SVF peniscancer - avslut av SVF innan start av behandling, patientens val",,VJ0,,
VJ078,"SVF peniscancer - avslut av SVF innan start av behandling, misstanke om cancer avskrivs",,VJ0,,
VJ090,SVF peniscancer - överflyttad till annat landsting/annan region,,VJ0,,
VJ091,SVF peniscancer - mottagen från annat landsting/annan region,,VJ0,,
VJ1,SVF prostatacancer,,VJ,,
VJ105,SVF prostatacancer - remissbeslut vid misstanke om cancer,,VJ1,,
VJ110,SVF prostatacancer - beslut välgrundad misstanke om cancer,,VJ1,,
VJ115,SVF prostatacancer - välgrundad misstanke om cancer - remiss mottagen,,VJ1,,
VJ120,SVF prostatacancer - välgrundad misstanke om cancer - remiss bedömd,,VJ1,,
VJ122,SVF prostatacancer - kirurgisk åtgärd för diagnostik,,VJ1,,
VJ125,SVF prostatacancer - första besök i specialiserad vård,,VJ1,,
VJ135,SVF prostatacancer - multidisciplinär konferens,,VJ1,,
VJ140,SVF prostatacancer - information om diagnos/utredningsresultat,,VJ1,,
VJ143,SVF prostatacancer - behandlingsbeslut efter basutredning,,VJ1,,
VJ144,SVF prostatacancer - behandlingsbeslut efter utökad basutredning,,VJ1,,
VJ150,"SVF prostatacancer - start av första behandling, kirurgi",,VJ1,,
VJ152,"SVF prostatacancer - start av första behandling, läkemedel",,VJ1,,
VJ154,"SVF prostatacancer - start av första behandling, strålning",,VJ1,,
VJ158,"SVF prostatacancer - start av första behandling, palliativ",,VJ1,,
VJ159,"SVF prostatacancer - start av första behandling, annan",,VJ1,,
VJ160,SVF prostatacancer - beslut om exspektans,,VJ1,,
VJ170,"SVF prostatacancer - avslut av SVF innan start av behandling, kriterier för välgrundad misstanke ej uppfyllda",,VJ1,,
VJ172,"SVF prostatacancer - avslut av SVF innan start av behandling, annan cancer",,VJ1,,
VJ173,SVF prostatacancer - ingen ytterligare åtgärd,,VJ1,,
VJ174,"SVF prostatacancer - avslut av SVF innan start av behandling, andra medicinska skäl",,VJ1,,
VJ176,"SVF prostatacancer - avslut av SVF innan start av behandling, patientens val",,VJ1,,
VJ178,"SVF prostatacancer - avslut av SVF innan start av behandling, misstanke om cancer avskrivs",,VJ1,,
VJ190,SVF prostatacancer - överflyttad till annat landsting/annan region,,VJ1,,
VJ191,SVF prostatacancer - mottagen från annat landsting/annan region,,VJ1,,
VJ2,SVF testikelcancer,,VJ,,
VJ205,SVF testikelcancer - remissbeslut vid misstanke om cancer,,VJ2,,
VJ210,SVF testikelcancer - beslut välgrundad misstanke om cancer,,VJ2,,
VJ215,SVF testikelcancer - välgrundad misstanke om cancer - remiss mottagen,,VJ2,,
VJ220,SVF testikelcancer - välgrundad misstanke om cancer - remiss bedömd,,VJ2,,
VJ222,SVF testikelcancer - kirurgisk åtgärd för diagnostik,,VJ2,,
VJ225,SVF testikelcancer - första besök i specialiserad vård,,VJ2,,
VJ235,SVF testikelcancer - multidisciplinär konferens,,VJ2,,
VJ240,SVF testikelcancer - information om diagnos/utredningsresultat,,VJ2,,
VJ243,SVF testikelcancer - behandlingsbeslut efter basutredning,,VJ2,,
VJ244,SVF testikelcancer - behandlingsbeslut efter utökad basutredning,,VJ2,,
VJ250,"SVF testikelcancer - start av första behandling, kirurgi",,VJ2,,
VJ252,"SVF testikelcancer - start av första behandling, läkemedel",,VJ2,,
VJ254,"SVF testikelcancer - start av första behandling, strålning",,VJ2,,
VJ258,"SVF testikelcancer - start av första behandling, palliativ",,VJ2,,
VJ259,"SVF testikelcancer - start av första behandling, annan",,VJ2,,
VJ260,SVF testikelcancer - beslut om exspektans,,VJ2,,
VJ270,"SVF testikelcancer - avslut av SVF innan start av behandling, kriterier för välgrundad misstanke ej uppfyllda",,VJ2,,
VJ272,"SVF testikelcancer - avslut av SVF innan start av behandling, annan cancer",,VJ2,,
VJ273,SVF testikelcancer - ingen ytterligare åtgärd,,VJ2,,
VJ274,"SVF testikelcancer - avslut av SVF innan start av behandling, andra medicinska skäl",,VJ2,,
VJ276,"SVF testikelcancer - avslut av SVF innan start av behandling, patientens val",,VJ2,,
VJ278,"SVF testikelcancer - avslut av SVF innan start av behandling, misstanke om cancer avskrivs",,VJ2,,
VJ290,SVF testikelcancer - överflyttad till annat landsting/annan region,,VJ2,,
VJ291,SVF testikelcancer - mottagen från annat landsting/annan region,,VJ2,,
VK,Cancer i urinorgan,,V,,
VK0,SVF njurcancer,,VK,,
VK005,SVF njurcancer - remissbeslut vid misstanke om cancer,,VK0,,
VK010,SVF njurcancer - beslut välgrundad misstanke om cancer,,VK0,,
VK015,SVF njurcancer - välgrundad misstanke om cancer - remiss mottagen,,VK0,,
VK020,SVF njurcancer - välgrundad misstanke om cancer - remiss bedömd,,VK0,,
VK022,SVF njurcancer - kirurgisk åtgärd för diagnostik,,VK0,,
VK025,SVF njurcancer - första besök i specialiserad vård,,VK0,,
VK035,SVF njurcancer - multidisciplinär konferens,,VK0,,
VK040,SVF njurcancer - information om diagnos/utredningsresultat,,VK0,,
VK043,SVF njurcancer - behandlingsbeslut efter basutredning,,VK0,,
VK044,SVF njurcancer - behandlingsbeslut efter utökad basutredning,,VK0,,
VK050,"SVF njurcancer - start av första behandling, kirurgi",,VK0,,
VK052,"SVF njurcancer - start av första behandling, läkemedel",,VK0,,
VK054,"SVF njurcancer - start av första behandling, strålning",,VK0,,
VK058,"SVF njurcancer - start av första behandling, palliativ",,VK0,,
VK059,"SVF njurcancer - start av första behandling, annan",,VK0,,
VK060,SVF njurcancer - beslut om exspektans,,VK0,,
VK070,"SVF njurcancer - avslut av SVF innan start av behandling, kriterier för välgrundad misstanke ej uppfyllda",,VK0,,
VK072,"SVF njurcancer - avslut av SVF innan start av behandling, annan cancer",,VK0,,
VK073,SVF njurcancer - ingen ytterligare åtgärd,,VK0,,
VK074,"SVF njurcancer - avslut av SVF innan start av behandling, andra medicinska skäl",,VK0,,
VK076,"SVF njurcancer - avslut av SVF innan start av behandling, patientens val",,VK0,,
VK078,"SVF njurcancer - avslut av SVF innan start av behandling, misstanke om cancer avskrivs",,VK0,,
VK090,SVF njurcancer - överflyttad till annat landsting/annan region,,VK0,,
VK091,SVF njurcancer - mottagen från annat landsting/annan region,,VK0,,
VK1,SVF cancer i urinblåsan och urinvägarna,,VK,,
VK105,SVF cancer i urinblåsan och urinvägarna - remissbeslut vid misstanke om cancer,,VK1,,
VK110,SVF cancer i urinblåsan och urinvägarna - beslut välgrundad misstanke om cancer,,VK1,,
VK115,SVF cancer i urinblåsan och urinvägarna - välgrundad misstanke om cancer - remiss mottagen,,VK1,,
VK120,SVF cancer i urinblåsan och urinvägarna - välgrundad misstanke om cancer - remiss bedömd,,VK1,,
VK122,SVF cancer i urinblåsan och urinvägarna - kirurgisk åtgärd för diagnostik,,VK1,,
VK125,SVF cancer i urinblåsan och urinvägarna - första besök i specialiserad vård,,VK1,,
VK135,SVF cancer i urinblåsan och urinvägarna - multidisciplinär konferens,,VK1,,
VK140,SVF cancer i urinblåsan och urinvägarna - information om diagnos/utredningsresultat,,VK1,,
VK143,SVF cancer i urinblåsan och urinvägarna - behandlingsbeslut efter basutredning,,VK1,,
VK144,SVF cancer i urinblåsan och urinvägarna - behandlingsbeslut efter utökad basutredning,,VK1,,
VK150,"SVF cancer i urinblåsan och urinvägarna - start av första behandling, kirurgi",,VK1,,
VK152,"SVF cancer i urinblåsan och urinvägarna - start av första behandling, läkemedel",,VK1,,
VK154,"SVF cancer i urinblåsan och urinvägarna - start av första behandling, strålning",,VK1,,
VK158,"SVF cancer i urinblåsan och urinvägarna - start av första behandling, palliativ",,VK1,,
VK159,"SVF cancer i urinblåsan och urinvägarna - start av första behandling, annan",,VK1,,
VK160,SVF cancer i urinblåsan och urinvägarna - beslut om exspektans,,VK1,,
VK170,"SVF cancer i urinblåsan och urinvägarna - avslut av SVF innan start av behandling, kriterier för välgrundad misstanke ej uppfyllda",,VK1,,
VK172,"SVF cancer i urinblåsan och urinvägarna - avslut av SVF innan start av behandling, annan cancer",,VK1,,
VK173,SVF cancer i urinblåsan och urinvägarna - ingen ytterligare åtgärd,,VK1,,
VK174,"SVF cancer i urinblåsan och urinvägarna - avslut av SVF innan start av behandling, andra medicinska skäl",,VK1,,
VK176,"SVF cancer i urinblåsan och urinvägarna - avslut av SVF innan start av behandling, patientens val",,VK1,,
VK178,"SVF cancer i urinblåsan och urinvägarna - avslut av SVF innan start av behandling, misstanke om cancer avskrivs",,VK1,,
VK190,SVF cancer i urinblåsan och urinvägarna - överflyttad till annat landsting/annan region,,VK1,,
VK191,SVF cancer i urinblåsan och urinvägarna - mottagen från annat landsting/annan region,,VK1,,
VL,Cancer i ögat och centrala nervsystemet,,V,,
VL2,SVF hjärntumör,,VL,,
VL205,SVF hjärntumör - remissbeslut vid misstanke om cancer,,VL2,,
VL210,SVF hjärntumör - beslut välgrundad misstanke om cancer,,VL2,,
VL215,SVF hjärntumör - välgrundad misstanke om cancer - remiss mottagen,,VL2,,
VL220,SVF hjärntumör - välgrundad misstanke om cancer - remiss bedömd,,VL2,,
VL222,SVF hjärntumör - kirurgisk åtgärd för diagnostik,,VL2,,
VL225,SVF hjärntumör - första besök i specialiserad vård,,VL2,,
VL235,SVF hjärntumör - multidisciplinär konferens,,VL2,,
VL240,SVF hjärntumör - information om diagnos/utredningsresultat,,VL2,,
VL243,SVF hjärntumör - behandlingsbeslut efter basutredning,,VL2,,
VL244,SVF hjärntumör - behandlingsbeslut efter utökad basutredning,,VL2,,
VL250,"SVF hjärntumör - start av första behandling, kirurgi",,VL2,,
VL252,"SVF hjärntumör - start av första behandling, läkemedel",,VL2,,
VL254,"SVF hjärntumör - start av första behandling, strålning",,VL2,,
VL258,"SVF hjärntumör - start av första behandling, palliativ",,VL2,,
VL259,"SVF hjärntumör - start av första behandling, annan",,VL2,,
VL260,SVF hjärntumör - beslut om exspektans,,VL2,,
VL270,"SVF hjärntumör - avslut av SVF innan start av behandling, kriterier för välgrundad misstanke ej uppfyllda",,VL2,,
VL272,"SVF hjärntumör - avslut av SVF innan start av behandling, annan cancer",,VL2,,
VL273,SVF hjärntumör - ingen ytterligare åtgärd,,VL2,,
VL274,"SVF hjärntumör - avslut av SVF innan start av behandling, andra medicinska skäl",,VL2,,
VL276,"SVF hjärntumör - avslut av SVF innan start av behandling, patientens val",,VL2,,
VL278,"SVF hjärntumör - avslut av SVF innan start av behandling, misstanke om cancer avskrivs",,VL2,,
VL290,SVF hjärntumör - överflyttad till annat landsting/annan region,,VL2,,
VL291,SVF hjärntumör - mottagen från annat landsting/annan region,,VL2,,
VM,Sköldkörtelcancer och cancer i andra endokrina körtlar,,V,,
VM0,SVF sköldkörtelcancer,,VM,,
VM005,SVF sköldkörtelcancer - remissbeslut vid misstanke om cancer,,VM0,,
VM010,SVF sköldkörtelcancer - beslut välgrundad misstanke om cancer,,VM0,,
VM015,SVF sköldkörtelcancer - välgrundad misstanke om cancer - remiss mottagen,,VM0,,
VM020,SVF sköldkörtelcancer - välgrundad misstanke om cancer - remiss bedömd,,VM0,,
VM022,SVF sköldkörtelcancer - kirurgisk åtgärd för diagnostik,,VM0,,
VM025,SVF sköldkörtelcancer - första besök i specialiserad vård,,VM0,,
VM035,SVF sköldkörtelcancer - multidisciplinär konferens,,VM0,,
VM040,SVF sköldkörtelcancer - information om diagnos/utredningsresultat,,VM0,,
VM043,SVF sköldkörtelcancer - behandlingsbeslut efter basutredning,,VM0,,
VM044,SVF sköldkörtelcancer - behandlingsbeslut efter utökad basutredning,,VM0,,
VM050,"SVF sköldkörtelcancer - start av första behandling, kirurgi",,VM0,,
VM052,"SVF sköldkörtelcancer - start av första behandling, läkemedel",,VM0,,
VM054,"SVF sköldkörtelcancer - start av första behandling, strålning",,VM0,,
VM058,"SVF sköldkörtelcancer - start av första behandling, palliativ",,VM0,,
VM059,"SVF sköldkörtelcancer - start av första behandling, annan",,VM0,,
VM060,SVF sköldkörtelcancer - beslut om exspektans,,VM0,,
VM070,"SVF sköldkörtelcancer - avslut av SVF innan start av behandling, kriterier för välgrundad misstanke ej uppfyllda",,VM0,,
VM072,"SVF sköldkörtelcancer - avslut av SVF innan start av behandling, annan cancer",,VM0,,
VM073,SVF sköldkörtelcancer - ingen ytterligare åtgärd,,VM0,,
VM074,"SVF sköldkörtelcancer - avslut av SVF innan start av behandling, andra medicinska skäl",,VM0,,
VM076,"SVF sköldkörtelcancer - avslut av SVF innan start av behandling, patientens val",,VM0,,
VM078,"SVF sköldkörtelcancer - avslut av SVF innan start av behandling, misstanke om cancer avskrivs",,VM0,,
VM090,SVF sköldkörtelcancer - överflyttad till annat landsting/annan region,,VM0,,
VM091,SVF sköldkörtelcancer - mottagen från annat landsting/annan region,,VM0,,
VN,"Lymfom, myelom och leukemi",,V,,
VN0,SVF lymfom,,VN,,
VN005,SVF lymfom - remissbeslut vid misstanke om cancer,,VN0,,
VN010,SVF lymfom - beslut välgrundad misstanke om cancer,,VN0,,
VN015,SVF lymfom - välgrundad misstanke om cancer - remiss mottagen,,VN0,,
VN020,SVF lymfom - välgrundad misstanke om cancer - remiss bedömd,,VN0,,
VN022,SVF lymfom - kirurgisk åtgärd för diagnostik,,VN0,,
VN025,SVF lymfom - första besök i specialiserad vård,,VN0,,
VN035,SVF lymfom - multidisciplinär konferens,,VN0,,
VN040,SVF lymfom - information om diagnos/utredningsresultat,,VN0,,
VN043,SVF lymfom - behandlingsbeslut efter basutredning,,VN0,,
VN044,SVF lymfom - behandlingsbeslut efter utökad basutredning,,VN0,,
VN050,"SVF lymfom - start av första behandling, kirurgi",,VN0,,
VN052,"SVF lymfom - start av första behandling, läkemedel",,VN0,,
VN054,"SVF lymfom - start av första behandling, strålning",,VN0,,
VN058,"SVF lymfom - start av första behandling, palliativ",,VN0,,
VN059,"SVF lymfom - start av första behandling, annan",,VN0,,
VN060,SVF lymfom - beslut om exspektans,,VN0,,
VN070,"SVF lymfom - avslut av SVF innan start av behandling, kriterier för välgrundad misstanke ej uppfyllda",,VN0,,
VN072,"SVF lymfom - avslut av SVF innan start av behandling, annan cancer",,VN0,,
VN073,SVF lymfom - ingen ytterligare åtgärd,,VN0,,
VN074,"SVF lymfom - avslut av SVF innan start av behandling, andra medicinska skäl",,VN0,,
VN076,"SVF lymfom - avslut av SVF innan start av behandling, patientens val",,VN0,,
VN078,"SVF lymfom - avslut av SVF innan start av behandling, misstanke om cancer avskrivs",,VN0,,
VN090,SVF lymfom - överflyttad till annat landsting/annan region,,VN0,,
VN091,SVF lymfom - mottagen från annat landsting/annan region,,VN0,,
VN2,SVF myelom,,VN,,
VN205,SVF myelom - remissbeslut vid misstanke om cancer,,VN2,,
VN210,SVF myelom - beslut välgrundad misstanke om cancer,,VN2,,
VN215,SVF myelom - välgrundad misstanke om cancer - remiss mottagen,,VN2,,
VN220,SVF myelom - välgrundad misstanke om cancer - remiss bedömd,,VN2,,
VN222,SVF myelom - kirurgisk åtgärd för diagnostik,,VN2,,
VN225,SVF myelom - första besök i specialiserad vård,,VN2,,
VN235,SVF myelom - multidisciplinär konferens,,VN2,,
VN240,SVF myelom - information om diagnos/utredningsresultat,,VN2,,
VN243,SVF myelom - behandlingsbeslut efter basutredning,,VN2,,
VN244,SVF myelom - behandlingsbeslut efter utökad basutredning,,VN2,,
VN250,"SVF myelom - start av första behandling, kirurgi",,VN2,,
VN252,"SVF myelom - start av första behandling, läkemedel",,VN2,,
VN254,"SVF myelom - start av första behandling, strålning",,VN2,,
VN258,"SVF myelom - start av första behandling, palliativ",,VN2,,
VN259,"SVF myelom - start av första behandling, annan",,VN2,,
VN260,SVF myelom - beslut om exspektans,,VN2,,
VN270,"SVF myelom - avslut av SVF innan start av behandling, kriterier för välgrundad misstanke ej uppfyllda",,VN2,,
VN272,"SVF myelom - avslut av SVF innan start av behandling, annan cancer",,VN2,,
VN273,SVF myelom - ingen ytterligare åtgärd,,VN2,,
VN274,"SVF myelom - avslut av SVF innan start av behandling, andra medicinska skäl",,VN2,,
VN276,"SVF myelom - avslut av SVF innan start av behandling, patientens val",,VN2,,
VN278,"SVF myelom - avslut av SVF innan start av behandling, misstanke om cancer avskrivs",,VN2,,
VN290,SVF myelom - överflyttad till annat landsting/annan region,,VN2,,
VN291,SVF myelom - mottagen från annat landsting/annan region,,VN2,,
VN4,SVF akut lymfatisk leukemi,,VN,,
VN405,SVF akut lymfatisk leukemi - remissbeslut vid misstanke om cancer,,VN4,,
VN410,SVF akut lymfatisk leukemi - beslut välgrundad misstanke om cancer,,VN4,,
VN415,SVF akut lymfatisk leukemi - välgrundad misstanke om cancer - remiss mottagen,,VN4,,
VN420,SVF akut lymfatisk leukemi - välgrundad misstanke om cancer - remiss bedömd,,VN4,,
VN422,SVF akut lymfatisk leukemi - kirurgisk åtgärd för diagnostik,,VN4,,
VN425,SVF akut lymfatisk leukemi - första besök i specialiserad vård,,VN4,,
VN435,SVF akut lymfatisk leukemi - multidisciplinär konferens,,VN4,,
VN440,SVF akut lymfatisk leukemi - information om diagnos/utredningsresultat,,VN4,,
VN443,SVF akut lymfatisk leukemi - behandlingsbeslut efter basutredning,,VN4,,
VN444,SVF akut lymfatisk leukemi - behandlingsbeslut efter utökad basutredning,,VN4,,
VN450,"SVF akut lymfatisk leukemi - start av första behandling, kirurgi",,VN4,,
VN452,"SVF akut lymfatisk leukemi - start av första behandling, läkemedel",,VN4,,
VN454,"SVF akut lymfatisk leukemi - start av första behandling, strålning",,VN4,,
VN458,"SVF akut lymfatisk leukemi - start av första behandling, palliativ",,VN4,,
VN459,"SVF akut lymfatisk leukemi - start av första behandling, annan",,VN4,,
VN460,SVF akut lymfatisk leukemi - beslut om exspektans,,VN4,,
VN470,"SVF akut lymfatisk leukemi - avslut av SVF innan start av behandling, kriterier för välgrundad misstanke ej uppfyllda",,VN4,,
VN472,"SVF akut lymfatisk leukemi - avslut av SVF innan start av behandling, annan cancer",,VN4,,
VN473,SVF akut lymfatisk leukemi - ingen ytterligare åtgärd,,VN4,,
VN474,"SVF akut lymfatisk leukemi - avslut av SVF innan start av behandling, andra medicinska skäl",,VN4,,
VN476,"SVF akut lymfatisk leukemi - avslut av SVF innan start av behandling, patientens val",,VN4,,
VN478,"SVF akut lymfatisk leukemi - avslut av SVF innan start av behandling, misstanke om cancer avskrivs",,VN4,,
VN490,SVF akut lymfatisk leukemi - överflyttad till annat landsting/annan region,,VN4,,
VN491,SVF akut lymfatisk leukemi - mottagen från annat landsting/annan region,,VN4,,
VN5,SVF kronisk lymfatisk leukemi,,VN,,
VN505,SVF kronisk lymfatisk leukemi - remissbeslut vid misstanke om cancer,,VN5,,
VN510,SVF kronisk lymfatisk leukemi - beslut välgrundad misstanke om cancer,,VN5,,
VN515,SVF kronisk lymfatisk leukemi - välgrundad misstanke om cancer - remiss mottagen,,VN5,,
VN520,SVF kronisk lymfatisk leukemi - välgrundad misstanke om cancer - remiss bedömd,,VN5,,
VN522,SVF kronisk lymfatisk leukemi - kirurgisk åtgärd för diagnostik,,VN5,,
VN525,SVF kronisk lymfatisk leukemi - första besök i specialiserad vård,,VN5,,
VN535,SVF kronisk lymfatisk leukemi - multidisciplinär konferens,,VN5,,
VN540,SVF kronisk lymfatisk leukemi - information om diagnos/utredningsresultat,,VN5,,
VN543,SVF kronisk lymfatisk leukemi - behandlingsbeslut efter basutredning,,VN5,,
VN544,SVF kronisk lymfatisk leukemi - behandlingsbeslut efter utökad basutredning,,VN5,,
VN550,"SVF kronisk lymfatisk leukemi - start av första behandling, kirurgi",,VN5,,
VN552,"SVF kronisk lymfatisk leukemi - start av första behandling, läkemedel",,VN5,,
VN554,"SVF kronisk lymfatisk leukemi - start av första behandling, strålning",,VN5,,
VN558,"SVF kronisk lymfatisk leukemi - start av första behandling, palliativ",,VN5,,
VN559,"SVF kronisk lymfatisk leukemi - start av första behandling, annan",,VN5,,
VN560,SVF kronisk lymfatisk leukemi - beslut om exspektans,,VN5,,
VN570,"SVF kronisk lymfatisk leukemi - avslut av SVF innan start av behandling, kriterier för välgrundad misstanke ej uppfyllda",,VN5,,
VN572,"SVF kronisk lymfatisk leukemi - avslut av SVF innan start av behandling, annan cancer",,VN5,,
VN573,SVF kronisk lymfatisk leukemi - ingen ytterligare åtgärd,,VN5,,
VN574,"SVF kronisk lymfatisk leukemi - avslut av SVF innan start av behandling, andra medicinska skäl",,VN5,,
VN576,"SVF kronisk lymfatisk leukemi - avslut av SVF innan start av behandling, patientens val",,VN5,,
VN578,"SVF kronisk lymfatisk leukemi - avslut av SVF innan start av behandling, misstanke om cancer avskrivs",,VN5,,
VN590,SVF kronisk lymfatisk leukemi - överflyttad till annat landsting/annan region,,VN5,,
VN591,SVF kronisk lymfatisk leukemi - mottagen från annat landsting/annan region,,VN5,,
VN6,SVF akut myeloisk leukemi,,VN,,
VN605,SVF akut myeloisk leukemi - remissbeslut vid misstanke om cancer,,VN6,,
VN610,SVF akut myeloisk leukemi - beslut välgrundad misstanke om cancer,,VN6,,
VN615,SVF akut myeloisk leukemi - välgrundad misstanke om cancer - remiss mottagen,,VN6,,
VN620,SVF akut myeloisk leukemi - välgrundad misstanke om cancer - remiss bedömd,,VN6,,
VN622,SVF akut myeloisk leukemi - kirurgisk åtgärd för diagnostik,,VN6,,
VN625,SVF akut myeloisk leukemi - första besök i specialiserad vård,,VN6,,
VN635,SVF akut myeloisk leukemi - multidisciplinär konferens,,VN6,,
VN640,SVF akut myeloisk leukemi - information om diagnos/utredningsresultat,,VN6,,
VN643,SVF akut myeloisk leukemi - behandlingsbeslut efter basutredning,,VN6,,
VN644,SVF akut myeloisk leukemi - behandlingsbeslut efter utökad basutredning,,VN6,,
VN650,"SVF akut myeloisk leukemi - start av första behandling, kirurgi",,VN6,,
VN652,"SVF akut myeloisk leukemi - start av första behandling, läkemedel",,VN6,,
VN654,"SVF akut myeloisk leukemi - start av första behandling, strålning",,VN6,,
VN658,"SVF akut myeloisk leukemi - start av första behandling, palliativ",,VN6,,
VN659,"SVF akut myeloisk leukemi - start av första behandling, annan",,VN6,,
VN660,SVF akut myeloisk leukemi - beslut om exspektans,,VN6,,
VN670,"SVF akut myeloisk leukemi - avslut av SVF innan start av behandling, kriterier för välgrundad misstanke ej uppfyllda",,VN6,,
VN672,"SVF akut myeloisk leukemi - avslut av SVF innan start av behandling, annan cancer",,VN6,,
VN673,SVF akut myeloisk leukemi - ingen ytterligare åtgärd,,VN6,,
VN674,"SVF akut myeloisk leukemi - avslut av SVF innan start av behandling, andra medicinska skäl",,VN6,,
VN676,"SVF akut myeloisk leukemi - avslut av SVF innan start av behandling, patientens val",,VN6,,
VN678,"SVF akut myeloisk leukemi - avslut av SVF innan start av behandling, misstanke om cancer avskrivs",,VN6,,
VN690,SVF akut myeloisk leukemi - överflyttad till annat landsting/annan region,,VN6,,
VN691,SVF akut myeloisk leukemi - mottagen från annat landsting/annan region,,VN6,,
VN8,SVF myeloproliferativa neoplasier (MPN),,VN,,
VN805,SVF myeloproliferativa neoplasier (MPN) - remissbeslut vid misstanke om cancer,,VN8,,
VN810,SVF myeloproliferativa neoplasier (MPN) - beslut välgrundad misstanke om cancer,,VN8,,
VN815,SVF myeloproliferativa neoplasier (MPN) - välgrundad misstanke om cancer - remiss mottagen,,VN8,,
VN820,SVF myeloproliferativa neoplasier (MPN) - välgrundad misstanke om cancer - remiss bedömd,,VN8,,
VN822,SVF myeloproliferativa neoplasier (MPN) - kirurgisk åtgärd för diagnostik,,VN8,,
VN825,SVF myeloproliferativa neoplasier (MPN) - första besök i specialiserad vård,,VN8,,
VN835,SVF myeloproliferativa neoplasier (MPN) - multidisciplinär konferens,,VN8,,
VN840,SVF myeloproliferativa neoplasier (MPN) - information om diagnos/utredningsresultat,,VN8,,
VN843,SVF myeloproliferativa neoplasier (MPN) - behandlingsbeslut efter basutredning,,VN8,,
VN844,SVF myeloproliferativa neoplasier (MPN) - behandlingsbeslut efter utökad basutredning,,VN8,,
VN850,"SVF myeloproliferativa neoplasier (MPN) - start av första behandling, kirurgi",,VN8,,
VN852,"SVF myeloproliferativa neoplasier (MPN) - start av första behandling, läkemedel",,VN8,,
VN854,"SVF myeloproliferativa neoplasier (MPN) - start av första behandling, strålning",,VN8,,
VN858,"SVF myeloproliferativa neoplasier (MPN) - start av första behandling, palliativ",,VN8,,
VN859,"SVF myeloproliferativa neoplasier (MPN) - start av första behandling, annan",,VN8,,
VN860,SVF myeloproliferativa neoplasier (MPN) - beslut om exspektans,,VN8,,
VN870,"SVF myeloproliferativa neoplasier (MPN) - avslut av SVF innan start av behandling, kriterier för välgrundad misstanke ej uppfyllda",,VN8,,
VN872,"SVF myeloproliferativa neoplasier (MPN) - avslut av SVF innan start av behandling, annan cancer",,VN8,,
VN873,SVF myeloproliferativa neoplasier (MPN) - ingen ytterligare åtgärd,,VN8,,
VN874,"SVF myeloproliferativa neoplasier (MPN) - avslut av SVF innan start av behandling, andra medicinska skäl",,VN8,,
VN876,"SVF myeloproliferativa neoplasier (MPN) - avslut av SVF innan start av behandling, patientens val",,VN8,,
VN878,"SVF myeloproliferativa neoplasier (MPN) - avslut av SVF innan start av behandling, misstanke om cancer avskrivs",,VN8,,
VN890,SVF myeloproliferativa neoplasier (MPN) - överflyttad till annat landsting/annan region,,VN8,,
VN891,SVF myeloproliferativa neoplasier (MPN) - mottagen från annat landsting/annan region,,VN8,,
VP,Övrig och misstänkt cancer,,V,,
VP5,SVF skelett- och mjukdelssarkom,,VP,,
VP505,SVF skelett- och mjukdelssarkom - remissbeslut vid misstanke om cancer,,VP5,,
VP510,SVF skelett- och mjukdelssarkom - beslut välgrundad misstanke om cancer,,VP5,,
VP515,SVF skelett- och mjukdelssarkom - välgrundad misstanke om cancer - remiss mottagen,,VP5,,
VP520,SVF skelett- och mjukdelssarkom - välgrundad misstanke om cancer - remiss bedömd,,VP5,,
VP522,SVF skelett- och mjukdelssarkom - kirurgisk åtgärd för diagnostik,,VP5,,
VP525,SVF skelett- och mjukdelssarkom - första besök i specialiserad vård,,VP5,,
VP535,SVF skelett- och mjukdelssarkom - multidisciplinär konferens,,VP5,,
VP540,SVF skelett- och mjukdelssarkom - information om diagnos/utredningsresultat,,VP5,,
VP543,SVF skelett- och mjukdelssarkom - behandlingsbeslut efter basutredning,,VP5,,
VP544,SVF skelett- och mjukdelssarkom - behandlingsbeslut efter utökad basutredning,,VP5,,
VP550,"SVF skelett- och mjukdelssarkom - start av första behandling, kirurgi",,VP5,,
VP552,"SVF skelett- och mjukdelssarkom - start av första behandling, läkemedel",,VP5,,
VP554,"SVF skelett- och mjukdelssarkom - start av första behandling, strålning",,VP5,,
VP558,"SVF skelett- och mjukdelssarkom - start av första behandling, palliativ",,VP5,,
VP559,"SVF skelett- och mjukdelssarkom - start av första behandling, annan",,VP5,,
VP560,SVF skelett- och mjukdelssarkom - beslut om exspektans,,VP5,,
VP570,"SVF skelett- och mjukdelssarkom - avslut av SVF innan start av behandling, kriterier för välgrundad misstanke ej uppfyllda",,VP5,,
VP572,"SVF skelett- och mjukdelssarkom - avslut av SVF innan start av behandling, annan cancer",,VP5,,
VP573,SVF skelett- och mjukdelssarkom - ingen ytterligare åtgärd,,VP5,,
VP574,"SVF skelett- och mjukdelssarkom - avslut av SVF innan start av behandling, andra medicinska skäl",,VP5,,
VP576,"SVF skelett- och mjukdelssarkom - avslut av SVF innan start av behandling, patientens val",,VP5,,
VP578,"SVF skelett- och mjukdelssarkom - avslut av SVF innan start av behandling, misstanke om cancer avskrivs",,VP5,,
VP590,SVF skelett- och mjukdelssarkom - överflyttad till annat landsting/annan region,,VP5,,
VP591,SVF skelett- och mjukdelssarkom - mottagen från annat landsting/annan region,,VP5,,
VP8,"SVF cancermisstanke vid allvarliga, ospecifika symtom",,VP,,
VP805,"SVF cancermisstanke vid allvarliga, ospecifika symtom - remissbeslut vid misstanke om cancer",,VP8,,
VP810,"SVF cancermisstanke vid allvarliga, ospecifika symtom - beslut välgrundad misstanke om cancer",,VP8,,
VP815,"SVF cancermisstanke vid allvarliga, ospecifika symtom - välgrundad misstanke om cancer - remiss mottagen",,VP8,,
VP820,"SVF cancermisstanke vid allvarliga, ospecifika symtom - välgrundad misstanke om cancer - remiss bedömd",,VP8,,
VP822,"SVF cancermisstanke vid allvarliga, ospecifika symtom - kirurgisk åtgärd för diagnostik",,VP8,,
VP825,"SVF cancermisstanke vid allvarliga, ospecifika symtom - första besök i specialiserad vård",,VP8,,
VP835,"SVF cancermisstanke vid allvarliga, ospecifika symtom - multidisciplinär konferens",,VP8,,
VP840,"SVF cancermisstanke vid allvarliga, ospecifika symtom - information om diagnos/utredningsresultat",,VP8,,
VP843,"SVF cancermisstanke vid allvarliga, ospecifika symtom - behandlingsbeslut efter basutredning",,VP8,,
VP844,"SVF cancermisstanke vid allvarliga, ospecifika symtom - behandlingsbeslut efter utökad basutredning",,VP8,,
VP850,"SVF cancermisstanke vid allvarliga, ospecifika symtom - start av första behandling, kirurgi",,VP8,,
VP852,"SVF cancermisstanke vid allvarliga, ospecifika symtom - start av första behandling, läkemedel",,VP8,,
VP854,"SVF cancermisstanke vid allvarliga, ospecifika symtom - start av första behandling, strålning",,VP8,,
VP858,"SVF cancermisstanke vid allvarliga, ospecifika symtom - start av första behandling, palliativ",,VP8,,
VP859,"SVF cancermisstanke vid allvarliga, ospecifika symtom - start av första behandling, annan",,VP8,,
VP860,"SVF cancermisstanke vid allvarliga, ospecifika symtom - beslut om exspektans",,VP8,,
VP870,"SVF cancermisstanke vid allvarliga, ospecifika symtom - avslut av SVF innan start av behandling, kriterier för välgrundad misstanke ej uppfyllda",,VP8,,
VP872,"SVF cancermisstanke vid allvarliga, ospecifika symtom - avslut av SVF innan start av behandling, annan cancer",,VP8,,
VP873,"SVF cancermisstanke vid allvarliga, ospecifika symtom - ingen ytterligare åtgärd",,VP8,,
VP874,"SVF cancermisstanke vid allvarliga, ospecifika symtom - avslut av SVF innan start av behandling, andra medicinska skäl",,VP8,,
VP876,"SVF cancermisstanke vid allvarliga, ospecifika symtom - avslut av SVF innan start av behandling, patientens val",,VP8,,
VP878,"SVF cancermisstanke vid allvarliga, ospecifika symtom - avslut av SVF innan start av behandling, misstanke om cancer avskrivs",,VP8,,
VP890,"SVF cancermisstanke vid allvarliga, ospecifika symtom - överflyttad till annat landsting/annan region",,VP8,,
VP891,"SVF cancermisstanke vid allvarliga, ospecifika symtom - mottagen från annat landsting/annan region",,VP8,,
VP9,SVF cancer med okänd primärtumör - CUP,,VP,,
VP905,SVF cancer med okänd primärtumör - CUP - remissbeslut vid misstanke om cancer,,VP9,,
VP910,SVF cancer med okänd primärtumör - CUP - beslut välgrundad misstanke om cancer,,VP9,,
VP915,SVF cancer med okänd primärtumör - CUP - välgrundad misstanke om cancer - remiss mottagen,,VP9,,
VP920,SVF cancer med okänd primärtumör - CUP - välgrundad misstanke om cancer - remiss bedömd,,VP9,,
VP922,SVF cancer med okänd primärtumör - CUP - kirurgisk åtgärd för diagnostik,,VP9,,
VP925,SVF cancer med okänd primärtumör - CUP - första besök i specialiserad vård,,VP9,,
VP935,SVF cancer med okänd primärtumör - CUP - multidisciplinär konferens,,VP9,,
VP940,SVF cancer med okänd primärtumör - CUP - information om diagnos/utredningsresultat,,VP9,,
VP943,SVF cancer med okänd primärtumör - CUP - behandlingsbeslut efter basutredning,,VP9,,
VP944,SVF cancer med okänd primärtumör - CUP - behandlingsbeslut efter utökad basutredning,,VP9,,
VP950,"SVF cancer med okänd primärtumör - CUP - start av första behandling, kirurgi",,VP9,,
VP952,"SVF cancer med okänd primärtumör - CUP - start av första behandling, läkemedel",,VP9,,
VP954,"SVF cancer med okänd primärtumör - CUP - start av första behandling, strålning",,VP9,,
VP958,"SVF cancer med okänd primärtumör - CUP - start av första behandling, palliativ",,VP9,,
VP959,"SVF cancer med okänd primärtumör - CUP - start av första behandling, annan",,VP9,,
VP960,SVF cancer med okänd primärtumör - CUP - beslut om exspektans,,VP9,,
VP970,"SVF cancer med okänd primärtumör - CUP - avslut av SVF innan start av behandling, kriterier för välgrundad misstanke ej uppfyllda",,VP9,,
VP972,"SVF cancer med okänd primärtumör - CUP - avslut av SVF innan start av behandling, annan cancer",,VP9,,
VP973,SVF cancer med okänd primärtumör - CUP - ingen ytterligare åtgärd,,VP9,,
VP974,"SVF cancer med okänd primärtumör - CUP - avslut av SVF innan start av behandling, andra medicinska skäl",,VP9,,
VP976,"SVF cancer med okänd primärtumör - CUP - avslut av SVF innan start av behandling, patientens val",,VP9,,
VP978,"SVF cancer med okänd primärtumör - CUP - avslut av SVF innan start av behandling, misstanke om cancer avskrivs",,VP9,,
VP990,SVF cancer med okänd primärtumör - CUP - överflyttad till annat landsting/annan region,,VP9,,
VP991,SVF cancer med okänd primärtumör - CUP - mottagen från annat landsting/annan region,,VP9,,
X,Övriga åtgärder,,,,
XS,Kontaktrelaterade åtgärder,,X,,
XS001,Information och rådgivning med företrädare för patienten,,XS,,
XS002,Behandling under vårdtillfälle,,XS,,
XS003,Information och rådgivning med patient via skriftlig kommunikation,,XS,,
XS004,Distanskonsultation,,XS,,
XS005,Externt informationsutbyte,,XS,,
XS006,Insats annan förvaltning,,XS,,
XS007,Konferens med patient,,XS,,
XS008,Konferens om patient,,XS,,
XS009,Konsultation under vårdtillfälle,,XS,,
XS010,Medverkan i teambesök och gruppteambesök,,XS,,
XS011,Information och rådgivning per telefon med företrädare för patienten,,XS,,
XS012,Information och rådgivning med patient per telefon,,XS,,
XS013,Avstämningsmöte med försäkringskassan,,XS,,
XS014,Information och rådgivning med patient via videolänk,,XS,,
XS015,Konferens om patient inom europeiskt expertnätverk,,XS,,
XS018,Information och rådgivning via videolänk med företrädare för patient,,XS,,
XS020,Distanskonsultation av tandvård,,XS,,
XS025,Inskrivning i hemsjukvård i ordinärt boende,,XS,,
XS026,Avslutande av hemsjukvård i ordinärt boende,,XS,,
XS027,Kommunal hälso- och sjukvård konsulterar läkare på distans,,XS,,
XS100,Oplanerad inskrivning till sluten vård,,XS,,
XS150,Hänvisning till Socialtjänst,,XS,,
XS155,Information till socialtjänst vid oro för väntat barn,,XS,,
XS900,Enskilt besök,,XS,,
XS902,Teambesök,,XS,,
XS903,Gruppbesök,,XS,,
XS904,Gruppteambesök,,XS,,
XS910,Arbetsterapeut,,XS,,
XS911,Audionom,,XS,,
XS912,Dietist,,XS,,
XS913,Kurator,,XS,,
XS914,Logoped,,XS,,
XS915,Läkare,,XS,,
XS916,Ortoptist,,XS,,
XS917,Psykolog,,XS,,
XS918,Sjukgymnast/fysioterapeut,,XS,,
XS919,Sjuksköterska,,XS,,
XS920,Skötare,,XS,,
XS921,Undersköterska,,XS,,
XS922,Övrig hälso- och sjukvårdspersonal,,XS,,
XS923,Naprapat,,XS,,
XS924,Kiropraktor,,XS,,
XS925,Barnmorska,,XS,,
XS926,Optiker,,XS,,
XS927,Kontaktsjuksköterska,,XS,,
XS928,Receptarie,,XS,,
XS929,Apotekare,,XS,,
XS930,Uroterapeut,,XS,,
XT,Remisser,,X,,
XT001,Remiss UNS,,XT,,
XT002,"Remiss till kurator, psykolog",,XT,,
XT003,Remiss till tandvård,,XT,,
XU,Tvångsåtgärder inom psykiatrisk verksamhet,,X,,
XU000,Fastspänning av vuxen patient upp till och med 4 timmar,,XU,,
XU003,Fastspänning i mer än 4 timmar men mindre än 72 timmar,,XU,,
XU004,Fastspänning i 72 timmar eller mer,,XU,,
XU007,Fastspänning av minderårig patient upp till och med 1 timme,,XU,,
XU008,Fastspänning av minderårig patient i mer än 1 och högst 4 timmar,,XU,,
XU010,Avskiljande av vuxen patient upp till och med 8 timmar,,XU,,
XU012,Avskiljande i mer än 8 timmar men mindre än 72 timmar,,XU,,
XU014,Avskiljande i minst 72 timmar men mindre än 15 dagar,,XU,,
XU015,Avskiljande i minst 15 men mindre än 30 dagar,,XU,,
XU016,Avskiljande som pågått i 30 dagar,,XU,,
XU017,Avskiljande av minderårig patient upp till och med 2 timmar,,XU,,
XU018,Avskiljande av minderårig patient i mer än 2 och högst 8 timmar,,XU,,
XU023,Läkemedelstillförsel utförd med stöd av fasthållande,,XU,,
XU024,Anläggning av sond och/eller sondmatning utförd med stöd av fasthållande,,XU,,
XU025,"Elektrokonvulsiv terapi (ECT), unilateral, utförd med stöd av fasthållande",,XU,,
XU026,"Elektrokonvulsiv terapi (ECT), bilateral, utförd med stöd av fasthållande",,XU,,
XU027,Elektrokonvulsiv terapi (ECT) UNS utförd med stöd av fasthållande,,XU,,
XU030,Inskränkande av elektronisk kommunikation vid tvångsvård,,XU,,
XU031,Undersökning av försändelser till patient vid tvångsvård,,XU,,
XU032,Övervakning av försändelser från patient vid tvångsvård,,XU,,
XU033,Läkemedelstillförsel utförd under fastspänning,,XU,,
XU034,Anläggning av sond och/eller sondmatning utförd under fastspänning,,XU,,
XU035,"Elektrokonvulsiv terapi (ECT), unilateral, utförd under fastspänning",,XU,,
XU036,"Elektrokonvulsiv terapi (ECT), bilateral, utförd under fastspänning",,XU,,
XU037,Elektrokonvulsiv terapi (ECT) UNS utförd under fastspänning,,XU,,
XU041,Upprättande av vårdplan vid tvångsvård,,XU,,
XU042,Upprättande av samordnad vårdplan vid tvångsvård,,XU,,
XU043,Överföring från frivillig sluten vård till sluten psykiatrisk tvångsvård,,XU,,
XU044,Överföring från rättspsykiatrisk vård till psykiatrisk tvångsvård,,XU,,
XU047,Kvarhållning enligt lagen om psykiatrisk tvångsvård,,XU,,
XU060,Kroppsvisitation efter beslut enligt lag,,XU,,
XU061,Ytlig kroppsbesiktning efter beslut enligt lag,,XU,,
XV,Andra specificerade övriga åtgärder,,X,,
XV001,Bassängträning,,XV,,
XV002,Inhämtande av råd av annan hälso- och sjukvårdspersonal UNS,,XV,,
XV003,Inskrivningssamtal,,XV,,
XV004,Journaldokumentation UNS,,XV,,
XV005,Ställningstagande till remiss- eller provsvar utan närvarande patient,,XV,,
XV006,Särskilt omfattande förberedelser eller efterarbete,,XV,,
XV007,Uppföljning och kontroll av insatt behandling UNS,,XV,,
XV008,"Utfärdande av recept, hjälpmedelskort och livsmedelsanvisning",,XV,,
XV009,"Uttagning av en njure från levande donator till transplantation, laparoskopisk",,XV,,
XV010,"Uttagning av en njure från levande donator till transplantation, öppen operation",,XV,,
XV011,Visning av avliden,,XV,,
XV013,Medicinska insatser efter döden inför eventuell organdonation,,XV,,
XV014,Ständigt närvarande personal (extravak) i 8 timmar eller mer,,XV,,
XV015,"Läkemedelsgenomgång, enkel, enligt Socialstyrelsens föreskrift och allmänna råd",,XV,,
XV016,"Läkemedelsgenomgång, fördjupad, enligt Socialstyrelsens föreskrift och allmänna råd",,XV,,
XV017,"Läkemedelsberättelse, enligt Socialstyrelsens föreskrift och allmänna råd",,XV,,
XV018,Brytpunktssamtal,,XV,,
XV019,Upprättande av ”Min vårdplan” inom cancervården,,XV,,
XV020,Revidering av ”Min vårdplan” inom cancervården,,XV,,
XV021,Inhämtande av information inför läkemedelsgenomgång,,XV,,
XV022,Möte för enkel läkemedelsgenomgång,,XV,,
XV023,Möte för fördjupad läkemedelsgenomgång,,XV,,
XV027,Organbevarande behandling inför eventuell organdonation,,XV,,
XV028,Medverkan i brytpunktssamtal,,XV,,
XV030,Uppföljning av läkemedelsbehandling av annan legitimerad personal än läkare,,XV,,
Z,Tilläggskoder,,,,
ZL,Tilläggskod avseende kvinnliga könsorgan,,Z,,
ZL006,Hemabort,,ZL,,
ZL008,Heminduktion,,ZL,,
ZV,Tilläggskoder,,Z,,
ZV016,Analys av hel gen,,ZV,,
ZV017,Analys av känd gensekvens,,ZV,,
ZV018,Analys av två hela gener,,ZV,,
ZV019,Analys av upp till 4 kända gensekvenser eller MSI (mikrosatellitinstabilitet),,ZV,,
ZV020,Användande av professionell tolk,,ZV,,
ZV021,Arbetsplatsbesök,,ZV,,
ZV022,Besök hjälpmedelscentralen,,ZV,,
ZV023,Besök inom barnomsorgen och i skolan,,ZV,,
ZV024,Familjebesök,,ZV,,
ZV025,Hembesök,,ZV,,
ZV026,"Isotop, Gallium 67",,ZV,,
ZV027,"Isotop, Indium 111",,ZV,,
ZV028,"Isotop, Teknetium 99m",,ZV,,
ZV029,"Isotop, Thallium 201",,ZV,,
ZV030,"Isotop, Selen 75",,ZV,,
ZV031,Kurativ radioterapi (strålbehandling),,ZV,,
ZV032,Metajodbensylguanidin (MIBG),,ZV,,
ZV033,Palliativ radioterapi (strålbehandling),,ZV,,
ZV035,Radiofosfor,,ZV,,
ZV036,"Radiojod (Isotop, Jod 123, Jod 131)",,ZV,,
ZV037,Radiologisk undersökning i narkos,,ZV,,
ZV038,Radiosamarium,,ZV,,
ZV039,Radiostrontium,,ZV,,
ZV040,Radioyttrium,,ZV,,
ZV041,Second opinion,,ZV,,
ZV042,Sedering med lustgas,,ZV,,
ZV043,Övriga besök utanför vårdenheten,,ZV,,
ZV044,Behandling administrerad via internet,,ZV,,
ZV045,Medverkan av studenter,,ZV,,
ZV046,Bilddiagnostisk undersökning i samband med strålplanering (IGRT),,ZV,,
ZV047,Åtgärd utförd i forskningssyfte,,ZV,,
ZV048,Kohortvård,,ZV,,
ZV049,Intensivvård,,ZV,,
ZV050,Primärvård,,ZV,,
ZV051,Telemedicin,,ZV,,
ZV053,Intermediärvård,,ZV,,
ZV055,Dagsjukvård,,ZV,,
ZV059,Överenskommelse om möjlighet till självvald inläggning inom sluten psykiatrisk vård,,ZV,,
ZV060,Vårdtillfälle inom sluten psykiatrisk vård som inletts på patientens initiativ inom ramen för​ självvald inläggning,,ZV,,
ZV070,Användande av magnetisk tracer för markering vid lymfkörtelbiopsi,,ZV,,
ZV071,Användande av färgämne för markering vid lymfkörtelbiopsi,,ZV,,
ZV075,Åtgärd i samband med restnoterade läkemedel,,ZV,,
ZV100,Åtgärd relaterad till covid-19,,ZV,,
ZV201,000-009 minuter,,ZV,,
ZV202,010-019 minuter,,ZV,,
ZV203,020-029 minuter,,ZV,,
ZV204,030-039 minuter,,ZV,,
ZV205,040-049 minuter,,ZV,,
ZV206,050-059 minuter,,ZV,,
ZV211,060-119 minuter,,ZV,,
ZV212,120-179 minuter,,ZV,,
ZV213,180-239 minuter,,ZV,,
ZV214,240-299 minuter,,ZV,,
ZV215,300-359 minuter,,ZV,,
ZV216,360-419 minuter,,ZV,,
ZV217,420-479 minuter,,ZV,,
ZV218,480-539 minuter,,ZV,,
ZV219,540-w minuter (9 timmar eller mer),,ZV,,
ZV220,Upp till och med 4 timmar,,ZV,,
ZV221,Mer än 4 timmar upp till och med 8 timmar,,ZV,,
ZV222,Mer än 8 timmar upp till och med 18 timmar,,ZV,,
ZV223,Mer än 18 timmar upp till och med 72 timmar,,ZV,,
ZV224,Mer än 72 timmar,,ZV,,
ZV229,Åtgärd utförd under fasthållande eller fastspänning,,ZV,,
ZV300,Åtgärd utförd i algologiskt syfte,,ZV,,
ZV350,Åtgärd relaterad till våldsutsatthet,,ZV,,
ZV400,Åtgärd utförd med palliativ avsikt,,ZV,,
ZV401,Profylaktisk åtgärd,,ZV,,
ZV402,Preoperativ åtgärd,,ZV,,
ZV403,Postoperativ åtgärd,,ZV,,
ZV405,Förstagångsförskrivning av hjälpmedel,,ZV,,
ZV502,Medverkan av företrädare för arbetsförmedlingen,,ZV,,
ZV503,Medverkan av företrädare för försäkringskassan,,ZV,,
ZV504,Medverkan av närstående,,ZV,,
ZV505,Medverkan av företrädare för annan medicinsk specialitet,,ZV,,
ZV506,Medverkan av företrädare för arbetsgivare,,ZV,,
ZV507,Medverkan av företrädare för skola,,ZV,,
ZV508,Medverkan av företrädare för barnomsorg,,ZV,,
ZV509,Medverkan av företrädare för socialtjänst,,ZV,,
ZV510,Medverkan av företrädare för kriminalvård,,ZV,,
ZV511,Medverkan av LSS-handläggare,,ZV,,
ZV512,Medverkan av personligt ombud,,ZV,,
ZV513,Medverkan av förvaltare eller god man,,ZV,,
ZV514,Medverkan av företrädare för patientens boende,,ZV,,
ZV516,Medverkan av väktare eller polis,,ZV,,
ZV517,Medverkan av läkare i kommunal hälso- och sjukvård,,ZV,,
ZV520,Stereotaktisk strålbehandling,,ZV,,
ZV521,Förberedelser inför protonstrålning,,ZV,,
ZV540,Europeiska referensnätverk (ERN),,ZV,,
ZV541,Konsultation om patient via europeiskt expertnätverk,,ZV,,
ZV550,Åtgärd i huvud-halsregionen,,ZV,,
ZV555,Åtgärd på bålen,,ZV,,
ZV560,Åtgärd på övre extremitet,,ZV,,
ZV565,Åtgärd på nedre extremitet,,ZV,,
ZV600,Nationell högspecialiserad vård (NHV) - Ögononkologi,,ZV,,
ZV601,Nationell högspecialiserad vård (NHV) - Hjärtkirurgi på vuxna med medfödda hjärtfel,,ZV,,
ZV602,Nationell högspecialiserad vård (NHV) - Hjärtkirurgi på barn och ungdomar,,ZV,,
ZV603,Nationell högspecialiserad vård (NHV) - Svåra brännskador,,ZV,,
ZV604,Nationell högspecialiserad vård (NHV) - Kokleaimplantat på barn,,ZV,,
ZV605,Nationell högspecialiserad vård (NHV) - Lungtransplantation,,ZV,,
ZV606,Nationell högspecialiserad vård (NHV) - Hjärttransplantation,,ZV,,
ZV607,Nationell högspecialiserad vård (NHV) - Levertransplantation,,ZV,,
ZV608,Nationell högspecialiserad vård (NHV) - Kraniofacial kirurgi,,ZV,,
ZV609,Nationell högspecialiserad vård (NHV) - Barnglaukom och barnkatarakt,,ZV,,
ZV610,Nationell högspecialiserad vård (NHV) - Plexus brachialisskador,,ZV,,
ZV611,Nationell högspecialiserad vård (NHV) - Anorektala och urogenitala missbildningar samt Hirschsprungs sjukdom,,ZV,,
ZV612,Nationell högspecialiserad vård (NHV) - Medfött diafragmabråck,,ZV,,
ZV613,Nationell högspecialiserad vård (NHV) - Missbildningar på matstrupen,,ZV,,
ZV614,Nationell högspecialiserad vård (NHV) - Endometrioskirurgi,,ZV,,
ZV615,"Nationell högspecialiserad vård (NHV) - Fosterterapi, intrauterina behandlingar och ex utero intrapartum treatment (EXIT)",,ZV,,
ZV616,Nationell högspecialiserad vård (NHV) - Trofoblastsjukdom,,ZV,,
ZV617,Nationell högspecialiserad vård (NHV) - Preimplantorisk genetisk diagnostik (PGD),,ZV,,
ZV618,Nationell högspecialiserad vård (NHV) - Moyamoya,,ZV,,
ZV619,Nationell högspecialiserad vård (NHV) - Nätkirurgi vid prolaps och urininkontinens,,ZV,,
ZV620,Nationell högspecialiserad vård (NHV) - Rekonstruktiv kirurgi efter förlossning,,ZV,,
ZV621,Nationell högspecialiserad vård (NHV) - Ryggmärgsskador,,ZV,,
ZV622,Nationell högspecialiserad vård (NHV) - Intensivvård där levertransplantation kan vara indicerat,,ZV,,
ZV623,Nationell högspecialiserad vård (NHV) - Kurativt syftande kirurgisk behandling vid peniscancer,,ZV,,
ZV624,Nationell högspecialiserad vård (NHV) - Primär skleroserande kolangit (PSC),,ZV,,
ZV625,Nationell högspecialiserad vård (NHV) - Transjugulär intrahepatisk shunt (TIPS),,ZV,,
ZV626,Nationell högspecialiserad vård (NHV) - Huvud- och halsparagangliom,,ZV,,
ZV627,Nationell högspecialiserad vård (NHV) - Livmoderhalscancer,,ZV,,
ZV628,Nationell högspecialiserad vård (NHV) - Neuroendokrina tumörer i buken och avancerade binjuretumörer,,ZV,,
ZV629,Nationell högspecialiserad vård (NHV) - Neuromuskulära sjukdomar,,ZV,,
ZV630,Nationell högspecialiserad vård (NHV) - Kroniska lungsjukdomar hos barn,,ZV,,
ZV631,Nationell högspecialiserad vård (NHV) - Osteogenisis imperfecta (OI),,ZV,,
ZV632,Nationell högspecialiserad vård (NHV) - Prematuritetsretinopati (ROP),,ZV,,
ZV633,Nationell högspecialiserad vård (NHV) - Självskadebeteende,,ZV,,
ZV634,Nationell högspecialiserad vård (NHV) - Stamcellstransplantationer vid systemisk skleros,,ZV,,
ZV635,Nationell högspecialiserad vård (NHV) - Ätstörningar,,ZV,,
ZV636,Nationell högspecialiserad vård (NHV) - CRS/HIPEC,,ZV,,
ZV637,Nationell högspecialiserad vård (NHV) - Isolerad hyperterm perfusion,,ZV,,
ZV638,Nationell högspecialiserad vård (NHV) - Testikelcancer,,ZV,,
ZV639,Nationell högspecialiserad vård (NHV) - Vulvacancer,,ZV,,
ZV640,Nationell högspecialiserad vård (NHV) - Epilepsikirurgisk utredning och behandling,,ZV,,
ZV641,Nationell högspecialiserad vård (NHV) - Extraktion av pacemakerutrustning,,ZV,,
ZV642,Nationell högspecialiserad vård (NHV) - Könsdysfori,,ZV,,
ZV643,"Nationell högspecialiserad vård (NHV) - Medfödd metabol sjukdom, inkl. nyföddhetsscreening",,ZV,,
ZV644,Nationell högspecialiserad vård (NHV) - Systemisk amyloidos,,ZV,,
ZV645,Nationell högspecialiserad vård (NHV) - Avancerad bäckenkirurgi,,ZV,,
ZV646,Nationell högspecialiserad vård (NHV) - Gendermatoser,,ZV,,
ZV647,Nationell högspecialiserad vård (NHV) - Resttillstånd efter polio,,ZV,,
ZV648,Nationell högspecialiserad vård (NHV) - Svåra hudsymtom,,ZV,,
ZV649,Nationell högspecialiserad vård (NHV) - Tarmrehabilitering för barn,,ZV,,
ZV650,Nationell högspecialiserad vård (NHV) - Visceral transplantation,,ZV,,
ZV651,Nationell högspecialiserad vård (NHV) - Vård vid tarmsvikt hos vuxna,,ZV,,
ZV652,Nationell högspecialiserad vård (NHV) - Högisoleringsvård vid högsmittsamma sjukdomar,,ZV,,
ZV653,Nationell högspecialiserad vård (NHV) - Arbets- och miljödermatologi (AMD),,ZV,,
ZV654,Nationell högspecialiserad vård (NHV) - Koagulationssjukdomar,,ZV,,
ZV655,Nationell högspecialiserad vård (NHV) - Malign hypertermikänslighet,,ZV,,
ZV656,Nationell högspecialiserad vård (NHV) - Sällsynta njursjukdomar,,ZV,,
ZV657,Nationell högspecialiserad vård (NHV) - Dysmeli,,ZV,,
ZV658,Nationell högspecialiserad vård (NHV) - Perifer facialispares,,ZV,,
ZV659,Nationell högspecialiserad vård (NHV) - Skelettdysplasier,,ZV,,
ZV660,"Nationell högspecialiserad vård (NHV) - DSD, tillstånd som påverkar könsutvecklingen",,ZV,,
ZV661,Nationell högspecialiserad vård (NHV) - Lymfödemkirurgi,,ZV,,
ZV662,Nationell högspecialiserad vård (NHV) - Medfödd immunologisk sjukdom,,ZV,,
ZV663,Nationell högspecialiserad vård (NHV) - Rekonstruktiv kirurgi vid inflammatorisk tarmsjukdom,,ZV,,
ZV664,Nationell högspecialiserad vård (NHV) - Thoraxapertursyndrom (TOS),,ZV,,
ZV665,Nationell högspecialiserad vård (NHV) - Vaskulär form av Ehlers-Danlos syndrom (vEDS),,ZV,,
ZV666,Nationell högspecialiserad vård (NHV) - Vingskapula,,ZV,,
ZX,Tilläggskoder för upprepade åtgärder,,Z,,
ZX102,2 åtgärder med samma kod vid samma tillfälle,,ZX,,
ZX103,3 åtgärder med samma kod vid samma tillfälle,,ZX,,
ZX104,4 åtgärder med samma kod vid samma tillfälle,,ZX,,
ZX105,5 åtgärder med samma kod vid samma tillfälle,,ZX,,
ZX106,6 åtgärder med samma kod vid samma tillfälle,,ZX,,
ZX107,7 åtgärder med samma kod vid samma tillfälle,,ZX,,
ZX108,8 åtgärder med samma kod vid samma tillfälle,,ZX,,
ZX109,9 åtgärder med samma kod vid samma tillfälle,,ZX,,
ZX110,10 åtgärder med samma kod vid samma tillfälle,,ZX,,
ZX111,11 åtgärder med samma kod vid samma tillfälle,,ZX,,
ZX112,12 åtgärder med samma kod vid samma tillfälle,,ZX,,
ZX113,13 åtgärder med samma kod vid samma tillfälle,,ZX,,
ZX114,14 åtgärder med samma kod vid samma tillfälle,,ZX,,
ZX115,15 åtgärder med samma kod vid samma tillfälle,,ZX,,
ZX116,16 åtgärder med samma kod vid samma tillfälle,,ZX,,
ZX117,17 åtgärder med samma kod vid samma tillfälle,,ZX,,
ZX118,18 åtgärder med samma kod vid samma tillfälle,,ZX,,
ZX119,19 åtgärder med samma kod vid samma tillfälle,,ZX,,
ZX120,20 åtgärder med samma kod vid samma tillfälle,,ZX,,
ZX121,21 åtgärder med samma kod vid samma tillfälle,,ZX,,
ZX122,22 åtgärder med samma kod vid samma tillfälle,,ZX,,
ZX123,23 åtgärder med samma kod vid samma tillfälle,,ZX,,
ZX124,24 åtgärder med samma kod vid samma tillfälle,,ZX,,
ZX125,25 åtgärder med samma kod vid samma tillfälle,,ZX,,
ZX126,26 åtgärder med samma kod vid samma tillfälle,,ZX,,
ZX127,27 åtgärder med samma kod vid samma tillfälle,,ZX,,
ZX128,28 åtgärder med samma kod vid samma tillfälle,,ZX,,
ZX129,29 åtgärder med samma kod vid samma tillfälle,,ZX,,
ZX130,30 åtgärder med samma kod vid samma tillfälle,,ZX,,
ZX602,"2 mindre åtgärder med samma kod, ej samma tillfälle",,ZX,,
ZX603,"3 mindre åtgärder med samma kod, ej samma tillfälle",,ZX,,
ZX604,"4 mindre åtgärder med samma kod, ej samma tillfälle",,ZX,,
ZX605,"5 mindre åtgärder med samma kod, ej samma tillfälle",,ZX,,
ZX606,"6 mindre åtgärder med samma kod, ej samma tillfälle",,ZX,,
ZX607,"7 mindre åtgärder med samma kod, ej samma tillfälle",,ZX,,
ZX608,"8 mindre åtgärder med samma kod, ej samma tillfälle",,ZX,,
ZX609,"9 mindre åtgärder med samma kod, ej samma tillfälle",,ZX,,
ZX610,"10 mindre åtgärder med samma kod, ej samma tillfälle",,ZX,,
ZX611,"11 mindre åtgärder med samma kod, ej samma tillfälle",,ZX,,
ZX612,"12 mindre åtgärder med samma kod, ej samma tillfälle",,ZX,,
ZX613,"13 mindre åtgärder med samma kod, ej samma tillfälle",,ZX,,
ZX614,"14 mindre åtgärder med samma kod, ej samma tillfälle",,ZX,,
ZX615,"15 mindre åtgärder med samma kod, ej samma tillfälle",,ZX,,
ZX616,"16 mindre åtgärder med samma kod, ej samma tillfälle",,ZX,,
ZX617,"17 mindre åtgärder med samma kod, ej samma tillfälle",,ZX,,
ZX618,"18 mindre åtgärder med samma kod, ej samma tillfälle",,ZX,,
ZX619,"19 mindre åtgärder med samma kod, ej samma tillfälle",,ZX,,
ZX620,"20 mindre åtgärder med samma kod, ej samma tillfälle",,ZX,,
ZX621,"21 mindre åtgärder med samma kod, ej samma tillfälle",,ZX,,
ZX622,"22 mindre åtgärder med samma kod, ej samma tillfälle",,ZX,,
ZX623,"23 mindre åtgärder med samma kod, ej samma tillfälle",,ZX,,
ZX624,"24 mindre åtgärder med samma kod, ej samma tillfälle",,ZX,,
ZX625,"25 mindre åtgärder med samma kod, ej samma tillfälle",,ZX,,
ZX626,"26 mindre åtgärder med samma kod, ej samma tillfälle",,ZX,,
ZX627,"27 mindre åtgärder med samma kod, ej samma tillfälle",,ZX,,
ZX628,"28 mindre åtgärder med samma kod, ej samma tillfälle",,ZX,,
ZX629,"29 mindre åtgärder med samma kod, ej samma tillfälle",,ZX,,
ZX630,"30 mindre åtgärder med samma kod, ej samma tillfälle",,ZX,,
